Dates,PX_LAST,PX_OPEN,PX_HIGH,PX_LOW,PX_VOLUME,PX_CLOSE_1D
11/15/1982,0.1412,0.1445,0.1462,0.1395,124588800,0.1445
11/16/1982,0.1339,0.1395,0.1401,0.1334,182022400,0.1412
11/17/1982,0.1401,0.1345,0.1406,0.1339,144144000,0.1339
11/18/1982,0.1401,0.1406,0.1423,0.1395,152678400,0.1401
11/19/1982,0.1378,0.1406,0.1412,0.1373,97305600,0.1401
11/22/1982,0.13,0.1378,0.1378,0.1283,101248000,0.1378
11/23/1982,0.1289,0.1289,0.1328,0.1272,88502400,0.13
11/24/1982,0.1317,0.1283,0.1362,0.1283,73740800,0.1289
11/26/1982,0.1295,0.1317,0.1334,0.1267,101987200,0.1317
11/29/1982,0.1289,0.1295,0.1311,0.125,49952000,0.1295
11/30/1982,0.1423,0.1289,0.1429,0.1283,159196800,0.1289
12/1/1982,0.1451,0.1451,0.1479,0.1423,206841600,0.1423
12/2/1982,0.1451,0.1451,0.1473,0.1429,164729600,0.1451
12/3/1982,0.1417,0.1429,0.1434,0.1401,47577600,0.1451
12/6/1982,0.1496,0.1423,0.1507,0.1406,146585600,0.1417
12/7/1982,0.1512,0.1501,0.1546,0.1484,167283200,0.1496
12/8/1982,0.1479,0.1518,0.1557,0.1473,112313600,0.1512
12/9/1982,0.1406,0.1429,0.1456,0.1384,194656000,0.1479
12/10/1982,0.1306,0.1378,0.1384,0.1289,167484800,0.1406
12/13/1982,0.1278,0.1295,0.1295,0.1278,95379200,0.1306
12/14/1982,0.1267,0.13,0.1356,0.125,270054400,0.1278
12/15/1982,0.1261,0.125,0.1272,0.1233,130793600,0.1267
12/16/1982,0.1283,0.1256,0.1306,0.125,141164800,0.1261
12/17/1982,0.1345,0.1278,0.1356,0.1278,80729600,0.1283
12/20/1982,0.1339,0.1339,0.135,0.1328,69776000,0.1345
12/21/1982,0.135,0.1328,0.135,0.1317,79945600,0.1339
12/22/1982,0.139,0.1367,0.139,0.1356,101225600,0.135
12/23/1982,0.1429,0.1384,0.1429,0.1378,86979200,0.139
12/27/1982,0.1462,0.1417,0.1468,0.1417,61868800,0.1429
12/28/1982,0.1451,0.1473,0.1507,0.1434,113366400,0.1462
12/29/1982,0.1401,0.1451,0.1456,0.1384,80707200,0.1451
12/30/1982,0.1339,0.1401,0.1417,0.1323,156867200,0.1401
12/31/1982,0.1334,0.1339,0.1356,0.1334,49660800,0.1339
1/3/1983,0.1272,0.1339,0.135,0.1261,112828800,0.1334
1/4/1983,0.1345,0.125,0.135,0.125,223708800,0.1272
1/5/1983,0.135,0.1345,0.1362,0.1323,141545600,0.1345
1/6/1983,0.13,0.1356,0.1356,0.1295,97798400,0.135
1/7/1983,0.1228,0.1306,0.1317,0.1228,172054400,0.13
1/10/1983,0.1283,0.1228,0.1295,0.1217,275340800,0.1228
1/11/1983,0.1317,0.1289,0.1317,0.1272,163027200,0.1283
1/12/1983,0.1373,0.1328,0.1406,0.1317,176982400,0.1317
1/13/1983,0.1373,0.1367,0.1384,0.135,82275200,0.1373
1/14/1983,0.1473,0.1395,0.1473,0.1378,184643200,0.1373
1/17/1983,0.1523,0.1479,0.1546,0.1462,234864000,0.1473
1/18/1983,0.149,0.154,0.1557,0.1451,219788800,0.1523
1/19/1983,0.1501,0.1496,0.1518,0.1484,169657600,0.149
1/20/1983,0.1669,0.1518,0.1669,0.1501,707840000,0.1501
1/21/1983,0.1669,0.1674,0.1741,0.1652,402595200,0.1669
1/24/1983,0.1574,0.1635,0.1669,0.1546,315414400,0.1669
1/25/1983,0.1635,0.1585,0.1674,0.1563,167036800,0.1574
1/26/1983,0.1702,0.1652,0.1719,0.1652,203212800,0.1635
1/27/1983,0.1819,0.1708,0.183,0.1696,328339200,0.1702
1/28/1983,0.183,0.1847,0.1875,0.1808,397734400,0.1819
1/31/1983,0.1825,0.183,0.1858,0.1791,188003200,0.183
2/1/1983,0.1864,0.1836,0.1864,0.1797,210963200,0.1825
2/2/1983,0.1914,0.1853,0.1953,0.1836,267052800,0.1864
2/3/1983,0.1992,0.192,0.1998,0.1897,252537600,0.1914
2/4/1983,0.1964,0.2003,0.2026,0.1959,214345600,0.1992
2/7/1983,0.1886,0.197,0.1992,0.1853,142912000,0.1964
2/8/1983,0.1869,0.1881,0.1914,0.1847,168112000,0.1886
2/9/1983,0.1886,0.1875,0.1897,0.1819,180812800,0.1869
2/10/1983,0.2009,0.1892,0.202,0.1886,236723200,0.1886
2/11/1983,0.2076,0.2042,0.2109,0.2026,203548800,0.2009
2/14/1983,0.2065,0.207,0.2076,0.2015,126179200,0.2076
2/15/1983,0.2026,0.2065,0.2081,0.2003,115180800,0.2065
2/16/1983,0.1987,0.202,0.2026,0.1975,116569600,0.2026
2/17/1983,0.1964,0.1981,0.1987,0.1903,136169600,0.1987
2/18/1983,0.2026,0.197,0.2048,0.1942,114889600,0.1964
2/22/1983,0.2076,0.2054,0.2132,0.2037,196784000,0.2026
2/23/1983,0.2093,0.207,0.2104,0.2059,108035200,0.2076
2/24/1983,0.2148,0.2121,0.216,0.2109,115494400,0.2093
2/25/1983,0.2087,0.2154,0.2171,0.2076,114688000,0.2148
2/28/1983,0.2037,0.2081,0.2093,0.2031,132294400,0.2087
3/1/1983,0.207,0.2037,0.2081,0.2031,140268800,0.2037
3/2/1983,0.2087,0.2081,0.2098,0.2065,105952000,0.207
3/3/1983,0.202,0.2081,0.2109,0.2015,131532800,0.2087
3/4/1983,0.1992,0.202,0.2026,0.1931,151804800,0.202
3/7/1983,0.1953,0.1992,0.1998,0.1897,152678400,0.1992
3/8/1983,0.1892,0.1931,0.1942,0.1836,220640000,0.1953
3/9/1983,0.1948,0.1869,0.1948,0.1858,199337600,0.1892
3/10/1983,0.192,0.1953,0.197,0.1903,112604800,0.1948
3/11/1983,0.1892,0.1908,0.1953,0.1847,87763200,0.192
3/14/1983,0.1847,0.1875,0.1886,0.1802,171875200,0.1892
3/15/1983,0.1875,0.1847,0.1875,0.1791,75062400,0.1847
3/16/1983,0.1875,0.1881,0.1942,0.1864,110969600,0.1875
3/17/1983,0.1892,0.1869,0.1892,0.1869,44150400,0.1875
3/18/1983,0.192,0.1892,0.1942,0.1886,86128000,0.1892
3/21/1983,0.1964,0.1925,0.197,0.1908,104025600,0.192
3/22/1983,0.1987,0.1975,0.2015,0.1964,101001600,0.1964
3/23/1983,0.1892,0.1987,0.1992,0.1886,140761600,0.1987
3/24/1983,0.1925,0.1892,0.1948,0.1886,102457600,0.1892
3/25/1983,0.1925,0.1931,0.1959,0.192,58060800,0.1925
3/28/1983,0.1897,0.1914,0.192,0.1864,74569600,0.1925
3/29/1983,0.1953,0.1908,0.197,0.1903,103734400,0.1897
3/30/1983,0.1975,0.1959,0.1981,0.1953,87808000,0.1953
3/31/1983,0.1886,0.1987,0.1987,0.1886,85142400,0.1975
4/4/1983,0.1836,0.1853,0.1886,0.1791,127388800,0.1886
4/5/1983,0.1802,0.1842,0.1875,0.1802,122102400,0.1836
4/6/1983,0.1786,0.1797,0.1808,0.1763,213987200,0.1802
4/7/1983,0.1769,0.1786,0.1797,0.1758,145510400,0.1786
4/8/1983,0.1758,0.1769,0.178,0.1724,150259200,0.1769
4/11/1983,0.1858,0.1763,0.1869,0.173,230473600,0.1758
4/12/1983,0.1897,0.1875,0.1903,0.1858,174048000,0.1858
4/13/1983,0.1964,0.1903,0.197,0.1897,189772800,0.1897
4/14/1983,0.2009,0.1975,0.2015,0.1948,136371200,0.1964
4/15/1983,0.2042,0.2015,0.2059,0.2009,115001600,0.2009
4/18/1983,0.2098,0.207,0.2137,0.2054,155568000,0.2042
4/19/1983,0.2076,0.2098,0.2115,0.2065,233878400,0.2098
4/20/1983,0.226,0.2087,0.2277,0.2076,288332800,0.2076
4/21/1983,0.2321,0.231,0.2355,0.2288,230048000,0.226
4/22/1983,0.2277,0.2333,0.2344,0.2266,127187200,0.2321
4/25/1983,0.2171,0.2282,0.2294,0.216,125708800,0.2277
4/26/1983,0.2232,0.2182,0.226,0.2165,99433600,0.2171
4/27/1983,0.221,0.2266,0.2282,0.2188,86038400,0.2232
4/28/1983,0.2232,0.2215,0.2243,0.2182,79408000,0.221
4/29/1983,0.2254,0.2232,0.2266,0.2204,308313600,0.2232
5/2/1983,0.2188,0.226,0.2266,0.216,97081600,0.2254
5/3/1983,0.2165,0.2188,0.2193,0.2126,105996800,0.2188
5/4/1983,0.2299,0.2165,0.2299,0.2165,129113600,0.2165
5/5/1983,0.245,0.2321,0.2455,0.2299,140492800,0.2299
5/6/1983,0.2461,0.245,0.2489,0.24,100150400,0.245
5/9/1983,0.2427,0.2461,0.2467,0.2405,69171200,0.2461
5/10/1983,0.2444,0.2427,0.2472,0.2416,51900800,0.2427
5/11/1983,0.2383,0.2444,0.2455,0.2366,55260800,0.2444
5/12/1983,0.236,0.2383,0.2383,0.2338,98425600,0.2383
5/13/1983,0.2372,0.236,0.2394,0.236,48966400,0.236
5/16/1983,0.231,0.236,0.2372,0.2299,69193600,0.2372
5/17/1983,0.2316,0.2316,0.2321,0.2282,154358400,0.231
5/18/1983,0.2344,0.2321,0.2366,0.2316,157001600,0.2316
5/19/1983,0.2416,0.2349,0.2422,0.2344,70291200,0.2344
5/20/1983,0.2539,0.2411,0.2545,0.2383,146092800,0.2416
5/23/1983,0.2567,0.2528,0.2567,0.2489,121744000,0.2539
5/24/1983,0.2701,0.2584,0.2701,0.2567,107699200,0.2567
5/25/1983,0.2679,0.2712,0.2723,0.264,153731200,0.2701
5/26/1983,0.2651,0.2684,0.2695,0.2628,105571200,0.2679
5/27/1983,0.2651,0.2651,0.2679,0.264,56627200,0.2651
5/31/1983,0.2578,0.264,0.2645,0.2528,45539200,0.2651
6/1/1983,0.2595,0.2573,0.26,0.2556,98089600,0.2578
6/2/1983,0.2612,0.2595,0.2612,0.2578,79430400,0.2595
6/3/1983,0.274,0.2628,0.2751,0.2612,64534400,0.2612
6/6/1983,0.2801,0.2746,0.2801,0.274,104092800,0.274
6/7/1983,0.2706,0.2813,0.2824,0.2706,98179200,0.2801
6/8/1983,0.2673,0.2701,0.2718,0.2651,84044800,0.2706
6/9/1983,0.2656,0.2673,0.2701,0.2606,54790400,0.2673
6/10/1983,0.2645,0.2667,0.2673,0.264,37430400,0.2656
6/13/1983,0.2556,0.264,0.2651,0.2455,179267200,0.2645
6/14/1983,0.25,0.2567,0.2578,0.2489,170531200,0.2556
6/15/1983,0.2427,0.2483,0.2494,0.2377,193356800,0.25
6/16/1983,0.2556,0.2439,0.2556,0.2439,122886400,0.2427
6/17/1983,0.2506,0.255,0.2567,0.2506,56044800,0.2556
6/20/1983,0.2383,0.2506,0.2522,0.236,139574400,0.2506
6/21/1983,0.24,0.2383,0.2411,0.2338,125462400,0.2383
6/22/1983,0.2472,0.2416,0.2483,0.2405,140963200,0.24
6/23/1983,0.2394,0.2461,0.2461,0.2388,133996800,0.2472
6/24/1983,0.2377,0.2394,0.2427,0.2372,47644800,0.2394
6/27/1983,0.2249,0.2372,0.2377,0.2249,123043200,0.2377
6/28/1983,0.2093,0.2254,0.226,0.2076,349171200,0.2249
6/29/1983,0.2193,0.2065,0.2215,0.2042,294380800,0.2093
6/30/1983,0.2182,0.2204,0.2232,0.2171,110566400,0.2193
7/1/1983,0.2199,0.2182,0.2221,0.2171,172256000,0.2182
7/5/1983,0.2109,0.2204,0.2204,0.2104,82051200,0.2199
7/6/1983,0.2115,0.2098,0.2121,0.207,95916800,0.2109
7/7/1983,0.2087,0.2121,0.2121,0.2076,89443200,0.2115
7/8/1983,0.2065,0.2076,0.2087,0.2054,70179200,0.2087
7/11/1983,0.2121,0.207,0.2154,0.2065,112918400,0.2065
7/12/1983,0.207,0.2121,0.2143,0.2059,75196800,0.2121
7/13/1983,0.2059,0.2059,0.2076,0.2026,129001600,0.207
7/14/1983,0.2054,0.2059,0.2093,0.2042,74905600,0.2059
7/15/1983,0.1981,0.2054,0.2054,0.197,67961600,0.2054
7/18/1983,0.1975,0.197,0.1987,0.1931,81625600,0.1981
7/19/1983,0.1953,0.1981,0.207,0.1936,171136000,0.1975
7/20/1983,0.1842,0.1948,0.197,0.1819,304886400,0.1953
7/21/1983,0.1936,0.1847,0.1981,0.183,317385600,0.1842
7/22/1983,0.1953,0.1942,0.1959,0.1931,116435200,0.1936
7/25/1983,0.1925,0.1936,0.1953,0.1897,76428800,0.1953
7/26/1983,0.1747,0.192,0.1936,0.1674,268979200,0.1925
7/27/1983,0.1618,0.1758,0.1802,0.1596,300316800,0.1747
7/28/1983,0.1518,0.1613,0.1641,0.1518,270435200,0.1618
7/29/1983,0.1557,0.1529,0.1574,0.1512,220326400,0.1518
8/1/1983,0.154,0.1563,0.1624,0.1529,232444800,0.1557
8/2/1983,0.1535,0.154,0.1563,0.1529,101651200,0.154
8/3/1983,0.1557,0.154,0.159,0.1512,123827200,0.1535
8/4/1983,0.1484,0.1557,0.1574,0.1429,292118400,0.1557
8/5/1983,0.1512,0.1484,0.154,0.1473,131420800,0.1484
8/8/1983,0.1518,0.1512,0.1551,0.1479,76809600,0.1512
8/9/1983,0.1535,0.1518,0.1557,0.1507,150371200,0.1518
8/10/1983,0.1529,0.1529,0.1546,0.1496,161974400,0.1535
8/11/1983,0.1507,0.1535,0.1551,0.1484,90182400,0.1529
8/12/1983,0.1496,0.1507,0.154,0.1479,74636800,0.1507
8/15/1983,0.1535,0.1496,0.1535,0.149,152275200,0.1496
8/16/1983,0.1512,0.1518,0.1551,0.1496,91369600,0.1535
8/17/1983,0.1479,0.1512,0.1529,0.1462,94438400,0.1512
8/18/1983,0.1496,0.1473,0.1512,0.1473,81737600,0.1479
8/19/1983,0.1507,0.1496,0.1518,0.1484,58598400,0.1496
8/22/1983,0.1501,0.1507,0.1523,0.1484,85366400,0.1507
8/23/1983,0.1423,0.1501,0.1501,0.1412,93587200,0.1501
8/24/1983,0.135,0.1412,0.1417,0.1345,113299200,0.1423
8/25/1983,0.1362,0.1356,0.1373,0.1339,189772800,0.135
8/26/1983,0.1378,0.1367,0.1384,0.135,93184000,0.1362
8/29/1983,0.1395,0.1378,0.1412,0.1339,138297600,0.1378
8/30/1983,0.1468,0.1401,0.1496,0.1395,233945600,0.1395
8/31/1983,0.1663,0.1479,0.1663,0.1479,200233600,0.1468
9/1/1983,0.1624,0.168,0.1719,0.1585,218131200,0.1663
9/2/1983,0.1696,0.1618,0.1696,0.1618,129337600,0.1624
9/6/1983,0.1758,0.1747,0.1775,0.173,181686400,0.1696
9/7/1983,0.1546,0.1747,0.1752,0.1512,384854400,0.1758
9/8/1983,0.1417,0.1551,0.1563,0.1395,307059200,0.1546
9/9/1983,0.1367,0.1423,0.1423,0.1362,212688000,0.1417
9/12/1983,0.1367,0.1423,0.1451,0.135,266313600,0.1367
9/13/1983,0.1429,0.1367,0.1451,0.1356,204176000,0.1367
9/14/1983,0.1412,0.1451,0.1462,0.1384,181529600,0.1429
9/15/1983,0.1345,0.1417,0.1417,0.1328,158838400,0.1412
9/16/1983,0.1311,0.1339,0.1345,0.13,225747200,0.1345
9/19/1983,0.1429,0.1311,0.144,0.1306,201980800,0.1311
9/20/1983,0.1434,0.144,0.1496,0.1429,226419200,0.1429
9/21/1983,0.1406,0.144,0.1456,0.1401,106355200,0.1434
9/22/1983,0.1451,0.1412,0.1456,0.139,144121600,0.1406
9/23/1983,0.1083,0.1088,0.1116,0.0993,2832345600,0.1451
9/26/1983,0.111,0.1122,0.1155,0.1088,768768000,0.1083
9/27/1983,0.1049,0.111,0.1116,0.1027,417110400,0.111
9/28/1983,0.1021,0.1049,0.1049,0.0988,373497600,0.1049
9/29/1983,0.1016,0.1032,0.106,0.101,282777600,0.1021
9/30/1983,0.1032,0.1016,0.1055,0.1004,117868800,0.1016
10/3/1983,0.1032,0.1044,0.1049,0.101,152902400,0.1032
10/4/1983,0.1021,0.1044,0.1055,0.1016,169612800,0.1032
10/5/1983,0.1004,0.1027,0.1038,0.0988,190668800,0.1021
10/6/1983,0.0993,0.0999,0.1021,0.0971,232937600,0.1004
10/7/1983,0.091,0.0999,0.106,0.0898,246332800,0.0993
10/10/1983,0.0882,0.0887,0.0898,0.082,517126400,0.091
10/11/1983,0.0865,0.0882,0.0887,0.0854,252761600,0.0882
10/12/1983,0.0943,0.0859,0.0949,0.0859,472617600,0.0865
10/13/1983,0.1027,0.1044,0.1071,0.0971,420515200,0.0943
10/14/1983,0.1016,0.1032,0.106,0.1004,279260800,0.1027
10/17/1983,0.0938,0.1016,0.1016,0.0932,219116800,0.1016
10/18/1983,0.0865,0.0926,0.0926,0.0843,382972800,0.0938
10/19/1983,0.096,0.0865,0.096,0.0854,287392000,0.0865
10/20/1983,0.091,0.0982,0.0988,0.0887,131689600,0.096
10/21/1983,0.0887,0.0898,0.0932,0.0876,157001600,0.091
10/24/1983,0.0943,0.0826,0.0943,0.0798,259392000,0.0887
10/25/1983,0.0949,0.0954,0.0977,0.0938,168448000,0.0943
10/26/1983,0.0898,0.0943,0.096,0.0893,128912000,0.0949
10/27/1983,0.0943,0.0904,0.0965,0.0898,97843200,0.0898
10/28/1983,0.0932,0.0949,0.0954,0.091,81200000,0.0943
10/31/1983,0.101,0.0943,0.1027,0.0943,173174400,0.0932
11/1/1983,0.1027,0.1032,0.1071,0.0965,328384000,0.101
11/2/1983,0.1049,0.1038,0.1077,0.1027,202473600,0.1027
11/3/1983,0.0977,0.1055,0.1055,0.0938,286003200,0.1049
11/4/1983,0.0943,0.0977,0.0982,0.0938,146742400,0.0977
11/7/1983,0.0938,0.0943,0.0965,0.0926,152118400,0.0943
11/8/1983,0.0798,0.0859,0.0871,0.077,1221516800,0.0938
11/9/1983,0.0859,0.0792,0.0859,0.0781,353472000,0.0798
11/10/1983,0.0876,0.0876,0.0898,0.0859,222073600,0.0859
11/11/1983,0.0893,0.0876,0.091,0.0871,116032000,0.0876
11/14/1983,0.0882,0.0904,0.0904,0.0876,108281600,0.0893
11/15/1983,0.0882,0.0882,0.0887,0.0848,118630400,0.0882
11/16/1983,0.0893,0.0893,0.0915,0.0876,102278400,0.0882
11/17/1983,0.0915,0.0898,0.0926,0.0893,90384000,0.0893
11/18/1983,0.0921,0.0921,0.0932,0.0904,79900800,0.0915
11/21/1983,0.096,0.0921,0.0965,0.0921,105011200,0.0921
11/22/1983,0.096,0.0954,0.0971,0.0949,105190400,0.096
11/23/1983,0.091,0.0954,0.096,0.0893,114352000,0.096
11/25/1983,0.0915,0.0915,0.0921,0.091,37296000,0.091
11/28/1983,0.0938,0.0915,0.0943,0.091,72396800,0.0915
11/29/1983,0.0926,0.0938,0.096,0.0915,95289600,0.0938
11/30/1983,0.091,0.0926,0.0938,0.091,64332800,0.0926
12/1/1983,0.0904,0.091,0.0932,0.0893,76675200,0.091
12/2/1983,0.0887,0.0904,0.0904,0.0882,85366400,0.0904
12/5/1983,0.091,0.0882,0.0915,0.0882,45158400,0.0887
12/6/1983,0.0915,0.091,0.0921,0.0904,51990400,0.091
12/7/1983,0.0938,0.0915,0.096,0.0904,89152000,0.0915
12/8/1983,0.096,0.0943,0.0988,0.0938,137625600,0.0938
12/9/1983,0.0965,0.096,0.0988,0.0949,82768000,0.096
12/12/1983,0.096,0.096,0.0971,0.0938,65139200,0.0965
12/13/1983,0.1004,0.0971,0.1016,0.0954,197545600,0.096
12/14/1983,0.1044,0.1004,0.1055,0.0965,201891200,0.1004
12/15/1983,0.1088,0.1049,0.1105,0.1044,316601600,0.1044
12/16/1983,0.1105,0.1088,0.1116,0.1083,184867200,0.1088
12/19/1983,0.1071,0.1105,0.1116,0.1066,173600000,0.1105
12/20/1983,0.1044,0.1071,0.1071,0.1027,177744000,0.1071
12/21/1983,0.1083,0.1049,0.1083,0.1038,171785600,0.1044
12/22/1983,0.1105,0.1083,0.1105,0.1077,130547200,0.1083
12/23/1983,0.1099,0.1105,0.111,0.1083,48563200,0.1105
12/27/1983,0.1105,0.1105,0.1116,0.1099,96432000,0.1099
12/28/1983,0.1116,0.1116,0.1127,0.1094,128553600,0.1105
12/29/1983,0.1088,0.1116,0.1127,0.1088,102748800,0.1116
12/30/1983,0.1088,0.1094,0.1116,0.1083,91862400,0.1088
1/3/1984,0.1144,0.1094,0.1166,0.1088,150192000,0.1088
1/4/1984,0.1244,0.1161,0.125,0.115,292611200,0.1144
1/5/1984,0.1261,0.1272,0.1295,0.1233,305715200,0.1244
1/6/1984,0.1239,0.1261,0.1278,0.1217,168492800,0.1261
1/9/1984,0.1172,0.1239,0.1239,0.1133,215734400,0.1239
1/10/1984,0.1233,0.1183,0.1233,0.1172,172188800,0.1172
1/11/1984,0.125,0.1244,0.1272,0.1228,175952000,0.1233
1/12/1984,0.1244,0.125,0.1267,0.1233,110342400,0.125
1/13/1984,0.1217,0.125,0.1261,0.1194,121744000,0.1244
1/16/1984,0.1244,0.1217,0.1261,0.1211,137580800,0.1217
1/17/1984,0.1278,0.1244,0.1283,0.1244,149072000,0.1244
1/18/1984,0.1283,0.1283,0.1306,0.1256,220505600,0.1278
1/19/1984,0.1295,0.13,0.1317,0.1272,149721600,0.1283
1/20/1984,0.1278,0.1295,0.13,0.1261,141344000,0.1295
1/23/1984,0.1289,0.1278,0.13,0.1267,278364800,0.1278
1/24/1984,0.1217,0.1295,0.1295,0.1183,320230400,0.1289
1/25/1984,0.1205,0.1228,0.1289,0.12,263872000,0.1217
1/26/1984,0.1233,0.1228,0.125,0.1205,168492800,0.1205
1/27/1984,0.1166,0.1228,0.1239,0.1144,194096000,0.1233
1/30/1984,0.1105,0.1172,0.1189,0.1077,277468800,0.1166
1/31/1984,0.1105,0.1105,0.1127,0.1032,345094400,0.1105
2/1/1984,0.1099,0.111,0.1138,0.1094,163116800,0.1105
2/2/1984,0.111,0.1105,0.1116,0.1077,134915200,0.1099
2/3/1984,0.1094,0.111,0.1138,0.1094,145488000,0.111
2/6/1984,0.1038,0.1083,0.1094,0.1032,165558400,0.1094
2/7/1984,0.1077,0.1032,0.1083,0.0999,217728000,0.1038
2/8/1984,0.1038,0.1083,0.1094,0.1038,148220800,0.1077
2/9/1984,0.1055,0.1016,0.1077,0.101,234796800,0.1038
2/10/1984,0.1088,0.1066,0.1116,0.1055,143964800,0.1055
2/13/1984,0.1083,0.1088,0.1099,0.1066,105728000,0.1088
2/14/1984,0.1144,0.1094,0.115,0.1083,209059200,0.1083
2/15/1984,0.1122,0.1183,0.1194,0.111,200838400,0.1144
2/16/1984,0.1133,0.1116,0.1138,0.1094,105235200,0.1122
2/17/1984,0.1116,0.1138,0.1161,0.1116,134646400,0.1133
2/21/1984,0.1166,0.1122,0.1172,0.111,120288000,0.1116
2/22/1984,0.1222,0.1183,0.1233,0.1172,223372800,0.1166
2/23/1984,0.12,0.1222,0.1222,0.1161,155052800,0.1222
2/24/1984,0.1211,0.1211,0.1228,0.12,77817600,0.12
2/27/1984,0.1205,0.1222,0.1228,0.1177,121564800,0.1211
2/28/1984,0.1138,0.1205,0.1211,0.1122,169926400,0.1205
2/29/1984,0.1172,0.1138,0.12,0.1127,134041600,0.1138
3/1/1984,0.1205,0.1166,0.1211,0.1144,132361600,0.1172
3/2/1984,0.1217,0.1233,0.125,0.12,191251200,0.1205
3/5/1984,0.1194,0.1222,0.1222,0.1177,73606400,0.1217
3/6/1984,0.115,0.12,0.1217,0.1144,98985600,0.1194
3/7/1984,0.1183,0.1133,0.1189,0.1122,96566400,0.115
3/8/1984,0.12,0.1194,0.1211,0.1183,129785600,0.1183
3/9/1984,0.1177,0.1194,0.12,0.1172,66057600,0.12
3/12/1984,0.1222,0.1183,0.1228,0.1183,125036800,0.1177
3/13/1984,0.1205,0.1228,0.1239,0.1194,152880000,0.1222
3/14/1984,0.1189,0.1205,0.1211,0.1183,59606400,0.1205
3/15/1984,0.1194,0.1189,0.1205,0.1177,55283200,0.1189
3/16/1984,0.1189,0.1228,0.1239,0.1177,124700800,0.1194
3/19/1984,0.1172,0.1166,0.1183,0.1155,82588800,0.1189
3/20/1984,0.1161,0.1166,0.1194,0.1122,100531200,0.1172
3/21/1984,0.1161,0.1172,0.1189,0.1155,47667200,0.1161
3/22/1984,0.1138,0.1161,0.1161,0.1122,51184000,0.1161
3/23/1984,0.1138,0.1133,0.115,0.1116,61129600,0.1138
3/26/1984,0.115,0.1144,0.1166,0.1127,56963200,0.1138
3/27/1984,0.1116,0.1155,0.1155,0.111,99299200,0.115
3/28/1984,0.1138,0.1127,0.1144,0.1122,75488000,0.1116
3/29/1984,0.1133,0.1144,0.115,0.1127,39177600,0.1138
3/30/1984,0.1105,0.1138,0.1138,0.1094,45740800,0.1133
4/2/1984,0.111,0.1105,0.1127,0.1094,54656000,0.1105
4/3/1984,0.1116,0.1105,0.1122,0.1099,44105600,0.111
4/4/1984,0.1094,0.1116,0.1122,0.1094,107676800,0.1116
4/5/1984,0.1077,0.1105,0.111,0.1077,82812800,0.1094
4/6/1984,0.1049,0.1071,0.1088,0.1027,85590400,0.1077
4/9/1984,0.1049,0.1071,0.1083,0.1049,54252800,0.1049
4/10/1984,0.1105,0.1077,0.1105,0.1071,57097600,0.1049
4/11/1984,0.1094,0.1105,0.1133,0.1083,70604800,0.1105
4/12/1984,0.115,0.1088,0.1161,0.1077,78400000,0.1094
4/13/1984,0.115,0.1177,0.1177,0.1138,103398400,0.115
4/16/1984,0.1172,0.1144,0.1177,0.1122,68118400,0.115
4/17/1984,0.1228,0.1205,0.1244,0.1194,332953600,0.1172
4/18/1984,0.125,0.1239,0.1256,0.1222,199673600,0.1228
4/19/1984,0.1261,0.125,0.1267,0.1239,123401600,0.125
4/23/1984,0.1267,0.1261,0.13,0.125,293865600,0.1261
4/24/1984,0.1244,0.1272,0.1289,0.1239,281568000,0.1267
4/25/1984,0.1233,0.125,0.1256,0.1222,194880000,0.1244
4/26/1984,0.1328,0.125,0.1334,0.1239,318505600,0.1233
4/27/1984,0.1345,0.1328,0.1373,0.1306,371996800,0.1328
4/30/1984,0.1401,0.1339,0.1401,0.1334,293148800,0.1345
5/1/1984,0.1484,0.1434,0.1484,0.1417,406515200,0.1401
5/2/1984,0.1473,0.149,0.1496,0.1445,317318400,0.1484
5/3/1984,0.1412,0.1468,0.1473,0.1384,327420800,0.1473
5/4/1984,0.1345,0.1406,0.1412,0.1339,260444800,0.1412
5/7/1984,0.139,0.135,0.1401,0.1334,160070400,0.1345
5/8/1984,0.1468,0.1406,0.1479,0.1395,255001600,0.139
5/9/1984,0.1479,0.1473,0.1535,0.1451,405014400,0.1468
5/10/1984,0.1479,0.1473,0.1501,0.144,238627200,0.1479
5/11/1984,0.144,0.1479,0.1484,0.1384,197724800,0.1479
5/14/1984,0.1412,0.1423,0.1434,0.1395,89286400,0.144
5/15/1984,0.1423,0.1406,0.1434,0.1406,102704000,0.1412
5/16/1984,0.1362,0.1429,0.1434,0.1356,219721600,0.1423
5/17/1984,0.13,0.1362,0.1362,0.1283,281948800,0.1362
5/18/1984,0.1328,0.1311,0.1334,0.1283,193468800,0.13
5/21/1984,0.1423,0.1328,0.144,0.1323,217526400,0.1328
5/22/1984,0.1378,0.1417,0.1423,0.1339,301257600,0.1423
5/23/1984,0.135,0.1373,0.139,0.135,168963200,0.1378
5/24/1984,0.1311,0.1339,0.135,0.1289,193312000,0.135
5/25/1984,0.1317,0.1317,0.1334,0.13,120108800,0.1311
5/29/1984,0.1311,0.1317,0.1328,0.1289,156262400,0.1317
5/30/1984,0.1295,0.1311,0.1317,0.125,318438400,0.1311
5/31/1984,0.1311,0.1295,0.1328,0.1283,167014400,0.1295
6/1/1984,0.1356,0.1311,0.1356,0.1306,242300800,0.1311
6/4/1984,0.1323,0.1356,0.1373,0.1311,148288000,0.1356
6/5/1984,0.1244,0.1295,0.13,0.1239,328428800,0.1323
6/6/1984,0.1295,0.1244,0.13,0.1239,161459200,0.1244
6/7/1984,0.1283,0.1278,0.13,0.1256,102547200,0.1295
6/8/1984,0.1278,0.1283,0.1289,0.125,108976000,0.1283
6/11/1984,0.1278,0.1278,0.1289,0.1261,84246400,0.1278
6/12/1984,0.13,0.1278,0.1317,0.1272,117129600,0.1278
6/13/1984,0.1328,0.1306,0.1334,0.1306,115718400,0.13
6/14/1984,0.1289,0.1328,0.1328,0.1283,100956800,0.1328
6/15/1984,0.1295,0.1289,0.1311,0.1289,89779200,0.1289
6/18/1984,0.1323,0.1289,0.1328,0.1267,114598400,0.1295
6/19/1984,0.1311,0.1323,0.1356,0.1311,160944000,0.1323
6/20/1984,0.135,0.1289,0.135,0.1283,119526400,0.1311
6/21/1984,0.1295,0.1334,0.1367,0.1295,141904000,0.135
6/22/1984,0.1278,0.1295,0.1317,0.1278,84604800,0.1295
6/25/1984,0.1217,0.1283,0.1289,0.1205,167484800,0.1278
6/26/1984,0.1161,0.1211,0.1222,0.1161,148646400,0.1217
6/27/1984,0.1127,0.1172,0.1172,0.1083,377283200,0.1161
6/28/1984,0.1177,0.1138,0.1194,0.1127,118316800,0.1127
6/29/1984,0.1183,0.1177,0.1239,0.1177,141993600,0.1177
7/2/1984,0.1144,0.1183,0.1189,0.1122,159667200,0.1183
7/3/1984,0.1127,0.1144,0.115,0.111,179065600,0.1144
7/5/1984,0.1105,0.1133,0.1138,0.1088,93184000,0.1127
7/6/1984,0.1122,0.1094,0.1138,0.1083,95648000,0.1105
7/9/1984,0.1172,0.1127,0.1177,0.1105,190668800,0.1122
7/10/1984,0.12,0.1177,0.1211,0.1166,172300800,0.1172
7/11/1984,0.1183,0.1194,0.1217,0.1166,121094400,0.12
7/12/1984,0.1189,0.1183,0.1211,0.1177,168694400,0.1183
7/13/1984,0.1177,0.12,0.1211,0.1161,135945600,0.1189
7/16/1984,0.115,0.1172,0.1177,0.1116,202988800,0.1177
7/17/1984,0.115,0.115,0.1161,0.1133,84851200,0.115
7/18/1984,0.1133,0.1144,0.1155,0.1127,104025600,0.115
7/19/1984,0.1133,0.1127,0.115,0.1122,77907200,0.1133
7/20/1984,0.1133,0.1133,0.115,0.1127,33174400,0.1133
7/23/1984,0.1122,0.1127,0.1133,0.1094,94035200,0.1133
7/24/1984,0.1189,0.1122,0.1205,0.1116,179244800,0.1122
7/25/1984,0.1194,0.1205,0.1222,0.1194,200457600,0.1189
7/26/1984,0.1217,0.1194,0.1233,0.1183,143337600,0.1194
7/27/1984,0.1211,0.1217,0.1228,0.1205,73942400,0.1217
7/30/1984,0.1138,0.1211,0.1217,0.1127,125036800,0.1211
7/31/1984,0.1138,0.1127,0.1155,0.111,199628800,0.1138
8/1/1984,0.1116,0.1133,0.115,0.1083,285734400,0.1138
8/2/1984,0.1077,0.1116,0.1133,0.1077,303676800,0.1116
8/3/1984,0.1222,0.1083,0.1228,0.1071,618060800,0.1077
8/6/1984,0.1306,0.1228,0.1362,0.1217,626796800,0.1222
8/7/1984,0.1323,0.1272,0.1339,0.1244,332483200,0.1306
8/8/1984,0.1272,0.1323,0.135,0.1261,294403200,0.1323
8/9/1984,0.1328,0.1267,0.1339,0.1244,257622400,0.1272
8/10/1984,0.1272,0.1356,0.1378,0.1267,397376000,0.1328
8/13/1984,0.1339,0.1311,0.135,0.1256,241449600,0.1272
8/14/1984,0.1289,0.1345,0.135,0.1272,174070400,0.1339
8/15/1984,0.1244,0.1278,0.1283,0.1233,178886400,0.1289
8/16/1984,0.1256,0.1239,0.1267,0.1228,144816000,0.1244
8/17/1984,0.1228,0.125,0.1261,0.1211,153932800,0.1256
8/20/1984,0.1222,0.1211,0.1233,0.1189,138454400,0.1228
8/21/1984,0.1272,0.1228,0.1283,0.1222,179536000,0.1222
8/22/1984,0.125,0.1289,0.1306,0.1239,220416000,0.1272
8/23/1984,0.1256,0.125,0.1278,0.125,83417600,0.125
8/24/1984,0.1256,0.1267,0.1272,0.1244,70896000,0.1256
8/27/1984,0.1244,0.1244,0.1256,0.1222,87673600,0.1256
8/28/1984,0.1261,0.125,0.1261,0.1233,59158400,0.1244
8/29/1984,0.1228,0.1256,0.1267,0.1217,74121600,0.1261
8/30/1984,0.1205,0.1222,0.1244,0.1205,50960000,0.1228
8/31/1984,0.1183,0.1205,0.1211,0.1166,137849600,0.1205
9/4/1984,0.1172,0.1183,0.1194,0.1161,119840000,0.1183
9/5/1984,0.1172,0.1177,0.1189,0.1161,103756800,0.1172
9/6/1984,0.1183,0.1189,0.12,0.1172,130972800,0.1172
9/7/1984,0.1183,0.1194,0.12,0.1172,83260800,0.1183
9/10/1984,0.1177,0.1183,0.1189,0.1155,64624000,0.1183
9/11/1984,0.12,0.1194,0.1222,0.1189,152387200,0.1177
9/12/1984,0.1166,0.1189,0.1205,0.115,133123200,0.12
9/13/1984,0.1228,0.1161,0.1233,0.1161,207334400,0.1166
9/14/1984,0.1244,0.1244,0.1272,0.1233,246870400,0.1228
9/17/1984,0.1278,0.1244,0.1295,0.1244,192752000,0.1244
9/18/1984,0.1233,0.1278,0.1289,0.1228,97305600,0.1278
9/19/1984,0.1205,0.1228,0.1244,0.12,106288000,0.1233
9/20/1984,0.1211,0.12,0.1222,0.1194,66169600,0.1205
9/21/1984,0.12,0.1211,0.1244,0.1183,99836800,0.1211
9/24/1984,0.1189,0.1194,0.1205,0.1177,79004800,0.12
9/25/1984,0.1166,0.1183,0.1183,0.1083,166790400,0.1189
9/26/1984,0.115,0.1166,0.1217,0.1138,110969600,0.1166
9/27/1984,0.115,0.1144,0.1155,0.1127,105929600,0.115
9/28/1984,0.1122,0.1144,0.115,0.1099,233408000,0.115
10/1/1984,0.1094,0.111,0.1116,0.1088,97776000,0.1122
10/2/1984,0.1105,0.1094,0.1144,0.1094,118249600,0.1094
10/3/1984,0.1122,0.1099,0.1138,0.1099,120422400,0.1105
10/4/1984,0.1133,0.1127,0.1144,0.1122,125484800,0.1122
10/5/1984,0.111,0.1133,0.1133,0.1105,97574400,0.1133
10/8/1984,0.111,#N/A N/A,0.1116,0.1105,46972800,0.111
10/9/1984,0.1099,#N/A N/A,0.1116,0.1094,125260800,0.111
10/10/1984,0.1066,#N/A N/A,0.1099,0.1027,364851200,0.1099
10/11/1984,0.106,#N/A N/A,0.1094,0.1055,182761600,0.1066
10/12/1984,0.1016,#N/A N/A,0.1066,0.1004,265798400,0.106
10/15/1984,0.1071,#N/A N/A,0.1083,0.101,243264000,0.1016
10/16/1984,0.1066,#N/A N/A,0.1077,0.1049,118025600,0.1071
10/17/1984,0.111,#N/A N/A,0.1116,0.1049,156643200,0.1066
10/18/1984,0.1144,#N/A N/A,0.115,0.111,247161600,0.111
10/19/1984,0.1144,#N/A N/A,0.1222,0.1138,326121600,0.1144
10/22/1984,0.1133,#N/A N/A,0.1161,0.1122,114755200,0.1144
10/23/1984,0.1161,#N/A N/A,0.1172,0.1133,186435200,0.1133
10/24/1984,0.1172,#N/A N/A,0.1183,0.1155,167014400,0.1161
10/25/1984,0.1127,#N/A N/A,0.1172,0.1116,158166400,0.1172
10/26/1984,0.1099,#N/A N/A,0.1127,0.1094,114844800,0.1127
10/29/1984,0.1105,#N/A N/A,0.111,0.1094,50646400,0.1099
10/30/1984,0.1116,#N/A N/A,0.1127,0.1099,74592000,0.1105
10/31/1984,0.111,#N/A N/A,0.1127,0.1105,60233600,0.1116
11/1/1984,0.1116,#N/A N/A,0.1127,0.111,47040000,0.111
11/2/1984,0.111,#N/A N/A,0.1122,0.1105,27686400,0.1116
11/5/1984,0.1105,#N/A N/A,0.1133,0.1094,105369600,0.111
11/6/1984,0.1172,#N/A N/A,0.1177,0.1116,225321600,0.1105
11/7/1984,0.115,#N/A N/A,0.1177,0.111,231548800,0.1172
11/8/1984,0.1105,#N/A N/A,0.115,0.1099,88121600,0.115
11/9/1984,0.1038,#N/A N/A,0.111,0.1027,294134400,0.1105
11/12/1984,0.1077,#N/A N/A,0.1083,0.1027,113254400,0.1038
11/13/1984,0.1049,#N/A N/A,0.1099,0.1038,126672000,0.1077
11/14/1984,0.106,#N/A N/A,0.1071,0.1032,104339200,0.1049
11/15/1984,0.106,#N/A N/A,0.1071,0.1044,106601600,0.106
11/16/1984,0.1038,#N/A N/A,0.1077,0.1032,165760000,0.106
11/19/1984,0.0977,0.1038,0.1044,0.0971,232982400,0.1038
11/20/1984,0.101,0.0977,0.1016,0.0971,263244800,0.0977
11/21/1984,0.1032,0.101,0.1038,0.0993,178729600,0.101
11/23/1984,0.106,0.1055,0.1077,0.1044,137088000,0.1032
11/26/1984,0.1071,0.1066,0.1071,0.1049,100643200,0.106
11/27/1984,0.1099,0.1071,0.111,0.1066,127411200,0.1071
11/28/1984,0.1155,0.111,0.1183,0.1099,410524800,0.1099
11/29/1984,0.1133,0.115,0.1155,0.1116,174876800,0.1155
11/30/1984,0.1105,0.1127,0.1144,0.1099,108707200,0.1133
12/3/1984,0.1088,0.1105,0.111,0.1055,98000000,0.1105
12/4/1984,0.111,0.1088,0.1133,0.1083,120377600,0.1088
12/5/1984,0.1166,0.111,0.1166,0.1105,262908800,0.111
12/6/1984,0.1222,0.1161,0.1228,0.1155,317273600,0.1166
12/7/1984,0.1217,0.1239,0.1267,0.1211,494524800,0.1222
12/10/1984,0.1194,0.1217,0.1217,0.1183,111484800,0.1217
12/11/1984,0.1177,0.12,0.1211,0.1166,123782400,0.1194
12/12/1984,0.1138,0.1177,0.1177,0.1122,110073600,0.1177
12/13/1984,0.115,0.1138,0.1172,0.1122,66841600,0.1138
12/14/1984,0.1177,0.115,0.1189,0.115,96140800,0.115
12/17/1984,0.1205,0.1177,0.1217,0.1172,125238400,0.1177
12/18/1984,0.1278,0.1233,0.1283,0.1228,340569600,0.1205
12/19/1984,0.1228,0.1272,0.1283,0.1222,317497600,0.1278
12/20/1984,0.1222,0.1228,0.125,0.1222,139843200,0.1228
12/21/1984,0.1205,0.1222,0.1228,0.1194,123894400,0.1222
12/24/1984,0.1228,0.1211,0.1233,0.1211,67536000,0.1205
12/26/1984,0.1233,0.1233,0.1244,0.1222,67177600,0.1228
12/27/1984,0.1239,0.1239,0.1244,0.1233,98761600,0.1233
12/28/1984,0.1283,0.1233,0.1289,0.1233,165334400,0.1239
12/31/1984,0.13,0.1295,0.1306,0.1283,207760000,0.1283
1/2/1985,0.1244,0.13,0.13,0.1233,175302400,0.13
1/3/1985,0.1267,0.125,0.13,0.1239,166611200,0.1244
1/4/1985,0.1267,0.1267,0.1272,0.125,137267200,0.1267
1/7/1985,0.1261,0.1267,0.1272,0.1228,170912000,0.1267
1/8/1985,0.125,0.1261,0.1272,0.125,141120000,0.1261
1/9/1985,0.1283,0.125,0.13,0.125,166723200,0.125
1/10/1985,0.1339,0.1278,0.1345,0.1278,277065600,0.1283
1/11/1985,0.1328,0.1339,0.135,0.1317,205049600,0.1339
1/14/1985,0.1367,0.1328,0.1378,0.1317,270435200,0.1328
1/15/1985,0.1339,0.1373,0.139,0.1328,264969600,0.1367
1/16/1985,0.135,0.1334,0.1373,0.1334,189884800,0.1339
1/17/1985,0.1256,0.1367,0.1373,0.1233,547523200,0.135
1/18/1985,0.1278,0.1261,0.1306,0.125,352665600,0.1256
1/21/1985,0.1306,0.1272,0.1317,0.1272,325427200,0.1278
1/22/1985,0.1345,0.1311,0.135,0.13,424838400,0.1306
1/23/1985,0.1323,0.1345,0.135,0.1317,430505600,0.1345
1/24/1985,0.1295,0.1323,0.1323,0.1289,397062400,0.1323
1/25/1985,0.1323,0.1289,0.1323,0.1267,318460800,0.1295
1/28/1985,0.135,0.1317,0.1367,0.1311,412182400,0.1323
1/29/1985,0.1334,0.1356,0.1362,0.1306,223731200,0.135
1/30/1985,0.1334,0.135,0.1362,0.1328,492441600,0.1334
1/31/1985,0.1295,0.1317,0.1339,0.1283,276236800,0.1334
2/1/1985,0.1278,0.1289,0.13,0.1267,137737600,0.1295
2/4/1985,0.1306,0.1278,0.1311,0.1278,218019200,0.1278
2/5/1985,0.1317,0.1311,0.1339,0.1306,190041600,0.1306
2/6/1985,0.1339,0.1317,0.1339,0.1311,194432000,0.1317
2/7/1985,0.1334,0.1339,0.1356,0.1328,245481600,0.1339
2/8/1985,0.1334,0.1334,0.1339,0.1317,132025600,0.1334
2/11/1985,0.1362,0.1345,0.1373,0.1345,346953600,0.1334
2/12/1985,0.1328,0.1367,0.1367,0.1317,226508800,0.1362
2/13/1985,0.1267,0.1328,0.1328,0.1222,527027200,0.1328
2/14/1985,0.1233,0.1267,0.1278,0.1222,426832000,0.1267
2/15/1985,0.125,0.1228,0.1256,0.1222,173622400,0.1233
2/19/1985,0.1233,0.1233,0.1244,0.1211,149833600,0.125
2/20/1985,0.1177,0.1233,0.1239,0.1172,219968000,0.1233
2/21/1985,0.12,0.1177,0.1205,0.1155,308224000,0.1177
2/22/1985,0.1233,0.1205,0.1244,0.12,226531200,0.12
2/25/1985,0.1217,0.1228,0.1239,0.1205,98537600,0.1233
2/26/1985,0.1194,0.1217,0.1222,0.1177,188966400,0.1217
2/27/1985,0.1122,0.1189,0.1194,0.1116,403580800,0.1194
2/28/1985,0.1105,0.1122,0.1122,0.1071,319065600,0.1122
3/1/1985,0.111,0.1083,0.111,0.1071,247430400,0.1105
3/4/1985,0.1127,0.1105,0.1161,0.1105,153104000,0.111
3/5/1985,0.1155,0.1133,0.1155,0.1127,130771200,0.1127
3/6/1985,0.1099,0.115,0.1155,0.1094,159443200,0.1155
3/7/1985,0.0988,0.1066,0.1105,0.0949,768140800,0.1099
3/8/1985,0.096,0.0988,0.0988,0.0926,473558400,0.0988
3/11/1985,0.0993,0.0954,0.0999,0.0954,286003200,0.096
3/12/1985,0.1027,0.0999,0.1038,0.0993,219430400,0.0993
3/13/1985,0.0971,0.1016,0.1027,0.0949,251126400,0.1027
3/14/1985,0.0971,0.0971,0.0977,0.0921,241606400,0.0971
3/15/1985,0.101,0.0971,0.1032,0.0965,181417600,0.0971
3/18/1985,0.1021,0.1016,0.1032,0.101,124768000,0.101
3/19/1985,0.0982,0.1021,0.1032,0.0982,171449600,0.1021
3/20/1985,0.0993,0.0988,0.101,0.0943,404969600,0.0982
3/21/1985,0.101,0.1004,0.1027,0.0999,162467200,0.0993
3/22/1985,0.0993,0.1021,0.1027,0.0993,80371200,0.101
3/25/1985,0.0965,0.0988,0.0993,0.096,109961600,0.0993
3/26/1985,0.1004,0.0971,0.1004,0.0965,121430400,0.0965
3/27/1985,0.0977,0.1004,0.1016,0.0971,111350400,0.1004
3/28/1985,0.0977,0.0971,0.0993,0.0971,129606400,0.0977
3/29/1985,0.0988,0.0982,0.0993,0.0977,87180800,0.0977
4/1/1985,0.0965,0.0993,0.101,0.096,114060800,0.0988
4/2/1985,0.0938,0.0971,0.0971,0.0938,227427200,0.0965
4/3/1985,0.0938,0.0943,0.0943,0.0915,242659200,0.0938
4/4/1985,0.0932,0.0943,0.0943,0.0921,161862400,0.0938
4/8/1985,0.0876,0.0938,0.0938,0.0876,198732800,0.0932
4/9/1985,0.0876,0.0876,0.0882,0.0859,263894400,0.0876
4/10/1985,0.0938,0.0882,0.0949,0.0871,226912000,0.0876
4/11/1985,0.0954,0.0949,0.0982,0.0938,146675200,0.0938
4/12/1985,0.0932,0.0954,0.0954,0.0926,72531200,0.0954
4/15/1985,0.0954,0.0938,0.0965,0.0921,59830400,0.0932
4/16/1985,0.0965,0.096,0.0971,0.0943,67648000,0.0954
4/17/1985,0.101,0.0971,0.1021,0.096,123244800,0.0965
4/18/1985,0.1021,0.1016,0.1027,0.101,202428800,0.101
4/19/1985,0.1004,0.1021,0.1021,0.0999,96028800,0.1021
4/22/1985,0.0965,0.1004,0.1004,0.096,102592000,0.1004
4/23/1985,0.0988,0.0965,0.0993,0.0949,118294400,0.0965
4/24/1985,0.0982,0.0993,0.1004,0.0977,78937600,0.0988
4/25/1985,0.0982,0.0971,0.0988,0.0938,87628800,0.0982
4/26/1985,0.0977,0.0982,0.101,0.0977,119705600,0.0982
4/29/1985,0.0943,0.0982,0.0982,0.0938,62204800,0.0977
4/30/1985,0.0949,0.0938,0.0954,0.0915,94729600,0.0943
5/1/1985,0.0932,0.0954,0.0954,0.0932,57344000,0.0949
5/2/1985,0.0859,0.0904,0.0921,0.0854,329772800,0.0932
5/3/1985,0.0893,0.0871,0.0898,0.0859,158121600,0.0859
5/6/1985,0.0882,0.0898,0.0904,0.0882,56134400,0.0893
5/7/1985,0.0893,0.0887,0.0893,0.0882,107609600,0.0882
5/8/1985,0.0887,0.0876,0.0887,0.0859,144390400,0.0893
5/9/1985,0.0893,0.0887,0.0898,0.0876,127075200,0.0887
5/10/1985,0.0904,0.0904,0.0915,0.0893,136080000,0.0893
5/13/1985,0.0893,0.0904,0.091,0.0882,87225600,0.0904
5/14/1985,0.0882,0.0887,0.0898,0.0865,121744000,0.0893
5/15/1985,0.0893,0.0876,0.091,0.0876,130435200,0.0882
5/16/1985,0.0954,0.0893,0.0982,0.0893,230540800,0.0893
5/17/1985,0.0971,0.0965,0.0988,0.0949,211859200,0.0954
5/20/1985,0.0954,0.0977,0.0993,0.0949,197187200,0.0971
5/21/1985,0.0926,0.0949,0.0949,0.0915,152544000,0.0954
5/22/1985,0.0921,0.0932,0.0932,0.091,120556800,0.0926
5/23/1985,0.0882,0.091,0.0915,0.0865,239164800,0.0921
5/24/1985,0.0809,0.0871,0.0882,0.0792,589478400,0.0882
5/28/1985,0.0753,0.0798,0.0798,0.0731,510966400,0.0809
5/29/1985,0.0765,0.0748,0.077,0.0742,246556800,0.0753
5/30/1985,0.0787,0.0787,0.0798,0.077,314921600,0.0765
5/31/1985,0.0776,0.0798,0.0804,0.0753,369420800,0.0787
6/3/1985,0.0714,0.0753,0.0759,0.0703,576016000,0.0776
6/4/1985,0.077,0.0725,0.0776,0.0714,401923200,0.0714
6/5/1985,0.0753,0.077,0.0792,0.0753,286406400,0.077
6/6/1985,0.0759,0.0748,0.0759,0.0742,271196800,0.0753
6/7/1985,0.0731,0.0753,0.0759,0.072,475238400,0.0759
6/10/1985,0.072,0.0725,0.0737,0.0703,316131200,0.0731
6/11/1985,0.072,0.0731,0.0737,0.0709,300720000,0.072
6/12/1985,0.0703,0.072,0.0725,0.0703,247990400,0.072
6/13/1985,0.0664,0.0709,0.0709,0.0653,379523200,0.0703
6/14/1985,0.0658,0.0681,0.0703,0.0636,565667200,0.0664
6/17/1985,0.0664,0.0658,0.067,0.0647,236342400,0.0658
6/18/1985,0.0681,0.067,0.0692,0.0664,265216000,0.0664
6/19/1985,0.0698,0.0692,0.0709,0.0686,171987200,0.0681
6/20/1985,0.0703,0.0698,0.0703,0.0681,190803200,0.0698
6/21/1985,0.072,0.0703,0.0737,0.0692,166140800,0.0703
6/24/1985,0.077,0.072,0.0781,0.0709,205766400,0.072
6/25/1985,0.0781,0.0781,0.0798,0.077,293910400,0.077
6/26/1985,0.0809,0.0781,0.0809,0.0776,132204800,0.0781
6/27/1985,0.082,0.0809,0.0826,0.0781,192460800,0.0809
6/28/1985,0.0804,0.082,0.0826,0.0792,135744000,0.082
7/1/1985,0.0809,0.0798,0.0815,0.0792,103443200,0.0804
7/2/1985,0.077,0.0815,0.0815,0.077,77728000,0.0809
7/3/1985,0.0781,0.077,0.0781,0.077,68499200,0.077
7/5/1985,0.0787,0.0776,0.0792,0.077,36579200,0.0781
7/8/1985,0.0787,0.0792,0.0792,0.0765,92220800,0.0787
7/9/1985,0.0787,0.0781,0.0792,0.0776,147907200,0.0787
7/10/1985,0.0804,0.0792,0.0804,0.0787,106041600,0.0787
7/11/1985,0.0804,0.0798,0.0809,0.0792,64892800,0.0804
7/12/1985,0.0798,0.0804,0.0804,0.0798,47040000,0.0804
7/15/1985,0.0792,0.0798,0.0815,0.0792,77683200,0.0798
7/16/1985,0.0781,0.0792,0.0798,0.0776,143360000,0.0792
7/17/1985,0.0787,0.0787,0.0798,0.0781,118182400,0.0781
7/18/1985,0.077,0.077,0.0787,0.0759,179065600,0.0787
7/19/1985,0.0776,0.0776,0.0776,0.0765,114912000,0.077
7/22/1985,0.0753,0.0776,0.0776,0.0748,192304000,0.0776
7/23/1985,0.0737,0.0759,0.0765,0.0737,168694400,0.0753
7/24/1985,0.0725,0.0742,0.0748,0.072,168716800,0.0737
7/25/1985,0.0742,0.0725,0.0748,0.0709,315078400,0.0725
7/26/1985,0.0742,0.0742,0.0748,0.0737,130524800,0.0742
7/29/1985,0.0714,0.0737,0.0742,0.0714,77750400,0.0742
7/30/1985,0.0725,0.0714,0.0731,0.0709,89465600,0.0714
7/31/1985,0.0709,0.0731,0.0731,0.0709,80505600,0.0725
8/1/1985,0.0709,0.0709,0.072,0.0703,51564800,0.0709
8/2/1985,0.0703,0.0703,0.0709,0.0692,97417600,0.0709
8/5/1985,0.0686,0.0703,0.0709,0.0686,92332800,0.0703
8/6/1985,0.0681,0.0692,0.0703,0.0681,63078400,0.0686
8/7/1985,0.0664,0.0681,0.0714,0.0658,151737600,0.0681
8/8/1985,0.0675,0.0658,0.0681,0.0647,147772800,0.0664
8/9/1985,0.0681,0.0681,0.0681,0.067,60950400,0.0675
8/12/1985,0.067,0.0675,0.0681,0.0664,54992000,0.0681
8/13/1985,0.0681,0.0675,0.0692,0.0664,42380800,0.067
8/14/1985,0.0653,0.0681,0.0681,0.0647,289900800,0.0681
8/15/1985,0.0647,0.0658,0.0658,0.0642,105190400,0.0653
8/16/1985,0.0653,0.0642,0.0664,0.0636,83753600,0.0647
8/19/1985,0.067,0.0658,0.0681,0.0653,47868800,0.0653
8/20/1985,0.0681,0.0675,0.0681,0.067,66953600,0.067
8/21/1985,0.0681,0.0681,0.0681,0.0675,77011200,0.0681
8/22/1985,0.0664,0.0675,0.0681,0.0664,123312000,0.0681
8/23/1985,0.0658,0.0664,0.067,0.0658,44016000,0.0664
8/26/1985,0.0675,0.0664,0.0675,0.0658,35660800,0.0658
8/27/1985,0.0681,0.067,0.0681,0.067,42918400,0.0675
8/28/1985,0.0681,0.0675,0.0686,0.067,40947200,0.0681
8/29/1985,0.0664,0.067,0.0681,0.0658,56112000,0.0681
8/30/1985,0.067,0.0664,0.067,0.0658,42873600,0.0664
9/3/1985,0.0658,0.067,0.067,0.0658,37452800,0.067
9/4/1985,0.0664,0.0664,0.0675,0.0664,47555200,0.0658
9/5/1985,0.0664,0.067,0.067,0.0658,32816000,0.0664
9/6/1985,0.067,0.0664,0.067,0.0658,92803200,0.0664
9/9/1985,0.0681,0.067,0.0686,0.0664,132316800,0.067
9/10/1985,0.0686,0.0681,0.0698,0.0681,121766400,0.0681
9/11/1985,0.0692,0.0681,0.0698,0.0681,87091200,0.0686
9/12/1985,0.072,0.0692,0.072,0.0692,111171200,0.0692
9/13/1985,0.0703,0.0714,0.072,0.0698,70537600,0.072
9/16/1985,0.0681,0.0703,0.0703,0.0681,36982400,0.0703
9/17/1985,0.0681,0.067,0.0681,0.0653,183747200,0.0681
9/18/1985,0.0725,0.0686,0.0725,0.0681,120086400,0.0681
9/19/1985,0.0759,0.0731,0.0759,0.0703,186323200,0.0725
9/20/1985,0.0748,0.0759,0.0765,0.0742,135228800,0.0759
9/23/1985,0.0753,0.0759,0.0765,0.0742,118585600,0.0748
9/24/1985,0.0737,0.0753,0.077,0.0731,88099200,0.0753
9/25/1985,0.0709,0.0737,0.0737,0.0698,104496000,0.0737
9/26/1985,0.0709,0.0703,0.0714,0.0703,53491200,0.0709
9/27/1985,0.0709,0.0709,0.0714,0.0703,6899200,0.0709
9/30/1985,0.0703,0.0703,0.0714,0.0698,36646400,0.0709
10/1/1985,0.0703,0.0703,0.0709,0.0686,88345600,0.0703
10/2/1985,0.0698,0.0709,0.0709,0.0692,21504000,0.0703
10/3/1985,0.0692,0.0692,0.0698,0.0686,48921600,0.0698
10/4/1985,0.067,0.0686,0.0692,0.067,69529600,0.0692
10/7/1985,0.067,0.0675,0.0681,0.0664,91929600,0.067
10/8/1985,0.0675,0.0664,0.0675,0.0658,86979200,0.067
10/9/1985,0.067,0.067,0.0681,0.0664,82812800,0.0675
10/10/1985,0.0709,0.0664,0.0714,0.0647,261744000,0.067
10/11/1985,0.0714,0.0703,0.0725,0.0698,118294400,0.0709
10/14/1985,0.0742,0.0709,0.0742,0.0703,155187200,0.0714
10/15/1985,0.0759,0.0753,0.0765,0.0742,293888000,0.0742
10/16/1985,0.0804,0.0759,0.0809,0.0759,288444800,0.0759
10/17/1985,0.0815,0.0843,0.0854,0.0809,348185600,0.0804
10/18/1985,0.0792,0.082,0.082,0.0787,230428800,0.0815
10/21/1985,0.077,0.0787,0.0792,0.077,118876800,0.0792
10/22/1985,0.0804,0.0776,0.0815,0.077,424547200,0.077
10/23/1985,0.0804,0.0804,0.0826,0.0798,148377600,0.0804
10/24/1985,0.082,0.0798,0.0843,0.0798,272630400,0.0804
10/25/1985,0.0804,0.0815,0.082,0.0798,63280000,0.082
10/28/1985,0.0804,0.0798,0.0809,0.0792,59472000,0.0804
10/29/1985,0.0798,0.0798,0.0804,0.0798,130883200,0.0804
10/30/1985,0.0848,0.0798,0.0848,0.0798,226576000,0.0798
10/31/1985,0.0831,0.0848,0.0859,0.0826,155075200,0.0848
11/1/1985,0.0831,0.0826,0.0848,0.0826,92556800,0.0831
11/4/1985,0.0837,0.0837,0.0854,0.0831,155724800,0.0831
11/5/1985,0.0831,0.0848,0.0854,0.082,107542400,0.0837
11/6/1985,0.0859,0.0837,0.0865,0.0831,200457600,0.0831
11/7/1985,0.0876,0.0865,0.0887,0.0848,317139200,0.0859
11/8/1985,0.0915,0.0882,0.0926,0.0876,294112000,0.0876
11/11/1985,0.0893,0.0921,0.0926,0.0893,178774400,0.0915
11/12/1985,0.0887,0.0898,0.0904,0.0887,173644800,0.0893
11/13/1985,0.0865,0.0887,0.0887,0.0859,101561600,0.0887
11/14/1985,0.0893,0.0865,0.0898,0.0865,139507200,0.0865
11/15/1985,0.0887,0.0893,0.0904,0.0882,81580800,0.0893
11/18/1985,0.0887,0.0882,0.0893,0.0882,64556800,0.0887
11/19/1985,0.0859,0.0882,0.0893,0.0848,94326400,0.0887
11/20/1985,0.0848,0.0859,0.0865,0.0837,99075200,0.0859
11/21/1985,0.0848,0.0848,0.0859,0.0843,102950400,0.0848
11/22/1985,0.0848,0.0843,0.0859,0.0843,128755200,0.0848
11/25/1985,0.0854,0.0848,0.0859,0.0848,97193600,0.0848
11/26/1985,0.0865,0.0848,0.0871,0.0848,164460800,0.0854
11/27/1985,0.0893,0.0859,0.0898,0.0859,191721600,0.0865
11/29/1985,0.0898,0.0893,0.0898,0.0887,99030400,0.0893
12/2/1985,0.0904,0.0898,0.0904,0.0893,100195200,0.0898
12/3/1985,0.0898,0.0904,0.091,0.0893,155075200,0.0904
12/4/1985,0.0915,0.0898,0.0921,0.0898,165110400,0.0898
12/5/1985,0.0898,0.091,0.0926,0.0893,125148800,0.0915
12/6/1985,0.0882,0.0898,0.0898,0.0876,65452800,0.0898
12/9/1985,0.0865,0.0887,0.0893,0.0859,139865600,0.0882
12/10/1985,0.0871,0.0859,0.0876,0.0859,200905600,0.0865
12/11/1985,0.0882,0.0871,0.0898,0.0871,237619200,0.0871
12/12/1985,0.0893,0.0893,0.0904,0.0887,125260800,0.0882
12/13/1985,0.0893,0.0882,0.0904,0.0882,251148800,0.0893
12/16/1985,0.0932,0.0893,0.0949,0.0893,288915200,0.0893
12/17/1985,0.0921,0.0932,0.0938,0.091,109065600,0.0932
12/18/1985,0.0993,0.096,0.1021,0.0954,559798400,0.0921
12/19/1985,0.1004,0.0988,0.1016,0.0988,270121600,0.0993
12/20/1985,0.0999,0.0999,0.1016,0.0993,206035200,0.1004
12/23/1985,0.0977,0.0999,0.1004,0.0965,143225600,0.0999
12/24/1985,0.0971,0.0982,0.0982,0.0965,64601600,0.0977
12/26/1985,0.0971,0.0977,0.0982,0.0965,45852800,0.0971
12/27/1985,0.0999,0.0977,0.101,0.0971,122886400,0.0971
12/30/1985,0.0993,0.0999,0.101,0.0988,107676800,0.0999
12/31/1985,0.0982,0.0993,0.0999,0.0982,87248000,0.0993
1/2/1986,0.0993,0.0988,0.0993,0.0971,117420800,0.0982
1/3/1986,0.0999,0.0993,0.0999,0.0988,242166400,0.0993
1/6/1986,0.0993,0.0999,0.0999,0.0977,185046400,0.0999
1/7/1986,0.1027,0.0993,0.1027,0.0988,470534400,0.0993
1/8/1986,0.1021,0.1027,0.1049,0.1016,607600000,0.1027
1/9/1986,0.101,0.1016,0.1027,0.0977,447238400,0.1021
1/10/1986,0.1016,0.1016,0.1032,0.101,153238400,0.101
1/13/1986,0.1027,0.1016,0.1032,0.1004,215420800,0.1016
1/14/1986,0.1038,0.1044,0.106,0.1004,272697600,0.1027
1/15/1986,0.1066,0.1038,0.1071,0.1032,423472000,0.1038
1/16/1986,0.1094,0.1071,0.1105,0.1066,534777600,0.1066
1/17/1986,0.1071,0.1094,0.1105,0.1066,345385600,0.1094
1/20/1986,0.1066,0.1066,0.1071,0.1044,127411200,0.1071
1/21/1986,0.1071,0.1066,0.1077,0.106,151961600,0.1066
1/22/1986,0.1044,0.1077,0.1077,0.0999,143001600,0.1071
1/23/1986,0.1027,0.1027,0.1049,0.1016,156419200,0.1044
1/24/1986,0.101,0.1027,0.1044,0.101,111977600,0.1027
1/27/1986,0.0988,0.101,0.1016,0.0982,389580800,0.101
1/28/1986,0.0993,0.0988,0.0999,0.0982,222297600,0.0988
1/29/1986,0.1055,0.0999,0.1088,0.0982,589568000,0.0993
1/30/1986,0.1027,0.1027,0.1049,0.1021,236880000,0.1055
1/31/1986,0.1032,0.1021,0.1038,0.1021,147705600,0.1027
2/3/1986,0.1066,0.1021,0.1071,0.1021,350022400,0.1032
2/4/1986,0.106,0.1071,0.1088,0.106,260176000,0.1066
2/5/1986,0.106,0.1066,0.1066,0.1049,197164800,0.106
2/6/1986,0.1077,0.1055,0.1083,0.1055,134220800,0.106
2/7/1986,0.1071,0.1071,0.1077,0.1049,129404800,0.1077
2/10/1986,0.1066,0.1077,0.1094,0.106,111843200,0.1071
2/11/1986,0.1066,0.1066,0.1071,0.1049,153462400,0.1066
2/12/1986,0.1071,0.106,0.1071,0.106,133056000,0.1066
2/13/1986,0.1066,0.1066,0.1071,0.106,109379200,0.1071
2/14/1986,0.106,0.1071,0.1077,0.106,137513600,0.1066
2/18/1986,0.1066,0.106,0.1071,0.1038,148108800,0.106
2/19/1986,0.1116,0.1071,0.1138,0.1066,359676800,0.1066
2/20/1986,0.1122,0.1116,0.1133,0.111,137916800,0.1116
2/21/1986,0.1127,0.1127,0.115,0.1122,189078400,0.1122
2/24/1986,0.115,0.1133,0.115,0.1116,247116800,0.1127
2/25/1986,0.1177,0.115,0.1177,0.1122,224739200,0.115
2/26/1986,0.1161,0.1177,0.1194,0.1161,164729600,0.1177
2/27/1986,0.1144,0.1166,0.1166,0.1138,108124800,0.1161
2/28/1986,0.1116,0.1155,0.1155,0.111,125126400,0.1144
3/3/1986,0.1099,0.1116,0.1122,0.1094,108819200,0.1116
3/4/1986,0.1099,0.1094,0.1116,0.1094,89107200,0.1099
3/5/1986,0.1127,0.1099,0.1138,0.1083,177027200,0.1099
3/6/1986,0.1133,0.1138,0.115,0.1122,101337600,0.1127
3/7/1986,0.1105,0.1127,0.1133,0.1105,96185600,0.1133
3/10/1986,0.1099,0.1105,0.111,0.1099,75488000,0.1105
3/11/1986,0.111,0.1105,0.111,0.1094,103062400,0.1099
3/12/1986,0.1105,0.111,0.1122,0.1105,85680000,0.111
3/13/1986,0.1105,0.111,0.1116,0.1088,115964800,0.1105
3/14/1986,0.1166,0.1105,0.1172,0.1105,384854400,0.1105
3/17/1986,0.1161,0.1155,0.1161,0.1133,118720000,0.1166
3/18/1986,0.12,0.1155,0.1217,0.1155,249356800,0.1161
3/19/1986,0.1183,0.12,0.1217,0.1177,189884800,0.12
3/20/1986,0.1261,0.125,0.1323,0.125,904131200,0.1183
3/21/1986,0.1233,0.1267,0.1283,0.1228,260377600,0.1261
3/24/1986,0.1194,0.1228,0.1233,0.1177,294313600,0.1233
3/25/1986,0.1244,0.1194,0.1244,0.1194,281075200,0.1194
3/26/1986,0.1261,0.1244,0.1283,0.1244,222140800,0.1244
3/27/1986,0.1261,0.1267,0.1295,0.1261,219004800,0.1261
3/31/1986,0.1261,0.1261,0.1272,0.125,187801600,0.1261
4/1/1986,0.1217,0.1256,0.1261,0.1205,222723200,0.1261
4/2/1986,0.1217,0.1211,0.1222,0.1172,325292800,0.1217
4/3/1986,0.1205,0.1222,0.1233,0.12,211075200,0.1217
4/4/1986,0.1194,0.1205,0.1205,0.1189,125955200,0.1205
4/7/1986,0.1217,0.1194,0.1228,0.1172,120131200,0.1194
4/8/1986,0.1233,0.1217,0.1239,0.1217,193222400,0.1217
4/9/1986,0.1211,0.1233,0.1239,0.12,135318400,0.1233
4/10/1986,0.1217,0.12,0.1222,0.12,109984000,0.1211
4/11/1986,0.1205,0.1217,0.1228,0.1205,75667200,0.1217
4/14/1986,0.12,0.1205,0.1217,0.1194,84963200,0.1205
4/15/1986,0.1222,0.12,0.1228,0.12,131398400,0.12
4/16/1986,0.1261,0.1233,0.1272,0.1222,210828800,0.1222
4/17/1986,0.1295,0.1261,0.13,0.125,270099200,0.1261
4/18/1986,0.1328,0.13,0.1334,0.1283,247676800,0.1295
4/21/1986,0.1356,0.1345,0.1373,0.1334,273548800,0.1328
4/22/1986,0.1334,0.1362,0.1395,0.1323,327868800,0.1356
4/23/1986,0.1323,0.1328,0.1356,0.1311,261475200,0.1334
4/24/1986,0.1401,0.1323,0.1406,0.1317,458371200,0.1323
4/25/1986,0.144,0.1412,0.1456,0.1401,261072000,0.1401
4/28/1986,0.1429,0.144,0.1462,0.1417,145532800,0.144
4/29/1986,0.1395,0.1434,0.144,0.12,132697600,0.1429
4/30/1986,0.135,0.1401,0.1412,0.135,137782400,0.1395
5/1/1986,0.135,0.1339,0.135,0.1328,257936000,0.135
5/2/1986,0.1362,0.1345,0.1384,0.1345,93587200,0.135
5/5/1986,0.1434,0.1373,0.1451,0.1362,149340800,0.1362
5/6/1986,0.1456,0.144,0.1484,0.144,218534400,0.1434
5/7/1986,0.1406,0.1456,0.1468,0.1395,198800000,0.1456
5/8/1986,0.1473,0.1412,0.1479,0.1406,233363200,0.1406
5/9/1986,0.149,0.1473,0.1501,0.1462,222499200,0.1473
5/12/1986,0.1624,0.1496,0.1635,0.1484,400422400,0.149
5/13/1986,0.1607,0.1624,0.1629,0.1574,471766400,0.1624
5/14/1986,0.1646,0.1613,0.1669,0.1607,482988800,0.1607
5/15/1986,0.1607,0.1646,0.1652,0.159,222544000,0.1646
5/16/1986,0.1607,0.1602,0.1618,0.1568,319244800,0.1607
5/19/1986,0.159,0.1613,0.1629,0.1585,209507200,0.1607
5/20/1986,0.1579,0.1585,0.159,0.1529,245795200,0.159
5/21/1986,0.1652,0.1585,0.1663,0.1563,346729600,0.1579
5/22/1986,0.1641,0.1652,0.1674,0.1596,220505600,0.1652
5/23/1986,0.1652,0.1635,0.1657,0.1624,139843200,0.1641
5/27/1986,0.1646,0.1646,0.1652,0.1624,84649600,0.1652
5/28/1986,0.1663,0.1646,0.1674,0.1641,207132800,0.1646
5/29/1986,0.1652,0.1657,0.1663,0.1629,101427200,0.1663
5/30/1986,0.1652,0.1646,0.1663,0.1629,127433600,0.1652
6/2/1986,0.1657,0.1652,0.1669,0.1641,199248000,0.1652
6/3/1986,0.1691,0.1663,0.1702,0.1657,325897600,0.1657
6/4/1986,0.173,0.1696,0.1735,0.1685,300652800,0.1691
6/5/1986,0.1735,0.1735,0.1747,0.1719,147884800,0.173
6/6/1986,0.1685,0.173,0.1735,0.1674,177363200,0.1735
6/9/1986,0.1607,0.168,0.1691,0.1602,247027200,0.1685
6/10/1986,0.1607,0.1596,0.1607,0.1568,246892800,0.1607
6/11/1986,0.1613,0.1607,0.1618,0.1585,186860800,0.1607
6/12/1986,0.1607,0.1618,0.1624,0.1607,129091200,0.1613
6/13/1986,0.1624,0.1607,0.1624,0.1574,143001600,0.1607
6/16/1986,0.1602,0.1618,0.1646,0.159,173600000,0.1624
6/17/1986,0.1529,0.1596,0.1607,0.1518,222051200,0.1602
6/18/1986,0.1529,0.1529,0.1551,0.1451,429654400,0.1529
6/19/1986,0.1563,0.1523,0.1596,0.1512,344646400,0.1529
6/20/1986,0.1607,0.1563,0.1613,0.1563,161302400,0.1563
6/23/1986,0.1551,0.1602,0.1618,0.1546,116323200,0.1607
6/24/1986,0.1557,0.1551,0.1568,0.1535,141993600,0.1551
6/25/1986,0.1602,0.1574,0.1607,0.1563,131980800,0.1557
6/26/1986,0.1618,0.1602,0.1624,0.1585,116928000,0.1602
6/27/1986,0.1602,0.1613,0.1641,0.1585,50198400,0.1618
6/30/1986,0.1602,0.1607,0.1618,0.1596,70761600,0.1602
7/1/1986,0.1579,0.1607,0.1613,0.1551,87718400,0.1602
7/2/1986,0.1613,0.1579,0.1618,0.1579,144838400,0.1579
7/3/1986,0.168,0.1607,0.1685,0.159,181171200,0.1613
7/7/1986,0.159,0.168,0.1685,0.1579,181820800,0.168
7/8/1986,0.1529,0.1568,0.1574,0.1523,273683200,0.159
7/9/1986,0.1546,0.1529,0.1551,0.1518,366531200,0.1529
7/10/1986,0.1579,0.1551,0.1579,0.1546,208566400,0.1546
7/11/1986,0.1657,0.1579,0.1685,0.1574,224000000,0.1579
7/14/1986,0.1618,0.1657,0.1669,0.1618,237596800,0.1657
7/15/1986,0.1557,0.1563,0.1563,0.1529,299756800,0.1618
7/16/1986,0.1496,0.1585,0.159,0.1462,540579200,0.1557
7/17/1986,0.144,0.1496,0.1507,0.1434,252291200,0.1496
7/18/1986,0.1417,0.144,0.1451,0.1395,310128000,0.144
7/21/1986,0.1496,0.1473,0.1507,0.1462,230675200,0.1417
7/22/1986,0.1546,0.1496,0.1546,0.1484,239859200,0.1496
7/23/1986,0.1523,0.1546,0.1546,0.1523,179491200,0.1546
7/24/1986,0.1479,0.1529,0.1535,0.1473,144569600,0.1523
7/25/1986,0.1518,0.1479,0.1518,0.1473,217459200,0.1479
7/28/1986,0.1445,0.1512,0.1518,0.144,247923200,0.1518
7/29/1986,0.1395,0.144,0.144,0.1373,598012800,0.1445
7/30/1986,0.1362,0.1395,0.1406,0.1339,256883200,0.1395
7/31/1986,0.1395,0.1362,0.1406,0.1362,282777600,0.1362
8/1/1986,0.1401,0.139,0.1417,0.139,150080000,0.1395
8/4/1986,0.1406,0.1395,0.1406,0.1367,130166400,0.1401
8/5/1986,0.1434,0.1412,0.1445,0.1406,117891200,0.1406
8/6/1986,0.139,0.1434,0.1434,0.1384,185203200,0.1434
8/7/1986,0.1417,0.139,0.1456,0.139,173398400,0.139
8/8/1986,0.1412,0.1423,0.1445,0.1412,110140800,0.1417
8/11/1986,0.1496,0.1423,0.1496,0.1417,183433600,0.1412
8/12/1986,0.1529,0.149,0.1535,0.149,244764800,0.1496
8/13/1986,0.1607,0.1529,0.1618,0.1529,455750400,0.1529
8/14/1986,0.1607,0.1607,0.1652,0.1607,231235200,0.1607
8/15/1986,0.1596,0.1613,0.1629,0.159,137177600,0.1607
8/18/1986,0.1579,0.1596,0.1602,0.1563,147347200,0.1596
8/19/1986,0.1579,0.1568,0.1585,0.1546,137782400,0.1579
8/20/1986,0.1618,0.1574,0.1629,0.1574,171315200,0.1579
8/21/1986,0.1596,0.1613,0.1624,0.1596,194656000,0.1618
8/22/1986,0.1618,0.1602,0.1635,0.1602,115718400,0.1596
8/25/1986,0.1624,0.1629,0.1646,0.1624,126403200,0.1618
8/26/1986,0.1635,0.1624,0.1646,0.1624,131241600,0.1624
8/27/1986,0.1652,0.1635,0.1652,0.1618,147033600,0.1635
8/28/1986,0.1685,0.1652,0.1696,0.1646,219699200,0.1652
8/29/1986,0.1652,0.168,0.1696,0.1646,135228800,0.1685
9/2/1986,0.1551,0.1657,0.1657,0.1551,234617600,0.1652
9/3/1986,0.1551,0.1551,0.1557,0.1523,117488000,0.1551
9/4/1986,0.1585,0.1563,0.1585,0.1551,198800000,0.1551
9/5/1986,0.1568,0.159,0.1602,0.1563,98492800,0.1585
9/8/1986,0.1551,0.1563,0.1563,0.1501,126201600,0.1568
9/9/1986,0.1596,0.1546,0.1607,0.1546,150774400,0.1551
9/10/1986,0.1563,0.159,0.1602,0.1551,75667200,0.1596
9/11/1986,0.1456,0.1546,0.1551,0.1451,134355200,0.1563
9/12/1986,0.1417,0.1451,0.1462,0.1417,228905600,0.1456
9/15/1986,0.1479,0.144,0.1479,0.1429,222723200,0.1417
9/16/1986,0.1557,0.1479,0.1568,0.1451,248460800,0.1479
9/17/1986,0.1529,0.1557,0.1563,0.1529,116860800,0.1557
9/18/1986,0.1518,0.1529,0.154,0.1507,99030400,0.1529
9/19/1986,0.1501,0.1507,0.1512,0.1484,127612800,0.1518
9/22/1986,0.1574,0.1496,0.1579,0.1496,240419200,0.1501
9/23/1986,0.1613,0.1574,0.1618,0.1568,338307200,0.1574
9/24/1986,0.1568,0.1613,0.1624,0.1518,176870400,0.1613
9/25/1986,0.154,0.1568,0.1574,0.1501,187801600,0.1568
9/26/1986,0.1529,0.1523,0.1535,0.1512,70022400,0.154
9/29/1986,0.1451,0.1501,0.1512,0.1412,208947200,0.1529
9/30/1986,0.1496,0.1468,0.1512,0.1456,180790400,0.1451
10/1/1986,0.1523,0.149,0.154,0.149,138588800,0.1496
10/2/1986,0.1523,0.1507,0.1535,0.1496,94819200,0.1523
10/3/1986,0.1507,0.1535,0.1551,0.149,138745600,0.1523
10/6/1986,0.1523,0.1507,0.1529,0.1501,94505600,0.1507
10/7/1986,0.1473,0.1518,0.1523,0.1468,127993600,0.1523
10/8/1986,0.1462,0.1468,0.1473,0.144,111574400,0.1473
10/9/1986,0.1473,0.1462,0.1484,0.1456,77952000,0.1462
10/10/1986,0.1484,0.1468,0.149,0.1445,58531200,0.1473
10/13/1986,0.1546,0.1479,0.1546,0.1473,99680000,0.1484
10/14/1986,0.1518,0.1546,0.1574,0.1507,199337600,0.1546
10/15/1986,0.149,0.1496,0.1496,0.1462,205408000,0.1518
10/16/1986,0.1501,#N/A N/A,0.1512,0.1484,135766400,0.149
10/17/1986,0.1501,0.1507,0.1518,0.149,151872000,0.1501
10/20/1986,0.1468,0.1496,0.1501,0.1468,148982400,0.1501
10/21/1986,0.1462,0.1473,0.1473,0.1456,113724800,0.1468
10/22/1986,0.1451,0.1462,0.1468,0.144,94483200,0.1462
10/23/1986,0.1479,0.1451,0.1479,0.1451,123132800,0.1451
10/24/1986,0.1473,0.1479,0.1484,0.1462,75331200,0.1479
10/27/1986,0.1518,0.1496,0.1518,0.1484,151200000,0.1473
10/28/1986,0.149,0.1518,0.1523,0.1473,142240000,0.1518
10/29/1986,0.149,0.1496,0.1496,0.1479,85433600,0.149
10/30/1986,0.1529,0.1496,0.1551,0.149,295657600,0.149
10/31/1986,0.1546,0.1529,0.1557,0.1529,121296000,0.1529
11/3/1986,0.1563,0.1551,0.1568,0.1546,151827200,0.1546
11/4/1986,0.1596,0.1557,0.1602,0.1512,246758400,0.1563
11/5/1986,0.1652,0.1596,0.1657,0.1585,626931200,0.1596
11/6/1986,0.1613,0.1635,0.1646,0.1596,331945600,0.1652
11/7/1986,0.1596,0.1607,0.1613,0.1557,143158400,0.1613
11/10/1986,0.1579,0.1602,0.1602,0.1568,105884800,0.1596
11/11/1986,0.1585,0.1585,0.1596,0.1574,50176000,0.1579
11/12/1986,0.1635,0.1596,0.1635,0.159,130995200,0.1585
11/13/1986,0.1585,0.1629,0.1629,0.1585,137513600,0.1635
11/14/1986,0.1574,0.1585,0.1585,0.1557,135116800,0.1585
11/17/1986,0.1624,0.1574,0.1652,0.1563,141680000,0.1574
11/18/1986,0.1579,0.1624,0.1641,0.1568,170060800,0.1624
11/19/1986,0.1563,0.1568,0.1574,0.154,304236800,0.1579
11/20/1986,0.1574,0.1557,0.1579,0.1557,296486400,0.1563
11/21/1986,0.1607,0.1574,0.1618,0.1568,286966400,0.1574
11/24/1986,0.1696,0.1618,0.1702,0.1607,378448000,0.1607
11/25/1986,0.1797,0.1696,0.1802,0.1696,850102400,0.1696
11/26/1986,0.1808,0.1791,0.1842,0.1786,506688000,0.1797
11/28/1986,0.1786,0.1808,0.1814,0.1769,220550400,0.1808
12/1/1986,0.1791,0.1786,0.1791,0.1747,302153600,0.1786
12/2/1986,0.1853,0.1808,0.1864,0.1786,369958400,0.1791
12/3/1986,0.1908,0.1858,0.192,0.1853,337881600,0.1853
12/4/1986,0.1897,0.1903,0.1908,0.1875,270704000,0.1908
12/5/1986,0.1953,0.1903,0.1953,0.1897,263020800,0.1897
12/8/1986,0.1897,0.1908,0.1959,0.1892,347760000,0.1953
12/9/1986,0.1892,0.1892,0.1903,0.1836,288041600,0.1897
12/10/1986,0.1942,0.1892,0.1953,0.1875,244540800,0.1892
12/11/1986,0.1914,0.1948,0.1959,0.1903,224000000,0.1942
12/12/1986,0.1842,0.1914,0.192,0.1842,180118400,0.1914
12/15/1986,0.1864,0.183,0.1864,0.1802,209059200,0.1842
12/16/1986,0.1897,0.1858,0.1897,0.1858,151939200,0.1864
12/17/1986,0.1842,0.1892,0.1897,0.1825,151110400,0.1897
12/18/1986,0.1847,0.1836,0.1869,0.1819,175056000,0.1842
12/19/1986,0.1881,0.1847,0.1897,0.1847,199091200,0.1847
12/22/1986,0.1881,0.1875,0.1897,0.1864,164371200,0.1881
12/23/1986,0.1881,0.1886,0.1892,0.1869,245168000,0.1881
12/24/1986,0.1869,0.1875,0.1881,0.1858,95760000,0.1881
12/26/1986,0.183,0.1869,0.1869,0.183,89868800,0.1869
12/29/1986,0.1808,0.183,0.1836,0.1797,117644800,0.183
12/30/1986,0.183,0.1808,0.1853,0.1802,148153600,0.1808
12/31/1986,0.1808,0.183,0.1847,0.1802,132563200,0.183
1/2/1987,0.1825,0.1802,0.1836,0.1791,120870400,0.1808
1/5/1987,0.192,0.1842,0.1931,0.183,241606400,0.1825
1/6/1987,0.1953,0.1925,0.1964,0.1903,325203200,0.192
1/7/1987,0.1998,0.1959,0.2003,0.1948,435075200,0.1953
1/8/1987,0.1998,0.1998,0.2015,0.1987,291401600,0.1998
1/9/1987,0.2026,0.1998,0.2042,0.1981,240128000,0.1998
1/12/1987,0.2031,0.2031,0.2042,0.1998,233542400,0.2026
1/13/1987,0.1992,0.2015,0.2026,0.1992,211724800,0.2031
1/14/1987,0.2148,0.1992,0.2154,0.1992,504582400,0.1992
1/15/1987,0.2227,0.2154,0.2294,0.2143,546672000,0.2148
1/16/1987,0.2176,0.2232,0.2232,0.2132,408912000,0.2227
1/19/1987,0.2372,0.2176,0.2372,0.2137,363776000,0.2176
1/20/1987,0.2305,0.2411,0.2489,0.2299,776832000,0.2372
1/21/1987,0.2188,0.2271,0.2282,0.2188,534508800,0.2305
1/22/1987,0.2344,0.2182,0.2349,0.2165,473558400,0.2188
1/23/1987,0.2243,0.2344,0.2366,0.2243,541094400,0.2344
1/26/1987,0.2221,0.2232,0.2254,0.221,352374400,0.2243
1/27/1987,0.2355,0.2232,0.2372,0.2227,379881600,0.2221
1/28/1987,0.2472,0.2366,0.2489,0.2327,416304000,0.2355
1/29/1987,0.2416,0.2494,0.2556,0.2383,558812800,0.2472
1/30/1987,0.2478,0.2416,0.2494,0.2349,410838400,0.2416
2/2/1987,0.2494,0.2478,0.25,0.2422,247945600,0.2478
2/3/1987,0.2478,0.25,0.2506,0.2444,178617600,0.2494
2/4/1987,0.2455,0.2478,0.2478,0.2427,217840000,0.2478
2/5/1987,0.2405,0.2455,0.2461,0.2372,340659200,0.2455
2/6/1987,0.2366,0.2411,0.2411,0.236,294044800,0.2405
2/9/1987,0.2349,0.236,0.2383,0.2333,157001600,0.2366
2/10/1987,0.2355,0.2344,0.2355,0.2305,166790400,0.2349
2/11/1987,0.2522,0.2366,0.2533,0.2355,343369600,0.2355
2/12/1987,0.2617,0.2545,0.2673,0.2545,711356800,0.2522
2/13/1987,0.2773,0.2617,0.279,0.2589,511481600,0.2617
2/17/1987,0.2963,0.2773,0.2969,0.2762,411779200,0.2773
2/18/1987,0.2835,0.2974,0.3008,0.2829,471923200,0.2963
2/19/1987,0.2785,0.2835,0.2835,0.2757,314563200,0.2835
2/20/1987,0.2734,0.2785,0.279,0.2706,190646400,0.2785
2/23/1987,0.2818,0.2718,0.2868,0.2662,352598400,0.2734
2/24/1987,0.2924,0.2824,0.2946,0.2818,356899200,0.2818
2/25/1987,0.3086,0.2924,0.3103,0.2885,455235200,0.2924
2/26/1987,0.3086,0.3103,0.3186,0.3036,500214400,0.3086
2/27/1987,0.3125,0.3086,0.317,0.3025,405350400,0.3086
3/2/1987,0.3013,0.3136,0.3147,0.2991,398540800,0.3125
3/3/1987,0.2902,0.3013,0.3041,0.2891,437651200,0.3013
3/4/1987,0.3019,0.2935,0.3047,0.2919,449792000,0.2902
3/5/1987,0.3058,0.3013,0.308,0.3002,340278400,0.3019
3/6/1987,0.3002,0.3002,0.3052,0.298,176377600,0.3058
3/9/1987,0.2885,0.2969,0.298,0.2879,256368000,0.3002
3/10/1987,0.298,0.2879,0.2985,0.2879,245100800,0.2885
3/11/1987,0.2958,0.3002,0.3036,0.2958,218019200,0.298
3/12/1987,0.2913,0.2946,0.2958,0.284,302556800,0.2958
3/13/1987,0.2835,0.2913,0.2946,0.2835,197612800,0.2913
3/16/1987,0.2913,0.2835,0.2913,0.279,246467200,0.2835
3/17/1987,0.2991,0.2924,0.3036,0.2902,245705600,0.2913
3/18/1987,0.2946,0.3002,0.3013,0.2891,304147200,0.2991
3/19/1987,0.3052,0.2935,0.3058,0.2924,206729600,0.2946
3/20/1987,0.3047,0.3047,0.3114,0.3047,348342400,0.3052
3/23/1987,0.3013,0.3036,0.3047,0.2958,247161600,0.3047
3/24/1987,0.2958,0.3025,0.3058,0.2958,270592000,0.3013
3/25/1987,0.298,0.2969,0.2991,0.2913,274198400,0.2958
3/26/1987,0.3002,0.298,0.3025,0.2969,143024000,0.298
3/27/1987,0.2902,0.3002,0.3013,0.2891,134019200,0.3002
3/30/1987,0.279,0.2835,0.2868,0.2779,261206400,0.2902
3/31/1987,0.2879,0.2779,0.2891,0.2779,273414400,0.279
4/1/1987,0.298,0.2813,0.2991,0.2785,217862400,0.2879
4/2/1987,0.3203,0.3047,0.3203,0.2991,778915200,0.298
4/3/1987,0.3203,0.3203,0.3209,0.3136,544006400,0.3203
4/6/1987,0.3125,0.3192,0.3248,0.3092,289340800,0.3203
4/7/1987,0.3025,0.3114,0.3136,0.3025,260377600,0.3125
4/8/1987,0.308,0.3025,0.3136,0.3013,232220800,0.3025
4/9/1987,0.317,0.3069,0.3192,0.3025,238224000,0.308
4/10/1987,0.3136,0.3181,0.3192,0.3114,217840000,0.317
4/13/1987,0.3013,0.3125,0.3136,0.3013,142217600,0.3136
4/14/1987,0.3036,0.298,0.3114,0.2969,408105600,0.3013
4/15/1987,0.317,0.3103,0.317,0.3069,350380800,0.3036
4/16/1987,0.3192,0.3181,0.327,0.317,349036800,0.317
4/20/1987,0.3175,0.3192,0.3248,0.3158,149161600,0.3192
4/21/1987,0.3337,0.3136,0.3348,0.3103,432633600,0.3175
4/22/1987,0.3315,0.3421,0.3438,0.3304,403849600,0.3337
4/23/1987,0.3393,0.3315,0.3449,0.3315,306208000,0.3315
4/24/1987,0.3337,0.3382,0.3415,0.3326,257264000,0.3393
4/27/1987,0.3348,0.3315,0.3359,0.327,383555200,0.3337
4/28/1987,0.3438,0.3382,0.3477,0.3371,325539200,0.3348
4/29/1987,0.3471,0.3449,0.356,0.3438,292051200,0.3438
4/30/1987,0.3538,0.3482,0.3571,0.3471,254262400,0.3471
5/1/1987,0.3571,0.3549,0.3571,0.3516,132720000,0.3538
5/4/1987,0.356,0.3549,0.3583,0.3527,142105600,0.3571
5/5/1987,0.3583,0.3571,0.3605,0.3482,231996800,0.356
5/6/1987,0.3571,0.3594,0.3672,0.3538,288086400,0.3583
5/7/1987,0.3583,0.356,0.3616,0.356,180790400,0.3571
5/8/1987,0.3527,0.3594,0.3616,0.3527,184732800,0.3583
5/11/1987,0.3438,0.3538,0.3549,0.3426,197276800,0.3527
5/12/1987,0.3371,0.3393,0.3415,0.3348,260579200,0.3438
5/13/1987,0.3504,0.3382,0.351,0.3371,313420800,0.3371
5/14/1987,0.3538,0.3493,0.3549,0.3493,148489600,0.3504
5/15/1987,0.3493,0.3538,0.3538,0.3482,145958400,0.3538
5/18/1987,0.3382,0.3493,0.3504,0.3371,242704000,0.3493
5/19/1987,0.327,0.3382,0.3382,0.3242,239702400,0.3382
5/20/1987,0.3326,0.3259,0.3348,0.3237,290259200,0.327
5/21/1987,0.3326,0.3337,0.3382,0.3326,173801600,0.3326
5/22/1987,0.3309,0.3348,0.3371,0.3292,97104000,0.3326
5/26/1987,0.3482,0.3326,0.3482,0.3304,152252800,0.3309
5/27/1987,0.3549,0.3482,0.3583,0.346,180700800,0.3482
5/28/1987,0.3571,0.3549,0.3583,0.3504,151222400,0.3549
5/29/1987,0.3527,0.3583,0.3594,0.3527,92601600,0.3571
6/1/1987,0.3471,0.3549,0.3549,0.346,83305600,0.3527
6/2/1987,0.3449,0.346,0.3482,0.3438,137491200,0.3471
6/3/1987,0.3471,0.3449,0.3549,0.3449,171315200,0.3449
6/4/1987,0.3504,0.3482,0.3516,0.3438,149116800,0.3471
6/5/1987,0.3471,0.3516,0.3516,0.3471,130928000,0.3504
6/8/1987,0.3471,0.3471,0.3482,0.3426,201846400,0.3471
6/9/1987,0.3504,0.346,0.3549,0.346,127075200,0.3471
6/10/1987,0.3504,0.3516,0.3583,0.3482,146227200,0.3504
6/11/1987,0.3527,0.3504,0.3571,0.3482,125372800,0.3504
6/12/1987,0.3527,0.3527,0.356,0.3516,101763200,0.3527
6/15/1987,0.3504,0.3527,0.3549,0.346,261654400,0.3527
6/16/1987,0.3705,0.3493,0.3728,0.3393,343582400,0.3504
6/17/1987,0.3616,0.3705,0.3795,0.3571,299006400,0.3705
6/18/1987,0.3705,0.3594,0.3728,0.3527,230204800,0.3616
6/19/1987,0.3661,0.3705,0.3728,0.3605,125708800,0.3705
6/22/1987,0.375,0.3683,0.3772,0.365,169803200,0.3661
6/23/1987,0.3683,0.375,0.3761,0.3638,80852800,0.375
6/24/1987,0.375,0.3705,0.3862,0.3616,119537600,0.3683
6/25/1987,0.3616,0.375,0.3795,0.3616,121508800,0.375
6/26/1987,0.3616,0.3638,0.3705,0.3571,127915200,0.3616
6/29/1987,0.3638,0.3616,0.3638,0.3571,101304000,0.3616
6/30/1987,0.3616,0.3616,0.3661,0.3549,144659200,0.3638
7/1/1987,0.3571,0.3638,0.3638,0.3549,94830400,0.3616
7/2/1987,0.3627,0.3571,0.3661,0.3549,81558400,0.3571
7/6/1987,0.3638,0.3638,0.3728,0.3616,85489600,0.3627
7/7/1987,0.3504,0.3616,0.3661,0.346,204310400,0.3638
7/8/1987,0.3326,0.3504,0.3504,0.3259,342630400,0.3504
7/9/1987,0.3371,0.3326,0.346,0.3326,239747200,0.3326
7/10/1987,0.3393,0.3393,0.3504,0.3371,156889600,0.3371
7/13/1987,0.3616,0.3482,0.3638,0.346,255785600,0.3393
7/14/1987,0.3839,0.3661,0.3839,0.3661,258305600,0.3616
7/15/1987,0.3929,0.3839,0.3996,0.3772,271824000,0.3839
7/16/1987,0.3929,0.3929,0.3929,0.3862,94584000,0.3929
7/17/1987,0.3862,0.3951,0.3996,0.3817,92198400,0.3929
7/20/1987,0.3728,0.3839,0.3862,0.3705,124566400,0.3862
7/21/1987,0.3694,0.375,0.3795,0.3683,110992000,0.3728
7/22/1987,0.3795,0.3705,0.3817,0.3683,60928000,0.3694
7/23/1987,0.3728,0.3839,0.3884,0.3616,74737600,0.3795
7/24/1987,0.3795,0.3705,0.3817,0.3705,117936000,0.3728
7/27/1987,0.3772,0.3795,0.3839,0.375,56638400,0.3795
7/28/1987,0.3739,0.3795,0.3817,0.3728,74289600,0.3772
7/29/1987,0.3661,0.375,0.375,0.3616,98828800,0.3739
7/30/1987,0.3705,0.3661,0.3705,0.3638,104294400,0.3661
7/31/1987,0.3683,0.3683,0.375,0.3683,73046400,0.3705
8/3/1987,0.3594,0.3661,0.3705,0.3594,63358400,0.3683
8/4/1987,0.3772,0.3616,0.3772,0.3571,121464000,0.3594
8/5/1987,0.3862,0.3772,0.3884,0.375,130368000,0.3772
8/6/1987,0.4129,0.3862,0.4174,0.3817,252828800,0.3862
8/7/1987,0.4152,0.4129,0.4219,0.4107,152476800,0.4129
8/10/1987,0.4308,0.4129,0.4308,0.4085,77996800,0.4152
8/11/1987,0.442,0.442,0.4487,0.4353,271958400,0.4308
8/12/1987,0.4353,0.442,0.4442,0.4308,162344000,0.442
8/13/1987,0.4375,0.4353,0.4487,0.433,197019200,0.4353
8/14/1987,0.4375,0.433,0.4464,0.4286,104854400,0.4375
8/17/1987,0.442,0.442,0.4464,0.4353,146316800,0.4375
8/18/1987,0.4353,0.4397,0.442,0.4308,237899200,0.442
8/19/1987,0.4464,0.442,0.4464,0.4375,66875200,0.4353
8/20/1987,0.4621,0.4487,0.4688,0.4442,176411200,0.4464
8/21/1987,0.4732,0.4621,0.4799,0.4598,140683200,0.4621
8/24/1987,0.4665,0.4732,0.4777,0.4665,121004800,0.4732
8/25/1987,0.4643,0.471,0.4754,0.4643,137065600,0.4665
8/26/1987,0.4643,0.4732,0.4777,0.4643,196470400,0.4643
8/27/1987,0.4643,0.4665,0.471,0.4598,124532800,0.4643
8/28/1987,0.4643,0.4643,0.4688,0.4598,95816000,0.4643
8/31/1987,0.4821,0.4665,0.4844,0.4621,150438400,0.4643
9/1/1987,0.4688,0.4888,0.4933,0.4688,139451200,0.4821
9/2/1987,0.4643,0.4643,0.4754,0.4531,229779200,0.4688
9/3/1987,0.4576,0.4688,0.471,0.4487,185102400,0.4643
9/4/1987,0.4509,0.4576,0.4621,0.4464,108438400,0.4576
9/8/1987,0.4453,0.4487,0.4509,0.433,176758400,0.4509
9/9/1987,0.471,0.4732,0.4732,0.442,158816000,0.4453
9/10/1987,0.4799,0.4754,0.4866,0.4743,140996800,0.471
9/11/1987,0.4866,0.4821,0.4955,0.471,124812800,0.4799
9/14/1987,0.4732,0.4888,0.4933,0.471,81905600,0.4866
9/15/1987,0.4621,0.4732,0.4732,0.4598,104608000,0.4732
9/16/1987,0.4621,0.4621,0.4699,0.4576,168156800,0.4621
9/17/1987,0.4643,0.4643,0.4665,0.4554,66796800,0.4621
9/18/1987,0.4621,0.4643,0.4665,0.4587,71198400,0.4643
9/21/1987,0.4487,0.4621,0.471,0.4487,129808000,0.4621
9/22/1987,0.4833,0.4509,0.4844,0.4487,153540800,0.4487
9/23/1987,0.4933,0.4955,0.5,0.4799,254598400,0.4833
9/24/1987,0.5045,0.5045,0.5167,0.4933,183299200,0.4933
9/25/1987,0.5134,0.5067,0.5179,0.5045,106523200,0.5045
9/28/1987,0.4978,0.5134,0.5246,0.4955,204657600,0.5134
9/29/1987,0.4866,0.5,0.5,0.4844,171718400,0.4978
9/30/1987,0.5045,0.4844,0.5089,0.4844,122987200,0.4866
10/1/1987,0.5201,0.5067,0.5246,0.5045,116737600,0.5045
10/2/1987,0.5223,0.5201,0.5246,0.5134,96499200,0.5201
10/5/1987,0.529,0.5223,0.5335,0.5156,134803200,0.5223
10/6/1987,0.4978,0.5,0.5313,0.4955,202473600,0.529
10/7/1987,0.4955,0.4888,0.4978,0.4844,224168000,0.4978
10/8/1987,0.4844,0.4955,0.5,0.4754,165065600,0.4955
10/9/1987,0.4833,0.4844,0.4955,0.4821,145824000,0.4844
10/12/1987,0.4754,0.4754,0.4855,0.4621,199404800,0.4833
10/13/1987,0.4866,0.4866,0.4888,0.4754,162792000,0.4754
10/14/1987,0.4754,0.4688,0.4821,0.4643,259313600,0.4866
10/15/1987,0.4643,0.4777,0.4866,0.4621,348734400,0.4754
10/16/1987,0.4308,0.4286,0.4732,0.4241,415217600,0.4643
10/19/1987,0.3259,0.3616,0.4308,0.317,469873600,0.4308
10/20/1987,0.308,0.3114,0.375,0.2913,569049600,0.3259
10/21/1987,0.3616,0.3571,0.375,0.3393,534262400,0.308
10/22/1987,0.3281,0.3259,0.3616,0.3214,386724800,0.3616
10/23/1987,0.317,0.3237,0.3259,0.3058,198352000,0.3281
10/26/1987,0.25,0.2634,0.3125,0.2467,313600000,0.317
10/27/1987,0.2701,0.2746,0.2879,0.2589,456456000,0.25
10/28/1987,0.2857,0.2969,0.3013,0.2612,418992000,0.2701
10/29/1987,0.3214,0.3482,0.3571,0.2879,332248000,0.2857
10/30/1987,0.3449,0.3616,0.3839,0.3438,421568000,0.3214
11/2/1987,0.346,0.346,0.3527,0.3348,189212800,0.3449
11/3/1987,0.3237,0.3125,0.3438,0.3058,314574400,0.346
11/4/1987,0.3214,0.3304,0.3326,0.3103,234572800,0.3237
11/5/1987,0.3393,0.3438,0.346,0.3237,256200000,0.3214
11/6/1987,0.3371,0.3482,0.3527,0.3304,187958400,0.3393
11/9/1987,0.3326,0.3326,0.3348,0.3237,210828800,0.3371
11/10/1987,0.3237,0.3259,0.3348,0.3214,232512000,0.3326
11/11/1987,0.3326,0.3326,0.3415,0.3281,186704000,0.3237
11/12/1987,0.346,0.3549,0.3571,0.3426,246433600,0.3326
11/13/1987,0.3326,0.3504,0.3527,0.3304,155321600,0.346
11/16/1987,0.3393,0.3371,0.3438,0.3259,185449600,0.3326
11/17/1987,0.3125,0.3125,0.3304,0.3125,269628800,0.3393
11/18/1987,0.3237,0.3147,0.3259,0.308,265955200,0.3125
11/19/1987,0.308,0.3125,0.3259,0.3036,183523200,0.3237
11/20/1987,0.317,0.317,0.3214,0.2969,251988800,0.308
11/23/1987,0.3237,0.317,0.3237,0.3103,97395200,0.317
11/24/1987,0.3304,0.3281,0.3371,0.3225,197859200,0.3237
11/25/1987,0.3259,0.3304,0.3304,0.3214,92400000,0.3304
11/27/1987,0.3125,0.3237,0.3259,0.3103,70683200,0.3259
11/30/1987,0.2946,0.2924,0.308,0.2723,418331200,0.3125
12/1/1987,0.2969,0.3013,0.3036,0.2924,182201600,0.2946
12/2/1987,0.2902,0.2969,0.2991,0.2902,142665600,0.2969
12/3/1987,0.2723,0.2835,0.298,0.2656,319480000,0.2902
12/4/1987,0.2746,0.2723,0.279,0.2656,245168000,0.2723
12/7/1987,0.2946,0.2969,0.2969,0.2768,204086400,0.2746
12/8/1987,0.308,0.3058,0.3114,0.2969,255337600,0.2946
12/9/1987,0.3125,0.308,0.3237,0.3025,106870400,0.308
12/10/1987,0.3103,0.317,0.3214,0.2969,277625600,0.3125
12/11/1987,0.3036,0.3103,0.3103,0.2991,122628800,0.3103
12/14/1987,0.3326,0.3281,0.3348,0.3058,342260800,0.3036
12/15/1987,0.3348,0.3371,0.3415,0.3304,299185600,0.3326
12/16/1987,0.3504,0.3482,0.3549,0.3326,331027200,0.3348
12/17/1987,0.3504,0.3571,0.3638,0.3504,326670400,0.3504
12/18/1987,0.3616,0.3661,0.3683,0.3504,303016000,0.3504
12/21/1987,0.3728,0.3672,0.3728,0.3594,188563200,0.3616
12/22/1987,0.3705,0.3728,0.3728,0.3616,128968000,0.3728
12/23/1987,0.3772,0.3795,0.3817,0.3683,172132800,0.3705
12/24/1987,0.3806,0.375,0.3839,0.3728,69944000,0.3772
12/28/1987,0.3594,0.3616,0.3795,0.3527,231515200,0.3806
12/29/1987,0.3761,0.3616,0.3772,0.3594,128620800,0.3594
12/30/1987,0.3873,0.3884,0.3906,0.3795,156307200,0.3761
12/31/1987,0.375,0.3795,0.3839,0.3739,117947200,0.3873
1/4/1988,0.3996,0.3973,0.3996,0.3772,330456000,0.375
1/5/1988,0.3984,0.3996,0.4129,0.3951,310049600,0.3996
1/6/1988,0.3906,0.4018,0.4018,0.3906,269651200,0.3984
1/7/1988,0.3973,0.3973,0.3996,0.3795,213875200,0.3906
1/8/1988,0.3571,0.3638,0.404,0.3527,486091200,0.3973
1/11/1988,0.3795,0.3772,0.3817,0.3549,404980800,0.3571
1/12/1988,0.375,0.3839,0.3884,0.3549,401486400,0.3795
1/13/1988,0.3772,0.375,0.3862,0.3672,212004800,0.375
1/14/1988,0.3772,0.3817,0.3828,0.375,132552000,0.3772
1/15/1988,0.3828,0.3884,0.4018,0.3795,344321600,0.3772
1/18/1988,0.3817,0.3839,0.3839,0.375,126078400,0.3828
1/19/1988,0.3817,0.3772,0.3862,0.3694,274780800,0.3817
1/20/1988,0.3549,0.346,0.3839,0.3415,681228800,0.3817
1/21/1988,0.3583,0.3616,0.3638,0.3516,494368000,0.3549
1/22/1988,0.3504,0.3616,0.3638,0.3415,445961600,0.3583
1/25/1988,0.365,0.3527,0.3705,0.3527,200569600,0.3504
1/26/1988,0.3549,0.3638,0.3661,0.3504,144166400,0.365
1/27/1988,0.3549,0.3594,0.3616,0.346,259112000,0.3549
1/28/1988,0.3683,0.3571,0.3705,0.3549,233251200,0.3549
1/29/1988,0.3705,0.3705,0.3728,0.3594,266851200,0.3683
2/1/1988,0.3717,0.3728,0.3795,0.3694,199393600,0.3705
2/2/1988,0.3705,0.3705,0.3739,0.3616,192595200,0.3717
2/3/1988,0.3549,0.3661,0.3683,0.3504,227337600,0.3705
2/4/1988,0.3549,0.3527,0.3583,0.3482,199640000,0.3549
2/5/1988,0.3482,0.3571,0.3605,0.3438,132507200,0.3549
2/8/1988,0.346,0.3438,0.3504,0.3371,204724800,0.3482
2/9/1988,0.3549,0.346,0.3549,0.346,117062400,0.346
2/10/1988,0.3638,0.3549,0.3705,0.3549,228838400,0.3549
2/11/1988,0.3638,0.3661,0.3683,0.3594,148276800,0.3638
2/12/1988,0.3638,0.3638,0.3705,0.3616,138096000,0.3638
2/16/1988,0.3661,0.3661,0.3683,0.3571,154907200,0.3638
2/17/1988,0.375,0.3683,0.3795,0.3683,257096000,0.3661
2/18/1988,0.3705,0.3717,0.3817,0.3705,144300800,0.375
2/19/1988,0.3728,0.3728,0.375,0.3705,90764800,0.3705
2/22/1988,0.3839,0.3705,0.3895,0.3705,201185600,0.3728
2/23/1988,0.3806,0.3862,0.3906,0.3772,221312000,0.3839
2/24/1988,0.3772,0.3817,0.3839,0.375,145779200,0.3806
2/25/1988,0.3817,0.375,0.3839,0.3728,180152000,0.3772
2/26/1988,0.3717,0.375,0.3772,0.3683,82342400,0.3817
2/29/1988,0.3839,0.3728,0.3862,0.3705,112929600,0.3717
3/1/1988,0.3862,0.3862,0.3884,0.3795,171393600,0.3839
3/2/1988,0.3973,0.3906,0.4018,0.3884,293014400,0.3862
3/3/1988,0.4152,0.3973,0.4196,0.3973,474174400,0.3973
3/4/1988,0.4196,0.4107,0.4196,0.4063,210067200,0.4152
3/7/1988,0.4196,0.4174,0.4263,0.4152,207704000,0.4196
3/8/1988,0.4174,0.4174,0.4196,0.4107,145017600,0.4196
3/9/1988,0.4196,0.4129,0.4219,0.4129,134556800,0.4174
3/10/1988,0.4185,0.4196,0.4219,0.404,176971200,0.4196
3/11/1988,0.4063,0.4063,0.4085,0.3973,158009600,0.4185
3/14/1988,0.4118,0.4085,0.4152,0.4063,98123200,0.4063
3/15/1988,0.4063,0.4107,0.4129,0.3996,181988800,0.4118
3/16/1988,0.4118,0.4007,0.4141,0.3973,119112000,0.4063
3/17/1988,0.404,0.4129,0.4152,0.3996,261811200,0.4118
3/18/1988,0.3984,0.4018,0.4063,0.3951,273000000,0.404
3/21/1988,0.3906,0.3962,0.3962,0.3839,227864000,0.3984
3/22/1988,0.3917,0.3929,0.3973,0.3862,119179200,0.3906
3/23/1988,0.3795,0.3929,0.3929,0.3772,209809600,0.3917
3/24/1988,0.3638,0.3728,0.375,0.3571,320566400,0.3795
3/25/1988,0.3583,0.3661,0.3683,0.3571,131555200,0.3638
3/28/1988,0.3705,0.3571,0.3728,0.3516,173555200,0.3583
3/29/1988,0.3661,0.3705,0.375,0.3627,214043200,0.3705
3/30/1988,0.3527,0.3638,0.3683,0.3449,372187200,0.3661
3/31/1988,0.3571,0.3549,0.3616,0.3504,218288000,0.3527
4/4/1988,0.346,0.3549,0.3616,0.3438,181596800,0.3571
4/5/1988,0.3493,0.3504,0.3527,0.3438,148131200,0.346
4/6/1988,0.3705,0.3527,0.3728,0.3482,191228800,0.3493
4/7/1988,0.3661,0.3728,0.3783,0.3638,163520000,0.3705
4/8/1988,0.3683,0.3638,0.3728,0.3549,203078400,0.3661
4/11/1988,0.3728,0.3728,0.375,0.3661,149923200,0.3683
4/12/1988,0.3728,0.3728,0.3772,0.3683,174305600,0.3728
4/13/1988,0.3705,0.3728,0.375,0.3661,144312000,0.3728
4/14/1988,0.3527,0.3616,0.3638,0.3482,188384000,0.3705
4/15/1988,0.3527,0.3549,0.3571,0.3438,233049600,0.3527
4/18/1988,0.356,0.3549,0.3638,0.3504,171886400,0.3527
4/19/1988,0.3616,0.3638,0.3705,0.3583,212329600,0.356
4/20/1988,0.3549,0.3594,0.3616,0.3504,216014400,0.3616
4/21/1988,0.3527,0.3605,0.3616,0.3482,178539200,0.3549
4/22/1988,0.3594,0.3549,0.3594,0.3527,107643200,0.3527
4/25/1988,0.365,0.3594,0.3661,0.3571,150763200,0.3594
4/26/1988,0.3683,0.3661,0.3728,0.3638,176209600,0.365
4/27/1988,0.3728,0.3728,0.375,0.3705,127064000,0.3683
4/28/1988,0.3694,0.3728,0.375,0.3683,99164800,0.3728
4/29/1988,0.3661,0.3683,0.3705,0.3616,89992000,0.3694
5/2/1988,0.3638,0.3638,0.3683,0.3616,82196800,0.3661
5/3/1988,0.375,0.3661,0.3772,0.3638,124521600,0.3638
5/4/1988,0.3772,0.3739,0.385,0.3728,224089600,0.375
5/5/1988,0.3728,0.375,0.3772,0.3705,70459200,0.3772
5/6/1988,0.3683,0.3717,0.3817,0.3683,107654400,0.3728
5/9/1988,0.3661,0.3661,0.3683,0.3616,76372800,0.3683
5/10/1988,0.3616,0.3616,0.3661,0.3594,95905600,0.3661
5/11/1988,0.3571,0.3594,0.3616,0.3527,175448000,0.3616
5/12/1988,0.3549,0.3527,0.3594,0.3527,82980800,0.3571
5/13/1988,0.3605,0.3594,0.3616,0.3571,71400000,0.3549
5/16/1988,0.3672,0.3616,0.3694,0.3571,74760000,0.3605
5/17/1988,0.3683,0.3705,0.375,0.3594,194230400,0.3672
5/18/1988,0.3549,0.3616,0.3638,0.3527,175145600,0.3683
5/19/1988,0.3482,0.3527,0.3549,0.3438,250084800,0.3549
5/20/1988,0.3482,0.3504,0.3527,0.346,81737600,0.3482
5/23/1988,0.3371,0.3438,0.3438,0.3337,183859200,0.3482
5/24/1988,0.3482,0.3415,0.3482,0.3371,142755200,0.3371
5/25/1988,0.346,0.3482,0.3504,0.3438,136472000,0.3482
5/26/1988,0.3527,0.3438,0.3527,0.3438,85780800,0.346
5/27/1988,0.356,0.3504,0.3571,0.3482,83955200,0.3527
5/31/1988,0.3728,0.3571,0.3728,0.3549,123211200,0.356
6/1/1988,0.3772,0.3705,0.3795,0.3705,229913600,0.3728
6/2/1988,0.3739,0.375,0.3795,0.3705,133448000,0.3772
6/3/1988,0.3839,0.3728,0.3862,0.3728,176668800,0.3739
6/6/1988,0.3906,0.3817,0.3929,0.3817,165065600,0.3839
6/7/1988,0.394,0.3906,0.404,0.3884,312211200,0.3906
6/8/1988,0.4029,0.3951,0.4063,0.3929,259795200,0.394
6/9/1988,0.3884,0.4018,0.404,0.3862,270704000,0.4029
6/10/1988,0.3984,0.3884,0.3996,0.3839,177822400,0.3884
6/13/1988,0.4018,0.4018,0.404,0.3951,149609600,0.3984
6/14/1988,0.4063,0.404,0.4107,0.404,292420800,0.4018
6/15/1988,0.4063,0.404,0.4085,0.4018,123155200,0.4063
6/16/1988,0.3973,0.4018,0.404,0.3951,107374400,0.4063
6/17/1988,0.3996,0.3996,0.3996,0.3951,95390400,0.3973
6/20/1988,0.3951,0.3962,0.3996,0.3929,78601600,0.3996
6/21/1988,0.4007,0.3929,0.4018,0.3917,123592000,0.3951
6/22/1988,0.4063,0.4063,0.4096,0.404,195563200,0.4007
6/23/1988,0.404,0.4085,0.4085,0.4018,71388800,0.4063
6/24/1988,0.3996,0.4018,0.4063,0.3973,74715200,0.404
6/27/1988,0.4018,0.3973,0.4051,0.3973,83630400,0.3996
6/28/1988,0.4107,0.3996,0.4129,0.3973,162568000,0.4018
6/29/1988,0.4129,0.4107,0.4174,0.4085,143449600,0.4107
6/30/1988,0.4141,0.4129,0.4174,0.4107,114161600,0.4129
7/1/1988,0.4152,0.4174,0.4185,0.4129,94539200,0.4141
7/5/1988,0.4219,0.4129,0.4219,0.4118,104451200,0.4152
7/6/1988,0.4129,0.4208,0.4241,0.4118,156553600,0.4219
7/7/1988,0.4096,0.4152,0.4152,0.404,105604800,0.4129
7/8/1988,0.404,0.4063,0.4085,0.4018,105392000,0.4096
7/11/1988,0.4029,0.4063,0.4063,0.4007,73628800,0.404
7/12/1988,0.3996,0.4018,0.404,0.3973,100900800,0.4029
7/13/1988,0.3996,0.3996,0.4018,0.3951,115169600,0.3996
7/14/1988,0.4018,0.3996,0.404,0.3973,62809600,0.3996
7/15/1988,0.4018,0.4018,0.4063,0.3996,83025600,0.4018
7/18/1988,0.4063,0.4051,0.4107,0.404,113500800,0.4018
7/19/1988,0.3996,0.4018,0.4063,0.3917,122304000,0.4063
7/20/1988,0.3951,0.3996,0.4018,0.3929,120086400,0.3996
7/21/1988,0.3839,0.3906,0.3929,0.3817,149027200,0.3951
7/22/1988,0.3795,0.3839,0.3862,0.3795,103846400,0.3839
7/25/1988,0.3817,0.3817,0.3862,0.3772,105896000,0.3795
7/26/1988,0.3817,0.3817,0.3862,0.3772,101528000,0.3817
7/27/1988,0.3817,0.3817,0.3862,0.3795,116524800,0.3817
7/28/1988,0.3828,0.3795,0.3839,0.3772,92680000,0.3817
7/29/1988,0.3962,0.3862,0.3973,0.3839,158950400,0.3828
8/1/1988,0.4018,0.3973,0.4085,0.3951,85937600,0.3962
8/2/1988,0.3984,0.4018,0.4063,0.3973,121296000,0.4018
8/3/1988,0.3996,0.3996,0.3996,0.3929,110846400,0.3984
8/4/1988,0.3984,0.3996,0.404,0.3973,68913600,0.3996
8/5/1988,0.3951,0.3973,0.4018,0.3951,52662400,0.3984
8/8/1988,0.3929,0.3973,0.3996,0.3929,29937600,0.3951
8/9/1988,0.3884,0.3929,0.3951,0.3839,170027200,0.3929
8/10/1988,0.3739,0.3884,0.3906,0.3728,147806400,0.3884
8/11/1988,0.3862,0.3772,0.3862,0.375,105985600,0.3739
8/12/1988,0.3795,0.3839,0.3839,0.3772,77481600,0.3862
8/15/1988,0.3683,0.375,0.3772,0.3616,166678400,0.3795
8/16/1988,0.3795,0.3661,0.3817,0.3638,122752000,0.3683
8/17/1988,0.375,0.3795,0.3817,0.3728,119067200,0.3795
8/18/1988,0.3795,0.375,0.3839,0.3728,74065600,0.375
8/19/1988,0.3638,0.3795,0.3817,0.3616,227841600,0.3795
8/22/1988,0.3549,0.3594,0.3638,0.3527,170195200,0.3638
8/23/1988,0.3527,0.3549,0.3594,0.3504,163576000,0.3549
8/24/1988,0.3638,0.3549,0.3638,0.3527,125473600,0.3527
8/25/1988,0.3583,0.3594,0.3616,0.3504,128206400,0.3638
8/26/1988,0.3594,0.3571,0.3638,0.3571,40152000,0.3583
8/29/1988,0.365,0.3638,0.3661,0.3616,57232000,0.3594
8/30/1988,0.365,0.3638,0.3661,0.3594,50568000,0.365
8/31/1988,0.356,0.3661,0.3672,0.3527,237686400,0.365
9/1/1988,0.3471,0.3549,0.3549,0.3438,246736000,0.356
9/2/1988,0.3549,0.3527,0.3571,0.3482,186300800,0.3471
9/6/1988,0.3471,0.3571,0.3571,0.346,143449600,0.3549
9/7/1988,0.3415,0.3482,0.3527,0.3371,179110400,0.3471
9/8/1988,0.346,0.3415,0.3527,0.3371,207256000,0.3415
9/9/1988,0.3616,0.346,0.3661,0.3371,234673600,0.346
9/12/1988,0.3661,0.3661,0.3728,0.3627,148030400,0.3616
9/13/1988,0.3661,0.3594,0.3683,0.3571,119683200,0.3661
9/14/1988,0.375,0.3728,0.3783,0.3728,238571200,0.3661
9/15/1988,0.3717,0.375,0.3817,0.3705,166510400,0.375
9/16/1988,0.3772,0.3705,0.3817,0.3694,123760000,0.3717
9/19/1988,0.3728,0.375,0.3772,0.3683,92131200,0.3772
9/20/1988,0.3705,0.3728,0.3772,0.3705,102681600,0.3728
9/21/1988,0.3817,0.3728,0.3839,0.3728,91347200,0.3705
9/22/1988,0.3929,0.3839,0.3929,0.3839,145667200,0.3817
9/23/1988,0.3906,0.3884,0.3951,0.3884,98123200,0.3929
9/26/1988,0.3817,0.3906,0.3929,0.3795,87035200,0.3906
9/27/1988,0.3873,0.3795,0.3884,0.3795,162982400,0.3817
9/28/1988,0.3884,0.3884,0.394,0.3862,84694400,0.3873
9/29/1988,0.3929,0.3906,0.3951,0.3884,106075200,0.3884
9/30/1988,0.3862,0.3929,0.3929,0.3862,92892800,0.3929
10/3/1988,0.3795,0.3839,0.3862,0.375,90776000,0.3862
10/4/1988,0.3705,0.3772,0.3817,0.3672,51654400,0.3795
10/5/1988,0.365,0.3683,0.3728,0.3616,123905600,0.3705
10/6/1988,0.3549,0.3616,0.365,0.3504,167764800,0.365
10/7/1988,0.3549,0.3482,0.3549,0.3426,457587200,0.3549
10/10/1988,0.3438,0.3527,0.3549,0.3348,332886400,0.3549
10/11/1988,0.3482,0.3415,0.3527,0.3393,194555200,0.3438
10/12/1988,0.346,0.3438,0.3482,0.3393,132944000,0.3482
10/13/1988,0.3482,0.3438,0.3549,0.3438,164460800,0.346
10/14/1988,0.346,0.3527,0.3527,0.3404,157248000,0.3482
10/17/1988,0.3438,0.3438,0.3482,0.3415,93688000,0.346
10/18/1988,0.3516,0.3482,0.3527,0.3415,142598400,0.3438
10/19/1988,0.3571,0.3549,0.3638,0.3527,277323200,0.3516
10/20/1988,0.3705,0.3571,0.3705,0.3571,173465600,0.3571
10/21/1988,0.3661,0.3683,0.3705,0.3638,123603200,0.3705
10/24/1988,0.3571,0.3683,0.3683,0.3538,135161600,0.3661
10/25/1988,0.356,0.3594,0.3594,0.3549,85187200,0.3571
10/26/1988,0.3504,0.3571,0.3571,0.3438,188720000,0.356
10/27/1988,0.3482,0.346,0.3504,0.3415,143684800,0.3504
10/28/1988,0.3438,0.3482,0.3527,0.3438,84481600,0.3482
10/31/1988,0.3449,0.346,0.346,0.3348,242905600,0.3438
11/1/1988,0.3393,0.3438,0.346,0.3371,143696000,0.3449
11/2/1988,0.3326,0.3415,0.3415,0.3281,208521600,0.3393
11/3/1988,0.3315,0.3326,0.3348,0.3281,242457600,0.3326
11/4/1988,0.3348,0.3281,0.3393,0.3281,153798400,0.3315
11/7/1988,0.3348,0.3326,0.3348,0.3304,170083200,0.3348
11/8/1988,0.3438,0.3348,0.346,0.3348,154526400,0.3348
11/9/1988,0.3504,0.3415,0.3504,0.3393,201723200,0.3438
11/10/1988,0.3527,0.3527,0.3549,0.3482,99915200,0.3504
11/11/1988,0.3438,0.3482,0.3504,0.3438,109020800,0.3527
11/14/1988,0.3471,0.346,0.3482,0.3415,85232000,0.3438
11/15/1988,0.3482,0.346,0.3504,0.346,80001600,0.3471
11/16/1988,0.3393,0.3504,0.3504,0.3371,147840000,0.3482
11/17/1988,0.3415,0.3393,0.3438,0.3393,79542400,0.3393
11/18/1988,0.3393,0.3438,0.3438,0.3393,57590400,0.3415
11/21/1988,0.327,0.3348,0.3371,0.3237,221905600,0.3393
11/22/1988,0.3225,0.3259,0.3292,0.3214,148187200,0.327
11/23/1988,0.3292,0.3192,0.3304,0.317,187992000,0.3225
11/25/1988,0.3259,0.3237,0.3259,0.3214,48294400,0.3292
11/28/1988,0.3259,0.3259,0.3281,0.3214,139361600,0.3259
11/29/1988,0.3281,0.3259,0.3281,0.3214,92668800,0.3259
11/30/1988,0.3359,0.3281,0.3393,0.3281,167843200,0.3281
12/1/1988,0.346,0.3371,0.346,0.3348,212161600,0.3359
12/2/1988,0.3504,0.3415,0.356,0.3393,333715200,0.346
12/5/1988,0.3527,0.3527,0.3571,0.3482,154414400,0.3504
12/6/1988,0.3527,0.3527,0.3549,0.3482,104932800,0.3527
12/7/1988,0.3516,0.3482,0.3527,0.346,98134400,0.3527
12/8/1988,0.3493,0.3504,0.3504,0.346,59460800,0.3516
12/9/1988,0.3493,0.3504,0.3527,0.346,44956800,0.3493
12/12/1988,0.3438,0.3504,0.3571,0.3438,117880000,0.3493
12/13/1988,0.346,0.3438,0.346,0.3415,122550400,0.3438
12/14/1988,0.3549,0.3438,0.3571,0.3438,193300800,0.346
12/15/1988,0.3527,0.3571,0.3616,0.3504,112571200,0.3549
12/16/1988,0.3583,0.3527,0.3616,0.3504,183489600,0.3527
12/19/1988,0.3638,0.3594,0.3661,0.3571,234326400,0.3583
12/20/1988,0.3661,0.3661,0.3705,0.3627,274187200,0.3638
12/21/1988,0.3728,0.3661,0.375,0.3661,241964800,0.3661
12/22/1988,0.3672,0.3728,0.375,0.3638,106030400,0.3728
12/23/1988,0.3672,0.3661,0.3694,0.3661,40958400,0.3672
12/27/1988,0.3616,0.3661,0.3705,0.3616,59987200,0.3672
12/28/1988,0.3594,0.3616,0.3616,0.3549,51542400,0.3616
12/29/1988,0.3616,0.3594,0.3638,0.3594,117812800,0.3594
12/30/1988,0.3594,0.3616,0.3683,0.3594,81692800,0.3616
1/3/1989,0.3605,0.3594,0.3616,0.3571,100016000,0.3594
1/4/1989,0.375,0.3638,0.3761,0.3616,239948800,0.3605
1/5/1989,0.3772,0.375,0.3862,0.3728,307328000,0.375
1/6/1989,0.3806,0.3772,0.3884,0.3772,198665600,0.3772
1/9/1989,0.3839,0.3839,0.3839,0.3772,79307200,0.3806
1/10/1989,0.3806,0.3795,0.3828,0.3772,103320000,0.3839
1/11/1989,0.3761,0.3772,0.3795,0.3683,156128000,0.3806
1/12/1989,0.3817,0.3772,0.3839,0.375,150315200,0.3761
1/13/1989,0.3862,0.3817,0.3884,0.3795,193905600,0.3817
1/16/1989,0.3906,0.3862,0.3929,0.3839,168593600,0.3862
1/17/1989,0.3605,0.3862,0.3862,0.3571,756604800,0.3906
1/18/1989,0.3549,0.3638,0.3661,0.3527,487928000,0.3605
1/19/1989,0.3616,0.3616,0.3661,0.3594,255987200,0.3549
1/20/1989,0.3638,0.3616,0.3705,0.3594,173734400,0.3616
1/23/1989,0.3661,0.3638,0.3683,0.3638,180532800,0.3638
1/24/1989,0.3717,0.3661,0.3728,0.3638,223294400,0.3661
1/25/1989,0.3705,0.3728,0.375,0.3705,110936000,0.3717
1/26/1989,0.3728,0.3638,0.3761,0.3627,285264000,0.3705
1/27/1989,0.3359,0.3415,0.346,0.3304,2126544000,0.3728
1/30/1989,0.3337,0.3359,0.3393,0.3326,586499200,0.3359
1/31/1989,0.3371,0.3326,0.3371,0.3281,460353600,0.3337
2/1/1989,0.3504,0.3371,0.3504,0.3337,487558400,0.3371
2/2/1989,0.3549,0.3527,0.3594,0.3504,473491200,0.3504
2/3/1989,0.3504,0.3571,0.3594,0.3482,178908800,0.3549
2/6/1989,0.3438,0.3527,0.3527,0.3415,116737600,0.3504
2/7/1989,0.3482,0.3415,0.3504,0.3415,165155200,0.3438
2/8/1989,0.3415,0.3482,0.3527,0.3393,157012800,0.3482
2/9/1989,0.3415,0.3415,0.3482,0.3393,160809600,0.3415
2/10/1989,0.3326,0.3415,0.3415,0.3304,348342400,0.3415
2/13/1989,0.3304,0.3281,0.3326,0.3281,235188800,0.3326
2/14/1989,0.3192,0.3292,0.3304,0.3147,891576000,0.3304
2/15/1989,0.3237,0.3192,0.3237,0.317,330624000,0.3192
2/16/1989,0.3248,0.3237,0.3326,0.3214,255696000,0.3237
2/17/1989,0.3281,0.3237,0.3304,0.3237,116849600,0.3248
2/21/1989,0.3348,0.3292,0.3371,0.3281,190556800,0.3281
2/22/1989,0.3281,0.3326,0.3348,0.3259,238324800,0.3348
2/23/1989,0.3281,0.3259,0.3304,0.3237,95368000,0.3281
2/24/1989,0.3214,0.3304,0.3304,0.3214,152129600,0.3281
2/27/1989,0.3259,0.3214,0.3259,0.3192,115920000,0.3214
2/28/1989,0.3237,0.3259,0.3281,0.3214,176019200,0.3259
3/1/1989,0.3214,0.3237,0.3259,0.317,170128000,0.3237
3/2/1989,0.3125,0.3192,0.3237,0.3103,376331200,0.3214
3/3/1989,0.3103,0.3147,0.3147,0.3036,387217600,0.3125
3/6/1989,0.317,0.3125,0.317,0.3103,168515200,0.3103
3/7/1989,0.3192,0.317,0.3214,0.3125,260691200,0.317
3/8/1989,0.3147,0.3181,0.3237,0.3147,216294400,0.3192
3/9/1989,0.308,0.3147,0.317,0.308,133436800,0.3147
3/10/1989,0.3125,0.308,0.3125,0.3058,102715200,0.308
3/13/1989,0.3125,0.3125,0.317,0.3103,131107200,0.3125
3/14/1989,0.3147,0.3125,0.317,0.3114,161940800,0.3125
3/15/1989,0.3114,0.3147,0.317,0.3103,90059200,0.3147
3/16/1989,0.3147,0.3125,0.317,0.308,192236800,0.3114
3/17/1989,0.3103,0.308,0.3214,0.3058,237126400,0.3147
3/20/1989,0.3125,0.3125,0.3147,0.308,181451200,0.3103
3/21/1989,0.3125,0.317,0.317,0.3103,128195200,0.3125
3/22/1989,0.3013,0.3058,0.3103,0.3013,144849600,0.3125
3/23/1989,0.308,0.3036,0.308,0.3013,118910400,0.3013
3/27/1989,0.3036,0.3058,0.308,0.2991,151659200,0.308
3/28/1989,0.3036,0.3036,0.308,0.3036,141254400,0.3036
3/29/1989,0.3047,0.3036,0.308,0.3036,74401600,0.3036
3/30/1989,0.3103,0.3058,0.3125,0.3036,104563200,0.3047
3/31/1989,0.3181,0.3125,0.3192,0.3103,185348800,0.3103
4/3/1989,0.3125,0.317,0.3237,0.3103,166286400,0.3181
4/4/1989,0.3092,0.308,0.3114,0.3025,115729600,0.3125
4/5/1989,0.3103,0.308,0.3147,0.3058,120254400,0.3092
4/6/1989,0.3125,0.3103,0.3225,0.308,156374400,0.3103
4/7/1989,0.3326,0.3214,0.3348,0.3192,354984000,0.3125
4/10/1989,0.3292,0.3326,0.3393,0.3281,135374400,0.3326
4/11/1989,0.3371,0.3348,0.3393,0.3304,146540800,0.3292
4/12/1989,0.346,0.3415,0.3504,0.3382,387912000,0.3371
4/13/1989,0.346,0.3438,0.3527,0.3415,189022400,0.346
4/14/1989,0.3471,0.3482,0.3527,0.3415,123356800,0.346
4/17/1989,0.3482,0.3438,0.3504,0.3438,140145600,0.3471
4/18/1989,0.3583,0.3527,0.3616,0.3504,560985600,0.3482
4/19/1989,0.3661,0.3571,0.3683,0.3549,425880000,0.3583
4/20/1989,0.3616,0.3638,0.3705,0.3594,179816000,0.3661
4/21/1989,0.3594,0.3616,0.3638,0.3549,115169600,0.3616
4/24/1989,0.356,0.3571,0.3594,0.3527,110790400,0.3594
4/25/1989,0.3583,0.3571,0.3616,0.3493,116177600,0.356
4/26/1989,0.3549,0.3571,0.3594,0.3493,186132800,0.3583
4/27/1989,0.3504,0.3527,0.3571,0.3504,139384000,0.3549
4/28/1989,0.3482,0.3504,0.3527,0.3438,103857600,0.3504
5/1/1989,0.3482,0.3438,0.3504,0.3438,80662400,0.3482
5/2/1989,0.3549,0.3504,0.3594,0.3482,215745600,0.3482
5/3/1989,0.3605,0.3549,0.3638,0.3549,220539200,0.3549
5/4/1989,0.365,0.3594,0.3683,0.3571,188910400,0.3605
5/5/1989,0.3728,0.3705,0.3817,0.3616,459457600,0.365
5/8/1989,0.375,0.3705,0.3772,0.3705,205923200,0.3728
5/9/1989,0.3795,0.375,0.3839,0.375,346774400,0.375
5/10/1989,0.3862,0.3839,0.3884,0.3795,234438400,0.3795
5/11/1989,0.3906,0.3862,0.3951,0.3839,300944000,0.3862
5/12/1989,0.4007,0.3973,0.4018,0.3929,467140800,0.3906
5/15/1989,0.4107,0.3996,0.4129,0.3996,317900800,0.4007
5/16/1989,0.4018,0.4107,0.4129,0.4018,228670400,0.4107
5/17/1989,0.4063,0.404,0.4063,0.4018,248460800,0.4018
5/18/1989,0.3996,0.404,0.4063,0.3996,211254400,0.4063
5/19/1989,0.4085,0.3996,0.4129,0.3996,330769600,0.3996
5/22/1989,0.4107,0.4085,0.4129,0.404,190400000,0.4085
5/23/1989,0.4063,0.4107,0.4107,0.404,134467200,0.4107
5/24/1989,0.4263,0.404,0.4263,0.404,297606400,0.4063
5/25/1989,0.4308,0.4219,0.4375,0.4219,232366400,0.4263
5/26/1989,0.433,0.4308,0.4375,0.4286,112526400,0.4308
5/30/1989,0.4308,0.4308,0.4375,0.423,111921600,0.433
5/31/1989,0.4241,0.4241,0.4297,0.4196,115214400,0.4308
6/1/1989,0.4342,0.4263,0.4397,0.4241,179502400,0.4241
6/2/1989,0.4364,0.433,0.442,0.433,124476800,0.4342
6/5/1989,0.4208,0.4353,0.4375,0.4152,124118400,0.4364
6/6/1989,0.4174,0.4174,0.4196,0.4129,145140800,0.4208
6/7/1989,0.4308,0.4174,0.433,0.4174,175672000,0.4174
6/8/1989,0.4241,0.433,0.4375,0.4219,178012800,0.4308
6/9/1989,0.4174,0.4219,0.4263,0.4152,94416000,0.4241
6/12/1989,0.4208,0.4196,0.4263,0.4129,80864000,0.4174
6/13/1989,0.433,0.4241,0.4353,0.4196,230977600,0.4208
6/14/1989,0.4442,0.4375,0.4487,0.4353,251305600,0.433
6/15/1989,0.4241,0.442,0.4442,0.4241,161347200,0.4442
6/16/1989,0.3984,0.3996,0.4018,0.3884,542001600,0.4241
6/19/1989,0.3929,0.3973,0.3996,0.3884,183120000,0.3984
6/20/1989,0.3862,0.3929,0.3929,0.3761,134534400,0.3929
6/21/1989,0.3772,0.3839,0.3884,0.3772,129864000,0.3862
6/22/1989,0.3862,0.3795,0.3884,0.375,137200000,0.3772
6/23/1989,0.3917,0.3862,0.3951,0.3862,123894400,0.3862
6/26/1989,0.3862,0.3929,0.3929,0.3862,183836800,0.3917
6/27/1989,0.3806,0.3906,0.3951,0.3783,105784000,0.3862
6/28/1989,0.3705,0.3772,0.3772,0.3661,257028800,0.3806
6/29/1989,0.3616,0.3661,0.3661,0.3571,233520000,0.3705
6/30/1989,0.3705,0.3616,0.3728,0.3527,164740800,0.3616
7/3/1989,0.3638,0.3728,0.3728,0.3638,48350400,0.3705
7/5/1989,0.3594,0.3616,0.3638,0.3571,119156800,0.3638
7/6/1989,0.3683,0.3638,0.3728,0.3594,173924800,0.3594
7/7/1989,0.3683,0.3683,0.375,0.3616,106108800,0.3683
7/10/1989,0.3594,0.3661,0.3683,0.3571,203694400,0.3683
7/11/1989,0.3571,0.3638,0.3661,0.3549,243924800,0.3594
7/12/1989,0.3571,0.3549,0.3594,0.3527,124129600,0.3571
7/13/1989,0.3627,0.3571,0.3661,0.3527,225433600,0.3571
7/14/1989,0.3661,0.3638,0.3661,0.3549,257320000,0.3627
7/17/1989,0.3638,0.3638,0.3661,0.3594,130894400,0.3661
7/18/1989,0.3482,0.3638,0.3638,0.346,477310400,0.3638
7/19/1989,0.3616,0.3527,0.3638,0.3482,238974400,0.3482
7/20/1989,0.3583,0.3638,0.3683,0.3538,236073600,0.3616
7/21/1989,0.3549,0.3549,0.3571,0.3482,139484800,0.3583
7/24/1989,0.3504,0.3549,0.3549,0.3471,115987200,0.3549
7/25/1989,0.346,0.3504,0.3549,0.3393,209843200,0.3504
7/26/1989,0.3415,0.3415,0.3438,0.3371,233744000,0.346
7/27/1989,0.3404,0.3415,0.3527,0.3393,173073600,0.3415
7/28/1989,0.3527,0.3504,0.3549,0.3504,119336000,0.3404
7/31/1989,0.3493,0.3504,0.3571,0.3426,111865600,0.3527
8/1/1989,0.3571,0.3549,0.3594,0.3504,139540800,0.3493
8/2/1989,0.3594,0.356,0.3616,0.3527,101404800,0.3571
8/3/1989,0.3661,0.3616,0.3705,0.3616,172939200,0.3594
8/4/1989,0.3817,0.3683,0.3817,0.3672,183355200,0.3661
8/7/1989,0.3906,0.3839,0.3929,0.3817,168212800,0.3817
8/8/1989,0.3951,0.3884,0.3996,0.3839,205923200,0.3906
8/9/1989,0.404,0.3929,0.4063,0.3929,195160000,0.3951
8/10/1989,0.385,0.3929,0.3929,0.3817,152364800,0.404
8/11/1989,0.3739,0.3929,0.3929,0.3683,230081600,0.385
8/14/1989,0.3627,0.3705,0.375,0.3616,102827200,0.3739
8/15/1989,0.3694,0.3638,0.3705,0.3594,163732800,0.3627
8/16/1989,0.3594,0.3705,0.3728,0.3571,120534400,0.3694
8/17/1989,0.3661,0.3594,0.3683,0.3571,153316800,0.3594
8/18/1989,0.3728,0.3728,0.3795,0.3705,84067200,0.3661
8/21/1989,0.3817,0.3772,0.3862,0.375,137827200,0.3728
8/22/1989,0.3817,0.3772,0.3839,0.375,112291200,0.3817
8/23/1989,0.3895,0.3839,0.3951,0.3795,173644800,0.3817
8/24/1989,0.3917,0.3906,0.3973,0.3884,162926400,0.3895
8/25/1989,0.3973,0.3929,0.4018,0.3929,161392000,0.3917
8/28/1989,0.3996,0.3973,0.4018,0.3929,81659200,0.3973
8/29/1989,0.3951,0.3996,0.4018,0.3906,176904000,0.3996
8/30/1989,0.3996,0.3929,0.3996,0.3929,116099200,0.3951
8/31/1989,0.3973,0.3973,0.4018,0.3951,56291200,0.3996
9/1/1989,0.3951,0.3973,0.3996,0.3951,74121600,0.3973
9/5/1989,0.4018,0.3973,0.4051,0.3973,114822400,0.3951
9/6/1989,0.3996,0.3996,0.4007,0.3929,86755200,0.4018
9/7/1989,0.4029,0.3996,0.4063,0.3996,113892800,0.3996
9/8/1989,0.4018,0.3996,0.404,0.3973,55832000,0.4029
9/11/1989,0.4063,0.3996,0.4107,0.3973,98593600,0.4018
9/12/1989,0.4107,0.4063,0.4174,0.4018,103577600,0.4063
9/13/1989,0.4018,0.4129,0.4163,0.4018,128688000,0.4107
9/14/1989,0.3996,0.4018,0.404,0.3973,131286400,0.4018
9/15/1989,0.4007,0.4018,0.404,0.3951,124868800,0.3996
9/18/1989,0.3951,0.3973,0.4018,0.3929,63134400,0.4007
9/19/1989,0.3884,0.3951,0.3973,0.3839,80796800,0.3951
9/20/1989,0.3973,0.3929,0.4018,0.3906,118148800,0.3884
9/21/1989,0.3996,0.4018,0.4107,0.3951,200961600,0.3973
9/22/1989,0.3996,0.3996,0.404,0.3951,72497600,0.3996
9/25/1989,0.404,0.3996,0.4085,0.3996,136158400,0.3996
9/26/1989,0.404,0.4018,0.4063,0.3996,77324800,0.404
9/27/1989,0.3996,0.3951,0.4029,0.3929,90126400,0.404
9/28/1989,0.4063,0.4018,0.4085,0.4018,79419200,0.3996
9/29/1989,0.3973,0.404,0.4063,0.3973,69809600,0.4063
10/2/1989,0.3962,0.3973,0.3996,0.3906,137401600,0.3973
10/3/1989,0.3895,0.3951,0.3973,0.385,170497600,0.3962
10/4/1989,0.3951,0.3906,0.3984,0.3884,159174400,0.3895
10/5/1989,0.4063,0.3973,0.4129,0.3951,245280000,0.3951
10/6/1989,0.4297,0.4129,0.4308,0.4085,361704000,0.4063
10/9/1989,0.442,0.4286,0.4442,0.4241,195552000,0.4297
10/10/1989,0.442,0.4442,0.4498,0.433,287134400,0.442
10/11/1989,0.4364,0.4353,0.442,0.4286,156956800,0.442
10/12/1989,0.4353,0.4375,0.4397,0.433,82644800,0.4364
10/13/1989,0.4085,0.4353,0.442,0.4018,201118400,0.4353
10/16/1989,0.4174,0.3996,0.4174,0.3795,424972800,0.4085
10/17/1989,0.4219,0.4107,0.4364,0.4018,250040000,0.4174
10/18/1989,0.4308,0.4152,0.4308,0.4107,144032000,0.4219
10/19/1989,0.4353,0.4308,0.442,0.4308,111899200,0.4308
10/20/1989,0.4286,0.4263,0.4397,0.4241,261508800,0.4353
10/23/1989,0.4174,0.4286,0.4308,0.4129,121956800,0.4286
10/24/1989,0.4252,0.4129,0.433,0.404,216440000,0.4174
10/25/1989,0.4152,0.4263,0.4263,0.4129,119145600,0.4252
10/26/1989,0.404,0.4063,0.4152,0.4018,169265600,0.4152
10/27/1989,0.404,0.404,0.4085,0.3973,129416000,0.404
10/30/1989,0.4085,0.4063,0.4107,0.404,87012800,0.404
10/31/1989,0.4152,0.4085,0.4152,0.4063,91996800,0.4085
11/1/1989,0.4118,0.4129,0.4174,0.4085,61185600,0.4152
11/2/1989,0.3929,0.4018,0.4018,0.3839,452670400,0.4118
11/3/1989,0.3862,0.3929,0.3973,0.3862,174652800,0.3929
11/6/1989,0.3862,0.3884,0.3929,0.3862,123088000,0.3862
11/7/1989,0.3929,0.3862,0.3973,0.3862,151323200,0.3862
11/8/1989,0.4018,0.3951,0.404,0.3951,142632000,0.3929
11/9/1989,0.4107,0.4018,0.4107,0.3973,88188800,0.4018
11/10/1989,0.4174,0.4085,0.4196,0.4085,64859200,0.4107
11/13/1989,0.4152,0.4152,0.4219,0.4152,68017600,0.4174
11/14/1989,0.3996,0.4152,0.4174,0.3973,84380800,0.4152
11/15/1989,0.3951,0.4018,0.404,0.3884,97787200,0.3996
11/16/1989,0.3996,0.3973,0.4018,0.3906,96566400,0.3951
11/17/1989,0.3996,0.3973,0.404,0.3973,88558400,0.3996
11/20/1989,0.404,0.4018,0.4063,0.3973,108068800,0.3996
11/21/1989,0.404,0.404,0.4152,0.404,140246400,0.404
11/22/1989,0.3996,0.4063,0.4085,0.3973,97944000,0.404
11/24/1989,0.3996,0.3996,0.4018,0.3996,27854400,0.3996
11/27/1989,0.3929,0.3996,0.404,0.3839,105145600,0.3996
11/28/1989,0.394,0.3906,0.3951,0.3817,135374400,0.3929
11/29/1989,0.3929,0.3884,0.3951,0.3795,152947200,0.394
11/30/1989,0.3951,0.3906,0.3973,0.3862,63448000,0.3929
12/1/1989,0.3929,0.3973,0.4018,0.3895,784000,0.3951
12/4/1989,0.404,0.3906,0.4063,0.3906,526400,0.3929
12/5/1989,0.4018,0.404,0.4085,0.3973,1747200,0.404
12/6/1989,0.3817,0.4018,0.404,0.3661,2049600,0.4018
12/7/1989,0.3817,0.3772,0.3862,0.375,873600,0.3817
12/8/1989,0.3728,0.3795,0.3839,0.3705,302400,0.3817
12/11/1989,0.3504,0.3661,0.3705,0.3426,168000,0.3728
12/12/1989,0.3214,0.3504,0.3527,0.3125,246400,0.3504
12/13/1989,0.3214,0.3214,0.3259,0.317,705600,0.3214
12/14/1989,0.3114,0.3192,0.3225,0.308,784000,0.3214
12/15/1989,0.3013,0.3103,0.3125,0.2902,190400,0.3114
12/18/1989,0.3103,0.3013,0.3125,0.3013,616000,0.3013
12/19/1989,0.3125,0.308,0.317,0.308,1881600,0.3103
12/20/1989,0.3192,0.3237,0.3237,0.3147,224000,0.3125
12/21/1989,0.3237,0.3192,0.3237,0.317,#N/A N/A,0.3192
12/22/1989,0.3259,0.3237,0.3326,0.3214,2732800,0.3237
12/26/1989,0.317,0.3281,0.3281,0.3147,89600,0.3259
12/27/1989,0.3136,0.317,0.3192,0.3125,212800,0.317
12/28/1989,0.3092,0.3125,0.3147,0.3036,616000,0.3136
12/29/1989,0.3147,0.3103,0.3147,0.3069,896000,0.3092
1/2/1990,0.3326,0.3147,0.3348,0.3125,183198400,0.3147
1/3/1990,0.3348,0.3393,0.3393,0.3348,207995200,0.3326
1/4/1990,0.3359,0.3415,0.346,0.3326,221513600,0.3348
1/5/1990,0.3371,0.3371,0.3415,0.3304,123312000,0.3359
1/8/1990,0.3393,0.3348,0.3393,0.3304,101572800,0.3371
1/9/1990,0.3359,0.3393,0.3393,0.3304,86139200,0.3393
1/10/1990,0.3214,0.3359,0.3359,0.3192,199718400,0.3359
1/11/1990,0.308,0.3237,0.3237,0.308,211052800,0.3214
1/12/1990,0.308,0.3058,0.3103,0.3013,171897600,0.308
1/15/1990,0.3058,0.308,0.3192,0.3058,161739200,0.308
1/16/1990,0.3114,0.2991,0.3125,0.2924,214244800,0.3058
1/17/1990,0.2969,0.3103,0.3103,0.2946,197299200,0.3114
1/18/1990,0.2891,0.2946,0.2991,0.2879,273291200,0.2969
1/19/1990,0.3058,0.3013,0.308,0.2991,265137600,0.2891
1/22/1990,0.2969,0.3036,0.308,0.2969,145611200,0.3058
1/23/1990,0.3013,0.3013,0.3058,0.2946,140873600,0.2969
1/24/1990,0.3036,0.2902,0.3058,0.2846,169792000,0.3013
1/25/1990,0.3047,0.3058,0.3103,0.3036,111540800,0.3036
1/26/1990,0.2924,0.3036,0.3036,0.2879,181249600,0.3047
1/29/1990,0.2969,0.2946,0.2991,0.2868,119929600,0.2924
1/30/1990,0.3036,0.2969,0.308,0.2946,116446400,0.2969
1/31/1990,0.3036,0.308,0.3103,0.2946,143942400,0.3036
2/1/1990,0.3002,0.308,0.3092,0.2991,117073600,0.3036
2/2/1990,0.3058,0.2969,0.3103,0.2969,118473600,0.3002
2/5/1990,0.3125,0.3058,0.3147,0.3036,101752000,0.3058
2/6/1990,0.3103,0.3103,0.3125,0.3036,74088000,0.3125
2/7/1990,0.2969,0.2946,0.3058,0.2891,312446400,0.3103
2/8/1990,0.2946,0.2969,0.2991,0.2879,186636800,0.2969
2/9/1990,0.3058,0.2991,0.308,0.2969,168078400,0.2946
2/12/1990,0.3036,0.3058,0.308,0.3013,74916800,0.3058
2/13/1990,0.308,0.3036,0.3125,0.3013,102166400,0.3036
2/14/1990,0.3058,0.308,0.3103,0.3013,96062400,0.308
2/15/1990,0.3058,0.3013,0.3058,0.2991,97966400,0.3058
2/16/1990,0.3013,0.3058,0.308,0.3013,127209600,0.3058
2/20/1990,0.2991,0.2991,0.3002,0.2946,123244800,0.3013
2/21/1990,0.3036,0.2924,0.3125,0.2902,175907200,0.2991
2/22/1990,0.2946,0.3036,0.3092,0.2946,195182400,0.3036
2/23/1990,0.2969,0.2924,0.2991,0.2924,149956800,0.2946
2/26/1990,0.3036,0.2946,0.3058,0.2946,79609600,0.2969
2/27/1990,0.2991,0.3058,0.3058,0.2991,73953600,0.3036
2/28/1990,0.3036,0.2991,0.308,0.2969,109334400,0.2991
3/1/1990,0.3058,0.2991,0.3103,0.2969,203896000,0.3036
3/2/1990,0.3013,0.2991,0.308,0.2969,104899200,0.3058
3/5/1990,0.308,0.2991,0.3103,0.2991,182470400,0.3013
3/6/1990,0.3147,0.3125,0.3147,0.308,156016000,0.308
3/7/1990,0.3158,0.3125,0.3214,0.3125,204220800,0.3147
3/8/1990,0.3281,0.3192,0.3304,0.3125,223843200,0.3158
3/9/1990,0.3292,0.3281,0.3348,0.3237,230473600,0.3281
3/12/1990,0.327,0.3326,0.3348,0.3237,163956800,0.3292
3/13/1990,0.3292,0.3259,0.3326,0.3237,148579200,0.327
3/14/1990,0.3281,0.3281,0.3326,0.3259,95121600,0.3292
3/15/1990,0.3281,0.3281,0.3304,0.3259,120232000,0.3281
3/16/1990,0.3594,0.3571,0.3683,0.3493,645388800,0.3281
3/19/1990,0.3783,0.3594,0.3795,0.3571,431793600,0.3594
3/20/1990,0.3694,0.3795,0.3839,0.3638,391316800,0.3783
3/21/1990,0.3717,0.3683,0.3772,0.3683,152734400,0.3694
3/22/1990,0.3638,0.3728,0.3772,0.3638,231660800,0.3717
3/23/1990,0.3772,0.3683,0.3839,0.3661,227987200,0.3638
3/26/1990,0.3772,0.3795,0.3873,0.375,128060800,0.3772
3/27/1990,0.375,0.375,0.3772,0.3683,84604800,0.3772
3/28/1990,0.3683,0.375,0.3761,0.3661,102939200,0.375
3/29/1990,0.3672,0.3661,0.3705,0.3638,96891200,0.3683
3/30/1990,0.3594,0.3571,0.3661,0.3549,223350400,0.3672
4/2/1990,0.3594,0.3571,0.3627,0.3527,148769600,0.3594
4/3/1990,0.3728,0.3616,0.3728,0.3616,139708800,0.3594
4/4/1990,0.3683,0.3705,0.375,0.3638,149732800,0.3728
4/5/1990,0.3594,0.3661,0.3683,0.3571,108192000,0.3683
4/6/1990,0.356,0.3594,0.3616,0.3549,118238400,0.3594
4/9/1990,0.3672,0.3549,0.3705,0.3527,105481600,0.356
4/10/1990,0.3683,0.3683,0.3817,0.3661,131320000,0.3672
4/11/1990,0.3795,0.3705,0.3839,0.3705,213158400,0.3683
4/12/1990,0.3862,0.3839,0.3929,0.3839,211803200,0.3795
4/16/1990,0.3906,0.3862,0.3951,0.3862,226889600,0.3862
4/17/1990,0.3862,0.3884,0.3906,0.3817,131107200,0.3906
4/18/1990,0.3862,0.3862,0.3973,0.3795,194006400,0.3862
4/19/1990,0.3594,0.3728,0.385,0.3571,481476800,0.3862
4/20/1990,0.3594,0.365,0.3705,0.3549,323523200,0.3594
4/23/1990,0.3549,0.3594,0.3616,0.3527,128352000,0.3594
4/24/1990,0.346,0.3605,0.3616,0.3438,303564800,0.3549
4/25/1990,0.346,0.346,0.3482,0.3371,132574400,0.346
4/26/1990,0.3471,0.3482,0.3527,0.3404,142161600,0.346
4/27/1990,0.3493,0.3482,0.3527,0.346,116412800,0.3471
4/30/1990,0.3516,0.3482,0.3549,0.3482,136393600,0.3493
5/1/1990,0.3538,0.3549,0.3571,0.3516,163609600,0.3516
5/2/1990,0.3549,0.3527,0.3571,0.3504,135430400,0.3538
5/3/1990,0.3571,0.3549,0.3594,0.3549,166308800,0.3549
5/4/1990,0.3571,0.3571,0.3638,0.3504,169534400,0.3571
5/7/1990,0.3705,0.3549,0.3728,0.3549,135990400,0.3571
5/8/1990,0.3728,0.3661,0.375,0.3661,112459200,0.3705
5/9/1990,0.3739,0.3717,0.375,0.3683,97238400,0.3728
5/10/1990,0.3694,0.3728,0.3728,0.3616,179043200,0.3739
5/11/1990,0.3806,0.3694,0.3817,0.3638,215241600,0.3694
5/14/1990,0.3728,0.3795,0.3817,0.3683,226385600,0.3806
5/15/1990,0.3728,0.3694,0.375,0.3661,149385600,0.3728
5/16/1990,0.3705,0.3728,0.3728,0.3661,87304000,0.3728
5/17/1990,0.3705,0.3728,0.3772,0.3661,153585600,0.3705
5/18/1990,0.3549,0.3683,0.3705,0.3527,258462400,0.3705
5/21/1990,0.3527,0.3504,0.3571,0.346,262483200,0.3549
5/22/1990,0.3694,0.3583,0.3705,0.3571,301089600,0.3527
5/23/1990,0.375,0.3683,0.3795,0.3683,207502400,0.3694
5/24/1990,0.375,0.3761,0.3772,0.3705,148131200,0.375
5/25/1990,0.3571,0.3527,0.3638,0.3482,323321600,0.375
5/29/1990,0.3661,0.3549,0.3683,0.3504,243208000,0.3571
5/30/1990,0.3694,0.3728,0.3728,0.3683,276819200,0.3661
5/31/1990,0.3683,0.3672,0.3705,0.3661,103084800,0.3694
6/1/1990,0.3638,0.3694,0.375,0.3638,157315200,0.3683
6/4/1990,0.3638,0.3638,0.3661,0.3549,179424000,0.3638
6/5/1990,0.3527,0.3661,0.3661,0.3482,299432000,0.3638
6/6/1990,0.3527,0.3482,0.3527,0.346,211747200,0.3527
6/7/1990,0.3482,0.3527,0.3549,0.3438,186435200,0.3527
6/8/1990,0.3415,0.3438,0.3438,0.3348,333883200,0.3482
6/11/1990,0.3482,0.3371,0.3482,0.3371,157897600,0.3415
6/12/1990,0.3616,0.3504,0.3616,0.346,165032000,0.3482
6/13/1990,0.3549,0.3605,0.3638,0.3549,138947200,0.3616
6/14/1990,0.3549,0.3549,0.3594,0.3504,140324800,0.3549
6/15/1990,0.3527,0.3504,0.3571,0.3493,144144000,0.3549
6/18/1990,0.3504,0.3504,0.3527,0.3482,111395200,0.3527
6/19/1990,0.3538,0.3482,0.3549,0.3426,157225600,0.3504
6/20/1990,0.3571,0.356,0.3594,0.3549,154739200,0.3538
6/21/1990,0.3739,0.3571,0.375,0.3571,208600000,0.3571
6/22/1990,0.3705,0.375,0.3806,0.3683,283976000,0.3739
6/25/1990,0.3683,0.3705,0.3728,0.3594,122001600,0.3705
6/26/1990,0.3627,0.3728,0.375,0.3605,127254400,0.3683
6/27/1990,0.3705,0.3638,0.375,0.3571,97227200,0.3627
6/28/1990,0.3839,0.3817,0.3862,0.3728,249939200,0.3705
6/29/1990,0.3996,0.3839,0.4007,0.3817,325192000,0.3839
7/2/1990,0.3929,0.3973,0.3973,0.3906,135408000,0.3996
7/3/1990,0.3929,0.3917,0.3973,0.3906,99500800,0.3929
7/5/1990,0.3884,0.3906,0.3951,0.3862,107464000,0.3929
7/6/1990,0.3996,0.3862,0.4018,0.3862,209059200,0.3884
7/9/1990,0.4163,0.4018,0.4196,0.3996,315459200,0.3996
7/10/1990,0.4196,0.4196,0.4241,0.4174,361424000,0.4163
7/11/1990,0.4196,0.4174,0.4196,0.4085,246153600,0.4196
7/12/1990,0.423,0.4174,0.4241,0.4152,182470400,0.4196
7/13/1990,0.4174,0.4241,0.4263,0.4174,230977600,0.423
7/16/1990,0.4074,0.4174,0.4208,0.404,179704000,0.4174
7/17/1990,0.3951,0.4085,0.4107,0.3929,136852800,0.4074
7/18/1990,0.3984,0.3973,0.4018,0.3705,278286400,0.3951
7/19/1990,0.3728,0.3638,0.3795,0.3571,585984000,0.3984
7/20/1990,0.3661,0.375,0.3795,0.3638,191844800,0.3728
7/23/1990,0.3705,0.3661,0.3728,0.3571,270188800,0.3661
7/24/1990,0.3761,0.375,0.3772,0.3661,193916800,0.3705
7/25/1990,0.3772,0.375,0.3862,0.3728,104921600,0.3761
7/26/1990,0.3694,0.3772,0.3795,0.3661,80337600,0.3772
7/27/1990,0.3694,0.3683,0.3728,0.3616,62316800,0.3694
7/30/1990,0.3783,0.3638,0.3795,0.3638,85456000,0.3694
7/31/1990,0.375,0.3795,0.3817,0.3705,96006400,0.3783
8/1/1990,0.3783,0.3772,0.3817,0.3705,93508800,0.375
8/2/1990,0.3884,0.3683,0.3906,0.3683,223126400,0.3783
8/3/1990,0.3683,0.3884,0.3884,0.3549,268968000,0.3884
8/6/1990,0.3527,0.3482,0.3616,0.3438,179659200,0.3683
8/7/1990,0.3527,0.3594,0.3627,0.346,198531200,0.3527
8/8/1990,0.3583,0.3527,0.3638,0.3527,102536000,0.3527
8/9/1990,0.3527,0.3594,0.3616,0.3504,96398400,0.3583
8/10/1990,0.346,0.346,0.3504,0.3415,102704000,0.3527
8/13/1990,0.356,0.3393,0.3571,0.3382,156116800,0.346
8/14/1990,0.3549,0.3571,0.3571,0.3504,98168000,0.356
8/15/1990,0.3504,0.3571,0.3594,0.3504,92052800,0.3549
8/16/1990,0.3438,0.3482,0.3538,0.3438,123894400,0.3504
8/17/1990,0.3259,0.3438,0.3438,0.3192,246108800,0.3438
8/20/1990,0.3281,0.3259,0.3348,0.3237,75062400,0.3259
8/21/1990,0.3237,0.3192,0.3281,0.3147,161044800,0.3281
8/22/1990,0.3136,0.3281,0.3304,0.308,122718400,0.3237
8/23/1990,0.308,0.3058,0.3125,0.2991,143696000,0.3136
8/24/1990,0.3192,0.3147,0.3192,0.3103,76204800,0.308
8/27/1990,0.3371,0.3281,0.3393,0.3237,117465600,0.3192
8/28/1990,0.3404,0.3348,0.3426,0.3326,80192000,0.3371
8/29/1990,0.3326,0.3393,0.3404,0.3281,150931200,0.3404
8/30/1990,0.3237,0.3326,0.3348,0.3214,122595200,0.3326
8/31/1990,0.3304,0.3214,0.3326,0.3214,99456000,0.3237
9/4/1990,0.3304,0.3259,0.3326,0.3259,82745600,0.3304
9/5/1990,0.3214,0.3326,0.3326,0.3192,64052800,0.3304
9/6/1990,0.3192,0.317,0.3214,0.3147,87628800,0.3214
9/7/1990,0.3248,0.317,0.3281,0.3136,58172800,0.3192
9/10/1990,0.3192,0.3304,0.3304,0.3192,75980800,0.3248
9/11/1990,0.3036,0.3214,0.3225,0.3013,178270400,0.3192
9/12/1990,0.3036,0.308,0.3192,0.2991,100408000,0.3036
9/13/1990,0.3013,0.308,0.3103,0.2946,97260800,0.3036
9/14/1990,0.3036,0.2991,0.3058,0.2969,113915200,0.3013
9/17/1990,0.3013,0.3036,0.3147,0.2991,77672000,0.3036
9/18/1990,0.298,0.3013,0.3036,0.2946,124611200,0.3013
9/19/1990,0.2902,0.2969,0.3013,0.2857,182459200,0.298
9/20/1990,0.2824,0.2879,0.2879,0.279,100934400,0.2902
9/21/1990,0.2813,0.2857,0.2902,0.2768,153865600,0.2824
9/24/1990,0.2701,0.2813,0.2813,0.2656,138499200,0.2813
9/25/1990,0.2679,0.2723,0.2746,0.2612,157953600,0.2701
9/26/1990,0.2656,0.2679,0.2723,0.2656,94136000,0.2679
9/27/1990,0.2522,0.2679,0.2723,0.25,142340800,0.2656
9/28/1990,0.2589,0.2545,0.2589,0.2433,176041600,0.2522
10/1/1990,0.2723,0.2634,0.2835,0.2612,155713600,0.2589
10/2/1990,0.2645,0.2768,0.2857,0.2634,270984000,0.2723
10/3/1990,0.2411,0.2656,0.2656,0.2388,268240000,0.2645
10/4/1990,0.25,0.2388,0.25,0.2344,213494400,0.2411
10/5/1990,0.25,0.2411,0.2567,0.2411,99489600,0.25
10/8/1990,0.26,0.2567,0.2612,0.2522,61532800,0.25
10/9/1990,0.25,0.2522,0.2589,0.2478,120579200,0.26
10/10/1990,0.2366,0.2433,0.25,0.2321,147907200,0.25
10/11/1990,0.2478,0.2388,0.2511,0.2277,205979200,0.2366
10/12/1990,0.2522,0.2522,0.2545,0.2411,228648000,0.2478
10/15/1990,0.2478,0.2545,0.2567,0.2377,201017600,0.2522
10/16/1990,0.2232,0.2455,0.2455,0.2165,305233600,0.2478
10/17/1990,0.2366,0.2254,0.2366,0.2232,309064000,0.2232
10/18/1990,0.2545,0.2366,0.2567,0.2366,314888000,0.2366
10/19/1990,0.2801,0.279,0.2835,0.2701,933732800,0.2545
10/22/1990,0.2779,0.2813,0.2813,0.2723,252739200,0.2801
10/23/1990,0.2768,0.2768,0.2813,0.2701,167048000,0.2779
10/24/1990,0.2723,0.2746,0.2768,0.2679,141825600,0.2768
10/25/1990,0.2679,0.2701,0.279,0.2645,153462400,0.2723
10/26/1990,0.2679,0.2656,0.279,0.2656,134198400,0.2679
10/29/1990,0.2667,0.2723,0.2723,0.2656,123480000,0.2679
10/30/1990,0.2712,0.2656,0.2746,0.2578,98044800,0.2667
10/31/1990,0.2746,0.2723,0.2846,0.2701,148758400,0.2712
11/1/1990,0.2723,0.2723,0.2768,0.2656,90652800,0.2746
11/2/1990,0.2835,0.2723,0.2891,0.2723,148612800,0.2723
11/5/1990,0.2969,0.2879,0.2991,0.2857,184475200,0.2835
11/6/1990,0.2991,0.2991,0.308,0.2969,184766400,0.2969
11/7/1990,0.2969,0.2991,0.3013,0.2913,202977600,0.2991
11/8/1990,0.308,0.2946,0.3125,0.2946,199248000,0.2969
11/9/1990,0.317,0.3125,0.3192,0.308,198228800,0.308
11/12/1990,0.3237,0.3192,0.3281,0.3147,145051200,0.317
11/13/1990,0.3214,0.3237,0.3259,0.3192,141948800,0.3237
11/14/1990,0.3304,0.3192,0.3326,0.3192,190747200,0.3214
11/15/1990,0.3214,0.3281,0.3304,0.317,161772800,0.3304
11/16/1990,0.3136,0.3192,0.3214,0.3103,183008000,0.3214
11/19/1990,0.3248,0.317,0.3248,0.3147,223910400,0.3136
11/20/1990,0.317,0.3237,0.3281,0.3147,153630400,0.3248
11/21/1990,0.3225,0.317,0.3237,0.3103,123211200,0.317
11/23/1990,0.3248,0.3237,0.3304,0.3214,53200000,0.3225
11/26/1990,0.3281,0.3214,0.3304,0.3214,81457600,0.3248
11/27/1990,0.3348,0.3304,0.3415,0.3281,164584000,0.3281
11/28/1990,0.3281,0.3371,0.3438,0.3281,174910400,0.3348
11/29/1990,0.3281,0.3304,0.3304,0.3237,126705600,0.3281
11/30/1990,0.3281,0.3237,0.3326,0.3181,121508800,0.3281
12/3/1990,0.3404,0.3326,0.3415,0.3304,165401600,0.3281
12/4/1990,0.3438,0.3348,0.3482,0.3348,152152000,0.3404
12/5/1990,0.3583,0.3438,0.3594,0.3382,218388800,0.3438
12/6/1990,0.3683,0.3683,0.3728,0.3616,532246400,0.3583
12/7/1990,0.3795,0.3661,0.3817,0.3661,329660800,0.3683
12/10/1990,0.3728,0.3772,0.3795,0.3661,250588800,0.3795
12/11/1990,0.3571,0.3683,0.3705,0.3571,347883200,0.3728
12/12/1990,0.3538,0.3549,0.3571,0.3482,242356800,0.3571
12/13/1990,0.3638,0.3527,0.3661,0.3527,160731200,0.3538
12/14/1990,0.356,0.3583,0.3616,0.3527,87068800,0.3638
12/17/1990,0.3583,0.3482,0.3616,0.3482,131107200,0.356
12/18/1990,0.3772,0.3661,0.3795,0.3638,220987200,0.3583
12/19/1990,0.3739,0.3795,0.3795,0.3672,140660800,0.3772
12/20/1990,0.3929,0.3683,0.3973,0.3683,401072000,0.3739
12/21/1990,0.4018,0.3951,0.404,0.3929,346136000,0.3929
12/24/1990,0.3929,0.3996,0.4018,0.3929,58721600,0.4018
12/26/1990,0.3906,0.3929,0.3951,0.3839,103073600,0.3929
12/27/1990,0.3884,0.3862,0.3929,0.3862,97652800,0.3906
12/28/1990,0.3839,0.3862,0.3884,0.3817,63929600,0.3884
12/31/1990,0.3839,0.3839,0.3862,0.3806,44273600,0.3839
1/2/1991,0.3884,0.3817,0.3929,0.375,154985600,0.3839
1/3/1991,0.3839,0.3884,0.3951,0.3839,150180800,0.3884
1/4/1991,0.3862,0.3839,0.3951,0.3839,141523200,0.3839
1/7/1991,0.3862,0.3839,0.404,0.3839,310800000,0.3862
1/8/1991,0.3862,0.3906,0.3917,0.3795,218691200,0.3862
1/9/1991,0.404,0.3951,0.4107,0.3906,467264000,0.3862
1/10/1991,0.4208,0.4085,0.4219,0.4085,435321600,0.404
1/11/1991,0.4196,0.4196,0.4263,0.4107,307652800,0.4208
1/14/1991,0.4129,0.4107,0.4174,0.4107,210840000,0.4196
1/15/1991,0.4174,0.4152,0.4174,0.4107,192057600,0.4129
1/16/1991,0.4442,0.4196,0.4464,0.4174,390745600,0.4174
1/17/1991,0.4576,0.4688,0.4821,0.4375,591785600,0.4442
1/18/1991,0.4487,0.4353,0.4531,0.433,943241600,0.4576
1/21/1991,0.4531,0.4442,0.4598,0.4442,324307200,0.4487
1/22/1991,0.4576,0.4554,0.4688,0.4509,427728000,0.4531
1/23/1991,0.4621,0.4576,0.4665,0.4554,244260800,0.4576
1/24/1991,0.4654,0.4598,0.471,0.4598,233934400,0.4621
1/25/1991,0.4777,0.4643,0.4788,0.4643,223809600,0.4654
1/28/1991,0.4866,0.4754,0.4933,0.4754,273481600,0.4777
1/29/1991,0.4799,0.4844,0.4866,0.4665,215555200,0.4866
1/30/1991,0.4955,0.4754,0.4978,0.4743,337131200,0.4799
1/31/1991,0.4955,0.4955,0.5,0.4888,242592000,0.4955
2/1/1991,0.4978,0.4955,0.5167,0.4955,444550400,0.4955
2/4/1991,0.4933,0.4978,0.5,0.4911,267848000,0.4978
2/5/1991,0.5156,0.4933,0.5179,0.4888,356115200,0.4933
2/6/1991,0.5078,0.5156,0.5201,0.5045,222566400,0.5156
2/7/1991,0.5156,0.5089,0.5223,0.4978,520172800,0.5078
2/8/1991,0.5357,0.5134,0.5379,0.5134,313555200,0.5156
2/11/1991,0.548,0.5357,0.5491,0.5335,323030400,0.5357
2/12/1991,0.5357,0.5424,0.5469,0.5301,224750400,0.548
2/13/1991,0.5357,0.5335,0.5379,0.5179,255550400,0.5357
2/14/1991,0.51,0.5357,0.5357,0.5067,377675200,0.5357
2/15/1991,0.5145,0.5112,0.5223,0.5112,365612800,0.51
2/19/1991,0.5357,0.5134,0.5379,0.5123,226251200,0.5145
2/20/1991,0.5446,0.5313,0.5513,0.529,213640000,0.5357
2/21/1991,0.5268,0.5469,0.5558,0.5246,190870400,0.5446
2/22/1991,0.5335,0.5268,0.5513,0.5223,232568000,0.5268
2/25/1991,0.5179,0.5379,0.5402,0.5134,359273600,0.5335
2/26/1991,0.5201,0.5112,0.5246,0.5045,250017600,0.5179
2/27/1991,0.5201,0.5201,0.5223,0.5134,174372800,0.5201
2/28/1991,0.5112,0.5201,0.5223,0.5022,227360000,0.5201
3/1/1991,0.5156,0.5089,0.5268,0.5089,126134400,0.5112
3/4/1991,0.5212,0.5179,0.5246,0.5089,88356800,0.5156
3/5/1991,0.558,0.5268,0.5625,0.5268,441448000,0.5212
3/6/1991,0.5625,0.5714,0.5859,0.5614,523958400,0.558
3/7/1991,0.6004,0.567,0.6027,0.5647,321753600,0.5625
3/8/1991,0.5804,0.6049,0.6094,0.5804,322201600,0.6004
3/11/1991,0.567,0.5759,0.5781,0.5558,175369600,0.5804
3/12/1991,0.5614,0.5625,0.5725,0.558,233676800,0.567
3/13/1991,0.5915,0.5603,0.5938,0.5603,174552000,0.5614
3/14/1991,0.5826,0.596,0.6027,0.5759,227068800,0.5915
3/15/1991,0.5915,0.5871,0.5938,0.5826,204836800,0.5826
3/18/1991,0.6049,0.5871,0.6094,0.5871,214009600,0.5915
3/19/1991,0.6205,0.5938,0.6272,0.5871,422195200,0.6049
3/20/1991,0.6049,0.6183,0.6205,0.5971,361704000,0.6205
3/21/1991,0.5781,0.6094,0.6138,0.5692,296800000,0.6049
3/22/1991,0.5647,0.5714,0.5781,0.5558,338128000,0.5781
3/25/1991,0.5759,0.567,0.5804,0.5647,135856000,0.5647
3/26/1991,0.625,0.5781,0.6272,0.5781,333625600,0.5759
3/27/1991,0.6183,0.625,0.6272,0.6116,190220800,0.625
3/28/1991,0.6071,0.6205,0.625,0.6049,78702400,0.6183
4/1/1991,0.6116,0.6049,0.6205,0.6004,117924800,0.6071
4/2/1991,0.6496,0.6183,0.6496,0.6116,292924800,0.6116
4/3/1991,0.625,0.6473,0.6496,0.625,240128000,0.6496
4/4/1991,0.6384,0.625,0.6429,0.6205,168436800,0.625
4/5/1991,0.6194,0.6406,0.6406,0.6138,155411200,0.6384
4/8/1991,0.625,0.6183,0.625,0.6138,72475200,0.6194
4/9/1991,0.6138,0.6228,0.625,0.6094,119448000,0.625
4/10/1991,0.5971,0.6116,0.6183,0.596,216406400,0.6138
4/11/1991,0.6339,0.6049,0.6373,0.6027,355588800,0.5971
4/12/1991,0.6406,0.6384,0.654,0.6228,367718400,0.6339
4/15/1991,0.5558,0.5714,0.5759,0.5357,1700384000,0.6406
4/16/1991,0.5737,0.567,0.5759,0.558,620782400,0.5558
4/17/1991,0.5647,0.5804,0.5804,0.5536,319110400,0.5737
4/18/1991,0.5446,0.5603,0.567,0.5424,247363200,0.5647
4/19/1991,0.5324,0.5446,0.5536,0.5313,287302400,0.5446
4/22/1991,0.5491,0.5313,0.5536,0.5246,257017600,0.5324
4/23/1991,0.5491,0.558,0.5625,0.5379,237294400,0.5491
4/24/1991,0.5424,0.5513,0.5525,0.5402,105448000,0.5491
4/25/1991,0.5223,0.5335,0.5335,0.5223,315380800,0.5424
4/26/1991,0.5234,0.5223,0.5268,0.5156,125059200,0.5223
4/29/1991,0.5201,0.5268,0.5379,0.5201,206707200,0.5234
4/30/1991,0.4911,0.5156,0.5201,0.4888,711446400,0.5201
5/1/1991,0.4219,0.4286,0.4375,0.4196,1868272000,0.4911
5/2/1991,0.4375,0.4263,0.4442,0.4219,811126400,0.4219
5/3/1991,0.4375,0.4375,0.442,0.4308,243712000,0.4375
5/6/1991,0.4487,0.433,0.4509,0.4308,212329600,0.4375
5/7/1991,0.452,0.4554,0.4576,0.4509,270480000,0.4487
5/8/1991,0.4442,0.4531,0.4531,0.4397,176780800,0.452
5/9/1991,0.4531,0.4464,0.4598,0.4442,238212800,0.4442
5/10/1991,0.4576,0.4598,0.4754,0.4531,241729600,0.4531
5/13/1991,0.471,0.4665,0.4777,0.4598,244944000,0.4576
5/14/1991,0.4777,0.471,0.4799,0.4688,216944000,0.471
5/15/1991,0.4509,0.4598,0.4643,0.4375,518347200,0.4777
5/16/1991,0.4375,0.4554,0.4576,0.433,382132800,0.4509
5/17/1991,0.4196,0.4353,0.4353,0.4152,471060800,0.4375
5/20/1991,0.3951,0.4219,0.4241,0.3929,262169600,0.4196
5/21/1991,0.404,0.404,0.4152,0.3996,349798400,0.3951
5/22/1991,0.4129,0.4085,0.4152,0.4063,227270400,0.404
5/23/1991,0.4029,0.4152,0.4174,0.3996,208656000,0.4129
5/24/1991,0.4096,0.4063,0.4107,0.4018,97126400,0.4029
5/28/1991,0.4107,0.4107,0.4129,0.404,171438400,0.4096
5/29/1991,0.4196,0.4129,0.4263,0.4096,384003200,0.4107
5/30/1991,0.4252,0.4196,0.4263,0.4152,158345600,0.4196
5/31/1991,0.4196,0.4241,0.4263,0.4129,217862400,0.4252
6/3/1991,0.4397,0.4196,0.442,0.4174,220068800,0.4196
6/4/1991,0.4386,0.442,0.442,0.433,184284800,0.4397
6/5/1991,0.4286,0.4375,0.4397,0.4263,133291200,0.4386
6/6/1991,0.4163,0.4308,0.4308,0.4129,168504000,0.4286
6/7/1991,0.4118,0.4129,0.4196,0.4074,152745600,0.4163
6/10/1991,0.4107,0.4107,0.4208,0.4085,167440000,0.4118
6/11/1991,0.3984,0.4018,0.4063,0.3951,188563200,0.4107
6/12/1991,0.3783,0.3929,0.3996,0.3683,435635200,0.3984
6/13/1991,0.3761,0.3795,0.3839,0.3728,211366400,0.3783
6/14/1991,0.3672,0.3817,0.3817,0.3638,225288000,0.3761
6/17/1991,0.375,0.3683,0.3772,0.3661,166600000,0.3672
6/18/1991,0.3761,0.3772,0.3862,0.3672,244686400,0.375
6/19/1991,0.3728,0.3728,0.3772,0.3683,178942400,0.3761
6/20/1991,0.375,0.3683,0.3761,0.3661,144043200,0.3728
6/21/1991,0.375,0.375,0.3795,0.3728,206012800,0.375
6/24/1991,0.3728,0.3728,0.3772,0.3683,207984000,0.375
6/25/1991,0.3783,0.375,0.3839,0.3728,227920000,0.3728
6/26/1991,0.3839,0.3817,0.3884,0.3772,250443200,0.3783
6/27/1991,0.3795,0.3795,0.3817,0.3728,151200000,0.3839
6/28/1991,0.3705,0.3772,0.3795,0.3594,226643200,0.3795
7/1/1991,0.3795,0.3772,0.3839,0.3728,194824000,0.3705
7/2/1991,0.3772,0.3795,0.3817,0.3728,120142400,0.3795
7/3/1991,0.385,0.3772,0.3917,0.3728,304774400,0.3772
7/5/1991,0.4074,0.3839,0.4107,0.3817,331553600,0.385
7/8/1991,0.4174,0.4063,0.4219,0.4018,307081600,0.4074
7/9/1991,0.4185,0.4219,0.4308,0.4152,226441600,0.4174
7/10/1991,0.4219,0.4241,0.4308,0.4174,156576000,0.4185
7/11/1991,0.4174,0.4196,0.4219,0.4107,145913600,0.4219
7/12/1991,0.4174,0.4219,0.4219,0.4129,132753600,0.4174
7/15/1991,0.4063,0.4174,0.4174,0.4063,137984000,0.4174
7/16/1991,0.3906,0.4074,0.4085,0.3884,222992000,0.4063
7/17/1991,0.3795,0.3884,0.3973,0.3772,208936000,0.3906
7/18/1991,0.4007,0.3929,0.4029,0.3884,398316800,0.3795
7/19/1991,0.4107,0.404,0.4129,0.4018,128419200,0.4007
7/22/1991,0.4107,0.4085,0.4129,0.4063,108673600,0.4107
7/23/1991,0.4018,0.4129,0.4152,0.3973,133056000,0.4107
7/24/1991,0.4018,0.404,0.4085,0.3973,131454400,0.4018
7/25/1991,0.404,0.404,0.4085,0.4018,65800000,0.4018
7/26/1991,0.4007,0.4085,0.4085,0.3996,74233600,0.404
7/29/1991,0.4063,0.404,0.4063,0.3973,53300800,0.4007
7/30/1991,0.4152,0.4063,0.4174,0.4063,91862400,0.4063
7/31/1991,0.4129,0.4152,0.4185,0.4018,102804800,0.4152
8/1/1991,0.4386,0.4107,0.4397,0.4085,448425600,0.4129
8/2/1991,0.4464,0.4442,0.4487,0.4375,273011200,0.4386
8/5/1991,0.433,0.4442,0.4509,0.4308,100766400,0.4464
8/6/1991,0.442,0.4353,0.4487,0.4263,220427200,0.433
8/7/1991,0.4498,0.442,0.4554,0.4408,211612800,0.442
8/8/1991,0.4509,0.4531,0.4621,0.4464,189448000,0.4498
8/9/1991,0.4531,0.4509,0.4554,0.4442,154403200,0.4509
8/12/1991,0.4621,0.4531,0.4665,0.4509,142531200,0.4531
8/13/1991,0.4777,0.4643,0.4821,0.4643,286585600,0.4621
8/14/1991,0.49,0.4888,0.4911,0.481,200715200,0.4777
8/15/1991,0.4754,0.4911,0.4911,0.4732,146104000,0.49
8/16/1991,0.4754,0.471,0.4844,0.4665,158804800,0.4754
8/19/1991,0.4509,0.4397,0.4609,0.433,322481600,0.4754
8/20/1991,0.4554,0.4598,0.4621,0.4509,199427200,0.4509
8/21/1991,0.4799,0.4688,0.4833,0.4643,223372800,0.4554
8/22/1991,0.4844,0.4799,0.4888,0.4799,165648000,0.4799
8/23/1991,0.4732,0.4821,0.4955,0.471,240430400,0.4844
8/26/1991,0.4732,0.4732,0.4777,0.4688,101595200,0.4732
8/27/1991,0.4821,0.4732,0.4821,0.471,100352000,0.4732
8/28/1991,0.4754,0.4821,0.4844,0.4743,107587200,0.4821
8/29/1991,0.4732,0.4754,0.481,0.4688,113355200,0.4754
8/30/1991,0.4732,0.4732,0.4754,0.4665,66136000,0.4732
9/3/1991,0.4688,0.471,0.4754,0.4643,68376000,0.4732
9/4/1991,0.4598,0.4665,0.471,0.4576,119784000,0.4688
9/5/1991,0.4554,0.4598,0.4621,0.4531,77884800,0.4598
9/6/1991,0.4598,0.4554,0.4621,0.4509,79273600,0.4554
9/9/1991,0.4754,0.4621,0.4777,0.4598,126481600,0.4598
9/10/1991,0.4475,0.471,0.4766,0.4442,182840000,0.4754
9/11/1991,0.4509,0.4531,0.4554,0.442,178001600,0.4475
9/12/1991,0.452,0.4576,0.4576,0.4442,119212800,0.4509
9/13/1991,0.4342,0.4464,0.4487,0.433,166734400,0.452
9/16/1991,0.4219,0.4397,0.4397,0.4152,205777600,0.4342
9/17/1991,0.4375,0.4196,0.4375,0.4174,135408000,0.4219
9/18/1991,0.4475,0.4353,0.4509,0.433,121352000,0.4375
9/19/1991,0.4442,0.4487,0.4509,0.442,178337600,0.4475
9/20/1991,0.452,0.4442,0.4554,0.442,188148800,0.4442
9/23/1991,0.442,0.4464,0.4688,0.4397,87662400,0.452
9/24/1991,0.4487,0.442,0.4498,0.4241,106601600,0.442
9/25/1991,0.4509,0.4487,0.4509,0.4397,54465600,0.4487
9/26/1991,0.4464,0.4487,0.4487,0.4375,71220800,0.4509
9/27/1991,0.4375,0.4464,0.4531,0.4353,62809600,0.4464
9/30/1991,0.442,0.4397,0.4442,0.4375,63201600,0.4375
10/1/1991,0.4531,0.442,0.4576,0.4375,131376000,0.442
10/2/1991,0.4442,0.4598,0.4621,0.442,179267200,0.4531
10/3/1991,0.4263,0.4464,0.4464,0.4241,181003200,0.4442
10/4/1991,0.4308,0.4263,0.4353,0.4241,79374400,0.4263
10/7/1991,0.4297,0.4286,0.4353,0.4241,64702400,0.4308
10/8/1991,0.4308,0.4263,0.433,0.4152,172256000,0.4297
10/9/1991,0.4286,0.4286,0.4353,0.4263,132742400,0.4308
10/10/1991,0.4263,0.4353,0.4375,0.4174,157214400,0.4286
10/11/1991,0.433,0.4308,0.4364,0.4196,120052800,0.4263
10/14/1991,0.4453,0.4375,0.4487,0.4353,111876800,0.433
10/15/1991,0.4688,0.4509,0.4688,0.4464,288209600,0.4453
10/16/1991,0.4821,0.4688,0.4821,0.4665,200872000,0.4688
10/17/1991,0.4676,0.4732,0.4866,0.4598,151614400,0.4821
10/18/1991,0.4911,0.4821,0.4955,0.4821,446958400,0.4676
10/21/1991,0.4888,0.4933,0.4989,0.4844,116692800,0.4911
10/22/1991,0.4866,0.4955,0.5022,0.4866,208208000,0.4888
10/23/1991,0.4743,0.4911,0.4933,0.471,168828800,0.4866
10/24/1991,0.4654,0.4732,0.4754,0.4598,177900800,0.4743
10/25/1991,0.4576,0.4621,0.4665,0.4531,106971200,0.4654
10/28/1991,0.4598,0.4576,0.4621,0.4531,77862400,0.4576
10/29/1991,0.4621,0.4643,0.4643,0.4531,101236800,0.4598
10/30/1991,0.4442,0.4665,0.471,0.442,148243200,0.4621
10/31/1991,0.4598,0.4531,0.4621,0.4464,231806400,0.4442
11/1/1991,0.4554,0.4576,0.4643,0.4509,201264000,0.4598
11/4/1991,0.4442,0.4531,0.4531,0.433,195294400,0.4554
11/5/1991,0.4353,0.4442,0.4509,0.4353,215600000,0.4442
11/6/1991,0.4286,0.4375,0.4397,0.4241,236790400,0.4353
11/7/1991,0.4442,0.433,0.4509,0.4308,296732800,0.4286
11/8/1991,0.4754,0.4576,0.4799,0.4554,375827200,0.4442
11/11/1991,0.4799,0.4821,0.4866,0.4754,164942400,0.4754
11/12/1991,0.4866,0.4844,0.4888,0.4799,166689600,0.4799
11/13/1991,0.4844,0.4821,0.4866,0.4777,185920000,0.4866
11/14/1991,0.4888,0.4844,0.4933,0.4821,188003200,0.4844
11/15/1991,0.4464,0.4866,0.4888,0.4442,256950400,0.4888
11/18/1991,0.4654,0.4464,0.4688,0.4464,238739200,0.4464
11/19/1991,0.4576,0.4621,0.4665,0.4442,285488000,0.4654
11/20/1991,0.4554,0.4576,0.4643,0.4487,168100800,0.4576
11/21/1991,0.4554,0.4509,0.4621,0.4509,106814400,0.4554
11/22/1991,0.4576,0.4554,0.4621,0.4487,97843200,0.4554
11/25/1991,0.4576,0.4554,0.4665,0.4554,78433600,0.4576
11/26/1991,0.4598,0.4598,0.4643,0.4464,139272000,0.4576
11/27/1991,0.4554,0.4576,0.4598,0.4509,63235200,0.4598
11/29/1991,0.4531,0.4509,0.4598,0.4509,34092800,0.4554
12/2/1991,0.4621,0.4531,0.4643,0.4464,118899200,0.4531
12/3/1991,0.4509,0.4643,0.4643,0.4487,102860800,0.4621
12/4/1991,0.4509,0.4509,0.4531,0.4464,80550400,0.4509
12/5/1991,0.4464,0.4509,0.4554,0.4397,99198400,0.4509
12/6/1991,0.4353,0.442,0.4442,0.433,196985600,0.4464
12/9/1991,0.4386,0.4375,0.4464,0.4353,97832000,0.4353
12/10/1991,0.4386,0.4375,0.442,0.433,122617600,0.4386
12/11/1991,0.4375,0.4397,0.4442,0.433,84560000,0.4386
12/12/1991,0.4408,0.4397,0.4442,0.4375,91750400,0.4375
12/13/1991,0.4498,0.4442,0.4531,0.4442,95121600,0.4408
12/16/1991,0.4509,0.4487,0.4531,0.4464,77190400,0.4498
12/17/1991,0.4509,0.4509,0.4554,0.4487,97843200,0.4509
12/18/1991,0.4621,0.4487,0.4643,0.4464,186603200,0.4509
12/19/1991,0.4531,0.4576,0.4621,0.4531,115326400,0.4621
12/20/1991,0.4487,0.4576,0.4598,0.4487,128184000,0.4531
12/23/1991,0.4598,0.4509,0.4621,0.4464,103163200,0.4487
12/24/1991,0.4665,0.4643,0.4799,0.4621,188563200,0.4598
12/26/1991,0.49,0.471,0.4911,0.4665,134500800,0.4665
12/27/1991,0.4911,0.4888,0.4978,0.4866,167742400,0.49
12/30/1991,0.5067,0.4911,0.5112,0.4911,183646400,0.4911
12/31/1991,0.5045,0.5123,0.5179,0.5,134030400,0.5067
1/2/1992,0.529,0.4978,0.5335,0.4955,233632000,0.5045
1/3/1992,0.5246,0.5357,0.5379,0.5201,190254400,0.529
1/6/1992,0.5179,0.5246,0.5268,0.5156,114240000,0.5246
1/7/1992,0.5279,0.5134,0.5313,0.5134,141467200,0.5179
1/8/1992,0.5402,0.5223,0.5469,0.5223,232747200,0.5279
1/9/1992,0.5558,0.5402,0.5558,0.5379,208510400,0.5402
1/10/1992,0.5558,0.5491,0.558,0.5446,196224000,0.5558
1/13/1992,0.5536,0.5558,0.5603,0.5491,107856000,0.5558
1/14/1992,0.5759,0.5558,0.5781,0.5558,273806400,0.5536
1/15/1992,0.567,0.5759,0.5804,0.5625,325740800,0.5759
1/16/1992,0.5603,0.5692,0.5737,0.558,293529600,0.567
1/17/1992,0.5781,0.6071,0.6094,0.5781,848377600,0.5603
1/20/1992,0.5714,0.5759,0.5826,0.5714,209664000,0.5781
1/21/1992,0.5458,0.5737,0.5737,0.5446,194084800,0.5714
1/22/1992,0.567,0.5491,0.5692,0.5469,183680000,0.5458
1/23/1992,0.5759,0.5737,0.5781,0.5625,138353600,0.567
1/24/1992,0.577,0.5759,0.5871,0.5714,177609600,0.5759
1/27/1992,0.5759,0.5781,0.5826,0.5737,83339200,0.577
1/28/1992,0.5826,0.5781,0.5837,0.5625,173723200,0.5759
1/29/1992,0.5647,0.5781,0.5871,0.5647,144558400,0.5826
1/30/1992,0.5692,0.567,0.5692,0.5603,87113600,0.5647
1/31/1992,0.5781,0.5714,0.5826,0.567,144558400,0.5692
2/3/1992,0.5871,0.5781,0.5915,0.5759,158132800,0.5781
2/4/1992,0.5871,0.5871,0.5915,0.5804,192931200,0.5871
2/5/1992,0.5904,0.5915,0.596,0.5815,161504000,0.5871
2/6/1992,0.5725,0.5871,0.5893,0.5714,93139200,0.5904
2/7/1992,0.5714,0.5737,0.5781,0.5603,147537600,0.5725
2/10/1992,0.5636,0.5714,0.5737,0.5625,86441600,0.5714
2/11/1992,0.5614,0.5625,0.5692,0.5558,122012800,0.5636
2/12/1992,0.5826,0.5692,0.5848,0.5625,137961600,0.5614
2/13/1992,0.5737,0.5826,0.5826,0.5692,76014400,0.5826
2/14/1992,0.5725,0.5692,0.5737,0.5647,72587200,0.5737
2/18/1992,0.5603,0.5737,0.5759,0.5603,68353600,0.5725
2/19/1992,0.5536,0.5603,0.5625,0.5513,95670400,0.5603
2/20/1992,0.577,0.558,0.5781,0.5558,130860800,0.5536
2/21/1992,0.5804,0.5781,0.5848,0.5759,151580800,0.577
2/24/1992,0.5904,0.5915,0.5938,0.5871,171404800,0.5804
2/25/1992,0.6116,0.5915,0.6116,0.5826,227214400,0.5904
2/26/1992,0.6239,0.6094,0.625,0.6094,229084800,0.6116
2/27/1992,0.6116,0.625,0.625,0.6071,122169600,0.6239
2/28/1992,0.6027,0.6116,0.6161,0.5982,90395200,0.6116
3/2/1992,0.6004,0.6049,0.6116,0.6004,89252800,0.6027
3/3/1992,0.5926,0.6049,0.6071,0.5915,99276800,0.6004
3/4/1992,0.5804,0.5915,0.596,0.5781,115371200,0.5926
3/5/1992,0.567,0.5759,0.5848,0.5625,236723200,0.5804
3/6/1992,0.5714,0.567,0.5714,0.5625,134288000,0.567
3/9/1992,0.5692,0.5692,0.5737,0.567,108942400,0.5714
3/10/1992,0.5692,0.5714,0.5781,0.5692,122696000,0.5692
3/11/1992,0.5647,0.5692,0.5737,0.5625,130625600,0.5692
3/12/1992,0.5603,0.5647,0.5692,0.5491,152902400,0.5647
3/13/1992,0.5636,0.5647,0.5692,0.5536,79184000,0.5603
3/16/1992,0.5658,0.5603,0.567,0.5513,56291200,0.5636
3/17/1992,0.5614,0.567,0.5692,0.5603,85097600,0.5658
3/18/1992,0.5692,0.5647,0.5714,0.5625,81032000,0.5614
3/19/1992,0.5625,0.5692,0.5692,0.5603,118518400,0.5692
3/20/1992,0.5647,0.5625,0.5647,0.5625,54163200,0.5625
3/23/1992,0.5625,0.5625,0.5692,0.5625,50075200,0.5647
3/24/1992,0.5804,0.567,0.5804,0.5647,209417600,0.5625
3/25/1992,0.5759,0.5804,0.5804,0.5737,121553600,0.5804
3/26/1992,0.5714,0.5781,0.5826,0.5692,123020800,0.5759
3/27/1992,0.5446,0.5703,0.5714,0.5402,264532800,0.5714
3/30/1992,0.519,0.5469,0.5469,0.5156,339035200,0.5446
3/31/1992,0.5201,0.5201,0.5335,0.5179,212016000,0.519
4/1/1992,0.5268,0.5112,0.529,0.5112,159656000,0.5201
4/2/1992,0.5246,0.5268,0.5313,0.5212,133974400,0.5268
4/3/1992,0.5268,0.5246,0.529,0.5223,116457600,0.5246
4/6/1992,0.5424,0.5268,0.5446,0.5268,101987200,0.5268
4/7/1992,0.5112,0.5446,0.5469,0.5112,230216000,0.5424
4/8/1992,0.4989,0.5089,0.5089,0.4888,367024000,0.5112
4/9/1992,0.5112,0.5,0.5201,0.4933,192136000,0.4989
4/10/1992,0.4955,0.5112,0.5134,0.4911,274064000,0.5112
4/13/1992,0.5045,0.4955,0.5067,0.4933,122830400,0.4955
4/14/1992,0.5246,0.5156,0.529,0.5112,144401600,0.5045
4/15/1992,0.5402,0.5179,0.5435,0.5134,217358400,0.5246
4/16/1992,0.5268,0.5379,0.5424,0.5223,258686400,0.5402
4/20/1992,0.5067,0.5268,0.5268,0.5,206046400,0.5268
4/21/1992,0.5022,0.5089,0.5112,0.5,180364800,0.5067
4/22/1992,0.5145,0.5022,0.5179,0.5022,171528000,0.5022
4/23/1992,0.5089,0.5134,0.5201,0.5,182817600,0.5145
4/24/1992,0.5045,0.5089,0.5201,0.5,98280000,0.5089
4/27/1992,0.4978,0.5,0.5022,0.4911,140268800,0.5045
4/28/1992,0.4844,0.4933,0.4978,0.4732,174126400,0.4978
4/29/1992,0.5089,0.4844,0.5089,0.4844,198900800,0.4844
4/30/1992,0.5368,0.5112,0.5379,0.5045,260265600,0.5089
5/1/1992,0.529,0.5357,0.5424,0.5201,134377600,0.5368
5/4/1992,0.5402,0.5313,0.5469,0.529,123233600,0.529
5/5/1992,0.5402,0.5402,0.5413,0.5313,180084800,0.5402
5/6/1992,0.5513,0.5424,0.5547,0.5402,177990400,0.5402
5/7/1992,0.5424,0.5491,0.5558,0.5402,172356800,0.5513
5/8/1992,0.5536,0.5491,0.5614,0.5446,198699200,0.5424
5/11/1992,0.5558,0.5536,0.5603,0.5491,90899200,0.5536
5/12/1992,0.5558,0.5558,0.5625,0.5513,77044800,0.5558
5/13/1992,0.5603,0.558,0.5647,0.5558,97473600,0.5558
5/14/1992,0.5469,0.5603,0.5625,0.5379,156923200,0.5603
5/15/1992,0.5413,0.5446,0.5469,0.5402,121307200,0.5469
5/18/1992,0.5391,0.5491,0.5491,0.5357,129091200,0.5413
5/19/1992,0.5301,0.5424,0.5424,0.5268,131678400,0.5391
5/20/1992,0.5357,0.5335,0.5379,0.529,173208000,0.5301
5/21/1992,0.5279,0.5379,0.5379,0.5246,137692800,0.5357
5/22/1992,0.5313,0.5268,0.5335,0.5268,46468800,0.5279
5/26/1992,0.529,0.5313,0.5313,0.5246,95614400,0.5313
5/27/1992,0.5379,0.529,0.5379,0.5268,154089600,0.529
5/28/1992,0.5313,0.5357,0.5379,0.5268,127243200,0.5379
5/29/1992,0.5335,0.5335,0.5413,0.5313,178248000,0.5313
6/1/1992,0.5134,0.5112,0.5134,0.5,248046400,0.5335
6/2/1992,0.5045,0.5134,0.5134,0.5022,155680000,0.5134
6/3/1992,0.4833,0.5045,0.5045,0.4821,300574400,0.5045
6/4/1992,0.4866,0.4844,0.4888,0.4777,180152000,0.4833
6/5/1992,0.49,0.4888,0.4933,0.4844,112728000,0.4866
6/8/1992,0.4844,0.4911,0.4911,0.4821,104339200,0.49
6/9/1992,0.4821,0.4844,0.4844,0.4777,101281600,0.4844
6/10/1992,0.4799,0.4821,0.4888,0.4777,126604800,0.4821
6/11/1992,0.481,0.4799,0.4844,0.4777,140515200,0.4799
6/12/1992,0.4877,0.4866,0.4911,0.4844,96510400,0.481
6/15/1992,0.4699,0.4821,0.4821,0.4688,189190400,0.4877
6/16/1992,0.4397,0.4621,0.4643,0.4353,365355200,0.4699
6/17/1992,0.4241,0.4375,0.4397,0.4196,304248000,0.4397
6/18/1992,0.404,0.4241,0.4375,0.3996,433720000,0.4241
6/19/1992,0.3996,0.4107,0.4107,0.3906,427436800,0.404
6/22/1992,0.3951,0.3929,0.3996,0.3817,389939200,0.3996
6/23/1992,0.404,0.4018,0.4063,0.3973,311550400,0.3951
6/24/1992,0.4107,0.4063,0.4107,0.404,211064000,0.404
6/25/1992,0.4074,0.4152,0.4152,0.404,160608000,0.4107
6/26/1992,0.4063,0.4085,0.4107,0.3973,110364800,0.4074
6/29/1992,0.4174,0.4085,0.4208,0.404,188428800,0.4063
6/30/1992,0.4286,0.4174,0.4308,0.4152,193345600,0.4174
7/1/1992,0.4364,0.4286,0.442,0.4263,143528000,0.4286
7/2/1992,0.4129,0.4375,0.4375,0.4085,256648000,0.4364
7/6/1992,0.4118,0.4152,0.4174,0.4063,122001600,0.4129
7/7/1992,0.3951,0.4129,0.4129,0.3884,207088000,0.4118
7/8/1992,0.4085,0.3929,0.4085,0.3929,195955200,0.3951
7/9/1992,0.4096,0.4107,0.4152,0.4085,165793600,0.4085
7/10/1992,0.4085,0.4107,0.4129,0.4007,143628800,0.4096
7/13/1992,0.4196,0.4085,0.4208,0.404,125563200,0.4085
7/14/1992,0.4241,0.4196,0.4286,0.4196,125988800,0.4196
7/15/1992,0.4286,0.4241,0.4375,0.4219,174462400,0.4241
7/16/1992,0.4353,0.4263,0.4375,0.4219,139798400,0.4286
7/17/1992,0.4018,0.4018,0.4107,0.3984,423640000,0.4353
7/20/1992,0.3996,0.3996,0.404,0.3929,192012800,0.4018
7/21/1992,0.4085,0.4063,0.4129,0.4018,131947200,0.3996
7/22/1992,0.3951,0.404,0.4063,0.3929,161974400,0.4085
7/23/1992,0.3996,0.3973,0.3996,0.3906,171987200,0.3951
7/24/1992,0.4096,0.3973,0.4129,0.3929,134971200,0.3996
7/27/1992,0.404,0.4085,0.4152,0.404,80796800,0.4096
7/28/1992,0.4152,0.4063,0.4152,0.404,134243200,0.404
7/29/1992,0.4219,0.4163,0.4263,0.4152,250768000,0.4152
7/30/1992,0.4219,0.4219,0.4241,0.4174,137894400,0.4219
7/31/1992,0.4174,0.4219,0.4241,0.4174,90708800,0.4219
8/3/1992,0.4085,0.4174,0.4219,0.4063,68544000,0.4174
8/4/1992,0.4063,0.4018,0.4085,0.3996,119716800,0.4085
8/5/1992,0.3996,0.4063,0.4063,0.3973,139260800,0.4063
8/6/1992,0.3929,0.3951,0.3973,0.3817,257969600,0.3996
8/7/1992,0.3873,0.375,0.3906,0.3705,219161600,0.3929
8/10/1992,0.394,0.3862,0.3973,0.3839,91448000,0.3873
8/11/1992,0.3884,0.3973,0.3973,0.3839,121307200,0.394
8/12/1992,0.394,0.3906,0.3951,0.3862,119985600,0.3884
8/13/1992,0.3962,0.3973,0.4063,0.3951,170990400,0.394
8/14/1992,0.3996,0.4018,0.404,0.3973,136102400,0.3962
8/17/1992,0.3996,0.3951,0.3996,0.3906,128710400,0.3996
8/18/1992,0.3996,0.3973,0.404,0.3973,112313600,0.3996
8/19/1992,0.3973,0.3984,0.404,0.3973,170542400,0.3996
8/20/1992,0.3996,0.3996,0.4018,0.3951,108908800,0.3973
8/21/1992,0.3984,0.3996,0.404,0.3929,109468800,0.3996
8/24/1992,0.3862,0.3951,0.3996,0.3862,152174400,0.3984
8/25/1992,0.3962,0.3862,0.3973,0.3862,132361600,0.3862
8/26/1992,0.3951,0.3951,0.3973,0.3862,121060800,0.3962
8/27/1992,0.3984,0.3996,0.4029,0.3951,82745600,0.3951
8/28/1992,0.4018,0.3951,0.404,0.3929,61241600,0.3984
8/31/1992,0.4107,0.4018,0.4129,0.3996,121116800,0.4018
9/1/1992,0.4152,0.4129,0.4152,0.4085,60289600,0.4107
9/2/1992,0.433,0.4152,0.4353,0.4152,189896000,0.4152
9/3/1992,0.4263,0.4375,0.4397,0.4263,211859200,0.433
9/4/1992,0.4219,0.4308,0.4308,0.4174,63235200,0.4263
9/8/1992,0.4263,0.4174,0.4308,0.4152,70000000,0.4219
9/9/1992,0.4375,0.4286,0.4397,0.4263,157203200,0.4263
9/10/1992,0.4397,0.4286,0.442,0.4241,228177600,0.4375
9/11/1992,0.4252,0.4375,0.4397,0.4241,179883200,0.4397
9/14/1992,0.442,0.4375,0.4464,0.433,214681600,0.4252
9/15/1992,0.4308,0.4397,0.4397,0.4263,218523200,0.442
9/16/1992,0.4196,0.4263,0.4308,0.4152,178718400,0.4308
9/17/1992,0.4107,0.4219,0.4219,0.4051,172435200,0.4196
9/18/1992,0.4152,0.4085,0.4185,0.404,115606400,0.4107
9/21/1992,0.4152,0.4174,0.4263,0.4129,89678400,0.4152
9/22/1992,0.4085,0.4174,0.4174,0.404,111540800,0.4152
9/23/1992,0.4241,0.4107,0.4241,0.4063,123972800,0.4085
9/24/1992,0.4141,0.4219,0.4263,0.4129,125652800,0.4241
9/25/1992,0.4063,0.4129,0.4152,0.404,137468800,0.4141
9/28/1992,0.3996,0.4018,0.4018,0.3906,149520000,0.4063
9/29/1992,0.4007,0.3973,0.4063,0.3929,157270400,0.3996
9/30/1992,0.4029,0.4018,0.4063,0.3973,100049600,0.4007
10/1/1992,0.3951,0.3996,0.4029,0.3951,122169600,0.4029
10/2/1992,0.3906,0.3973,0.3996,0.3839,113377600,0.3951
10/5/1992,0.3884,0.3862,0.3906,0.3705,264958400,0.3906
10/6/1992,0.3996,0.3906,0.4018,0.3817,113444800,0.3884
10/7/1992,0.3906,0.4018,0.404,0.3884,113310400,0.3996
10/8/1992,0.3884,0.3929,0.3951,0.3839,126974400,0.3906
10/9/1992,0.3873,0.3884,0.3929,0.3839,58744000,0.3884
10/12/1992,0.3929,0.3862,0.3951,0.385,71635200,0.3873
10/13/1992,0.4051,0.3996,0.4107,0.3929,147179200,0.3929
10/14/1992,0.4107,0.404,0.4129,0.4018,95726400,0.4051
10/15/1992,0.4063,0.4085,0.4107,0.404,75420800,0.4107
10/16/1992,0.4375,0.4174,0.442,0.4152,451326400,0.4063
10/19/1992,0.4375,0.4375,0.4397,0.433,196044800,0.4375
10/20/1992,0.4386,0.4375,0.4464,0.433,287246400,0.4375
10/21/1992,0.433,0.4397,0.442,0.4286,114251200,0.4386
10/22/1992,0.4353,0.433,0.4397,0.4308,84470400,0.433
10/23/1992,0.4353,0.4397,0.442,0.4308,91425600,0.4353
10/26/1992,0.4598,0.4353,0.4598,0.433,250689600,0.4353
10/27/1992,0.4598,0.4598,0.4688,0.4554,211960000,0.4598
10/28/1992,0.4665,0.4576,0.471,0.4531,196593600,0.4598
10/29/1992,0.4754,0.4665,0.4821,0.4643,213337600,0.4665
10/30/1992,0.4688,0.4777,0.4777,0.4643,129830400,0.4754
11/2/1992,0.4665,0.4688,0.471,0.4621,170094400,0.4688
11/3/1992,0.4643,0.4688,0.4688,0.4598,112750400,0.4665
11/4/1992,0.4688,0.4643,0.471,0.4643,136360000,0.4643
11/5/1992,0.4911,0.4688,0.4911,0.4688,298054400,0.4688
11/6/1992,0.4978,0.4888,0.5045,0.4888,263972800,0.4911
11/9/1992,0.4933,0.5,0.5,0.4888,112929600,0.4978
11/10/1992,0.5022,0.4911,0.5045,0.4888,122225600,0.4933
11/11/1992,0.5067,0.5045,0.5201,0.5022,140425600,0.5022
11/12/1992,0.5078,0.5089,0.5134,0.5033,107598400,0.5067
11/13/1992,0.5022,0.5089,0.5112,0.5,84750400,0.5078
11/16/1992,0.5123,0.5022,0.5156,0.5,67547200,0.5022
11/17/1992,0.4933,0.5112,0.5134,0.49,168806400,0.5123
11/18/1992,0.5156,0.5,0.5201,0.4955,304808000,0.4933
11/19/1992,0.5201,0.5156,0.5313,0.5156,240542400,0.5156
11/20/1992,0.5134,0.5223,0.5246,0.5089,155489600,0.5201
11/23/1992,0.5067,0.5045,0.5089,0.5022,152723200,0.5134
11/24/1992,0.5134,0.5089,0.5134,0.5045,156822400,0.5067
11/25/1992,0.5045,0.5089,0.5112,0.5,117320000,0.5134
11/27/1992,0.5045,0.5045,0.5112,0.5022,47196800,0.5045
11/30/1992,0.5134,0.5022,0.5134,0.4967,160507200,0.5045
12/1/1992,0.5201,0.5112,0.5268,0.5067,128049600,0.5134
12/2/1992,0.5112,0.5201,0.5223,0.5089,97776000,0.5201
12/3/1992,0.5134,0.5045,0.5145,0.5011,187588800,0.5112
12/4/1992,0.5078,0.5112,0.5134,0.5045,95782400,0.5134
12/7/1992,0.5156,0.5067,0.5156,0.5067,144222400,0.5078
12/8/1992,0.519,0.5156,0.5246,0.5156,196638400,0.5156
12/9/1992,0.5145,0.5156,0.5179,0.5112,159409600,0.519
12/10/1992,0.5112,0.5123,0.5145,0.5045,140190400,0.5145
12/11/1992,0.5134,0.5112,0.5201,0.5112,120187200,0.5112
12/14/1992,0.5112,0.5134,0.5156,0.5067,110510400,0.5134
12/15/1992,0.5033,0.5067,0.5089,0.4955,182537600,0.5112
12/16/1992,0.4911,0.5022,0.5089,0.4866,225926400,0.5033
12/17/1992,0.5078,0.4933,0.5134,0.4933,233867200,0.4911
12/18/1992,0.5201,0.5134,0.529,0.5112,235457600,0.5078
12/21/1992,0.5324,0.5201,0.5357,0.5179,256065600,0.5201
12/22/1992,0.5413,0.5335,0.5469,0.5335,280168000,0.5324
12/23/1992,0.5335,0.5379,0.5402,0.529,112313600,0.5413
12/24/1992,0.5268,0.5357,0.5357,0.5268,45684800,0.5335
12/28/1992,0.5313,0.529,0.5335,0.529,70448000,0.5268
12/29/1992,0.5324,0.5313,0.5424,0.5313,116278400,0.5313
12/30/1992,0.5246,0.5335,0.5335,0.5246,100587200,0.5324
12/31/1992,0.5335,0.5246,0.5357,0.5246,92232000,0.5246
1/4/1993,0.5201,0.5313,0.5357,0.5156,129136000,0.5335
1/5/1993,0.529,0.5179,0.529,0.5112,186256000,0.5201
1/6/1993,0.5513,0.5446,0.5536,0.5402,281400000,0.529
1/7/1993,0.5446,0.5513,0.558,0.5413,272137600,0.5513
1/8/1993,0.5558,0.5424,0.5625,0.5335,320936000,0.5446
1/11/1993,0.5725,0.5558,0.5748,0.5513,273728000,0.5558
1/12/1993,0.5491,0.5603,0.5692,0.5491,346158400,0.5725
1/13/1993,0.567,0.5491,0.5714,0.5469,199640000,0.5491
1/14/1993,0.5804,0.5714,0.5826,0.5692,367808000,0.567
1/15/1993,0.5379,0.5446,0.5558,0.5357,902630400,0.5804
1/18/1993,0.5313,0.5313,0.5357,0.5179,333636800,0.5379
1/19/1993,0.5335,0.5335,0.5402,0.529,274041600,0.5313
1/20/1993,0.5357,0.5335,0.5379,0.5313,158737600,0.5335
1/21/1993,0.5357,0.5335,0.5379,0.5246,184419200,0.5357
1/22/1993,0.5313,0.5379,0.5379,0.5268,146944000,0.5357
1/25/1993,0.5357,0.529,0.5402,0.529,202272000,0.5313
1/26/1993,0.5424,0.5402,0.5536,0.5402,285622400,0.5357
1/27/1993,0.5379,0.5446,0.5513,0.5246,226620800,0.5424
1/28/1993,0.5346,0.5357,0.5379,0.529,184038400,0.5379
1/29/1993,0.5313,0.5379,0.5469,0.5268,266100800,0.5346
2/1/1993,0.5469,0.529,0.5469,0.529,240553600,0.5313
2/2/1993,0.5379,0.5424,0.5491,0.5379,182336000,0.5469
2/3/1993,0.5357,0.5446,0.5446,0.5223,264185600,0.5379
2/4/1993,0.5313,0.5357,0.5379,0.5268,208152000,0.5357
2/5/1993,0.5112,0.529,0.5313,0.5022,367617600,0.5313
2/8/1993,0.5045,0.5089,0.5134,0.4955,281075200,0.5112
2/9/1993,0.5078,0.5089,0.5123,0.5045,238660800,0.5045
2/10/1993,0.4978,0.5089,0.5112,0.4911,268284800,0.5078
2/11/1993,0.4922,0.4978,0.5022,0.4911,168268800,0.4978
2/12/1993,0.481,0.4911,0.4955,0.4799,275396800,0.4922
2/16/1993,0.4732,0.4777,0.4777,0.4598,407736000,0.481
2/17/1993,0.481,0.4754,0.4821,0.4643,249580800,0.4732
2/18/1993,0.4911,0.4922,0.4933,0.4777,280123200,0.481
2/19/1993,0.4911,0.4933,0.4955,0.4888,177800000,0.4911
2/22/1993,0.4922,0.4911,0.5,0.4888,98761600,0.4911
2/23/1993,0.4844,0.4911,0.4933,0.4821,194073600,0.4922
2/24/1993,0.4788,0.4654,0.481,0.4654,286675200,0.4844
2/25/1993,0.4888,0.4754,0.4888,0.4754,167227200,0.4788
2/26/1993,0.4732,0.4844,0.4844,0.4665,294884800,0.4888
3/1/1993,0.4754,0.4732,0.4777,0.471,119302400,0.4732
3/2/1993,0.4844,0.4732,0.4866,0.4732,147694400,0.4754
3/3/1993,0.4877,0.4821,0.4911,0.4754,202697600,0.4844
3/4/1993,0.4911,0.4866,0.4944,0.4777,188339200,0.4877
3/5/1993,0.4911,0.4888,0.4978,0.4888,111619200,0.4911
3/8/1993,0.5045,0.4911,0.5067,0.4911,177004800,0.4911
3/9/1993,0.5067,0.5045,0.5134,0.5045,154828800,0.5045
3/10/1993,0.5067,0.5067,0.5112,0.5,132496000,0.5067
3/11/1993,0.5078,0.5089,0.5112,0.5022,144614400,0.5067
3/12/1993,0.5022,0.5067,0.5067,0.4955,126694400,0.5078
3/15/1993,0.5089,0.5,0.5112,0.4944,136035200,0.5022
3/16/1993,0.5045,0.5112,0.5156,0.5045,101057600,0.5089
3/17/1993,0.4922,0.5045,0.5089,0.4911,176220800,0.5045
3/18/1993,0.4866,0.4911,0.4967,0.4866,106187200,0.4922
3/19/1993,0.4799,0.4911,0.4933,0.4777,154100800,0.4866
3/22/1993,0.4754,0.4777,0.481,0.471,165200000,0.4799
3/23/1993,0.471,0.4754,0.4821,0.4699,102536000,0.4754
3/24/1993,0.4799,0.471,0.4844,0.4688,143068800,0.471
3/25/1993,0.4888,0.4799,0.4888,0.4777,171046400,0.4799
3/26/1993,0.4754,0.4888,0.4888,0.4688,151132800,0.4888
3/29/1993,0.4554,0.4665,0.4688,0.4531,261710400,0.4754
3/30/1993,0.4665,0.4565,0.4665,0.4487,264051200,0.4554
3/31/1993,0.4598,0.4688,0.471,0.4576,223036800,0.4665
4/1/1993,0.4621,0.4576,0.4643,0.4554,108203200,0.4598
4/2/1993,0.4475,0.4509,0.4576,0.442,253792000,0.4621
4/5/1993,0.4464,0.4464,0.4509,0.442,149172800,0.4475
4/6/1993,0.4353,0.4464,0.4487,0.4353,168369600,0.4464
4/7/1993,0.4509,0.4375,0.4531,0.433,162848000,0.4353
4/8/1993,0.4442,0.4464,0.4509,0.4375,163430400,0.4509
4/12/1993,0.4464,0.442,0.4554,0.442,93049600,0.4442
4/13/1993,0.433,0.4509,0.4576,0.4308,164483200,0.4464
4/14/1993,0.4353,0.4308,0.4353,0.4252,170060800,0.433
4/15/1993,0.4219,0.4308,0.4308,0.4174,218702400,0.4353
4/16/1993,0.4297,0.4219,0.4353,0.4219,686795200,0.4219
4/19/1993,0.433,0.433,0.4397,0.4308,227864000,0.4297
4/20/1993,0.4464,0.4353,0.4487,0.4308,240049600,0.433
4/21/1993,0.4431,0.4487,0.4531,0.4397,205273600,0.4464
4/22/1993,0.4464,0.4397,0.4509,0.4375,157673600,0.4431
4/23/1993,0.4397,0.4442,0.4487,0.4353,134142400,0.4464
4/26/1993,0.4375,0.4397,0.4442,0.433,102804800,0.4397
4/27/1993,0.4487,0.4353,0.4487,0.4353,129673600,0.4375
4/28/1993,0.4587,0.4442,0.4643,0.4442,163240000,0.4487
4/29/1993,0.4531,0.4598,0.4621,0.4475,82443200,0.4587
4/30/1993,0.4576,0.4531,0.4688,0.4531,132339200,0.4531
5/3/1993,0.4632,0.4576,0.4643,0.4554,65184000,0.4576
5/4/1993,0.4766,0.4665,0.4866,0.4643,170822400,0.4632
5/5/1993,0.4866,0.4754,0.4955,0.4732,253064000,0.4766
5/6/1993,0.4821,0.4866,0.4888,0.4777,70459200,0.4866
5/7/1993,0.4888,0.4777,0.4888,0.4777,81894400,0.4821
5/10/1993,0.4911,0.4911,0.4989,0.4911,137928000,0.4888
5/11/1993,0.4866,0.4933,0.4933,0.4821,158379200,0.4911
5/12/1993,0.4754,0.4844,0.4888,0.4732,105224000,0.4866
5/13/1993,0.4955,0.4777,0.4978,0.4777,361726400,0.4754
5/14/1993,0.4955,0.4933,0.5,0.4911,117409600,0.4955
5/17/1993,0.4978,0.4955,0.5,0.4911,69641600,0.4955
5/18/1993,0.4955,0.4955,0.5022,0.4911,163475200,0.4978
5/19/1993,0.5112,0.4888,0.5134,0.4866,172771200,0.4955
5/20/1993,0.5246,0.5112,0.5268,0.5112,290528000,0.5112
5/21/1993,0.5134,0.5246,0.5279,0.5056,148086400,0.5246
5/24/1993,0.5145,0.5067,0.5246,0.5067,150315200,0.5134
5/25/1993,0.5033,0.5067,0.5134,0.4978,180723200,0.5145
5/26/1993,0.5156,0.5,0.5156,0.4944,121564800,0.5033
5/27/1993,0.5134,0.5156,0.5223,0.5112,197288000,0.5156
5/28/1993,0.5056,0.5089,0.5134,0.5022,183948800,0.5134
6/1/1993,0.5089,0.5067,0.5156,0.5045,135072000,0.5056
6/2/1993,0.5089,0.5067,0.5201,0.5,200480000,0.5089
6/3/1993,0.5033,0.5089,0.5112,0.5,156856000,0.5089
6/4/1993,0.49,0.4978,0.5022,0.4866,213684800,0.5033
6/7/1993,0.4531,0.4866,0.4888,0.4498,482305600,0.49
6/8/1993,0.442,0.4375,0.4464,0.4286,621096000,0.4531
6/9/1993,0.3951,0.4018,0.4074,0.3929,1178419200,0.442
6/10/1993,0.3973,0.3884,0.3996,0.3795,553705600,0.3951
6/11/1993,0.3906,0.4018,0.404,0.3873,242323200,0.3973
6/14/1993,0.3984,0.3929,0.3996,0.3884,249491200,0.3906
6/15/1993,0.375,0.404,0.404,0.3739,448324800,0.3984
6/16/1993,0.3772,0.3772,0.3862,0.3705,353080000,0.375
6/17/1993,0.3683,0.3795,0.3795,0.3616,409438400,0.3772
6/18/1993,0.3661,0.3717,0.3761,0.3549,311292800,0.3683
6/21/1993,0.3538,0.3616,0.3616,0.3527,273582400,0.3661
6/22/1993,0.3694,0.365,0.375,0.3549,336380800,0.3538
6/23/1993,0.3616,0.3728,0.3728,0.3571,180723200,0.3694
6/24/1993,0.3728,0.3594,0.3728,0.3571,222835200,0.3616
6/25/1993,0.3571,0.3594,0.3638,0.3527,257163200,0.3728
6/28/1993,0.3583,0.3616,0.3616,0.346,353617600,0.3571
6/29/1993,0.3482,0.3594,0.3594,0.3438,294268800,0.3583
6/30/1993,0.3527,0.346,0.3549,0.3438,200256000,0.3482
7/1/1993,0.3393,0.3482,0.3549,0.3393,218164800,0.3527
7/2/1993,0.3438,0.3393,0.346,0.3371,191632000,0.3393
7/6/1993,0.3371,0.3415,0.3482,0.3348,155254400,0.3438
7/7/1993,0.3259,0.3348,0.3382,0.3237,227035200,0.3371
7/8/1993,0.3259,0.3259,0.3348,0.3237,138969600,0.3259
7/9/1993,0.3281,0.3304,0.3326,0.3259,156878400,0.3259
7/12/1993,0.3393,0.3281,0.3415,0.3237,173880000,0.3281
7/13/1993,0.3326,0.346,0.346,0.3304,158547200,0.3393
7/14/1993,0.3326,0.3281,0.3348,0.3192,246299200,0.3326
7/15/1993,0.3192,0.3326,0.3371,0.3147,338016000,0.3326
7/16/1993,0.2455,0.2545,0.2712,0.2366,2120260800,0.3192
7/19/1993,0.2288,0.2522,0.2567,0.2277,808864000,0.2455
7/20/1993,0.24,0.2344,0.2478,0.2299,536132800,0.2288
7/21/1993,0.2344,0.2321,0.2388,0.2277,458752000,0.24
7/22/1993,0.2366,0.2321,0.2411,0.2299,212587200,0.2344
7/23/1993,0.2344,0.2467,0.2455,0.2321,234236800,0.2366
7/26/1993,0.24,0.2388,0.2455,0.2321,153126400,0.2344
7/27/1993,0.2366,0.2388,0.2455,0.2344,197870400,0.24
7/28/1993,0.24,0.2344,0.2411,0.2344,91761600,0.2366
7/29/1993,0.2433,0.2411,0.2455,0.2388,126761600,0.24
7/30/1993,0.2478,0.2455,0.2522,0.2411,214782400,0.2433
8/2/1993,0.2545,0.2522,0.2612,0.25,217380800,0.2478
8/3/1993,0.2589,0.2589,0.2612,0.2567,177508800,0.2545
8/4/1993,0.2701,0.2612,0.2723,0.2589,244283200,0.2589
8/5/1993,0.2634,0.2723,0.2746,0.2366,210716800,0.2701
8/6/1993,0.2612,0.2612,0.2701,0.2612,131656000,0.2634
8/9/1993,0.2656,0.2612,0.2701,0.2589,161436800,0.2612
8/10/1993,0.2545,0.2656,0.2656,0.2511,152913600,0.2656
8/11/1993,0.2455,0.2545,0.2567,0.2411,168571200,0.2545
8/12/1993,0.2366,0.2455,0.2478,0.2321,344209600,0.2455
8/13/1993,0.2444,0.2366,0.2478,0.2344,139249600,0.2366
8/16/1993,0.2455,0.2455,0.25,0.2344,106422400,0.2444
8/17/1993,0.2533,0.2478,0.2545,0.2433,111428800,0.2455
8/18/1993,0.2545,0.2567,0.2656,0.2522,189324800,0.2533
8/19/1993,0.2455,0.2567,0.2567,0.2455,153596800,0.2545
8/20/1993,0.25,0.2478,0.25,0.2411,100900800,0.2455
8/23/1993,0.2533,0.25,0.2567,0.2455,91179200,0.25
8/24/1993,0.25,0.25,0.2567,0.2478,101270400,0.2533
8/25/1993,0.2433,0.2489,0.2522,0.2388,146193600,0.25
8/26/1993,0.24,0.2433,0.2433,0.2366,176590400,0.2433
8/27/1993,0.2366,0.2411,0.2411,0.2344,187812800,0.24
8/30/1993,0.2321,0.2366,0.2366,0.231,273739200,0.2366
8/31/1993,0.2366,0.2366,0.2388,0.2321,127870400,0.2321
9/1/1993,0.2333,0.2366,0.2388,0.2299,225568000,0.2366
9/2/1993,0.2299,0.2321,0.2344,0.2254,282251200,0.2333
9/3/1993,0.2299,0.2321,0.2321,0.2254,163262400,0.2299
9/7/1993,0.2344,0.2321,0.2411,0.2299,143763200,0.2299
9/8/1993,0.2388,0.2344,0.2411,0.2321,226654400,0.2344
9/9/1993,0.2321,0.2388,0.2411,0.231,149598400,0.2388
9/10/1993,0.2344,0.2344,0.2366,0.2266,134489600,0.2321
9/13/1993,0.2254,0.2344,0.2366,0.221,257600000,0.2344
9/14/1993,0.2165,0.2165,0.2232,0.2143,277323200,0.2254
9/15/1993,0.2188,0.2176,0.2232,0.2098,259201600,0.2165
9/16/1993,0.221,0.2176,0.2232,0.2165,86688000,0.2188
9/17/1993,0.2254,0.2176,0.2277,0.2165,173376000,0.221
9/20/1993,0.2221,0.2254,0.2277,0.221,111193600,0.2254
9/21/1993,0.2188,0.221,0.2254,0.2132,146283200,0.2221
9/22/1993,0.2277,0.2165,0.2277,0.2165,110488000,0.2188
9/23/1993,0.221,0.2277,0.2277,0.2188,131174400,0.2277
9/24/1993,0.2232,0.2232,0.2254,0.2188,76776000,0.221
9/27/1993,0.221,0.2232,0.2254,0.2165,113512000,0.2232
9/28/1993,0.221,0.221,0.2232,0.2165,94550400,0.221
9/29/1993,0.2132,0.2165,0.2221,0.2121,237148800,0.221
9/30/1993,0.2087,0.2143,0.2143,0.2054,281041600,0.2132
10/1/1993,0.2009,0.2031,0.2121,0.2009,346337600,0.2087
10/4/1993,0.2031,0.202,0.2054,0.1964,193009600,0.2009
10/5/1993,0.2098,0.2054,0.2143,0.2054,177587200,0.2031
10/6/1993,0.2109,0.2121,0.2143,0.2087,176444800,0.2098
10/7/1993,0.2054,0.2098,0.2121,0.2031,136012800,0.2109
10/8/1993,0.202,0.2076,0.2076,0.1987,140907200,0.2054
10/11/1993,0.2121,0.2031,0.2143,0.2031,161739200,0.202
10/12/1993,0.2143,0.2176,0.2232,0.2121,314652800,0.2121
10/13/1993,0.2143,0.2165,0.2221,0.2098,177408000,0.2143
10/14/1993,0.2121,0.2143,0.2188,0.2098,160697600,0.2143
10/15/1993,0.2522,0.2478,0.2545,0.2188,964252800,0.2121
10/18/1993,0.2533,0.25,0.2567,0.2478,334756800,0.2522
10/19/1993,0.2478,0.2522,0.2545,0.2433,214648000,0.2533
10/20/1993,0.2478,0.25,0.2522,0.2433,138768000,0.2478
10/21/1993,0.2701,0.2455,0.279,0.2433,635521600,0.2478
10/22/1993,0.2701,0.2701,0.2813,0.2656,399851200,0.2701
10/25/1993,0.2679,0.2701,0.2723,0.2645,219217600,0.2701
10/26/1993,0.2656,0.2656,0.2679,0.2589,222476800,0.2679
10/27/1993,0.2835,0.2667,0.2879,0.2656,460980800,0.2656
10/28/1993,0.2768,0.2835,0.2879,0.2768,244865600,0.2835
10/29/1993,0.2746,0.2768,0.2835,0.2723,140112000,0.2768
11/1/1993,0.2813,0.2746,0.2813,0.2701,110902400,0.2746
11/2/1993,0.2924,0.279,0.2946,0.2768,227326400,0.2813
11/3/1993,0.2824,0.2935,0.2946,0.2768,178472000,0.2924
11/4/1993,0.2879,0.2813,0.2891,0.2701,186872000,0.2824
11/5/1993,0.2846,0.2846,0.2879,0.2746,378033600,0.2879
11/8/1993,0.2746,0.2857,0.2879,0.2723,169075200,0.2846
11/9/1993,0.269,0.2768,0.279,0.2656,184284800,0.2746
11/10/1993,0.2746,0.2701,0.2746,0.2679,77672000,0.269
11/11/1993,0.2801,0.2746,0.2857,0.2723,142553600,0.2746
11/12/1993,0.2835,0.2813,0.2857,0.2723,164057600,0.2801
11/15/1993,0.2857,0.2824,0.2924,0.2813,158894400,0.2835
11/16/1993,0.3036,0.2857,0.3058,0.2835,307316800,0.2857
11/17/1993,0.2991,0.3036,0.3125,0.2924,335160000,0.3036
11/18/1993,0.2991,0.2991,0.3013,0.2946,114968000,0.2991
11/19/1993,0.2946,0.2946,0.2991,0.2902,123984000,0.2991
11/22/1993,0.2902,0.2902,0.2946,0.2879,150673600,0.2946
11/23/1993,0.2946,0.2902,0.2958,0.279,189694400,0.2902
11/24/1993,0.2946,0.2924,0.2991,0.2902,91358400,0.2946
11/26/1993,0.2913,0.2924,0.2946,0.2879,43668800,0.2946
11/29/1993,0.2835,0.2879,0.2902,0.2813,96936000,0.2913
11/30/1993,0.2813,0.2857,0.2924,0.2813,117790400,0.2835
12/1/1993,0.2813,0.2857,0.2879,0.279,110992000,0.2813
12/2/1993,0.2835,0.2835,0.2857,0.2768,104776000,0.2813
12/3/1993,0.2813,0.2835,0.2857,0.2768,128564800,0.2835
12/6/1993,0.2879,0.2813,0.2902,0.279,162915200,0.2813
12/7/1993,0.2879,0.2857,0.2879,0.2813,64265600,0.2879
12/8/1993,0.2846,0.2857,0.2879,0.2813,41272000,0.2879
12/9/1993,0.2679,0.2835,0.2857,0.2656,206337600,0.2846
12/10/1993,0.2522,0.2701,0.2723,0.2478,506744000,0.2679
12/13/1993,0.2634,0.2522,0.2634,0.2478,249390400,0.2522
12/14/1993,0.26,0.2612,0.2656,0.2589,297953600,0.2634
12/15/1993,0.2656,0.2589,0.2656,0.2589,124432000,0.26
12/16/1993,0.2623,0.2634,0.2656,0.2589,128788800,0.2656
12/17/1993,0.2634,0.2634,0.2656,0.26,146384000,0.2623
12/20/1993,0.2545,0.2612,0.2656,0.2522,193188800,0.2634
12/21/1993,0.2455,0.2545,0.2567,0.2433,254654400,0.2545
12/22/1993,0.25,0.2433,0.2589,0.2411,187376000,0.2455
12/23/1993,0.2433,0.2411,0.2433,0.2366,230339200,0.25
12/27/1993,0.2545,0.2467,0.2567,0.2433,160552000,0.2433
12/28/1993,0.26,0.2578,0.2634,0.2545,160328000,0.2545
12/29/1993,0.2545,0.2612,0.2612,0.2545,105526400,0.26
12/30/1993,0.2656,0.2545,0.2701,0.2545,318987200,0.2545
12/31/1993,0.2612,0.2667,0.2701,0.2612,163744000,0.2656
1/3/1994,0.2667,0.2645,0.2679,0.2589,363059200,0.2612
1/4/1994,0.2813,0.2679,0.2813,0.2679,286787200,0.2667
1/5/1994,0.3013,0.2846,0.3025,0.2835,624500800,0.2813
1/6/1994,0.2924,0.3025,0.3036,0.2902,369185600,0.3013
1/7/1994,0.2958,0.2835,0.2969,0.279,300126400,0.2924
1/10/1994,0.3002,0.2946,0.3025,0.2924,203179200,0.2958
1/11/1994,0.2846,0.2991,0.3013,0.2835,364548800,0.3002
1/12/1994,0.2723,0.2879,0.2879,0.2679,444595200,0.2846
1/13/1994,0.2734,0.2656,0.2746,0.2656,661236800,0.2723
1/14/1994,0.2768,0.2746,0.2835,0.2723,215712000,0.2734
1/17/1994,0.2712,0.2768,0.2813,0.2679,147526400,0.2768
1/18/1994,0.2623,0.269,0.2701,0.2589,369756800,0.2712
1/19/1994,0.2612,0.2623,0.2656,0.2567,405227200,0.2623
1/20/1994,0.2667,0.2634,0.2746,0.2634,267971200,0.2612
1/21/1994,0.298,0.2813,0.2991,0.2879,995825600,0.2667
1/24/1994,0.3125,0.2991,0.3147,0.2969,692148800,0.298
1/25/1994,0.3025,0.3103,0.3125,0.2969,442332800,0.3125
1/26/1994,0.2991,0.3013,0.3036,0.2969,167406400,0.3025
1/27/1994,0.3047,0.2991,0.3058,0.2946,134209600,0.2991
1/28/1994,0.3036,0.3058,0.3103,0.3013,141019200,0.3047
1/31/1994,0.2924,0.3013,0.3013,0.2924,241091200,0.3036
2/1/1994,0.2969,0.2935,0.2991,0.2879,157808000,0.2924
2/2/1994,0.2946,0.2946,0.2969,0.2902,148937600,0.2969
2/3/1994,0.2991,0.2924,0.3002,0.2902,139350400,0.2946
2/4/1994,0.2991,0.2991,0.3125,0.2969,365892800,0.2991
2/7/1994,0.3259,0.2991,0.3315,0.2991,754913600,0.2991
2/8/1994,0.3192,0.3259,0.3259,0.3147,288814400,0.3259
2/9/1994,0.3237,0.3192,0.3259,0.3147,189403200,0.3192
2/10/1994,0.3259,0.3237,0.3348,0.3214,304572800,0.3237
2/11/1994,0.3304,0.3259,0.3348,0.3237,170184000,0.3259
2/14/1994,0.3304,0.3304,0.3393,0.3281,249704000,0.3304
2/15/1994,0.3315,0.3281,0.3348,0.3237,131152000,0.3304
2/16/1994,0.3281,0.3326,0.3348,0.3281,122886400,0.3315
2/17/1994,0.3304,0.3326,0.3382,0.3237,146865600,0.3281
2/18/1994,0.3237,0.3259,0.3304,0.3237,151020800,0.3304
2/22/1994,0.3326,0.3259,0.3348,0.3192,215857600,0.3237
2/23/1994,0.3326,0.3348,0.3415,0.3304,263054400,0.3326
2/24/1994,0.327,0.3304,0.3326,0.3237,199080000,0.3326
2/25/1994,0.3214,0.3292,0.3326,0.317,242099200,0.327
2/28/1994,0.3259,0.3237,0.3304,0.3214,126481600,0.3214
3/1/1994,0.3237,0.3281,0.3281,0.3192,214110400,0.3259
3/2/1994,0.3181,0.3147,0.3237,0.3103,299286400,0.3237
3/3/1994,0.3192,0.3158,0.3237,0.3158,190724800,0.3181
3/4/1994,0.3281,0.3214,0.3348,0.3192,227214400,0.3192
3/7/1994,0.3382,0.3304,0.3404,0.3281,312692800,0.3281
3/8/1994,0.3304,0.3393,0.3393,0.3281,187689600,0.3382
3/9/1994,0.3348,0.327,0.3348,0.3214,248774400,0.3304
3/10/1994,0.3326,0.3326,0.3359,0.3281,148601600,0.3348
3/11/1994,0.3326,0.3304,0.3371,0.3281,162153600,0.3326
3/14/1994,0.3404,0.3438,0.3438,0.3371,446174400,0.3326
3/15/1994,0.3359,0.3415,0.3415,0.3326,204792000,0.3404
3/16/1994,0.3281,0.3348,0.3371,0.3237,147224000,0.3359
3/17/1994,0.3259,0.3281,0.3304,0.3237,156228800,0.3281
3/18/1994,0.3248,0.3281,0.3281,0.3192,226587200,0.3259
3/21/1994,0.317,0.3248,0.3259,0.3147,246769600,0.3248
3/22/1994,0.3125,0.3147,0.317,0.308,243051200,0.317
3/23/1994,0.3136,0.3147,0.317,0.3058,216764800,0.3125
3/24/1994,0.308,0.3136,0.3147,0.3036,188563200,0.3136
3/25/1994,0.2924,0.3103,0.3103,0.2924,354379200,0.308
3/28/1994,0.2969,0.2946,0.3036,0.2924,283035200,0.2924
3/29/1994,0.2924,0.2969,0.3013,0.2879,213998400,0.2969
3/30/1994,0.2902,0.2902,0.2969,0.2835,169892800,0.2924
3/31/1994,0.2969,0.2902,0.2991,0.2813,210873600,0.2902
4/4/1994,0.2969,0.2879,0.2991,0.2835,170497600,0.2969
4/5/1994,0.2991,0.3013,0.3058,0.2946,97675200,0.2969
4/6/1994,0.2991,0.3036,0.3036,0.2924,128497600,0.2991
4/7/1994,0.2963,0.2991,0.3013,0.2924,76361600,0.2991
4/8/1994,0.2991,0.3013,0.3036,0.2969,175952000,0.2963
4/11/1994,0.2991,0.2991,0.2991,0.2902,106825600,0.2991
4/12/1994,0.2857,0.298,0.298,0.2835,136864000,0.2991
4/13/1994,0.2835,0.2879,0.2902,0.279,233150400,0.2857
4/14/1994,0.2813,0.2723,0.2835,0.2679,222532800,0.2835
4/15/1994,0.2701,0.279,0.2813,0.2679,188350400,0.2813
4/18/1994,0.2645,0.2723,0.2723,0.2612,230540800,0.2701
4/19/1994,0.2589,0.2656,0.2679,0.2545,166846400,0.2645
4/20/1994,0.2522,0.2612,0.2679,0.25,282430400,0.2589
4/21/1994,0.2645,0.2545,0.2723,0.2411,411734400,0.2522
4/22/1994,0.2656,0.279,0.2857,0.2545,701489600,0.2645
4/25/1994,0.2768,0.2656,0.2768,0.2634,359800000,0.2656
4/26/1994,0.279,0.2813,0.2813,0.2768,164304000,0.2768
4/28/1994,0.2701,0.2768,0.279,0.2656,100105600,0.279
4/29/1994,0.2679,0.2679,0.2723,0.2656,93564800,0.2701
5/2/1994,0.2768,0.2679,0.279,0.2679,123278400,0.2679
5/3/1994,0.2701,0.2768,0.279,0.2634,133201600,0.2768
5/4/1994,0.2946,0.2768,0.2969,0.2723,367068800,0.2701
5/5/1994,0.2935,0.2969,0.3013,0.2879,287996800,0.2946
5/6/1994,0.2885,0.2879,0.2924,0.279,189492800,0.2935
5/9/1994,0.279,0.2879,0.2902,0.2746,141332800,0.2885
5/10/1994,0.2768,0.2835,0.2857,0.2768,146843200,0.279
5/11/1994,0.2701,0.2768,0.2813,0.2656,145521600,0.2768
5/12/1994,0.2651,0.2723,0.2746,0.2634,107105600,0.2701
5/13/1994,0.2679,0.2656,0.2723,0.2612,92646400,0.2651
5/16/1994,0.2634,0.2679,0.2723,0.2634,135307200,0.2679
5/17/1994,0.2623,0.2656,0.2656,0.2567,180857600,0.2634
5/18/1994,0.2734,0.2656,0.2746,0.2612,124308800,0.2623
5/19/1994,0.2868,0.2746,0.2902,0.2723,273582400,0.2734
5/20/1994,0.2773,0.2835,0.2879,0.2768,98134400,0.2868
5/23/1994,0.2723,0.2768,0.279,0.2679,119952000,0.2773
5/24/1994,0.2746,0.2768,0.279,0.2701,126940800,0.2723
5/25/1994,0.279,0.2701,0.2835,0.2679,137300800,0.2746
5/26/1994,0.2723,0.2813,0.2813,0.2701,75264000,0.279
5/27/1994,0.2673,0.2701,0.2746,0.2634,109860800,0.2723
5/31/1994,0.2612,0.2634,0.2634,0.2545,259179200,0.2673
6/1/1994,0.2522,0.2545,0.2556,0.2489,386086400,0.2612
6/2/1994,0.2444,0.2533,0.2545,0.2422,388830400,0.2522
6/3/1994,0.2467,0.2422,0.25,0.2388,354323200,0.2444
6/6/1994,0.2444,0.2455,0.2478,0.2411,127500800,0.2467
6/7/1994,0.2455,0.2433,0.2478,0.2366,140862400,0.2444
6/8/1994,0.2333,0.2455,0.2478,0.2321,275934400,0.2455
6/9/1994,0.2411,0.2288,0.2411,0.2277,293764800,0.2333
6/10/1994,0.2366,0.2422,0.2444,0.2321,142654400,0.2411
6/13/1994,0.2411,0.2355,0.2427,0.2271,93116800,0.2366
6/14/1994,0.2416,0.2433,0.2444,0.2377,154358400,0.2411
6/15/1994,0.2483,0.2411,0.25,0.24,159499200,0.2416
6/16/1994,0.2355,0.2478,0.2478,0.2333,219587200,0.2483
6/17/1994,0.2366,0.2355,0.2388,0.231,227841600,0.2355
6/20/1994,0.2422,0.2344,0.2433,0.2321,200054400,0.2366
6/21/1994,0.2321,0.24,0.2433,0.2299,244204800,0.2422
6/22/1994,0.2344,0.2344,0.2388,0.2321,114934400,0.2321
6/23/1994,0.2243,0.2344,0.2344,0.2221,204792000,0.2344
6/24/1994,0.2287,0.2243,0.2333,0.221,294806400,0.2243
6/27/1994,0.2344,0.2254,0.2344,0.2199,262617600,0.2287
6/28/1994,0.2388,0.2344,0.2422,0.2288,177262400,0.2344
6/29/1994,0.2333,0.2388,0.2422,0.231,135676800,0.2388
6/30/1994,0.2366,0.2344,0.24,0.2344,101752000,0.2333
7/1/1994,0.2299,0.2355,0.2366,0.2266,181160000,0.2366
7/5/1994,0.2366,0.2288,0.2388,0.2288,85736000,0.2299
7/6/1994,0.2333,0.2344,0.2366,0.2321,97451200,0.2366
7/7/1994,0.2394,0.231,0.2411,0.2277,170486400,0.2333
7/8/1994,0.2416,0.2366,0.2467,0.2366,208499200,0.2394
7/11/1994,0.2411,0.2422,0.2444,0.2377,106657600,0.2416
7/12/1994,0.2533,0.2411,0.2539,0.2355,242401600,0.2411
7/13/1994,0.2651,0.2545,0.2701,0.2545,451494400,0.2533
7/14/1994,0.2556,0.2645,0.2656,0.2522,181451200,0.2651
7/15/1994,0.2522,0.2521,0.2556,0.2455,96028800,0.2556
7/18/1994,0.2533,0.2511,0.2589,0.25,76451200,0.2522
7/19/1994,0.2472,0.2556,0.2567,0.2444,116368000,0.2533
7/20/1994,0.2377,0.2444,0.2467,0.2355,217481600,0.2472
7/21/1994,0.25,0.2377,0.2545,0.2366,289665600,0.2377
7/22/1994,0.2768,0.2824,0.2924,0.2679,789129600,0.25
7/25/1994,0.2829,0.2779,0.2846,0.2746,422654400,0.2768
7/26/1994,0.2801,0.2835,0.2857,0.2779,189616000,0.2829
7/27/1994,0.2773,0.279,0.2801,0.2734,134736000,0.2801
7/28/1994,0.2846,0.2768,0.2868,0.2757,246220800,0.2773
7/29/1994,0.3008,0.2846,0.3036,0.2846,560078400,0.2846
8/1/1994,0.298,0.3002,0.3013,0.2924,229443200,0.3008
8/2/1994,0.2907,0.2991,0.3002,0.2891,269662400,0.298
8/3/1994,0.2958,0.2902,0.2969,0.2868,226598400,0.2907
8/4/1994,0.2969,0.2958,0.3013,0.2958,186065600,0.2958
8/5/1994,0.2969,0.2935,0.298,0.2935,87012800,0.2969
8/8/1994,0.3013,0.2958,0.3036,0.2946,144502400,0.2969
8/9/1994,0.3002,0.2991,0.3025,0.2958,78545600,0.3013
8/10/1994,0.3092,0.3002,0.3114,0.2969,254979200,0.3002
8/11/1994,0.3064,0.3058,0.3136,0.3025,301492800,0.3092
8/12/1994,0.3103,0.3069,0.3136,0.3025,182056000,0.3064
8/15/1994,0.3092,0.3103,0.3125,0.3058,120478400,0.3103
8/16/1994,0.3103,0.3069,0.3103,0.3036,157091200,0.3092
8/17/1994,0.3125,0.3114,0.3158,0.3092,259616000,0.3103
8/18/1994,0.3092,0.3103,0.3147,0.308,206819200,0.3125
8/19/1994,0.3114,0.3103,0.3125,0.3058,129920000,0.3092
8/22/1994,0.3114,0.3103,0.3125,0.3092,152868800,0.3114
8/23/1994,0.3125,0.3114,0.3203,0.3103,214625600,0.3114
8/24/1994,0.3114,0.3103,0.3125,0.3069,176926400,0.3125
8/25/1994,0.3131,0.3058,0.3248,0.3058,299286400,0.3114
8/26/1994,0.3192,0.3147,0.3225,0.3147,202193600,0.3131
8/29/1994,0.3158,0.3192,0.3225,0.3147,152465600,0.3192
8/30/1994,0.3237,0.3147,0.3248,0.3136,182022400,0.3158
8/31/1994,0.3231,0.3214,0.3337,0.3192,352497600,0.3237
9/1/1994,0.3125,0.3158,0.3192,0.3092,204904000,0.3231
9/2/1994,0.3158,0.3147,0.317,0.3125,102032000,0.3125
9/6/1994,0.3175,0.3147,0.3181,0.3125,91649600,0.3158
9/7/1994,0.3225,0.3181,0.327,0.3158,205956800,0.3175
9/8/1994,0.3225,0.3214,0.3237,0.3181,160014400,0.3225
9/9/1994,0.3192,0.3192,0.327,0.3158,164572800,0.3225
9/12/1994,0.3192,0.3181,0.3192,0.3158,90652800,0.3192
9/13/1994,0.3198,0.3192,0.3237,0.3181,105683200,0.3192
9/14/1994,0.3136,0.3181,0.3192,0.3092,99310400,0.3198
9/15/1994,0.3214,0.3136,0.3225,0.3136,258955200,0.3136
9/16/1994,0.3248,0.3203,0.3326,0.317,366128000,0.3214
9/19/1994,0.317,0.3248,0.3281,0.317,174339200,0.3248
9/20/1994,0.3086,0.3136,0.3203,0.3069,200480000,0.317
9/21/1994,0.3047,0.308,0.3092,0.3013,235256000,0.3086
9/22/1994,0.3025,0.3058,0.3058,0.3002,147952000,0.3047
9/23/1994,0.303,0.3025,0.308,0.3025,132641600,0.3025
9/26/1994,0.303,0.3025,0.308,0.3002,141702400,0.303
9/27/1994,0.3025,0.3013,0.3047,0.298,109088000,0.303
9/28/1994,0.3025,0.3036,0.3069,0.3002,81412800,0.3025
9/29/1994,0.3047,0.3013,0.3069,0.298,108931200,0.3025
9/30/1994,0.3008,0.3047,0.308,0.3002,71747200,0.3047
10/3/1994,0.2958,0.3002,0.3013,0.2902,130860800,0.3008
10/4/1994,0.3013,0.2969,0.3036,0.2946,162310400,0.2958
10/5/1994,0.3382,0.3002,0.3404,0.298,713428800,0.3013
10/6/1994,0.3237,0.3337,0.3348,0.3214,529939200,0.3382
10/7/1994,0.3304,0.3225,0.3315,0.317,365198400,0.3237
10/10/1994,0.3471,0.3315,0.3538,0.3304,535528000,0.3304
10/11/1994,0.3538,0.3694,0.3739,0.3516,844625600,0.3471
10/12/1994,0.3761,0.3538,0.3806,0.3493,598528000,0.3538
10/13/1994,0.3672,0.3806,0.3828,0.3627,527833600,0.3761
10/14/1994,0.3672,0.3705,0.375,0.365,177688000,0.3672
10/17/1994,0.3549,0.365,0.3705,0.3471,305166400,0.3672
10/18/1994,0.3683,0.3627,0.3717,0.3616,464856000,0.3549
10/19/1994,0.3683,0.3661,0.3761,0.3661,353281600,0.3683
10/20/1994,0.3661,0.3683,0.3728,0.3616,219564800,0.3683
10/21/1994,0.3806,0.3638,0.3817,0.3638,324979200,0.3661
10/24/1994,0.3772,0.3817,0.385,0.3739,204758400,0.3806
10/25/1994,0.3806,0.3717,0.3806,0.3705,301851200,0.3772
10/26/1994,0.3862,0.3806,0.3873,0.3806,196940800,0.3806
10/27/1994,0.3817,0.3862,0.3906,0.3795,161739200,0.3862
10/28/1994,0.3761,0.3783,0.3828,0.3728,274332800,0.3817
10/31/1994,0.3856,0.375,0.3873,0.3705,356652800,0.3761
11/1/1994,0.385,0.3828,0.3884,0.3783,220057600,0.3856
11/2/1994,0.3694,0.385,0.3862,0.3694,219296000,0.385
11/3/1994,0.3705,0.3728,0.375,0.3661,111048000,0.3694
11/4/1994,0.3605,0.3705,0.3717,0.3571,192640000,0.3705
11/7/1994,0.3638,0.3605,0.3683,0.3583,113086400,0.3605
11/8/1994,0.3772,0.3627,0.3806,0.3594,349160000,0.3638
11/9/1994,0.3717,0.3817,0.3839,0.3661,407288000,0.3772
11/10/1994,0.3689,0.3728,0.3739,0.3661,153484800,0.3717
11/11/1994,0.3672,0.3683,0.3705,0.3661,62384000,0.3689
11/14/1994,0.3795,0.3683,0.3817,0.3683,139686400,0.3672
11/15/1994,0.3694,0.3795,0.3839,0.3683,167171200,0.3795
11/16/1994,0.3655,0.3638,0.3711,0.3627,187723200,0.3694
11/17/1994,0.3571,0.365,0.3661,0.356,151211200,0.3655
11/18/1994,0.3571,0.3571,0.3616,0.3538,147078400,0.3571
11/21/1994,0.3404,0.3571,0.3594,0.3393,202798400,0.3571
11/22/1994,0.3337,0.3371,0.3493,0.3315,227561600,0.3404
11/23/1994,0.3292,0.3304,0.3382,0.3248,328529600,0.3337
11/25/1994,0.3371,0.3292,0.3371,0.3281,84336000,0.3292
11/28/1994,0.3376,0.3359,0.3415,0.3331,138790400,0.3371
11/29/1994,0.3415,0.3393,0.3438,0.3371,144390400,0.3376
11/30/1994,0.3326,0.3426,0.3516,0.3304,312278400,0.3415
12/1/1994,0.3231,0.3304,0.3359,0.3214,309713600,0.3326
12/2/1994,0.3265,0.3259,0.3281,0.3181,172256000,0.3231
12/5/1994,0.332,0.3259,0.3348,0.3225,180308800,0.3265
12/6/1994,0.3354,0.3304,0.3426,0.3292,238672000,0.332
12/7/1994,0.327,0.3348,0.3376,0.327,137188800,0.3354
12/8/1994,0.3203,0.3292,0.3304,0.3192,169848000,0.327
12/9/1994,0.3237,0.3192,0.3252,0.3103,261139200,0.3203
12/12/1994,0.3259,0.3248,0.3281,0.317,233654400,0.3237
12/13/1994,0.3248,0.327,0.3298,0.3237,119201600,0.3259
12/14/1994,0.3382,0.3259,0.3404,0.3259,311718400,0.3248
12/15/1994,0.3315,0.3393,0.3426,0.3291,227707200,0.3382
12/16/1994,0.3326,0.3326,0.3371,0.3281,178124800,0.3315
12/19/1994,0.3493,0.3326,0.3516,0.3326,332953600,0.3326
12/20/1994,0.3438,0.3493,0.3504,0.3426,175705600,0.3493
12/21/1994,0.3426,0.3382,0.3439,0.3348,158502400,0.3438
12/22/1994,0.3449,0.3438,0.3471,0.3415,133078400,0.3426
12/23/1994,0.3471,0.3438,0.3504,0.3438,93889600,0.3449
12/27/1994,0.3493,0.3504,0.3549,0.3471,81916800,0.3471
12/28/1994,0.3493,0.3493,0.3504,0.3415,89387200,0.3493
12/29/1994,0.3527,0.3504,0.356,0.3493,125182400,0.3493
12/30/1994,0.346,0.3516,0.356,0.3449,73281600,0.3527
1/3/1995,0.3426,0.3471,0.3471,0.3382,103868800,0.346
1/4/1995,0.3516,0.3449,0.3566,0.3449,161201600,0.3426
1/5/1995,0.3471,0.3504,0.3516,0.346,73796800,0.3516
1/6/1995,0.375,0.3717,0.385,0.3672,1086635200,0.3471
1/9/1995,0.3679,0.3717,0.3739,0.3661,274433600,0.375
1/10/1995,0.3901,0.3683,0.3929,0.3683,617220800,0.3679
1/11/1995,0.4174,0.3906,0.4286,0.3817,888518400,0.3901
1/12/1995,0.4051,0.4118,0.4141,0.3996,552563200,0.4174
1/13/1995,0.4007,0.4118,0.4118,0.3962,353696000,0.4051
1/16/1995,0.3973,0.4007,0.404,0.3951,191094400,0.4007
1/17/1995,0.4018,0.3973,0.4063,0.394,330534400,0.3973
1/18/1995,0.4074,0.4018,0.4074,0.3996,127926400,0.4018
1/19/1995,0.4096,0.4063,0.4286,0.4018,312054400,0.4074
1/20/1995,0.3806,0.4196,0.4196,0.3795,1017340800,0.4096
1/23/1995,0.3772,0.3739,0.3806,0.3661,399873600,0.3806
1/24/1995,0.3717,0.3772,0.3783,0.3694,221244800,0.3772
1/25/1995,0.3659,0.3527,0.375,0.3527,518000000,0.3717
1/26/1995,0.3527,0.365,0.3705,0.3504,247508800,0.3659
1/27/1995,0.356,0.356,0.3616,0.3482,300148800,0.3527
1/30/1995,0.3583,0.3583,0.3616,0.356,230529600,0.356
1/31/1995,0.3605,0.3616,0.365,0.3571,212777600,0.3583
2/1/1995,0.3583,0.3638,0.3638,0.356,158424000,0.3605
2/2/1995,0.3717,0.3583,0.3739,0.3583,204028160,0.3583
2/3/1995,0.3616,0.375,0.3761,0.3605,325987200,0.3717
2/6/1995,0.3616,0.3638,0.3638,0.3527,243454400,0.3616
2/7/1995,0.3644,0.3605,0.3661,0.3571,195966400,0.3616
2/8/1995,0.3778,0.3661,0.3783,0.365,403782400,0.3644
2/9/1995,0.3895,0.3761,0.3951,0.3917,478934400,0.3778
2/10/1995,0.3906,0.3895,0.3945,0.3873,350851200,0.3895
2/13/1995,0.3906,0.3884,0.3973,0.3862,283460800,0.3906
2/14/1995,0.3834,0.3906,0.394,0.3806,165659200,0.3906
2/15/1995,0.38,0.3862,0.3884,0.3795,184475200,0.3834
2/16/1995,0.3856,0.385,0.3862,0.3806,218836800,0.38
2/17/1995,0.3795,0.3828,0.3839,0.3795,122068800,0.3856
2/21/1995,0.3661,0.3806,0.3817,0.365,302545600,0.3795
2/22/1995,0.3644,0.3627,0.3661,0.3583,293518400,0.3661
2/23/1995,0.3588,0.3672,0.3739,0.3571,314720000,0.3644
2/24/1995,0.3482,0.3583,0.3605,0.3438,571132800,0.3588
2/27/1995,0.3415,0.3415,0.3482,0.3403,269057600,0.3482
2/28/1995,0.3527,0.3438,0.356,0.3393,223204800,0.3415
3/1/1995,0.3571,0.3549,0.3583,0.352,224672000,0.3527
3/2/1995,0.3571,0.3583,0.3638,0.3549,269472000,0.3571
3/3/1995,0.3594,0.3549,0.3633,0.3527,145936000,0.3571
3/6/1995,0.3549,0.3549,0.3571,0.3527,133392000,0.3594
3/7/1995,0.3421,0.356,0.356,0.3415,151513600,0.3549
3/8/1995,0.3532,0.346,0.3583,0.3371,364985600,0.3421
3/9/1995,0.3549,0.356,0.3605,0.3516,197713600,0.3532
3/10/1995,0.3527,0.3538,0.3605,0.3516,137625600,0.3549
3/13/1995,0.3404,0.3538,0.3538,0.3393,326603200,0.3527
3/14/1995,0.3125,0.3415,0.3415,0.308,730452800,0.3404
3/15/1995,0.3125,0.317,0.3237,0.3114,735224000,0.3125
3/16/1995,0.3147,0.3147,0.3214,0.3136,318360000,0.3125
3/17/1995,0.3136,0.317,0.317,0.3114,218400000,0.3147
3/20/1995,0.3147,0.3136,0.3181,0.3125,189694400,0.3136
3/21/1995,0.3237,0.317,0.329,0.3147,305748800,0.3147
3/22/1995,0.3398,0.3237,0.3527,0.3237,489384000,0.3237
3/23/1995,0.3315,0.3393,0.3393,0.3302,170811200,0.3398
3/24/1995,0.3371,0.3337,0.3382,0.3326,128609600,0.3315
3/27/1995,0.332,0.3359,0.3359,0.327,142676800,0.3371
3/28/1995,0.3069,0.3237,0.3245,0.3036,691062400,0.332
3/29/1995,0.3069,0.3036,0.3114,0.3025,503036800,0.3069
3/30/1995,0.3158,0.3092,0.317,0.308,274355200,0.3069
3/31/1995,0.3147,0.3136,0.3181,0.3103,181731200,0.3158
4/3/1995,0.317,0.317,0.3192,0.3125,154414400,0.3147
4/4/1995,0.3025,0.3192,0.3203,0.3002,429116800,0.317
4/5/1995,0.3103,0.3047,0.3103,0.3013,265249600,0.3025
4/6/1995,0.3281,0.3326,0.3393,0.3172,727036800,0.3103
4/7/1995,0.3281,0.3304,0.3315,0.3237,296352000,0.3281
4/10/1995,0.327,0.3292,0.3304,0.3225,118036800,0.3281
4/11/1995,0.3371,0.3281,0.3382,0.327,215689600,0.327
4/12/1995,0.3482,0.3415,0.3538,0.3337,475731200,0.3371
4/13/1995,0.3415,0.3504,0.3504,0.3382,175492800,0.3482
4/17/1995,0.3426,0.3404,0.3516,0.3382,208924800,0.3415
4/18/1995,0.3348,0.3438,0.3449,0.3348,231694400,0.3426
4/19/1995,0.3248,0.3348,0.3348,0.3181,279708800,0.3348
4/20/1995,0.3359,0.3315,0.3438,0.327,322817600,0.3248
4/21/1995,0.3493,0.3326,0.3527,0.3315,668091200,0.3359
4/24/1995,0.3482,0.3482,0.3538,0.3438,273302400,0.3493
4/25/1995,0.3371,0.3493,0.3516,0.3326,274478400,0.3482
4/26/1995,0.3415,0.3359,0.346,0.3337,230440000,0.3371
4/27/1995,0.3382,0.3438,0.3438,0.3371,139921600,0.3415
4/28/1995,0.3415,0.3393,0.3426,0.3348,200916800,0.3382
5/1/1995,0.3415,0.3415,0.346,0.3393,177979200,0.3415
5/2/1995,0.3404,0.3415,0.3426,0.3348,120355200,0.3415
5/3/1995,0.3404,0.3415,0.3449,0.3393,168672000,0.3404
5/4/1995,0.3438,0.3415,0.356,0.3393,305289600,0.3404
5/5/1995,0.3471,0.346,0.3493,0.3404,208006400,0.3438
5/8/1995,0.3616,0.356,0.3661,0.3549,386971200,0.3471
5/9/1995,0.3683,0.3627,0.3694,0.3571,322929600,0.3616
5/10/1995,0.37,0.3705,0.3739,0.3638,275072000,0.3683
5/11/1995,0.3661,0.3717,0.3717,0.3605,523622400,0.37
5/12/1995,0.3895,0.365,0.3901,0.3616,647953600,0.3661
5/15/1995,0.3895,0.385,0.3906,0.3795,393467200,0.3895
5/16/1995,0.3906,0.385,0.3962,0.3795,332516800,0.3895
5/17/1995,0.3929,0.3906,0.3962,0.3884,263144000,0.3906
5/18/1995,0.3873,0.394,0.394,0.3862,371571200,0.3929
5/19/1995,0.3817,0.3828,0.3906,0.3806,322593600,0.3873
5/22/1995,0.394,0.3795,0.394,0.3772,371884800,0.3817
5/23/1995,0.3917,0.394,0.3962,0.3884,276662400,0.394
5/24/1995,0.3884,0.3906,0.3951,0.3828,264667200,0.3917
5/25/1995,0.3873,0.3862,0.3929,0.3839,182862400,0.3884
5/26/1995,0.3811,0.3839,0.385,0.3772,114553600,0.3873
5/30/1995,0.375,0.3806,0.3828,0.3705,196392000,0.3811
5/31/1995,0.3711,0.3761,0.3761,0.3661,159532800,0.375
6/1/1995,0.3767,0.3739,0.3795,0.3728,186726400,0.3711
6/2/1995,0.3761,0.3739,0.3783,0.3705,105694400,0.3767
6/5/1995,0.3884,0.3772,0.3884,0.3761,254654400,0.3761
6/6/1995,0.3929,0.3895,0.3962,0.3884,315268800,0.3884
6/7/1995,0.385,0.394,0.394,0.385,124521600,0.3929
6/8/1995,0.3834,0.3873,0.3873,0.3761,136136000,0.385
6/9/1995,0.3884,0.3895,0.3906,0.385,186625600,0.3834
6/12/1995,0.3944,0.3929,0.3973,0.3917,212116800,0.3884
6/13/1995,0.3929,0.3973,0.3984,0.3917,125944000,0.3944
6/14/1995,0.3895,0.3917,0.3917,0.3873,118048000,0.3929
6/15/1995,0.3895,0.3895,0.3906,0.3873,92758400,0.3895
6/16/1995,0.3917,0.3917,0.3929,0.3884,89208000,0.3895
6/19/1995,0.3962,0.3917,0.404,0.3884,469537600,0.3917
6/20/1995,0.423,0.4107,0.4263,0.4152,738472000,0.3962
6/21/1995,0.4408,0.4252,0.4475,0.4174,626012800,0.423
6/22/1995,0.4386,0.4375,0.4431,0.4342,473928000,0.4408
6/23/1995,0.4353,0.4353,0.4375,0.4263,231963200,0.4386
6/26/1995,0.4297,0.4308,0.433,0.4252,152779200,0.4353
6/27/1995,0.4141,0.423,0.4308,0.4141,217078400,0.4297
6/28/1995,0.4163,0.4107,0.4241,0.4051,266358400,0.4141
6/29/1995,0.4219,0.4141,0.4297,0.4107,232556800,0.4163
6/30/1995,0.4146,0.4219,0.4275,0.4118,165491200,0.4219
7/3/1995,0.4191,0.4152,0.4208,0.4129,39390400,0.4146
7/5/1995,0.4152,0.4185,0.4275,0.4152,177060800,0.4191
7/6/1995,0.4196,0.4152,0.4196,0.4085,184094400,0.4152
7/7/1995,0.4342,0.4185,0.4397,0.4174,387116800,0.4196
7/10/1995,0.4342,0.4342,0.4453,0.4297,297931200,0.4342
7/11/1995,0.4208,0.4263,0.4342,0.4202,214692800,0.4342
7/12/1995,0.4196,0.4219,0.4286,0.4118,283808000,0.4208
7/13/1995,0.4252,0.423,0.4353,0.4208,352329600,0.4196
7/14/1995,0.4353,0.423,0.4375,0.4196,277928000,0.4252
7/17/1995,0.4375,0.4364,0.4442,0.4342,226161600,0.4353
7/18/1995,0.4297,0.4375,0.4425,0.4263,254632000,0.4375
7/19/1995,0.4063,0.4196,0.4286,0.4018,521024000,0.4297
7/20/1995,0.4202,0.4107,0.423,0.4018,331273600,0.4063
7/21/1995,0.3906,0.3839,0.4007,0.3839,757904000,0.4202
7/24/1995,0.4051,0.3929,0.4063,0.3906,214625600,0.3906
7/25/1995,0.4085,0.4107,0.4141,0.4074,263524800,0.4051
7/26/1995,0.4051,0.4129,0.4129,0.4051,171449600,0.4085
7/27/1995,0.418,0.4063,0.4241,0.4063,325180800,0.4051
7/28/1995,0.4063,0.4174,0.4219,0.4018,260937600,0.418
7/31/1995,0.4018,0.4063,0.4074,0.3996,158524800,0.4063
8/1/1995,0.3884,0.4007,0.4007,0.3884,210918400,0.4018
8/2/1995,0.3962,0.3917,0.4018,0.3906,275128000,0.3884
8/3/1995,0.4018,0.394,0.4074,0.3917,213931200,0.3962
8/4/1995,0.3951,0.4018,0.4029,0.3906,192315200,0.4018
8/7/1995,0.3873,0.394,0.3984,0.385,193760000,0.3951
8/8/1995,0.3795,0.3895,0.3906,0.3783,234595200,0.3873
8/9/1995,0.385,0.3806,0.3906,0.3795,369017600,0.3795
8/10/1995,0.3817,0.385,0.3862,0.3806,164024000,0.385
8/11/1995,0.3845,0.3828,0.385,0.3739,206931200,0.3817
8/14/1995,0.3873,0.3839,0.3906,0.3828,167406400,0.3845
8/15/1995,0.3934,0.3917,0.394,0.385,317867200,0.3873
8/16/1995,0.3973,0.3929,0.3973,0.3895,292633600,0.3934
8/17/1995,0.3984,0.3984,0.4063,0.394,246892800,0.3973
8/18/1995,0.4007,0.4007,0.4029,0.3906,241158400,0.3984
8/21/1995,0.394,0.4007,0.4051,0.394,271779200,0.4007
8/22/1995,0.3996,0.3962,0.4029,0.394,217044800,0.394
8/23/1995,0.4063,0.4007,0.4096,0.3984,253803200,0.3996
8/24/1995,0.4085,0.4074,0.4129,0.4063,287929600,0.4063
8/25/1995,0.3996,0.4096,0.4096,0.3984,134344000,0.4085
8/28/1995,0.3839,0.4007,0.4018,0.3839,243040000,0.3996
8/29/1995,0.385,0.3839,0.3862,0.3795,317060800,0.3839
8/30/1995,0.3873,0.3862,0.3906,0.385,153473600,0.385
8/31/1995,0.3839,0.3873,0.3884,0.3839,87864000,0.3873
9/1/1995,0.3839,0.3839,0.3884,0.3828,98280000,0.3839
9/5/1995,0.3884,0.3884,0.3884,0.3817,179972800,0.3839
9/6/1995,0.3906,0.3917,0.3944,0.3884,200760000,0.3884
9/7/1995,0.3996,0.3929,0.4046,0.3906,262304000,0.3906
9/8/1995,0.3996,0.3996,0.4007,0.3973,174776000,0.3996
9/11/1995,0.3951,0.4007,0.4063,0.3951,172491200,0.3996
9/12/1995,0.3834,0.3973,0.4007,0.3806,326256000,0.3951
9/13/1995,0.3783,0.3828,0.3873,0.375,322750400,0.3834
9/14/1995,0.3571,0.3694,0.3717,0.3549,550558400,0.3783
9/15/1995,0.3203,0.3337,0.356,0.3097,1212030400,0.3571
9/18/1995,0.3276,0.3248,0.3287,0.3203,621488000,0.3203
9/19/1995,0.3281,0.3281,0.3315,0.3225,490022400,0.3276
9/20/1995,0.327,0.3326,0.3337,0.3259,321809600,0.3281
9/21/1995,0.3304,0.3259,0.3348,0.3248,347334400,0.327
9/22/1995,0.3309,0.3292,0.3326,0.3248,398641600,0.3304
9/25/1995,0.335,0.3415,0.3417,0.3337,315212800,0.3309
9/26/1995,0.3337,0.3371,0.3382,0.3315,250902400,0.335
9/27/1995,0.3237,0.3348,0.3348,0.3103,451158400,0.3337
9/28/1995,0.3371,0.3259,0.3382,0.3259,331184000,0.3237
9/29/1995,0.3326,0.3393,0.3415,0.3292,283416000,0.3371
10/2/1995,0.3359,0.3371,0.3438,0.3348,392000000,0.3326
10/3/1995,0.3359,0.3404,0.3438,0.3315,289822400,0.3359
10/4/1995,0.3248,0.327,0.3304,0.3214,266772800,0.3359
10/5/1995,0.3259,0.3237,0.327,0.3203,245313600,0.3248
10/6/1995,0.3186,0.3281,0.3304,0.3181,309041600,0.3259
10/9/1995,0.3108,0.3158,0.3192,0.3069,372568000,0.3186
10/10/1995,0.3097,0.3069,0.3125,0.3002,400153600,0.3108
10/11/1995,0.3114,0.3147,0.3181,0.3047,332875200,0.3097
10/12/1995,0.3153,0.3125,0.3158,0.3103,162052800,0.3114
10/13/1995,0.3214,0.3192,0.3292,0.317,235188800,0.3153
10/16/1995,0.3225,0.3237,0.3304,0.3203,182067200,0.3214
10/17/1995,0.327,0.3259,0.3292,0.3203,178617600,0.3225
10/18/1995,0.3337,0.3304,0.3532,0.3281,512400000,0.327
10/19/1995,0.3103,0.3203,0.3225,0.3103,945056000,0.3337
10/20/1995,0.3136,0.3147,0.3147,0.3092,386332800,0.3103
10/23/1995,0.3136,0.3136,0.3136,0.3103,197803200,0.3136
10/24/1995,0.3136,0.317,0.317,0.3114,213494400,0.3136
10/25/1995,0.3103,0.3147,0.3158,0.3103,133302400,0.3136
10/26/1995,0.3114,0.3114,0.3114,0.308,125865600,0.3103
10/27/1995,0.3103,0.3114,0.3114,0.3047,154212800,0.3114
10/30/1995,0.3147,0.3114,0.3147,0.3092,175638400,0.3103
10/31/1995,0.3242,0.3147,0.327,0.3136,289217600,0.3147
11/1/1995,0.327,0.327,0.3315,0.317,193233600,0.3242
11/2/1995,0.327,0.3292,0.3292,0.3237,152756800,0.327
11/3/1995,0.3259,0.3281,0.3292,0.3203,179715200,0.327
11/6/1995,0.3404,0.3259,0.346,0.3248,311774400,0.3259
11/7/1995,0.3538,0.3371,0.3616,0.3348,736388800,0.3404
11/8/1995,0.3471,0.3549,0.3661,0.346,358825600,0.3538
11/9/1995,0.3516,0.3549,0.3571,0.3471,260108800,0.3471
11/10/1995,0.3549,0.3516,0.3594,0.3471,223115200,0.3516
11/13/1995,0.365,0.3594,0.3683,0.3571,317374400,0.3549
11/14/1995,0.3705,0.3661,0.3795,0.3661,407276800,0.365
11/15/1995,0.3661,0.375,0.375,0.3583,248136000,0.3705
11/16/1995,0.3566,0.365,0.3705,0.3527,226228800,0.3661
11/17/1995,0.3583,0.3571,0.3605,0.3549,128531200,0.3566
11/20/1995,0.3449,0.3594,0.3594,0.3438,148456000,0.3583
11/21/1995,0.3449,0.346,0.346,0.3382,191609600,0.3449
11/22/1995,0.3449,0.3449,0.3504,0.3438,98806400,0.3449
11/24/1995,0.3588,0.3471,0.3605,0.346,109950400,0.3449
11/27/1995,0.3516,0.3627,0.3627,0.3516,115875200,0.3588
11/28/1995,0.3571,0.3516,0.3583,0.3504,176288000,0.3516
11/29/1995,0.3504,0.3583,0.3583,0.3482,105268800,0.3571
11/30/1995,0.3404,0.3471,0.3482,0.3393,174854400,0.3504
12/1/1995,0.3359,0.3393,0.3415,0.3315,204209600,0.3404
12/4/1995,0.3527,0.3583,0.3583,0.3482,480681600,0.3359
12/5/1995,0.3527,0.3438,0.356,0.3415,363596800,0.3527
12/6/1995,0.346,0.3549,0.356,0.3426,201107200,0.3527
12/7/1995,0.3443,0.346,0.346,0.3382,141926400,0.346
12/8/1995,0.3516,0.346,0.3516,0.3382,141355200,0.3443
12/11/1995,0.3449,0.3527,0.3538,0.3426,111652800,0.3516
12/12/1995,0.3393,0.3449,0.3449,0.3393,177553600,0.3449
12/13/1995,0.3426,0.3415,0.3482,0.3281,684902400,0.3393
12/14/1995,0.3415,0.3471,0.3516,0.3393,333502400,0.3426
12/15/1995,0.3147,0.317,0.327,0.3103,726880000,0.3415
12/18/1995,0.2879,0.3136,0.3147,0.2846,666534400,0.3147
12/19/1995,0.2924,0.2924,0.2969,0.2879,430864000,0.2879
12/20/1995,0.2913,0.2991,0.3002,0.2902,365736000,0.2924
12/21/1995,0.2902,0.2924,0.2924,0.2824,332875200,0.2913
12/22/1995,0.2879,0.2913,0.2935,0.2868,234662400,0.2902
12/26/1995,0.2863,0.2902,0.2902,0.2835,139507200,0.2879
12/27/1995,0.2891,0.2868,0.298,0.2846,268564800,0.2863
12/28/1995,0.2857,0.2868,0.2924,0.2846,249995200,0.2891
12/29/1995,0.2846,0.2857,0.2891,0.2824,304136000,0.2857
1/2/1996,0.2868,0.2879,0.2879,0.2835,139294400,0.2846
1/3/1996,0.2868,0.2857,0.2935,0.2846,429833600,0.2868
1/4/1996,0.2818,0.2891,0.2891,0.2801,300182400,0.2868
1/5/1996,0.3058,0.2824,0.3058,0.2801,446040000,0.2818
1/8/1996,0.3092,0.308,0.317,0.3036,121340800,0.3058
1/9/1996,0.2924,0.3092,0.3092,0.2924,251216000,0.3092
1/10/1996,0.3058,0.2902,0.3103,0.2879,365433600,0.2924
1/11/1996,0.3125,0.2913,0.3125,0.2891,756728000,0.3058
1/12/1996,0.3025,0.3103,0.3103,0.2969,401856000,0.3125
1/15/1996,0.3047,0.3013,0.308,0.298,363070400,0.3025
1/16/1996,0.3086,0.3069,0.3103,0.3002,352844800,0.3047
1/17/1996,0.3036,0.3069,0.3069,0.3013,236398400,0.3086
1/18/1996,0.2852,0.2935,0.298,0.2712,698376000,0.3036
1/19/1996,0.2667,0.2768,0.2835,0.2623,829214400,0.2852
1/22/1996,0.2723,0.2656,0.2768,0.2612,499744000,0.2667
1/23/1996,0.2824,0.3013,0.3036,0.2768,988288000,0.2723
1/24/1996,0.2879,0.2868,0.2879,0.2835,655670400,0.2824
1/25/1996,0.2701,0.2835,0.2857,0.269,445200000,0.2879
1/26/1996,0.2734,0.2712,0.279,0.2556,735750400,0.2701
1/29/1996,0.26,0.2589,0.2656,0.2567,332595200,0.2734
1/30/1996,0.2439,0.2411,0.2511,0.2398,622843200,0.26
1/31/1996,0.2467,0.2478,0.25,0.2444,328059200,0.2439
2/1/1996,0.2533,0.2455,0.2533,0.2455,333043200,0.2467
2/2/1996,0.2612,0.2578,0.2645,0.2567,555979200,0.2533
2/5/1996,0.2612,0.2651,0.2656,0.2589,318729600,0.2612
2/6/1996,0.2645,0.2612,0.2679,0.2612,226217600,0.2612
2/7/1996,0.2522,0.2656,0.2656,0.2478,360326400,0.2645
2/8/1996,0.2489,0.2455,0.2511,0.2455,263166400,0.2522
2/9/1996,0.2478,0.2489,0.2545,0.2467,205688000,0.2489
2/12/1996,0.2533,0.2511,0.2545,0.25,194275200,0.2478
2/13/1996,0.2511,0.25,0.2578,0.2489,228502400,0.2533
2/14/1996,0.2467,0.2522,0.2522,0.245,163184000,0.2511
2/15/1996,0.25,0.2467,0.2511,0.2444,122080000,0.2467
2/16/1996,0.2455,0.2511,0.2533,0.2455,156441600,0.25
2/20/1996,0.2589,0.25,0.2634,0.25,376913600,0.2455
2/21/1996,0.2645,0.2623,0.2656,0.26,221838400,0.2589
2/22/1996,0.2667,0.2679,0.269,0.2645,184184000,0.2645
2/23/1996,0.2667,0.2667,0.2701,0.2645,173286400,0.2667
2/26/1996,0.2634,0.2679,0.269,0.2634,118283200,0.2667
2/27/1996,0.2556,0.2667,0.2667,0.2545,149161600,0.2634
2/28/1996,0.2478,0.2578,0.2578,0.2467,187913600,0.2556
2/29/1996,0.2455,0.2455,0.2478,0.2433,112884800,0.2478
3/1/1996,0.24,0.2467,0.2467,0.2377,231134400,0.2455
3/4/1996,0.2344,0.2433,0.2444,0.2344,187555200,0.24
3/5/1996,0.2377,0.2366,0.2388,0.2344,115080000,0.2344
3/6/1996,0.2338,0.2388,0.24,0.2333,99052800,0.2377
3/7/1996,0.2305,0.2344,0.2355,0.2266,260064000,0.2338
3/8/1996,0.2321,0.2277,0.2344,0.2232,149016000,0.2305
3/11/1996,0.231,0.2344,0.2355,0.2299,127008000,0.2321
3/12/1996,0.2305,0.2321,0.2355,0.2288,96152000,0.231
3/13/1996,0.2299,0.231,0.2333,0.2288,99680000,0.2305
3/14/1996,0.2288,0.231,0.231,0.2277,93363200,0.2299
3/15/1996,0.231,0.2321,0.2321,0.2277,101382400,0.2288
3/18/1996,0.2333,0.2316,0.2333,0.2299,109132800,0.231
3/19/1996,0.2299,0.2355,0.2366,0.2288,124364800,0.2333
3/20/1996,0.2254,0.2299,0.2299,0.2243,115987200,0.2299
3/21/1996,0.2243,0.2277,0.2277,0.2232,109984000,0.2254
3/22/1996,0.2266,0.2254,0.2266,0.2221,107564800,0.2243
3/25/1996,0.2143,0.2277,0.2299,0.2143,164371200,0.2266
3/26/1996,0.2132,0.2143,0.2188,0.2109,160798400,0.2143
3/27/1996,0.2254,0.2076,0.2254,0.2054,429296000,0.2132
3/28/1996,0.216,0.221,0.2288,0.2154,295892800,0.2254
3/29/1996,0.2193,0.2165,0.221,0.2121,166521600,0.216
4/1/1996,0.2277,0.2221,0.231,0.2189,158636800,0.2193
4/2/1996,0.2232,0.2288,0.2288,0.2221,101438400,0.2277
4/3/1996,0.2193,0.2243,0.2243,0.2172,72240000,0.2232
4/4/1996,0.2154,0.2199,0.2199,0.2143,86049600,0.2193
4/8/1996,0.2176,0.2132,0.2188,0.2121,168828800,0.2154
4/9/1996,0.2321,0.2221,0.2366,0.2176,235076800,0.2176
4/10/1996,0.2321,0.2333,0.2366,0.231,174764800,0.2321
4/11/1996,0.2299,0.2333,0.2344,0.2277,98268800,0.2321
4/12/1996,0.2277,0.231,0.231,0.2266,81435200,0.2299
4/15/1996,0.2299,0.2277,0.2299,0.2232,154078400,0.2277
4/16/1996,0.231,0.231,0.2321,0.2288,101416000,0.2299
4/17/1996,0.2254,0.231,0.2321,0.2243,85411200,0.231
4/18/1996,0.221,0.2266,0.2267,0.2165,217246400,0.2254
4/19/1996,0.2238,0.2199,0.2243,0.2199,101796800,0.221
4/22/1996,0.2243,0.2254,0.2277,0.2221,111115200,0.2238
4/23/1996,0.221,0.2243,0.2254,0.2199,169892800,0.2243
4/24/1996,0.2165,0.2199,0.221,0.216,128340800,0.221
4/25/1996,0.2221,0.2176,0.2221,0.2154,174406400,0.2165
4/26/1996,0.221,0.2232,0.2243,0.2199,188865600,0.2221
4/29/1996,0.221,0.2232,0.2232,0.2188,121049600,0.221
4/30/1996,0.2176,0.2221,0.2221,0.2154,136662400,0.221
5/1/1996,0.2176,0.2176,0.221,0.2154,112705600,0.2176
5/2/1996,0.2121,0.2188,0.2188,0.2098,188305600,0.2176
5/3/1996,0.2132,0.2154,0.2154,0.2098,108460800,0.2121
5/6/1996,0.2288,0.2221,0.231,0.221,289486400,0.2132
5/7/1996,0.24,0.2355,0.2444,0.2344,353539200,0.2288
5/8/1996,0.2388,0.2433,0.2433,0.2288,186793600,0.24
5/9/1996,0.2333,0.2355,0.2366,0.2299,98078400,0.2388
5/10/1996,0.2433,0.2344,0.2444,0.2321,110588800,0.2333
5/13/1996,0.2416,0.2422,0.2467,0.2377,187017600,0.2433
5/14/1996,0.2455,0.2478,0.25,0.2455,197624000,0.2416
5/15/1996,0.2545,0.2489,0.2578,0.2478,292364800,0.2455
5/16/1996,0.2533,0.2522,0.2556,0.2489,130076800,0.2545
5/17/1996,0.2467,0.2533,0.2533,0.2455,123300800,0.2533
5/20/1996,0.2494,0.2489,0.2511,0.2467,84515200,0.2467
5/21/1996,0.2422,0.25,0.2511,0.2422,114385600,0.2494
5/22/1996,0.2327,0.2444,0.2444,0.2299,201880000,0.2422
5/23/1996,0.2344,0.2333,0.2377,0.2299,124051200,0.2327
5/24/1996,0.2388,0.2344,0.24,0.2333,113243200,0.2344
5/28/1996,0.2355,0.2388,0.2433,0.2355,101852800,0.2388
5/29/1996,0.2221,0.2344,0.2344,0.221,219520000,0.2355
5/30/1996,0.2277,0.2221,0.2299,0.221,103465600,0.2221
5/31/1996,0.2333,0.2288,0.2377,0.2277,162646400,0.2277
6/3/1996,0.221,0.231,0.2321,0.221,125462400,0.2333
6/4/1996,0.216,0.2143,0.2176,0.2132,762238400,0.221
6/5/1996,0.2243,0.2266,0.2277,0.2165,510104000,0.216
6/6/1996,0.2165,0.2232,0.2254,0.2154,362096000,0.2243
6/7/1996,0.2176,0.2143,0.2176,0.2098,267769600,0.2165
6/10/1996,0.2154,0.2176,0.2188,0.2143,106366400,0.2176
6/11/1996,0.2143,0.2165,0.2165,0.2143,153059200,0.2154
6/12/1996,0.2165,0.2188,0.2188,0.2143,151916800,0.2143
6/13/1996,0.2199,0.2176,0.2225,0.2143,191419200,0.2165
6/14/1996,0.2137,0.221,0.221,0.2132,144961600,0.2199
6/17/1996,0.2109,0.2154,0.2154,0.2109,112929600,0.2137
6/18/1996,0.2031,0.2109,0.2121,0.202,223227200,0.2109
6/19/1996,0.2065,0.2065,0.2087,0.202,134467200,0.2031
6/20/1996,0.2031,0.2087,0.2087,0.2009,147089600,0.2065
6/21/1996,0.202,0.2042,0.2042,0.1998,161851200,0.2031
6/24/1996,0.1987,0.202,0.202,0.1975,122763200,0.202
6/25/1996,0.1842,0.1975,0.1987,0.1819,246960000,0.1987
6/26/1996,0.1775,0.1842,0.1853,0.1752,404331200,0.1842
6/27/1996,0.1842,0.1786,0.1875,0.1763,229241600,0.1775
6/28/1996,0.1875,0.1864,0.1875,0.1842,115684800,0.1842
7/1/1996,0.192,0.1886,0.192,0.1875,131980800,0.1875
7/2/1996,0.1875,0.1908,0.192,0.1875,89006400,0.192
7/3/1996,0.173,0.1819,0.1819,0.173,289508800,0.1875
7/5/1996,0.1741,0.173,0.1763,0.1719,106153600,0.173
7/8/1996,0.1708,0.1752,0.1775,0.1696,188910400,0.1741
7/9/1996,0.1696,0.1741,0.1752,0.1696,155288000,0.1708
7/10/1996,0.1674,0.1708,0.1741,0.1674,169388800,0.1696
7/11/1996,0.1596,0.1674,0.1685,0.1551,291155200,0.1674
7/12/1996,0.1613,0.1641,0.1641,0.154,268990400,0.1596
7/15/1996,0.1535,0.1618,0.1618,0.1529,133224000,0.1613
7/16/1996,0.1507,0.1551,0.1551,0.1429,289217600,0.1535
7/17/1996,0.1507,0.1551,0.1563,0.1484,233598400,0.1507
7/18/1996,0.1864,0.192,0.1942,0.1818,897052800,0.1507
7/19/1996,0.1853,0.1864,0.1875,0.1853,265977600,0.1864
7/22/1996,0.1808,0.1864,0.1864,0.1786,152208000,0.1853
7/23/1996,0.183,0.183,0.1842,0.1808,130121600,0.1808
7/24/1996,0.1858,0.1786,0.1875,0.1775,264073600,0.183
7/25/1996,0.1875,0.1886,0.1908,0.1853,114430400,0.1858
7/26/1996,0.1964,0.192,0.1964,0.1886,123681600,0.1875
7/29/1996,0.1987,0.1964,0.2009,0.1942,195697600,0.1964
7/30/1996,0.1908,0.202,0.2031,0.1897,189403200,0.1987
7/31/1996,0.1964,0.1897,0.1964,0.1897,92780800,0.1908
8/1/1996,0.1897,0.1964,0.1964,0.1886,110163200,0.1964
8/2/1996,0.1931,0.1931,0.1964,0.1897,127948800,0.1897
8/5/1996,0.1875,0.1931,0.1953,0.1864,101012800,0.1931
8/6/1996,0.192,0.1875,0.192,0.1853,93587200,0.1875
8/7/1996,0.1998,0.1942,0.202,0.1931,248460800,0.192
8/8/1996,0.1975,0.1998,0.1998,0.1953,101516800,0.1998
8/9/1996,0.2065,0.1987,0.2087,0.1975,230787200,0.1975
8/12/1996,0.2054,0.2087,0.2109,0.1998,151345600,0.2065
8/13/1996,0.2009,0.2042,0.2065,0.1998,103510400,0.2054
8/14/1996,0.2031,0.202,0.2054,0.202,71859200,0.2009
8/15/1996,0.1987,0.202,0.2031,0.1987,107620800,0.2031
8/16/1996,0.2009,0.202,0.202,0.1975,141758400,0.1987
8/19/1996,0.2109,0.1998,0.2109,0.1998,226318400,0.2009
8/20/1996,0.2098,0.2132,0.2132,0.2087,211758400,0.2109
8/21/1996,0.2054,0.2098,0.2109,0.2042,113344000,0.2098
8/22/1996,0.2076,0.2054,0.2076,0.2042,87684800,0.2054
8/23/1996,0.2132,0.2054,0.2143,0.2054,203459200,0.2076
8/26/1996,0.2154,0.2132,0.2154,0.2098,89678400,0.2132
8/27/1996,0.222,0.2154,0.2232,0.2143,289307200,0.2154
8/28/1996,0.2221,0.2221,0.2232,0.2188,163598400,0.222
8/29/1996,0.2188,0.2221,0.2221,0.2176,106926400,0.2221
8/30/1996,0.2165,0.221,0.221,0.2165,105728000,0.2188
9/3/1996,0.2154,0.2154,0.2176,0.2132,68297600,0.2165
9/4/1996,0.2154,0.2132,0.2199,0.2132,101449600,0.2154
9/5/1996,0.2042,0.2098,0.2121,0.2042,279585600,0.2154
9/6/1996,0.2054,0.2065,0.2076,0.202,240833600,0.2042
9/9/1996,0.1964,0.202,0.2031,0.1953,148243200,0.2054
9/10/1996,0.192,0.1975,0.1975,0.192,155545600,0.1964
9/11/1996,0.1886,0.192,0.1942,0.1875,147201600,0.192
9/12/1996,0.1819,0.1875,0.1886,0.1808,260915200,0.1886
9/13/1996,0.1875,0.1819,0.1897,0.1819,166611200,0.1819
9/16/1996,0.1998,0.192,0.2054,0.1908,244652800,0.1875
9/17/1996,0.2054,0.2042,0.2065,0.2009,209171200,0.1998
9/18/1996,0.2098,0.2054,0.2154,0.2042,353360000,0.2054
9/19/1996,0.2087,0.2109,0.2109,0.2087,119470400,0.2098
9/20/1996,0.2042,0.2087,0.2098,0.2031,149150400,0.2087
9/23/1996,0.1998,0.2042,0.2042,0.1998,45763200,0.2042
9/24/1996,0.2009,0.1998,0.2042,0.1998,143785600,0.1998
9/25/1996,0.1998,0.2009,0.202,0.1964,109043200,0.2009
9/26/1996,0.1998,0.1998,0.2009,0.1987,103286400,0.1998
9/27/1996,0.1992,0.1987,0.1998,0.1975,81569600,0.1998
9/30/1996,0.1981,0.1975,0.1998,0.1975,85444800,0.1992
10/1/1996,0.2199,0.1964,0.221,0.1964,539246400,0.1981
10/2/1996,0.2109,0.2109,0.2199,0.2065,276819200,0.2199
10/3/1996,0.1998,0.2109,0.2121,0.1998,227718400,0.2109
10/4/1996,0.2037,0.2042,0.2065,0.1975,133459200,0.1998
10/7/1996,0.2065,0.2054,0.2087,0.2042,95715200,0.2037
10/8/1996,0.2076,0.2098,0.2165,0.2076,190433600,0.2065
10/9/1996,0.2054,0.2087,0.2109,0.2042,85209600,0.2076
10/10/1996,0.216,0.2132,0.2188,0.2121,276696000,0.2054
10/11/1996,0.2165,0.2176,0.2199,0.2143,120691200,0.216
10/14/1996,0.2254,0.2188,0.2266,0.2165,269684800,0.2165
10/15/1996,0.2254,0.2299,0.231,0.2232,363059200,0.2254
10/16/1996,0.2299,0.2254,0.2333,0.2199,334745600,0.2254
10/17/1996,0.2355,0.2455,0.2478,0.2355,1026625600,0.2299
10/18/1996,0.2372,0.2366,0.2377,0.2321,382659200,0.2355
10/21/1996,0.2288,0.2366,0.2377,0.2277,187611200,0.2372
10/22/1996,0.2221,0.2288,0.2288,0.2165,213718400,0.2288
10/23/1996,0.221,0.221,0.2254,0.2176,160059200,0.2221
10/24/1996,0.221,0.2232,0.2232,0.2188,84369600,0.221
10/25/1996,0.2188,0.2221,0.2232,0.2188,77560000,0.221
10/28/1996,0.2188,0.2243,0.2243,0.2188,119996800,0.2188
10/29/1996,0.2076,0.2199,0.221,0.2065,199628800,0.2188
10/30/1996,0.2042,0.2098,0.2143,0.2042,257051200,0.2076
10/31/1996,0.2054,0.2076,0.2087,0.1987,194219200,0.2042
11/1/1996,0.2165,0.2087,0.2165,0.2065,211332800,0.2054
11/4/1996,0.2176,0.2176,0.2188,0.2121,91268800,0.2165
11/5/1996,0.2277,0.2188,0.231,0.2188,378112000,0.2176
11/6/1996,0.2277,0.2288,0.2299,0.2221,180308800,0.2277
11/7/1996,0.231,0.2266,0.2321,0.2254,155075200,0.2277
11/8/1996,0.2344,0.231,0.2344,0.2299,188708800,0.231
11/11/1996,0.2321,0.2355,0.2355,0.231,92534400,0.2344
11/12/1996,0.2254,0.2333,0.2344,0.2243,142956800,0.2321
11/13/1996,0.2282,0.2266,0.231,0.2232,83608000,0.2254
11/14/1996,0.2288,0.2277,0.2299,0.2266,48529600,0.2282
11/15/1996,0.2232,0.231,0.2321,0.2232,130715200,0.2288
11/18/1996,0.221,0.2232,0.2243,0.2188,152835200,0.2232
11/19/1996,0.2221,0.2221,0.2243,0.2199,124432000,0.221
11/20/1996,0.2232,0.2221,0.2266,0.2221,103096000,0.2221
11/21/1996,0.2188,0.2221,0.2232,0.2176,70604800,0.2232
11/22/1996,0.2254,0.2188,0.2254,0.2188,103980800,0.2188
11/25/1996,0.2232,0.2266,0.2277,0.2232,78948800,0.2254
11/26/1996,0.2165,0.2221,0.2232,0.2143,112985600,0.2232
11/27/1996,0.2188,0.2154,0.2199,0.2154,89040000,0.2165
11/29/1996,0.2154,0.2188,0.2199,0.2143,42291200,0.2188
12/2/1996,0.2243,0.2154,0.2243,0.2132,174977600,0.2154
12/3/1996,0.2243,0.2254,0.2277,0.2232,275531200,0.2243
12/4/1996,0.2232,0.2243,0.2266,0.2221,190825600,0.2243
12/5/1996,0.2232,0.2232,0.2254,0.2232,142139200,0.2232
12/6/1996,0.2243,0.2176,0.2266,0.2143,229387200,0.2232
12/9/1996,0.2232,0.2254,0.2266,0.2215,158648000,0.2243
12/10/1996,0.2188,0.2221,0.2232,0.2165,184284800,0.2232
12/11/1996,0.2143,0.2121,0.2165,0.2121,163363200,0.2188
12/12/1996,0.2132,0.2154,0.2165,0.2132,87001600,0.2143
12/13/1996,0.2076,0.2121,0.2132,0.2076,89096000,0.2132
12/16/1996,0.202,0.2098,0.2098,0.2009,149240000,0.2076
12/17/1996,0.2009,0.1998,0.2009,0.1987,157248000,0.202
12/18/1996,0.2065,0.2031,0.2065,0.202,205072000,0.2009
12/19/1996,0.1987,0.2054,0.2076,0.1987,136886400,0.2065
12/20/1996,0.2098,0.2009,0.2109,0.1908,546436800,0.1987
12/23/1996,0.2076,0.2143,0.2165,0.2076,332304000,0.2098
12/24/1996,0.2065,0.2076,0.2087,0.2042,57612800,0.2076
12/26/1996,0.2054,0.2076,0.2076,0.2042,84884800,0.2065
12/27/1996,0.2065,0.2042,0.2087,0.2042,136998400,0.2054
12/30/1996,0.1942,0.2065,0.2076,0.1942,261800000,0.2065
12/31/1996,0.1864,0.1908,0.192,0.1853,383734400,0.1942
1/2/1997,0.1875,0.1886,0.1897,0.1853,143113600,0.1864
1/3/1997,0.1942,0.1886,0.1987,0.1875,119716800,0.1875
1/6/1997,0.1596,0.1574,0.1638,0.154,1882832000,0.1942
1/7/1997,0.1563,0.1618,0.1629,0.1563,976416000,0.1596
1/8/1997,0.1574,0.1629,0.1641,0.1551,1100131200,0.1563
1/9/1997,0.1585,0.1585,0.1596,0.1563,446544000,0.1574
1/10/1997,0.1629,0.1574,0.1629,0.1574,353740800,0.1585
1/13/1997,0.1618,0.1652,0.1652,0.1618,305748800,0.1629
1/14/1997,0.1596,0.1641,0.1641,0.1585,255774400,0.1618
1/15/1997,0.154,0.1607,0.1607,0.1529,433092800,0.1596
1/16/1997,0.1496,0.1529,0.1529,0.1484,671305600,0.154
1/17/1997,0.1496,0.1496,0.1529,0.1484,325147200,0.1496
1/20/1997,0.1512,0.1507,0.1529,0.1496,291625600,0.1496
1/21/1997,0.154,0.1518,0.154,0.1507,284827200,0.1512
1/22/1997,0.1535,0.1551,0.1563,0.1518,205620800,0.154
1/23/1997,0.154,0.154,0.1551,0.1529,172345600,0.1535
1/24/1997,0.1507,0.154,0.154,0.1507,188283200,0.154
1/27/1997,0.1484,0.1529,0.154,0.1484,214043200,0.1507
1/28/1997,0.1484,0.1518,0.1518,0.1473,210560000,0.1484
1/29/1997,0.1484,0.1484,0.1496,0.1473,151704000,0.1484
1/30/1997,0.1496,0.1496,0.1496,0.1473,139932800,0.1484
1/31/1997,0.1484,0.1484,0.1484,0.1473,199606400,0.1496
2/3/1997,0.1456,0.1507,0.1518,0.1451,368110400,0.1484
2/4/1997,0.1373,0.1451,0.1462,0.135,712644800,0.1456
2/5/1997,0.1362,0.1362,0.1395,0.1362,394486400,0.1373
2/6/1997,0.1429,0.1362,0.144,0.1362,399504000,0.1362
2/7/1997,0.1412,0.1473,0.1473,0.1406,235267200,0.1429
2/10/1997,0.1395,0.144,0.144,0.1395,185404800,0.1412
2/11/1997,0.1401,0.1417,0.1429,0.1384,140100800,0.1395
2/12/1997,0.1406,0.1406,0.1417,0.1384,176265600,0.1401
2/13/1997,0.144,0.1406,0.144,0.1384,195832000,0.1406
2/14/1997,0.1456,0.1451,0.1462,0.1429,237249600,0.144
2/18/1997,0.1596,0.1484,0.1596,0.1451,368267200,0.1456
2/19/1997,0.1574,0.1596,0.1596,0.1529,241292800,0.1596
2/20/1997,0.1518,0.1574,0.1574,0.1518,124947200,0.1574
2/21/1997,0.1462,0.1507,0.1518,0.1429,211086400,0.1518
2/24/1997,0.1484,0.1451,0.1507,0.1451,117588800,0.1462
2/25/1997,0.1507,0.1518,0.1551,0.1507,138084800,0.1484
2/26/1997,0.1529,0.1518,0.1529,0.1496,103174400,0.1507
2/27/1997,0.1518,0.1518,0.1529,0.1496,102995200,0.1529
2/28/1997,0.1451,0.1507,0.1507,0.1451,121878400,0.1518
3/3/1997,0.144,0.1473,0.1473,0.1429,130457600,0.1451
3/4/1997,0.1473,0.1451,0.1473,0.1429,103219200,0.144
3/5/1997,0.1518,0.1484,0.1518,0.1473,96163200,0.1473
3/6/1997,0.1484,0.1518,0.1518,0.1473,116289600,0.1518
3/7/1997,0.1473,0.1496,0.1496,0.1462,70616000,0.1484
3/10/1997,0.1484,0.1484,0.1496,0.1468,99187200,0.1473
3/11/1997,0.1462,0.1484,0.1484,0.1429,98504000,0.1484
3/12/1997,0.1451,0.1451,0.1496,0.144,70996800,0.1462
3/13/1997,0.1462,0.1462,0.1462,0.144,105089600,0.1451
3/14/1997,0.1479,0.1462,0.1496,0.1451,230417600,0.1462
3/17/1997,0.1473,0.1451,0.1473,0.1429,192752000,0.1479
3/18/1997,0.1451,0.1462,0.1473,0.144,127075200,0.1473
3/19/1997,0.144,0.1462,0.1462,0.1417,208230400,0.1451
3/20/1997,0.154,0.1429,0.1563,0.1417,317038400,0.144
3/21/1997,0.1484,0.1563,0.1563,0.1462,136438400,0.154
3/24/1997,0.1473,0.1473,0.1484,0.1451,71220800,0.1484
3/25/1997,0.1473,0.1484,0.1484,0.1451,112560000,0.1473
3/26/1997,0.1496,0.1462,0.1507,0.1451,106836800,0.1473
3/27/1997,0.1663,0.1563,0.1719,0.154,1138748800,0.1496
3/31/1997,0.1629,0.1663,0.173,0.154,970244800,0.1663
4/1/1997,0.1563,0.1574,0.159,0.1551,220259200,0.1629
4/2/1997,0.1607,0.1596,0.1613,0.1574,222376000,0.1563
4/3/1997,0.1685,0.1652,0.1708,0.1629,549080000,0.1607
4/4/1997,0.1719,0.1708,0.1752,0.1696,475249600,0.1685
4/7/1997,0.1741,0.1763,0.1775,0.1719,255259200,0.1719
4/8/1997,0.1708,0.1752,0.1752,0.1663,193827200,0.1741
4/9/1997,0.1696,0.1719,0.1719,0.1685,244988800,0.1708
4/10/1997,0.1685,0.1696,0.1708,0.1652,116984000,0.1696
4/11/1997,0.1629,0.1685,0.1685,0.1618,79564800,0.1685
4/14/1997,0.1674,0.1641,0.1685,0.1607,112358400,0.1629
4/15/1997,0.1646,0.1708,0.1719,0.1618,136046400,0.1674
4/16/1997,0.1657,0.1663,0.1696,0.1641,86217600,0.1646
4/17/1997,0.1696,0.1629,0.1708,0.1618,219464000,0.1657
4/18/1997,0.1641,0.1708,0.1708,0.1641,141444800,0.1696
4/21/1997,0.1607,0.1663,0.1663,0.1607,89152000,0.1641
4/22/1997,0.1652,0.1618,0.1652,0.1596,94651200,0.1607
4/23/1997,0.1618,0.1641,0.1652,0.1618,54488000,0.1652
4/24/1997,0.1596,0.1652,0.1652,0.1585,74939200,0.1618
4/25/1997,0.1563,0.1574,0.1596,0.1551,87382400,0.1596
4/28/1997,0.1574,0.1585,0.1596,0.1563,46771200,0.1563
4/29/1997,0.1579,0.1607,0.1607,0.1563,51755200,0.1574
4/30/1997,0.1518,0.1518,0.154,0.1496,257633600,0.1579
5/1/1997,0.1518,0.1507,0.1529,0.1496,72340800,0.1518
5/2/1997,0.1518,0.1518,0.1529,0.1496,101987200,0.1518
5/5/1997,0.1518,0.1518,0.1529,0.1496,98459200,0.1518
5/6/1997,0.1507,0.1518,0.1529,0.1496,83148800,0.1518
5/7/1997,0.1473,0.1507,0.1518,0.1462,114217600,0.1507
5/8/1997,0.1518,0.1484,0.1529,0.1473,82936000,0.1473
5/9/1997,0.1523,0.1518,0.1563,0.1518,188372800,0.1518
5/12/1997,0.1568,0.154,0.1574,0.1518,164976000,0.1523
5/13/1997,0.1568,0.1563,0.1596,0.1518,197019200,0.1568
5/14/1997,0.1579,0.1596,0.1607,0.1563,135643200,0.1568
5/15/1997,0.1585,0.1585,0.1607,0.1563,99008000,0.1579
5/16/1997,0.154,0.1563,0.1574,0.154,93296000,0.1585
5/19/1997,0.1518,0.1563,0.1574,0.1518,52259200,0.154
5/20/1997,0.154,0.1518,0.1557,0.1496,84828800,0.1518
5/21/1997,0.1507,0.1529,0.1529,0.1473,122248000,0.154
5/22/1997,0.1484,0.1496,0.1507,0.1473,76283200,0.1507
5/23/1997,0.1507,0.1484,0.1518,0.1484,67032000,0.1484
5/27/1997,0.154,0.1496,0.1551,0.1496,82084800,0.1507
5/28/1997,0.1518,0.1551,0.1563,0.1518,87539200,0.154
5/29/1997,0.1484,0.1529,0.1529,0.1484,111182400,0.1518
5/30/1997,0.1484,0.1473,0.1518,0.1462,177329600,0.1484
6/2/1997,0.1512,0.1518,0.1518,0.1496,41585600,0.1484
6/3/1997,0.149,0.1496,0.1512,0.1484,65240000,0.1512
6/4/1997,0.1484,0.1484,0.1496,0.1473,80404800,0.149
6/5/1997,0.149,0.1484,0.1529,0.1479,64612800,0.1484
6/6/1997,0.1496,0.1484,0.1496,0.1473,52875200,0.149
6/9/1997,0.1484,0.149,0.1512,0.1484,74804800,0.1496
6/10/1997,0.1451,0.1496,0.1496,0.1434,139048000,0.1484
6/11/1997,0.1456,0.1456,0.1468,0.1451,105403200,0.1451
6/12/1997,0.1434,0.1462,0.1462,0.1429,78691200,0.1456
6/13/1997,0.1412,0.1434,0.144,0.1406,132070400,0.1434
6/16/1997,0.1384,0.1417,0.1417,0.1373,134008000,0.1412
6/17/1997,0.1459,0.139,0.1473,0.1384,142240000,0.1384
6/18/1997,0.1423,0.144,0.1451,0.1406,109648000,0.1459
6/19/1997,0.1406,0.1429,0.1429,0.1401,121027200,0.1423
6/20/1997,0.139,0.1401,0.1406,0.1384,110185600,0.1406
6/23/1997,0.1373,0.1384,0.1395,0.1373,99545600,0.139
6/24/1997,0.1367,0.1378,0.139,0.1362,111148800,0.1373
6/25/1997,0.135,0.1367,0.1373,0.1339,198632000,0.1367
6/26/1997,0.1311,0.135,0.135,0.1306,381987200,0.135
6/27/1997,0.1311,0.1311,0.1323,0.1306,157953600,0.1311
6/30/1997,0.1272,0.1317,0.1317,0.125,171180800,0.1311
7/1/1997,0.1177,0.1244,0.125,0.1172,450676800,0.1272
7/2/1997,0.1166,0.1183,0.1194,0.1161,249961600,0.1177
7/3/1997,0.1222,0.1172,0.1239,0.1161,186782400,0.1166
7/7/1997,0.1233,0.1244,0.1272,0.1228,191475200,0.1222
7/8/1997,0.1228,0.1239,0.125,0.1222,95692800,0.1233
7/9/1997,0.1222,0.1233,0.1239,0.1217,142016000,0.1228
7/10/1997,0.1183,0.115,0.1194,0.1138,492564800,0.1222
7/11/1997,0.1356,0.1194,0.1384,0.1189,734944000,0.1183
7/14/1997,0.1395,0.1362,0.1395,0.1328,411006400,0.1356
7/15/1997,0.1423,0.1406,0.1429,0.1395,401016000,0.1395
7/16/1997,0.1468,0.1412,0.1473,0.1395,446252800,0.1423
7/17/1997,0.1563,0.1518,0.1618,0.1468,746267200,0.1468
7/18/1997,0.1549,0.1596,0.1602,0.1523,317564800,0.1563
7/21/1997,0.1443,0.1568,0.1579,0.1429,354916800,0.1549
7/22/1997,0.1479,0.1462,0.149,0.1456,231336000,0.1443
7/23/1997,0.144,0.1496,0.1507,0.1429,141288000,0.1479
7/24/1997,0.1412,0.144,0.144,0.1395,133492800,0.144
7/25/1997,0.1451,0.1417,0.1479,0.1406,217963200,0.1412
7/28/1997,0.1468,0.1468,0.1473,0.1451,110510400,0.1451
7/29/1997,0.1473,0.1468,0.1484,0.1462,71243200,0.1468
7/30/1997,0.1551,0.1512,0.1579,0.1496,374315200,0.1473
7/31/1997,0.1563,0.1551,0.1585,0.154,263816000,0.1551
8/1/1997,0.1713,0.1574,0.1713,0.1568,481913600,0.1563
8/4/1997,0.1763,0.1713,0.1769,0.1713,611318400,0.1713
8/5/1997,0.1763,0.178,0.1786,0.174,247128000,0.1763
8/6/1997,0.2349,0.2254,0.2478,0.2232,4192160000,0.1763
8/7/1997,0.2606,0.2567,0.2656,0.2506,3707356800,0.2349
8/8/1997,0.2394,0.2483,0.2533,0.2333,1814164800,0.2606
8/11/1997,0.2193,0.2349,0.236,0.2098,1550998400,0.2394
8/12/1997,0.197,0.2148,0.2165,0.1953,1048600000,0.2193
8/13/1997,0.2109,0.1987,0.2132,0.1825,1201424000,0.197
8/14/1997,0.2054,0.2109,0.2165,0.2026,434828800,0.2109
8/15/1997,0.2076,0.2065,0.2093,0.2037,260960000,0.2054
8/18/1997,0.2109,0.2081,0.2121,0.2031,217840000,0.2076
8/19/1997,0.2182,0.2115,0.2188,0.2081,289475200,0.2109
8/20/1997,0.2199,0.2182,0.2243,0.216,323803200,0.2182
8/21/1997,0.2143,0.2188,0.2204,0.2132,259280000,0.2199
8/22/1997,0.2109,0.2093,0.2143,0.2087,227584000,0.2143
8/25/1997,0.2059,0.2109,0.2115,0.2048,138611200,0.2109
8/26/1997,0.1987,0.202,0.2054,0.1975,226206400,0.2059
8/27/1997,0.2026,0.1998,0.2031,0.1953,190635200,0.1987
8/28/1997,0.1964,0.1975,0.2009,0.1964,95670400,0.2026
8/29/1997,0.1942,0.1948,0.1964,0.192,109670400,0.1964
9/2/1997,0.1998,0.1964,0.2015,0.1959,186043200,0.1942
9/3/1997,0.2009,0.1998,0.2076,0.1992,284132800,0.1998
9/4/1997,0.2009,0.2015,0.2042,0.1987,122539200,0.2009
9/5/1997,0.1981,0.202,0.2042,0.1964,136707200,0.2009
9/8/1997,0.192,0.1987,0.1987,0.1914,175156800,0.1981
9/9/1997,0.1948,0.1903,0.1953,0.1897,159028800,0.192
9/10/1997,0.2048,0.1942,0.2065,0.1936,274064000,0.1948
9/11/1997,0.1998,0.2042,0.2054,0.197,209876800,0.2048
9/12/1997,0.197,0.1981,0.1987,0.1914,113680000,0.1998
9/15/1997,0.192,0.1953,0.1975,0.192,96913600,0.197
9/16/1997,0.1959,0.197,0.1977,0.1942,134142400,0.192
9/17/1997,0.1948,0.1964,0.1964,0.1936,86766400,0.1959
9/18/1997,0.1992,0.192,0.2009,0.192,169164800,0.1948
9/19/1997,0.1959,0.1981,0.1981,0.1942,94931200,0.1992
9/22/1997,0.2037,0.1975,0.2059,0.1964,200379200,0.1959
9/23/1997,0.1942,0.1987,0.2009,0.1936,200670400,0.2037
9/24/1997,0.192,0.1936,0.1942,0.1908,222432000,0.1942
9/25/1997,0.1886,0.1903,0.1942,0.1875,223384000,0.192
9/26/1997,0.1903,0.192,0.1959,0.1886,208320000,0.1886
9/29/1997,0.197,0.1936,0.1987,0.1925,167238400,0.1903
9/30/1997,0.1936,0.1964,0.1992,0.1936,140571200,0.197
10/1/1997,0.1922,0.1936,0.1942,0.1908,130468800,0.1936
10/2/1997,0.1959,0.1914,0.1964,0.1908,135464000,0.1922
10/3/1997,0.1975,0.1964,0.1987,0.1936,162243200,0.1959
10/6/1997,0.1959,0.1981,0.1987,0.1936,93296000,0.1975
10/7/1997,0.1948,0.1953,0.1964,0.1948,109289600,0.1959
10/8/1997,0.192,0.1942,0.1948,0.1903,108841600,0.1948
10/9/1997,0.1942,0.1897,0.2009,0.1892,187331200,0.192
10/10/1997,0.2026,0.192,0.2031,0.192,270401600,0.1942
10/13/1997,0.2026,0.2031,0.2042,0.1981,158625600,0.2026
10/14/1997,0.2026,0.2026,0.2031,0.1981,165816000,0.2026
10/15/1997,0.2126,0.1975,0.221,0.1975,810868800,0.2026
10/16/1997,0.192,0.1886,0.197,0.1864,739300800,0.2126
10/17/1997,0.1797,0.1886,0.1886,0.1775,438670400,0.192
10/20/1997,0.1669,0.1797,0.1802,0.1663,411835200,0.1797
10/21/1997,0.1702,0.1685,0.1724,0.1669,475272000,0.1669
10/22/1997,0.1657,0.1702,0.1719,0.1652,151177600,0.1702
10/23/1997,0.1585,0.1607,0.1624,0.1585,186782400,0.1657
10/24/1997,0.1479,0.1618,0.1641,0.1473,388236800,0.1585
10/27/1997,0.1507,0.1496,0.1618,0.1496,329358400,0.1479
10/28/1997,0.1618,0.1429,0.1652,0.1417,343313600,0.1507
10/29/1997,0.1563,0.1646,0.1652,0.154,177587200,0.1618
10/30/1997,0.1473,0.1523,0.1568,0.1473,188955200,0.1563
10/31/1997,0.1521,0.1551,0.1551,0.1484,267086400,0.1473
11/3/1997,0.1551,0.1568,0.1585,0.1523,126011200,0.1521
11/4/1997,0.1602,0.1585,0.1618,0.1563,168593600,0.1551
11/5/1997,0.1641,0.1629,0.1663,0.1613,387116800,0.1602
11/6/1997,0.1696,0.1685,0.1741,0.1674,617086400,0.1641
11/7/1997,0.1763,0.1685,0.1786,0.1674,795614400,0.1696
11/10/1997,0.1674,0.1875,0.192,0.1652,1398241600,0.1763
11/11/1997,0.1641,0.1696,0.1696,0.1618,332483200,0.1674
11/12/1997,0.1574,0.1613,0.1652,0.1568,208062400,0.1641
11/13/1997,0.1607,0.1607,0.1613,0.1563,257544000,0.1574
11/14/1997,0.1646,0.1641,0.1652,0.1607,135038400,0.1607
11/17/1997,0.1652,0.1685,0.1691,0.1636,205027200,0.1646
11/18/1997,0.1613,0.1652,0.1652,0.1613,146641600,0.1652
11/19/1997,0.1629,0.1596,0.1635,0.1596,79587200,0.1613
11/20/1997,0.1652,0.1624,0.1663,0.1618,128172800,0.1629
11/21/1997,0.1624,0.1663,0.1669,0.1607,97776000,0.1652
11/24/1997,0.1574,0.1568,0.1607,0.1563,157348800,0.1624
11/25/1997,0.1551,0.1579,0.1596,0.1507,205430400,0.1574
11/26/1997,0.1563,0.1551,0.1579,0.154,60412800,0.1551
11/28/1997,0.1585,0.1574,0.1596,0.1557,41316800,0.1563
12/1/1997,0.1585,0.1579,0.1602,0.154,87236800,0.1585
12/2/1997,0.1417,0.1551,0.1563,0.1417,396816000,0.1585
12/3/1997,0.1406,0.1434,0.144,0.1401,343056000,0.1417
12/4/1997,0.1395,0.1429,0.1429,0.1395,199640000,0.1406
12/5/1997,0.1412,0.139,0.1429,0.139,221468800,0.1395
12/8/1997,0.139,0.139,0.1406,0.1373,133582400,0.1412
12/9/1997,0.1362,0.1384,0.1401,0.1339,243051200,0.139
12/10/1997,0.1317,0.1345,0.1345,0.1295,195014400,0.1362
12/11/1997,0.13,0.1289,0.13,0.1239,256939200,0.1317
12/12/1997,0.1261,0.1317,0.1328,0.125,160563200,0.13
12/15/1997,0.1244,0.1261,0.1272,0.1228,165894400,0.1261
12/16/1997,0.1278,0.125,0.1283,0.125,185628800,0.1244
12/17/1997,0.1244,0.1278,0.13,0.1244,265294400,0.1278
12/18/1997,0.1233,0.125,0.125,0.1228,202048000,0.1244
12/19/1997,0.1222,0.1211,0.1239,0.1183,190612800,0.1233
12/22/1997,0.1189,0.1239,0.125,0.1177,159476800,0.1222
12/23/1997,0.1155,0.1172,0.1189,0.1155,458830400,0.1189
12/24/1997,0.1172,0.1161,0.1183,0.1161,97832000,0.1155
12/26/1997,0.1189,0.1166,0.1194,0.1161,107878400,0.1172
12/29/1997,0.1172,0.1189,0.12,0.115,278196800,0.1189
12/30/1997,0.1177,0.1161,0.12,0.1138,342507200,0.1172
12/31/1997,0.1172,0.1172,0.1217,0.1155,404868800,0.1177
1/2/1998,0.1451,0.1217,0.1451,0.1205,718110400,0.1172
1/5/1998,0.1417,0.1473,0.1479,0.1356,651761600,0.1451
1/6/1998,0.1691,0.1423,0.1786,0.1317,1813448000,0.1417
1/7/1998,0.1563,0.168,0.1696,0.1546,1041622400,0.1691
1/8/1998,0.1624,0.1557,0.1663,0.1512,774569600,0.1563
1/9/1998,0.1624,0.1618,0.173,0.1563,886547200,0.1624
1/12/1998,0.1629,0.1557,0.1663,0.1529,516398400,0.1624
1/13/1998,0.1741,0.1663,0.1752,0.1652,636854400,0.1629
1/14/1998,0.1763,0.1775,0.178,0.1719,589265600,0.1741
1/15/1998,0.1713,0.1713,0.1763,0.1663,559272000,0.1763
1/16/1998,0.168,0.1735,0.1735,0.1669,246355200,0.1713
1/20/1998,0.1708,0.1702,0.1724,0.1663,241561600,0.168
1/21/1998,0.1685,0.1674,0.1702,0.1657,190209600,0.1708
1/22/1998,0.1719,0.1669,0.1763,0.1663,329728000,0.1685
1/23/1998,0.1741,0.173,0.1758,0.1719,233161600,0.1719
1/26/1998,0.1735,0.1735,0.1747,0.168,146440000,0.1741
1/27/1998,0.1708,0.1713,0.1758,0.1696,112235200,0.1735
1/28/1998,0.1713,0.1713,0.173,0.1663,151121600,0.1708
1/29/1998,0.1652,0.1691,0.1708,0.1652,211881600,0.1713
1/30/1998,0.1635,0.1635,0.1685,0.1629,162444800,0.1652
2/2/1998,0.1579,0.1652,0.1652,0.1551,636742400,0.1635
2/3/1998,0.1635,0.1579,0.1663,0.1579,402617600,0.1579
2/4/1998,0.1629,0.1613,0.1652,0.1607,170195200,0.1635
2/5/1998,0.1635,0.1629,0.1652,0.1607,238268800,0.1629
2/6/1998,0.1652,0.1641,0.1669,0.1629,202339200,0.1635
2/9/1998,0.1713,0.1641,0.1741,0.1641,494670400,0.1652
2/10/1998,0.1735,0.1708,0.1747,0.1702,422004800,0.1713
2/11/1998,0.1696,0.1741,0.1741,0.1685,211668800,0.1735
2/12/1998,0.173,0.1708,0.1735,0.1702,203750400,0.1696
2/13/1998,0.1741,0.1713,0.1775,0.1696,207995200,0.173
2/17/1998,0.1752,0.1741,0.1763,0.1741,182750400,0.1741
2/18/1998,0.1836,0.1747,0.1853,0.1747,494592000,0.1752
2/19/1998,0.1825,0.1864,0.1869,0.1786,399660800,0.1836
2/20/1998,0.1786,0.183,0.1836,0.1769,325416000,0.1825
2/23/1998,0.1897,0.1797,0.1931,0.1786,477489600,0.1786
2/24/1998,0.1903,0.1903,0.1908,0.1853,456590400,0.1897
2/25/1998,0.1992,0.1903,0.2031,0.1869,712667200,0.1903
2/26/1998,0.2098,0.1992,0.2104,0.1953,595134400,0.1992
2/27/1998,0.2109,0.2081,0.2132,0.2015,519601600,0.2098
3/2/1998,0.2031,0.2104,0.2104,0.1987,400444800,0.2109
3/3/1998,0.2065,0.1953,0.207,0.1931,334073600,0.2031
3/4/1998,0.2182,0.2042,0.221,0.2042,817824000,0.2065
3/5/1998,0.2148,0.2076,0.2165,0.2065,675124800,0.2182
3/6/1998,0.2182,0.2132,0.2188,0.2087,666467200,0.2148
3/9/1998,0.2031,0.2121,0.2171,0.2009,574929600,0.2182
3/10/1998,0.2148,0.2054,0.2188,0.2048,712902400,0.2031
3/11/1998,0.2333,0.2243,0.2338,0.2193,1214337600,0.2148
3/12/1998,0.2411,0.2333,0.2411,0.2282,744363200,0.2333
3/13/1998,0.2422,0.2433,0.2433,0.2344,566160000,0.2411
3/16/1998,0.2383,0.2422,0.2433,0.2338,402360000,0.2422
3/17/1998,0.2352,0.2366,0.2383,0.231,410256000,0.2383
3/18/1998,0.2405,0.2321,0.2405,0.2321,276998400,0.2352
3/19/1998,0.2388,0.24,0.2405,0.2372,160059200,0.2405
3/20/1998,0.2355,0.2383,0.24,0.2321,215476800,0.2388
3/23/1998,0.2333,0.2316,0.2344,0.2199,414736000,0.2355
3/24/1998,0.25,0.2355,0.25,0.2344,675931200,0.2333
3/25/1998,0.2425,0.2467,0.2478,0.2355,387374400,0.25
3/26/1998,0.2372,0.2388,0.2411,0.236,202966400,0.2425
3/27/1998,0.2405,0.2377,0.2439,0.2355,255595200,0.2372
3/30/1998,0.245,0.2388,0.2455,0.2388,250700800,0.2405
3/31/1998,0.2455,0.245,0.2483,0.2433,266761600,0.245
4/1/1998,0.2455,0.245,0.2455,0.2416,186883200,0.2455
4/2/1998,0.2439,0.2439,0.245,0.2405,194308800,0.2455
4/3/1998,0.2416,0.2422,0.2433,0.2394,203067200,0.2439
4/6/1998,0.2344,0.2411,0.2411,0.2338,347592000,0.2416
4/7/1998,0.2277,0.2305,0.2321,0.2221,293753600,0.2344
4/8/1998,0.2232,0.2254,0.2266,0.2204,225198400,0.2277
4/9/1998,0.2288,0.2238,0.231,0.2232,170307200,0.2232
4/13/1998,0.236,0.2288,0.2383,0.2232,288299200,0.2288
4/14/1998,0.2405,0.2355,0.2433,0.2355,327846400,0.236
4/15/1998,0.245,0.2427,0.2455,0.2377,557513600,0.2405
4/16/1998,0.2556,0.2612,0.2645,0.2517,1837953600,0.245
4/17/1998,0.2494,0.255,0.2556,0.2472,592166400,0.2556
4/20/1998,0.2589,0.2467,0.2634,0.2461,517776000,0.2494
4/21/1998,0.2589,0.2595,0.26,0.2545,348028800,0.2589
4/22/1998,0.2455,0.2567,0.2589,0.2455,284950400,0.2589
4/23/1998,0.2472,0.245,0.2589,0.2427,475294400,0.2455
4/24/1998,0.2494,0.2478,0.2522,0.2455,215544000,0.2472
4/27/1998,0.2478,0.2388,0.2478,0.2388,409796800,0.2494
4/28/1998,0.2405,0.2489,0.25,0.2344,237171200,0.2478
4/29/1998,0.2411,0.2405,0.245,0.2388,189537600,0.2405
4/30/1998,0.2444,0.2444,0.2467,0.2416,179950400,0.2411
5/1/1998,0.25,0.2455,0.2522,0.24,184072000,0.2444
5/4/1998,0.2595,0.2578,0.2634,0.2578,571144000,0.25
5/5/1998,0.2651,0.2612,0.2667,0.26,419283200,0.2595
5/6/1998,0.2706,0.2667,0.2718,0.2612,897008000,0.2651
5/7/1998,0.2695,0.2729,0.2734,0.2667,552899200,0.2706
5/8/1998,0.2718,0.2684,0.2723,0.2673,270816000,0.2695
5/11/1998,0.2762,0.2757,0.2824,0.2746,665022400,0.2718
5/12/1998,0.269,0.2729,0.2746,0.2673,257924800,0.2762
5/13/1998,0.2718,0.2684,0.2751,0.2645,314417600,0.269
5/14/1998,0.2684,0.2712,0.2718,0.2656,163016000,0.2718
5/15/1998,0.264,0.2684,0.2712,0.2612,272585600,0.2684
5/18/1998,0.2545,0.2623,0.264,0.2533,232388800,0.264
5/19/1998,0.2623,0.2584,0.2628,0.2573,218265600,0.2545
5/20/1998,0.264,0.2645,0.2667,0.2567,190176000,0.2623
5/21/1998,0.2578,0.264,0.2651,0.2556,130995200,0.264
5/22/1998,0.2489,0.2567,0.2567,0.2439,266593600,0.2578
5/26/1998,0.2383,0.2506,0.2522,0.2377,311774400,0.2489
5/27/1998,0.2388,0.2294,0.2394,0.2288,370193600,0.2383
5/28/1998,0.245,0.2388,0.2489,0.2388,298491200,0.2388
5/29/1998,0.2377,0.2455,0.2461,0.236,216720000,0.245
6/1/1998,0.2344,0.2366,0.2467,0.2288,319692800,0.2377
6/2/1998,0.24,0.236,0.2439,0.2321,179300800,0.2344
6/3/1998,0.2349,0.2422,0.2433,0.2338,145140800,0.24
6/4/1998,0.2394,0.2377,0.24,0.2305,156139200,0.2349
6/5/1998,0.24,0.24,0.2433,0.2355,123323200,0.2394
6/8/1998,0.2433,0.2411,0.2472,0.2394,126627200,0.24
6/9/1998,0.2522,0.2444,0.2545,0.2444,275744000,0.2433
6/10/1998,0.2506,0.25,0.2589,0.2467,229230400,0.2522
6/11/1998,0.2483,0.2517,0.2556,0.2483,180118400,0.2506
6/12/1998,0.2511,0.2467,0.2522,0.2444,223854400,0.2483
6/15/1998,0.2455,0.2433,0.2522,0.2433,136662400,0.2511
6/16/1998,0.25,0.2472,0.2511,0.2439,129684800,0.2455
6/17/1998,0.2511,0.25,0.255,0.2494,187174400,0.25
6/18/1998,0.2439,0.2478,0.2506,0.2427,119996800,0.2511
6/19/1998,0.2416,0.2444,0.245,0.2388,137558400,0.2439
6/22/1998,0.2444,0.2411,0.2461,0.2388,134568000,0.2416
6/23/1998,0.2483,0.245,0.2511,0.2433,231056000,0.2444
6/24/1998,0.2522,0.2478,0.2556,0.2439,273795200,0.2483
6/25/1998,0.255,0.255,0.2573,0.2528,191811200,0.2522
6/26/1998,0.2517,0.2545,0.2556,0.2478,111115200,0.255
6/29/1998,0.2561,0.2522,0.2573,0.2506,166185600,0.2517
6/30/1998,0.2561,0.2556,0.2573,0.2511,131062400,0.2561
7/1/1998,0.2673,0.2578,0.2679,0.2545,314115200,0.2561
7/2/1998,0.2589,0.2651,0.2684,0.2589,298110400,0.2673
7/6/1998,0.2712,0.2634,0.2712,0.26,270950400,0.2589
7/7/1998,0.2723,0.2712,0.2757,0.2679,241472000,0.2712
7/8/1998,0.2907,0.2746,0.2941,0.274,932814400,0.2723
7/9/1998,0.2829,0.2941,0.3002,0.2807,566608000,0.2907
7/10/1998,0.2863,0.2874,0.2913,0.2835,302523200,0.2829
7/13/1998,0.303,0.2852,0.3047,0.2846,715388800,0.2863
7/14/1998,0.2985,0.303,0.3036,0.2958,548531200,0.303
7/15/1998,0.3075,0.3008,0.3097,0.2991,594966400,0.2985
7/16/1998,0.3348,0.3382,0.3404,0.3192,2561350400,0.3075
7/17/1998,0.3292,0.3326,0.3326,0.3231,629552000,0.3348
7/20/1998,0.3237,0.3265,0.327,0.317,383891200,0.3292
7/21/1998,0.3181,0.3225,0.3304,0.3164,329504000,0.3237
7/22/1998,0.3125,0.3119,0.3181,0.3058,280728000,0.3181
7/23/1998,0.3119,0.3108,0.3181,0.3103,253131200,0.3125
7/24/1998,0.3097,0.3158,0.317,0.3019,271286400,0.3119
7/27/1998,0.3075,0.3058,0.3114,0.2969,214233600,0.3097
7/28/1998,0.3002,0.3041,0.3092,0.2946,225377600,0.3075
7/29/1998,0.3136,0.3013,0.3203,0.3008,447720000,0.3002
7/30/1998,0.3259,0.3198,0.3281,0.317,362297600,0.3136
7/31/1998,0.3092,0.327,0.3281,0.308,183108800,0.3259
8/3/1998,0.3136,0.3058,0.3175,0.2969,301761600,0.3092
8/4/1998,0.3052,0.317,0.3214,0.3036,293921600,0.3136
8/5/1998,0.3214,0.3013,0.3214,0.2991,454081600,0.3052
8/6/1998,0.3292,0.3131,0.3292,0.3114,438614400,0.3214
8/7/1998,0.3259,0.332,0.3337,0.3214,298020800,0.3292
8/10/1998,0.3387,0.3242,0.3398,0.3237,488600000,0.3259
8/11/1998,0.3482,0.3371,0.3661,0.3337,1759475200,0.3387
8/12/1998,0.3577,0.3549,0.3655,0.3525,689774400,0.3482
8/13/1998,0.3521,0.3566,0.3638,0.3516,390779200,0.3577
8/14/1998,0.3616,0.3633,0.3638,0.3527,450777600,0.3521
8/17/1998,0.3744,0.3661,0.3823,0.356,930876800,0.3616
8/18/1998,0.38,0.3789,0.3873,0.3772,605953600,0.3744
8/19/1998,0.3661,0.3884,0.3906,0.3661,485990400,0.38
8/20/1998,0.3627,0.3661,0.3672,0.3594,391921600,0.3661
8/21/1998,0.3839,0.3571,0.389,0.3482,813377600,0.3627
8/24/1998,0.3677,0.3878,0.3884,0.3583,610176000,0.3839
8/25/1998,0.3644,0.3783,0.3783,0.3599,495566400,0.3677
8/26/1998,0.3605,0.356,0.3672,0.3527,406481600,0.3644
8/27/1998,0.3348,0.3504,0.3504,0.3181,1114243200,0.3605
8/28/1998,0.3052,0.3315,0.3438,0.3047,932254400,0.3348
8/31/1998,0.2785,0.3103,0.3114,0.2768,868224000,0.3052
9/1/1998,0.3047,0.2801,0.3158,0.2734,869075200,0.2785
9/2/1998,0.3175,0.317,0.3337,0.3147,843001600,0.3047
9/3/1998,0.3092,0.3125,0.3136,0.3036,409752000,0.3175
9/4/1998,0.3136,0.317,0.3253,0.3013,377272000,0.3092
9/8/1998,0.3415,0.3393,0.3415,0.3281,402796800,0.3136
9/9/1998,0.3337,0.3398,0.3404,0.3304,354692800,0.3415
9/10/1998,0.3404,0.3237,0.3415,0.3192,526881600,0.3337
9/11/1998,0.3359,0.3438,0.3538,0.3292,352284800,0.3404
9/14/1998,0.332,0.3415,0.3465,0.3315,247072000,0.3359
9/15/1998,0.341,0.3281,0.3443,0.3259,433652800,0.332
9/16/1998,0.3331,0.3449,0.346,0.3304,258876800,0.341
9/17/1998,0.3214,0.322,0.3315,0.3203,269292800,0.3331
9/18/1998,0.3281,0.322,0.3281,0.3175,305076800,0.3214
9/21/1998,0.3298,0.3186,0.3298,0.3153,295870400,0.3281
9/22/1998,0.3304,0.3315,0.3359,0.3248,257936000,0.3298
9/23/1998,0.3421,0.3326,0.3426,0.3265,287918400,0.3304
9/24/1998,0.3438,0.3382,0.3532,0.3371,482843200,0.3421
9/25/1998,0.346,0.341,0.3499,0.3359,228289600,0.3438
9/28/1998,0.3488,0.3549,0.3588,0.3393,405417600,0.346
9/29/1998,0.3527,0.3488,0.3571,0.3404,305132800,0.3488
9/30/1998,0.3404,0.346,0.3504,0.3393,167182400,0.3527
10/1/1998,0.3186,0.3281,0.3393,0.3158,370216000,0.3404
10/2/1998,0.3131,0.317,0.3237,0.3047,475574400,0.3186
10/5/1998,0.2874,0.3036,0.3086,0.2813,551880000,0.3131
10/6/1998,0.2907,0.3008,0.3064,0.2902,399862400,0.2874
10/7/1998,0.2852,0.2891,0.2974,0.2801,473356800,0.2907
10/8/1998,0.2751,0.2768,0.2785,0.2545,688766400,0.2852
10/9/1998,0.3136,0.2835,0.3147,0.2746,668236800,0.2751
10/12/1998,0.3343,0.3348,0.3432,0.3265,622899200,0.3136
10/13/1998,0.346,0.3398,0.3499,0.3214,941628800,0.3343
10/14/1998,0.3337,0.3549,0.3689,0.3287,2280017600,0.346
10/15/1998,0.327,0.3237,0.3326,0.317,840672000,0.3337
10/16/1998,0.3276,0.3315,0.3398,0.3259,615563200,0.327
10/19/1998,0.3348,0.3276,0.3398,0.3203,475776000,0.3276
10/20/1998,0.322,0.3387,0.341,0.3214,382088000,0.3348
10/21/1998,0.3315,0.3281,0.3343,0.3192,430617600,0.322
10/22/1998,0.3281,0.3292,0.3359,0.3237,317374400,0.3315
10/23/1998,0.317,0.3281,0.3292,0.3136,355980800,0.3281
10/26/1998,0.3343,0.322,0.3371,0.317,475843200,0.317
10/27/1998,0.3147,0.3393,0.3477,0.3131,538193600,0.3343
10/28/1998,0.3287,0.3147,0.3304,0.3136,363708800,0.3147
10/29/1998,0.3253,0.3253,0.3343,0.3198,344579200,0.3287
10/30/1998,0.3315,0.3287,0.3348,0.3237,317643200,0.3253
11/2/1998,0.3359,0.3348,0.3371,0.3326,253769600,0.3315
11/3/1998,0.3376,0.3337,0.3415,0.3331,370451200,0.3359
11/4/1998,0.3454,0.3443,0.3493,0.3404,627883200,0.3376
11/5/1998,0.341,0.3426,0.3516,0.3398,607118400,0.3454
11/6/1998,0.3398,0.3382,0.3415,0.3326,797339200,0.341
11/9/1998,0.327,0.3365,0.3404,0.317,660788800,0.3398
11/10/1998,0.3136,0.3231,0.3237,0.3125,883982400,0.327
11/11/1998,0.2997,0.3192,0.3198,0.2924,948393600,0.3136
11/12/1998,0.3036,0.2958,0.3075,0.2935,595100800,0.2997
11/13/1998,0.3186,0.3119,0.322,0.3097,791817600,0.3036
11/16/1998,0.3214,0.3209,0.3281,0.3164,384529600,0.3186
11/17/1998,0.3108,0.3192,0.3198,0.3103,210728000,0.3214
11/18/1998,0.3164,0.3142,0.3214,0.3114,329660800,0.3108
11/19/1998,0.3192,0.317,0.332,0.3164,346528000,0.3164
11/20/1998,0.3153,0.3253,0.3281,0.3103,399224000,0.3192
11/23/1998,0.3237,0.3175,0.3287,0.3142,577953600,0.3153
11/24/1998,0.3209,0.3225,0.3281,0.3192,319748800,0.3237
11/25/1998,0.3136,0.3203,0.322,0.3119,303800000,0.3209
11/27/1998,0.3131,0.3131,0.3136,0.3103,153104000,0.3136
11/30/1998,0.2852,0.3086,0.3108,0.2835,561489600,0.3131
12/1/1998,0.3047,0.2857,0.3108,0.2824,865737600,0.2852
12/2/1998,0.3214,0.3047,0.3292,0.2991,962483200,0.3047
12/3/1998,0.3008,0.3242,0.3259,0.3002,626046400,0.3214
12/4/1998,0.2924,0.3064,0.3075,0.2857,721369600,0.3008
12/7/1998,0.3013,0.298,0.3013,0.2924,566596800,0.2924
12/8/1998,0.2863,0.303,0.303,0.2857,680108800,0.3013
12/9/1998,0.2857,0.2919,0.2935,0.2824,592916800,0.2863
12/10/1998,0.2857,0.2919,0.2941,0.2846,391249600,0.2857
12/11/1998,0.3013,0.2879,0.3036,0.2857,689998400,0.2857
12/14/1998,0.2902,0.2935,0.2974,0.2879,501446400,0.3013
12/15/1998,0.2997,0.2924,0.3002,0.2924,264712000,0.2902
12/16/1998,0.293,0.3013,0.3052,0.2913,374348800,0.2997
12/17/1998,0.2985,0.2941,0.3013,0.2924,330612800,0.293
12/18/1998,0.3142,0.298,0.3158,0.2969,791492800,0.2985
12/21/1998,0.3131,0.3158,0.3181,0.3058,357448000,0.3142
12/22/1998,0.3393,0.3248,0.3404,0.3214,1150800000,0.3131
12/23/1998,0.3555,0.3449,0.3616,0.3426,1235035200,0.3393
12/24/1998,0.3504,0.356,0.3571,0.3499,199998400,0.3555
12/28/1998,0.365,0.3482,0.3672,0.3482,725312000,0.3504
12/29/1998,0.3644,0.3672,0.3705,0.3594,387352000,0.365
12/30/1998,0.3577,0.3583,0.3672,0.3571,237361600,0.3644
12/31/1998,0.3655,0.3616,0.3694,0.3527,271577600,0.3577
1/4/1999,0.3683,0.3761,0.3772,0.3571,952884800,0.3655
1/5/1999,0.3867,0.3744,0.3923,0.3705,1410113600,0.3683
1/6/1999,0.3728,0.394,0.394,0.3661,1348569600,0.3867
1/7/1999,0.4018,0.3772,0.4023,0.3761,1429019200,0.3728
1/8/1999,0.4018,0.4157,0.4185,0.3929,678832000,0.4018
1/11/1999,0.4096,0.4085,0.4113,0.4007,560974400,0.4018
1/12/1999,0.4118,0.4135,0.4163,0.394,820736000,0.4096
1/13/1999,0.4152,0.3828,0.4224,0.3772,1047816000,0.4118
1/14/1999,0.3694,0.4063,0.4107,0.3666,1723859200,0.4152
1/15/1999,0.3689,0.3733,0.3761,0.3571,1006006400,0.3694
1/19/1999,0.365,0.3744,0.3778,0.3605,534889600,0.3689
1/20/1999,0.3622,0.3666,0.375,0.3616,778120000,0.365
1/21/1999,0.3465,0.361,0.3622,0.3348,600488000,0.3622
1/22/1999,0.346,0.3365,0.3527,0.3309,345766400,0.3465
1/25/1999,0.3516,0.3504,0.3532,0.3465,385336000,0.346
1/26/1999,0.3616,0.3566,0.365,0.3538,560044800,0.3516
1/27/1999,0.3583,0.3661,0.3694,0.3566,364952000,0.3616
1/28/1999,0.365,0.365,0.3683,0.3599,336280000,0.3583
1/29/1999,0.3677,0.3677,0.3711,0.3571,242715200,0.365
2/1/1999,0.3655,0.3722,0.3744,0.3599,278913600,0.3677
2/2/1999,0.3499,0.3605,0.3638,0.3482,307160000,0.3655
2/3/1999,0.3588,0.3482,0.3622,0.346,338744000,0.3499
2/4/1999,0.3382,0.3588,0.3594,0.3371,463780800,0.3588
2/5/1999,0.3242,0.3415,0.3426,0.317,777201600,0.3382
2/8/1999,0.3371,0.3276,0.3387,0.3237,468227200,0.3242
2/9/1999,0.332,0.3387,0.3488,0.3309,701153600,0.3371
2/10/1999,0.3421,0.3292,0.3454,0.3214,563628800,0.332
2/11/1999,0.3538,0.346,0.3549,0.3443,565196800,0.3421
2/12/1999,0.3365,0.3493,0.3493,0.3304,428904000,0.3538
2/16/1999,0.3421,0.3471,0.3471,0.3382,300227200,0.3365
2/17/1999,0.3304,0.3404,0.3454,0.3298,296060800,0.3421
2/18/1999,0.3214,0.3354,0.3382,0.3175,500169600,0.3304
2/19/1999,0.332,0.3237,0.3365,0.3231,361692800,0.3214
2/22/1999,0.3432,0.3337,0.3471,0.3326,298670400,0.332
2/23/1999,0.3432,0.3443,0.3532,0.3387,322179200,0.3432
2/24/1999,0.3343,0.3465,0.3482,0.3337,212755200,0.3432
2/25/1999,0.3298,0.3331,0.3365,0.3259,264600000,0.3343
2/26/1999,0.3108,0.3259,0.3304,0.308,667251200,0.3298
3/1/1999,0.3013,0.3108,0.3108,0.3002,487827200,0.3108
3/2/1999,0.3092,0.3047,0.3153,0.3013,683065600,0.3013
3/3/1999,0.3052,0.3103,0.3136,0.2991,293350400,0.3092
3/4/1999,0.2985,0.308,0.3114,0.2891,367270400,0.3052
3/5/1999,0.2963,0.3064,0.3064,0.2891,468036800,0.2985
3/8/1999,0.3069,0.2969,0.3097,0.2963,550670400,0.2963
3/9/1999,0.3047,0.3064,0.3069,0.2991,319692800,0.3069
3/10/1999,0.2907,0.3052,0.3052,0.2896,546280000,0.3047
3/11/1999,0.2874,0.2879,0.3025,0.2857,473659200,0.2907
3/12/1999,0.2963,0.2885,0.2991,0.2885,271398400,0.2874
3/15/1999,0.3041,0.2974,0.3125,0.2969,352161600,0.2963
3/16/1999,0.317,0.3125,0.3175,0.3119,399828800,0.3041
3/17/1999,0.3041,0.3209,0.322,0.303,366318400,0.317
3/18/1999,0.317,0.3069,0.3181,0.3058,227080000,0.3041
3/19/1999,0.2991,0.3209,0.3214,0.2935,536502400,0.317
3/22/1999,0.3131,0.3036,0.3142,0.2941,593611200,0.2991
3/23/1999,0.2946,0.3075,0.3075,0.2924,415553600,0.3131
3/24/1999,0.3008,0.2969,0.3013,0.2902,400153600,0.2946
3/25/1999,0.3019,0.3069,0.3114,0.298,399963200,0.3008
3/26/1999,0.2969,0.3013,0.3019,0.2946,253836800,0.3019
3/29/1999,0.3158,0.2991,0.3164,0.2985,568870400,0.2969
3/30/1999,0.3203,0.3125,0.3248,0.3125,554523200,0.3158
3/31/1999,0.3209,0.3248,0.3315,0.3203,422352000,0.3203
4/1/1999,0.322,0.322,0.3276,0.3192,262057600,0.3209
4/5/1999,0.3309,0.3214,0.3382,0.3214,460936000,0.322
4/6/1999,0.3393,0.3287,0.3421,0.3287,628588800,0.3309
4/7/1999,0.3315,0.3398,0.3415,0.3248,411812800,0.3393
4/8/1999,0.3292,0.3292,0.3309,0.3214,296408000,0.3315
4/9/1999,0.3281,0.3237,0.3326,0.3209,268542400,0.3292
4/12/1999,0.3237,0.3125,0.3292,0.3114,395819200,0.3281
4/13/1999,0.3092,0.3242,0.3287,0.308,412384000,0.3237
4/14/1999,0.3172,0.3147,0.3309,0.3125,681027200,0.3092
4/15/1999,0.3192,0.3158,0.3231,0.3064,1734476800,0.3172
4/16/1999,0.3164,0.3203,0.322,0.3147,502219200,0.3192
4/19/1999,0.3025,0.3186,0.3214,0.2991,921569600,0.3164
4/20/1999,0.3041,0.3025,0.3103,0.2991,523857600,0.3025
4/21/1999,0.3069,0.3036,0.3069,0.2991,351400000,0.3041
4/22/1999,0.3248,0.3131,0.327,0.3131,740174400,0.3069
4/23/1999,0.3499,0.3237,0.3521,0.3237,1046841600,0.3248
4/26/1999,0.3655,0.3527,0.3683,0.3504,927931200,0.3499
4/27/1999,0.4085,0.3839,0.409,0.3839,2106048000,0.3655
4/28/1999,0.3934,0.3984,0.4079,0.3895,954990400,0.4085
4/29/1999,0.3839,0.3862,0.3962,0.373,789308800,0.3934
4/30/1999,0.4107,0.3929,0.4208,0.3929,1472329600,0.3839
5/3/1999,0.4425,0.4113,0.4464,0.4085,1470436800,0.4107
5/4/1999,0.4152,0.4308,0.4342,0.4124,811238400,0.4425
5/5/1999,0.4196,0.4135,0.4196,0.3984,579297600,0.4152
5/6/1999,0.3973,0.4157,0.4185,0.3929,433148800,0.4196
5/7/1999,0.4096,0.3984,0.4096,0.3817,434716800,0.3973
5/10/1999,0.404,0.4174,0.4191,0.3984,392996800,0.4096
5/11/1999,0.3996,0.4007,0.4124,0.389,458595200,0.404
5/12/1999,0.4152,0.4007,0.4152,0.394,395124800,0.3996
5/13/1999,0.4124,0.4146,0.418,0.4063,295523200,0.4152
5/14/1999,0.3962,0.4029,0.409,0.3962,226632000,0.4124
5/17/1999,0.3962,0.3906,0.399,0.3839,210761600,0.3962
5/18/1999,0.404,0.4001,0.4107,0.3962,418376000,0.3962
5/19/1999,0.4035,0.4063,0.4085,0.3884,298278400,0.404
5/20/1999,0.3795,0.4057,0.4085,0.3795,417715200,0.4035
5/21/1999,0.3923,0.3839,0.3956,0.38,463187200,0.3795
5/24/1999,0.3744,0.3895,0.3956,0.3739,260926400,0.3923
5/25/1999,0.3705,0.3711,0.3789,0.3655,366508800,0.3744
5/26/1999,0.3934,0.3728,0.3962,0.3571,437516800,0.3705
5/27/1999,0.3884,0.3856,0.3906,0.3811,336761600,0.3934
5/28/1999,0.3934,0.3867,0.3956,0.385,201129600,0.3884
6/1/1999,0.4001,0.4018,0.4046,0.3962,461025600,0.3934
6/2/1999,0.4157,0.3973,0.428,0.3929,521057600,0.4001
6/3/1999,0.4235,0.4185,0.4286,0.418,488510400,0.4157
6/4/1999,0.4297,0.4252,0.4302,0.4219,368681600,0.4235
6/7/1999,0.4369,0.4297,0.4375,0.4241,418286400,0.4297
6/8/1999,0.4258,0.4353,0.4358,0.4247,313656000,0.4369
6/9/1999,0.4325,0.4235,0.433,0.4235,353785600,0.4258
6/10/1999,0.4297,0.4275,0.4308,0.4224,317049600,0.4325
6/11/1999,0.4146,0.4297,0.433,0.4129,185046400,0.4297
6/14/1999,0.4057,0.4152,0.4163,0.4029,157080000,0.4146
6/15/1999,0.4113,0.4035,0.4174,0.4029,130390400,0.4057
6/16/1999,0.428,0.4141,0.4291,0.4141,225019200,0.4113
6/17/1999,0.4141,0.4252,0.4286,0.4085,224403200,0.428
6/18/1999,0.4208,0.4051,0.4219,0.4035,208062400,0.4141
6/21/1999,0.4152,0.4196,0.4219,0.4107,135150400,0.4208
6/22/1999,0.4051,0.4135,0.4191,0.4051,151076800,0.4152
6/23/1999,0.3901,0.4023,0.4026,0.389,531496000,0.4051
6/24/1999,0.3778,0.3895,0.3895,0.3772,433361600,0.3901
6/25/1999,0.3767,0.3795,0.3811,0.3756,294134400,0.3778
6/28/1999,0.38,0.3789,0.3834,0.3783,277692800,0.3767
6/29/1999,0.4051,0.3814,0.4068,0.3806,380385600,0.38
6/30/1999,0.4135,0.4079,0.4191,0.4012,343268800,0.4051
7/1/1999,0.4046,0.4135,0.4157,0.404,149217600,0.4135
7/2/1999,0.4135,0.4065,0.4185,0.4035,123681600,0.4046
7/6/1999,0.423,0.4102,0.4252,0.409,453812800,0.4135
7/7/1999,0.4453,0.423,0.4531,0.4196,1099156800,0.423
7/8/1999,0.4866,0.4565,0.4916,0.4542,1625041600,0.4453
7/9/1999,0.4967,0.4866,0.4967,0.4732,608697600,0.4866
7/12/1999,0.4866,0.4955,0.4967,0.4838,303912000,0.4967
7/13/1999,0.4794,0.4777,0.4838,0.4721,283259200,0.4866
7/14/1999,0.4994,0.4866,0.5056,0.4866,624556800,0.4794
7/15/1999,0.4754,0.4989,0.4994,0.4581,1691804800,0.4994
7/16/1999,0.4738,0.4788,0.4866,0.4732,411499200,0.4754
7/19/1999,0.486,0.4816,0.4983,0.4671,561299200,0.4738
7/20/1999,0.4721,0.4872,0.4955,0.471,442075200,0.486
7/21/1999,0.4827,0.4827,0.495,0.4721,718166400,0.4721
7/22/1999,0.4676,0.4788,0.481,0.4565,406728000,0.4827
7/23/1999,0.476,0.4715,0.4799,0.4704,229051200,0.4676
7/26/1999,0.4548,0.4721,0.4732,0.4542,351187200,0.476
7/27/1999,0.4794,0.4699,0.4816,0.4688,395908800,0.4548
7/28/1999,0.4855,0.481,0.4944,0.4732,328910400,0.4794
7/29/1999,0.481,0.4766,0.4933,0.4743,275475200,0.4855
7/30/1999,0.4972,0.4866,0.5011,0.4866,383140800,0.481
8/2/1999,0.4978,0.4967,0.5179,0.4955,362443200,0.4972
8/3/1999,0.4933,0.5067,0.5128,0.4788,368379200,0.4978
8/4/1999,0.4805,0.4927,0.4989,0.4754,371425600,0.4933
8/5/1999,0.4888,0.4777,0.49,0.4654,322537600,0.4805
8/6/1999,0.4833,0.4827,0.4939,0.4777,435556800,0.4888
8/9/1999,0.486,0.4852,0.4927,0.4844,233284800,0.4833
8/10/1999,0.4944,0.4821,0.5,0.4788,416225600,0.486
8/11/1999,0.5329,0.5,0.5335,0.4994,850337600,0.4944
8/12/1999,0.5357,0.5273,0.548,0.5234,666108800,0.5329
8/13/1999,0.5363,0.5413,0.5536,0.5346,298435200,0.5357
8/16/1999,0.5402,0.534,0.5419,0.5313,276931200,0.5363
8/17/1999,0.5385,0.5385,0.5391,0.5262,320936000,0.5402
8/18/1999,0.5368,0.5363,0.5536,0.5324,468574400,0.5385
8/19/1999,0.5246,0.534,0.5402,0.5229,550020800,0.5368
8/20/1999,0.5285,0.529,0.5301,0.5195,327947200,0.5246
8/23/1999,0.5424,0.5301,0.548,0.5296,355566400,0.5285
8/24/1999,0.5391,0.5391,0.5424,0.5352,502264000,0.5424
8/25/1999,0.548,0.5419,0.5491,0.5368,295164800,0.5391
8/26/1999,0.5547,0.5458,0.5636,0.5458,404488000,0.548
8/27/1999,0.5781,0.5603,0.5804,0.5597,446835200,0.5547
8/30/1999,0.5541,0.5804,0.5804,0.5536,336593600,0.5781
8/31/1999,0.5826,0.5589,0.5882,0.5541,634547200,0.5541
9/1/1999,0.6127,0.5982,0.6144,0.5893,788625600,0.5826
9/2/1999,0.63,0.6038,0.6378,0.5971,895148800,0.6127
9/3/1999,0.6563,0.6423,0.6719,0.6295,1635267200,0.63
9/7/1999,0.6819,0.6585,0.6959,0.6563,984793600,0.6563
9/8/1999,0.6652,0.6802,0.6936,0.6652,762204800,0.6819
9/9/1999,0.6747,0.6741,0.678,0.6596,534083200,0.6652
9/10/1999,0.6914,0.6786,0.6936,0.6669,458763200,0.6747
9/13/1999,0.6696,0.6881,0.6881,0.668,252000000,0.6914
9/14/1999,0.6948,0.6671,0.7009,0.6669,388292800,0.6696
9/15/1999,0.673,0.7042,0.7065,0.6719,359576000,0.6948
9/16/1999,0.6858,0.6791,0.697,0.6596,441884800,0.673
9/17/1999,0.6869,0.6903,0.6942,0.6808,277278400,0.6858
9/20/1999,0.7059,0.6875,0.7154,0.6864,456668800,0.6869
9/21/1999,0.6183,0.6535,0.654,0.6161,3357558400,0.7059
9/22/1999,0.6278,0.6228,0.6395,0.6162,1123169600,0.6183
9/23/1999,0.5653,0.635,0.6362,0.5625,1143755200,0.6278
9/24/1999,0.5798,0.5658,0.5984,0.5625,1179875200,0.5653
9/27/1999,0.5474,0.5926,0.596,0.5463,948192000,0.5798
9/28/1999,0.5324,0.5491,0.5536,0.5128,1414963200,0.5474
9/29/1999,0.5273,0.5379,0.5469,0.5179,657283200,0.5324
9/30/1999,0.5653,0.5318,0.5731,0.529,908084800,0.5273
10/1/1999,0.5511,0.5547,0.5575,0.5313,614790400,0.5653
10/4/1999,0.5765,0.5569,0.5792,0.5569,459356800,0.5511
10/5/1999,0.6066,0.5859,0.6083,0.5781,814206400,0.5765
10/6/1999,0.5999,0.6194,0.6217,0.5982,804272000,0.6066
10/7/1999,0.5926,0.611,0.6127,0.5792,605886400,0.5999
10/8/1999,0.5854,0.591,0.5921,0.567,382804800,0.5926
10/11/1999,0.5954,0.5893,0.6094,0.5893,263121600,0.5854
10/12/1999,0.6044,0.606,0.6217,0.5982,563752000,0.5954
10/13/1999,0.5717,0.5949,0.6205,0.5692,636731200,0.6044
10/14/1999,0.6535,0.6183,0.6546,0.6161,1898803200,0.5717
10/15/1999,0.6657,0.635,0.6769,0.6267,1173177600,0.6535
10/18/1999,0.654,0.6596,0.6629,0.635,776406400,0.6657
10/19/1999,0.6116,0.6395,0.6696,0.611,1022582400,0.654
10/20/1999,0.6708,0.625,0.6719,0.625,1081404800,0.6116
10/21/1999,0.6797,0.6479,0.6881,0.6462,793452800,0.6708
10/22/1999,0.6602,0.6886,0.6897,0.6551,419507200,0.6797
10/25/1999,0.6652,0.6629,0.6797,0.6585,326592000,0.6602
10/26/1999,0.6702,0.6691,0.6741,0.6546,361435200,0.6652
10/27/1999,0.6819,0.6641,0.6842,0.6557,443072000,0.6702
10/28/1999,0.6953,0.6881,0.7054,0.6791,504089600,0.6819
10/29/1999,0.7154,0.7037,0.7238,0.7037,523051200,0.6953
11/1/1999,0.6931,0.7143,0.7204,0.6908,278577600,0.7154
11/2/1999,0.7165,0.6964,0.7294,0.6903,399235200,0.6931
11/3/1999,0.7277,0.7288,0.7433,0.7232,328462400,0.7165
11/4/1999,0.7467,0.7327,0.7623,0.7199,379086400,0.7277
11/5/1999,0.7885,0.7556,0.7891,0.75,416808000,0.7467
11/8/1999,0.8605,0.7835,0.8726,0.7746,950924800,0.7885
11/9/1999,0.8002,0.8426,0.8438,0.7857,809177600,0.8605
11/10/1999,0.8164,0.7879,0.8326,0.7868,577897600,0.8002
11/11/1999,0.8237,0.8178,0.827,0.8025,269875200,0.8164
11/12/1999,0.8092,0.8209,0.8214,0.7801,279059200,0.8237
11/15/1999,0.7985,0.8002,0.8292,0.7902,259907200,0.8092
11/16/1999,0.8142,0.8036,0.8192,0.7902,233856000,0.7985
11/17/1999,0.8058,0.8097,0.846,0.8036,364571200,0.8142
11/18/1999,0.8002,0.8131,0.8136,0.7896,364784000,0.8058
11/19/1999,0.8253,0.7991,0.8292,0.7863,312513600,0.8002
11/22/1999,0.8092,0.8192,0.8192,0.7969,203358400,0.8253
11/23/1999,0.8287,0.8192,0.8504,0.7902,543312000,0.8092
11/24/1999,0.8454,0.8304,0.8482,0.8186,215107200,0.8287
11/26/1999,0.8488,0.846,0.8527,0.8404,132070400,0.8454
11/29/1999,0.8443,0.8415,0.8906,0.8326,464161600,0.8488
11/30/1999,0.8739,0.8761,0.9263,0.8694,843180800,0.8443
12/1/1999,0.9202,0.9018,0.933,0.8934,618564800,0.8739
12/2/1999,0.9838,0.9208,0.9877,0.9085,567358400,0.9202
12/3/1999,1.0268,1.0017,1.0318,0.9989,647920000,0.9838
12/6/1999,1.0357,1.0229,1.0474,0.995,466782400,1.0268
12/7/1999,1.0519,1.0407,1.0536,1.0179,445020800,1.0357
12/8/1999,0.9827,1.0379,1.0525,0.9777,412350400,1.0519
12/9/1999,0.9397,0.9911,0.9911,0.9007,855198400,0.9827
12/10/1999,0.9196,0.9403,0.9754,0.8839,637761600,0.9397
12/13/1999,0.8839,0.9142,0.9152,0.8834,529961600,0.9196
12/14/1999,0.8471,0.8783,0.8906,0.846,435870400,0.8839
12/15/1999,0.8661,0.8326,0.8683,0.8131,622977600,0.8471
12/16/1999,0.8778,0.875,0.8783,0.8393,463825600,0.8661
12/17/1999,0.8929,0.9007,0.9107,0.8795,495006400,0.8778
12/20/1999,0.875,0.889,0.8895,0.8627,283987200,0.8929
12/21/1999,0.9152,0.8767,0.9202,0.8744,307596800,0.875
12/22/1999,0.8923,0.9185,0.9336,0.8817,327073600,0.9152
12/23/1999,0.9241,0.909,0.9308,0.9023,229532800,0.8923
12/27/1999,0.8867,0.9319,0.9325,0.8862,168392000,0.9241
12/28/1999,0.8767,0.885,0.8895,0.8482,247576000,0.8867
12/29/1999,0.899,0.8644,0.9124,0.8527,284502400,0.8767
12/30/1999,0.8956,0.9124,0.9297,0.8895,207144000,0.899
12/31/1999,0.918,0.9012,0.9185,0.8884,163811200,0.8956
1/3/2000,0.9994,0.9364,1.0045,0.9079,535819200,0.918
1/4/2000,0.9152,0.9665,0.9877,0.9035,511728000,0.9994
1/5/2000,0.9286,0.9263,0.9872,0.9196,778321600,0.9152
1/6/2000,0.8482,0.9475,0.9554,0.8482,767984000,0.9286
1/7/2000,0.8884,0.8616,0.9018,0.8527,460734400,0.8482
1/10/2000,0.8728,0.9107,0.9129,0.846,505064000,0.8884
1/11/2000,0.8281,0.8566,0.8873,0.808,441492800,0.8728
1/12/2000,0.7785,0.8482,0.8527,0.7723,976068800,0.8281
1/13/2000,0.8638,0.8436,0.8817,0.8259,1032684800,0.7785
1/14/2000,0.8968,0.8929,0.9129,0.8873,390376000,0.8638
1/18/2000,0.928,0.9018,0.9464,0.8968,459177600,0.8968
1/19/2000,0.9515,0.9431,0.971,0.923,597643200,0.928
1/20/2000,1.0134,1.0313,1.0848,1.0134,1830628800,0.9515
1/21/2000,0.9939,1.0201,1.0201,0.9838,495924800,1.0134
1/24/2000,0.9487,0.9682,1.0067,0.9386,440988800,0.9939
1/25/2000,1.0022,0.9375,1.01,0.9141,497201600,0.9487
1/26/2000,0.9838,0.9821,1.0195,0.9799,367158400,1.0022
1/27/2000,0.9821,0.9715,1.0089,0.9554,340144000,0.9838
1/28/2000,0.9074,0.966,0.99,0.8984,423360000,0.9821
1/31/2000,0.9263,0.9018,0.9275,0.8438,701680000,0.9074
2/1/2000,0.8951,0.9286,0.9375,0.8929,318035200,0.9263
2/2/2000,0.8823,0.8996,0.9118,0.8661,464195200,0.8951
2/3/2000,0.9224,0.8956,0.9308,0.8951,475193600,0.8823
2/4/2000,0.9643,0.928,0.9821,0.9252,425320000,0.9224
2/7/2000,1.0184,0.9643,1.0201,0.9459,441067200,0.9643
2/8/2000,1.0257,1.0179,1.0368,0.9933,408643200,1.0184
2/9/2000,1.0056,1.019,1.0458,1.0039,299364800,1.0257
2/10/2000,1.0134,1.0078,1.0167,0.9743,302982400,1.0056
2/11/2000,0.971,1.0145,1.019,0.9665,212251200,1.0134
2/14/2000,1.034,0.976,1.0346,0.9699,367539200,0.971
2/15/2000,1.0625,1.029,1.0709,1.0285,485744000,1.034
2/16/2000,1.019,1.0513,1.0547,1.0011,378246400,1.0625
2/17/2000,1.0257,1.0285,1.0313,1.01,289497600,1.019
2/18/2000,0.9933,1.0234,1.0301,0.99,233441600,1.0257
2/22/2000,1.0162,0.9833,1.0441,0.9526,422296000,0.9933
2/23/2000,1.0379,1.011,1.0625,0.9911,473099200,1.0162
2/24/2000,1.0286,1.0474,1.0636,0.9978,376432000,1.0379
2/25/2000,0.9855,1.0251,1.0446,0.9833,249144000,1.0286
2/28/2000,1.0112,0.9833,1.0268,0.9676,328328000,0.9855
2/29/2000,1.0234,1.014,1.0469,1.005,368961600,1.0112
3/1/2000,1.1635,1.0586,1.1791,1.058,1077003200,1.0234
3/2/2000,1.0893,1.1339,1.1423,1.0776,311259200,1.1635
3/3/2000,1.1429,1.115,1.1449,1.0714,323366400,1.0893
3/6/2000,1.1222,1.125,1.1529,1.1161,210560000,1.1429
3/7/2000,1.0971,1.1289,1.1378,1.0815,273011200,1.1222
3/8/2000,1.0893,1.0971,1.1066,1.0586,271230400,1.0971
3/9/2000,1.0915,1.0792,1.1161,1.0558,276718400,1.0893
3/10/2000,1.1228,1.0865,1.1423,1.0804,248606400,1.0915
3/13/2000,1.0831,1.0904,1.1295,1.067,304763200,1.1228
3/14/2000,1.0201,1.0823,1.1094,1.0179,428579200,1.0831
3/15/2000,1.0379,1.0324,1.0737,1.019,443609600,1.0201
3/16/2000,1.0854,1.0474,1.0893,1.0223,378100800,1.0379
3/17/2000,1.1161,1.0725,1.1161,1.0681,305043200,1.0854
3/20/2000,1.0982,1.1027,1.1272,1.0926,204489600,1.1161
3/21/2000,1.2048,1.0943,1.221,1.0859,524328000,1.0982
3/22/2000,1.2874,1.1855,1.2891,1.1747,567996800,1.2048
3/23/2000,1.2617,1.2679,1.3426,1.25,562564800,1.2874
3/24/2000,1.2383,1.2718,1.2852,1.2098,446913600,1.2617
3/27/2000,1.2461,1.2288,1.2924,1.2221,279182400,1.2383
3/28/2000,1.2422,1.2254,1.2679,1.2243,202966400,1.2461
3/29/2000,1.2137,1.2444,1.245,1.1949,239892800,1.2422
3/30/2000,1.1228,1.1925,1.2294,1.12,414400000,1.2137
3/31/2000,1.2126,1.1378,1.2254,1.125,404633600,1.1228
4/3/2000,1.1903,1.2098,1.2455,1.1557,328563200,1.2126
4/4/2000,1.1367,1.1842,1.1875,1.0424,660340800,1.1903
4/5/2000,1.1641,1.1292,1.1864,1.1071,457665600,1.1367
4/6/2000,1.1177,1.1663,1.2009,1.1004,259627200,1.1641
4/7/2000,1.1763,1.1362,1.1775,1.1205,242446400,1.1177
4/10/2000,1.1161,1.1758,1.1853,1.1138,212262400,1.1763
4/11/2000,1.0664,1.1027,1.115,1.0541,541822400,1.1161
4/12/2000,0.9754,1.0625,1.0625,0.9364,941528000,1.0664
4/13/2000,1.0162,0.9955,1.0714,0.9688,529827200,0.9754
4/14/2000,0.9989,0.976,1.0536,0.9732,667620800,1.0162
4/17/2000,1.106,0.9777,1.1066,0.9738,409561600,0.9989
4/18/2000,1.1328,1.1027,1.1328,1.0658,390958400,1.106
4/19/2000,1.0815,1.1267,1.1629,1.0692,520150400,1.1328
4/20/2000,1.0614,1.1044,1.1138,1.0452,722019200,1.0815
4/24/2000,1.0759,1.0268,1.0759,1.0246,443620800,1.0614
4/25/2000,1.1456,1.0904,1.1496,1.0898,391641600,1.0759
4/26/2000,1.0831,1.1306,1.1429,1.0714,366912000,1.1456
4/27/2000,1.1317,1.0463,1.1339,1.0409,326603200,1.0831
4/28/2000,1.1077,1.135,1.1384,1.0831,249580800,1.1317
5/1/2000,1.1099,1.115,1.1172,1.0882,226195200,1.1077
5/2/2000,1.0525,1.1004,1.1272,1.0491,236432000,1.1099
5/3/2000,1.0273,1.0619,1.0826,0.9967,489798400,1.0525
5/4/2000,0.9883,1.0279,1.029,0.9872,399515200,1.0273
5/5/2000,1.01,0.9894,1.0246,0.9886,284076800,0.9883
5/8/2000,0.9833,1.0008,1.0151,0.9821,184900800,1.01
5/9/2000,0.9414,0.9849,0.9933,0.9364,327140800,0.9833
5/10/2000,0.8867,0.9291,0.9375,0.8817,535091200,0.9414
5/11/2000,0.918,0.9051,0.9308,0.8839,499744000,0.8867
5/12/2000,0.9609,0.9464,0.9866,0.9354,306913600,0.918
5/15/2000,0.9018,0.9648,0.9648,0.894,678932800,0.9609
5/16/2000,0.9436,0.9332,0.9738,0.9174,440451200,0.9018
5/17/2000,0.9051,0.9252,0.9258,0.8962,398092800,0.9436
5/18/2000,0.8996,0.9196,0.9369,0.8984,373777600,0.9051
5/19/2000,0.8393,0.8862,0.8862,0.8337,740667200,0.8996
5/22/2000,0.803,0.8371,0.8371,0.7679,755619200,0.8393
5/23/2000,0.7662,0.808,0.8337,0.7645,517585600,0.803
5/24/2000,0.7829,0.7695,0.8013,0.7411,678462400,0.7662
5/25/2000,0.7792,0.7902,0.8273,0.7679,406750400,0.7829
5/26/2000,0.7712,0.7857,0.8025,0.7612,181148800,0.7792
5/30/2000,0.7818,0.7824,0.7868,0.7299,713059200,0.7712
5/31/2000,0.75,0.7757,0.8147,0.7483,433507200,0.7818
6/1/2000,0.7958,0.7299,0.7997,0.7176,903840000,0.75
6/2/2000,0.8265,0.8371,0.8906,0.7946,792848000,0.7958
6/5/2000,0.8153,0.8331,0.8504,0.8008,323668800,0.8265
6/6/2000,0.8292,0.8211,0.8638,0.8064,525481600,0.8153
6/7/2000,0.8622,0.8359,0.8661,0.8181,337019200,0.8292
6/8/2000,0.8465,0.8717,0.8795,0.8315,238526400,0.8622
6/9/2000,0.8549,0.8638,0.8744,0.8426,252358400,0.8465
6/12/2000,0.8142,0.8605,0.861,0.8114,290337600,0.8549
6/13/2000,0.8438,0.8142,0.8454,0.7874,351456000,0.8142
6/14/2000,0.8075,0.8454,0.8594,0.8047,277446400,0.8438
6/15/2000,0.8248,0.8147,0.8337,0.7946,248572800,0.8075
6/16/2000,0.8142,0.8348,0.8371,0.7952,303564800,0.8248
6/19/2000,0.8627,0.8086,0.8739,0.8019,394004800,0.8142
6/20/2000,0.904,0.8795,0.928,0.8783,501390400,0.8627
6/21/2000,0.9933,0.9018,1.0167,0.8984,490016800,0.904
6/22/2000,0.9598,0.9955,1.029,0.9565,467712000,0.9933
6/23/2000,0.923,0.9604,0.9754,0.9074,204965600,0.9598
6/26/2000,0.9665,0.9375,0.9777,0.9308,185354400,0.923
6/27/2000,0.9241,0.9604,0.9911,0.9219,203470400,0.9665
6/28/2000,0.9721,0.952,0.9888,0.9196,286428800,0.9241
6/29/2000,0.9152,0.9475,0.9632,0.9118,203660800,0.9721
6/30/2000,0.9353,0.9431,0.981,0.923,323097600,0.9152
7/3/2000,0.952,0.9308,0.9699,0.9308,70772800,0.9353
7/5/2000,0.9219,0.9509,0.9855,0.9063,265216000,0.952
7/6/2000,0.9252,0.9375,0.9453,0.8862,309545600,0.9219
7/7/2000,0.9721,0.9392,0.9788,0.9308,263603200,0.9252
7/10/2000,1.0201,0.966,1.0402,0.9598,397796000,0.9721
7/11/2000,1.0167,1.0179,1.058,0.99,357896000,1.0201
7/12/2000,1.0513,1.0379,1.0525,1.0067,225433600,1.0167
7/13/2000,1.0089,1.0446,1.0826,0.9777,445659200,1.0513
7/14/2000,1.0301,1.0201,1.0536,1.0156,190276800,1.0089
7/17/2000,1.0413,1.0402,1.0502,1.0201,260002400,1.0301
7/18/2000,1.0223,1.0446,1.0513,1.0156,318404800,1.0413
7/19/2000,0.9408,0.9855,1.0145,0.9241,457872800,1.0223
7/20/2000,0.9844,0.9821,1.019,0.9665,465572800,0.9408
7/21/2000,0.9565,0.9707,0.9933,0.9453,196235200,0.9844
7/24/2000,0.8694,0.9386,0.9442,0.8482,412171200,0.9565
7/25/2000,0.894,0.8984,0.904,0.8761,211607200,0.8694
7/26/2000,0.894,0.8901,0.9152,0.8795,210470400,0.894
7/27/2000,0.9286,0.8929,0.9509,0.8906,294985600,0.894
7/28/2000,0.8627,0.9336,0.9375,0.8371,237955200,0.9286
7/31/2000,0.9074,0.8778,0.9219,0.8705,155299200,0.8627
8/1/2000,0.8806,0.8984,0.9135,0.8795,137284000,0.9074
8/2/2000,0.8438,0.875,0.8917,0.8426,162355200,0.8806
8/3/2000,0.8571,0.8136,0.8583,0.7902,339897600,0.8438
8/4/2000,0.846,0.8834,0.9152,0.827,263121600,0.8571
8/7/2000,0.856,0.8549,0.8761,0.8426,187348000,0.846
8/8/2000,0.8348,0.856,0.8571,0.827,176674400,0.856
8/9/2000,0.8482,0.8594,0.865,0.8438,379640800,0.8348
8/10/2000,0.8493,0.8571,0.865,0.846,251714400,0.8482
8/11/2000,0.8516,0.8365,0.8571,0.8136,238056000,0.8493
8/14/2000,0.8404,0.8499,0.8516,0.827,156660000,0.8516
8/15/2000,0.8337,0.8438,0.856,0.8304,114200800,0.8404
8/16/2000,0.8661,0.8371,0.875,0.8359,143673600,0.8337
8/17/2000,0.9185,0.8638,0.9364,0.8627,270900000,0.8661
8/18/2000,0.8929,0.9174,0.9252,0.8906,190176000,0.9185
8/21/2000,0.9018,0.8973,0.9208,0.8862,134467200,0.8929
8/22/2000,0.923,0.904,0.9431,0.8996,276802400,0.9018
8/23/2000,0.9699,0.9191,0.9777,0.9118,236863200,0.923
8/24/2000,1.002,0.9763,1.0112,0.9531,310766400,0.9699
8/25/2000,1.0145,1.0089,1.0268,1.0067,334460000,1.002
8/28/2000,1.0368,1.0223,1.0536,1.019,359004800,1.0145
8/29/2000,1.0569,1.0335,1.0614,1.0301,267030400,1.0368
8/30/2000,1.0625,1.0536,1.0714,1.0483,285392800,1.0569
8/31/2000,1.0882,1.053,1.0982,1.0525,419596800,1.0625
9/1/2000,1.1328,1.0949,1.1362,1.0915,256872000,1.0882
9/5/2000,1.115,1.1189,1.1451,1.1116,298642400,1.1328
9/6/2000,1.0435,1.096,1.1138,1.0313,355404000,1.115
9/7/2000,1.1071,1.0558,1.1172,1.0402,217464800,1.0435
9/8/2000,1.0513,1.1004,1.1004,1.0446,195518400,1.1071
9/11/2000,1.0435,1.048,1.0781,1.0379,187381600,1.0513
9/12/2000,1.0313,1.024,1.0725,1.0179,187997600,1.0435
9/13/2000,1.0357,1.0134,1.0625,1.0134,305984000,1.0313
9/14/2000,1.0153,1.0458,1.0647,1.0145,426552000,1.0357
9/15/2000,0.9863,1.0313,1.0391,0.9688,394514400,1.0153
9/18/2000,1.0831,0.9866,1.0848,0.9833,424536000,0.9863
9/19/2000,1.0703,1.067,1.0804,1.0458,272076000,1.0831
9/20/2000,1.0901,1.0608,1.0971,1.0458,227388000,1.0703
9/21/2000,1.0123,1.0446,1.0647,0.9866,510490400,1.0901
9/22/2000,0.9319,0.8984,0.9364,0.8929,726700800,1.0123
9/25/2000,0.9554,0.942,0.9911,0.942,435551200,0.9319
9/26/2000,0.9185,0.952,0.9777,0.9174,290936800,0.9554
9/27/2000,0.8739,0.9241,0.942,0.8616,402259200,0.9185
9/28/2000,0.9554,0.8806,0.9609,0.8594,980464800,0.8739
9/29/2000,0.4598,0.5033,0.5179,0.4531,7425515776,0.9554
10/2/2000,0.433,0.4766,0.4777,0.4196,2424788800,0.4598
10/3/2000,0.3984,0.4453,0.4464,0.3962,2038120000,0.433
10/4/2000,0.4219,0.3996,0.4241,0.3906,1466427200,0.3984
10/5/2000,0.394,0.4196,0.4375,0.3929,873006400,0.4219
10/6/2000,0.3962,0.4051,0.4096,0.375,612707200,0.394
10/9/2000,0.3884,0.404,0.4085,0.3772,597564800,0.3962
10/10/2000,0.3728,0.3862,0.4007,0.3661,691101600,0.3884
10/11/2000,0.3504,0.3594,0.375,0.3415,1198528800,0.3728
10/12/2000,0.3571,0.3627,0.3717,0.3482,1191069600,0.3504
10/13/2000,0.394,0.3616,0.3951,0.3571,1247769600,0.3571
10/16/2000,0.3839,0.3984,0.4152,0.3817,820176000,0.394
10/17/2000,0.3594,0.3873,0.3917,0.3516,601720000,0.3839
10/18/2000,0.3594,0.3471,0.3761,0.3348,834265600,0.3594
10/19/2000,0.3382,0.3421,0.3538,0.327,1506724800,0.3594
10/20/2000,0.3482,0.3404,0.3638,0.3382,791263200,0.3382
10/23/2000,0.3638,0.3571,0.3672,0.3471,551292000,0.3482
10/24/2000,0.3371,0.3694,0.3728,0.3359,804451200,0.3638
10/25/2000,0.3304,0.3404,0.3426,0.3292,663969600,0.3371
10/26/2000,0.3304,0.3359,0.3371,0.3125,721856800,0.3304
10/27/2000,0.3315,0.3371,0.3426,0.3192,744503200,0.3304
10/30/2000,0.3449,0.3415,0.356,0.3348,639189600,0.3315
10/31/2000,0.3493,0.3527,0.3616,0.3438,885880800,0.3449
11/1/2000,0.3661,0.3471,0.3728,0.3471,575366400,0.3493
11/2/2000,0.3984,0.3772,0.4007,0.3761,590693600,0.3661
11/3/2000,0.3973,0.4107,0.4107,0.3917,515821600,0.3984
11/6/2000,0.3828,0.4007,0.404,0.3728,393478400,0.3973
11/7/2000,0.3806,0.3839,0.3895,0.3717,302075200,0.3828
11/8/2000,0.3583,0.3817,0.3828,0.3538,422088800,0.3806
11/9/2000,0.3605,0.3549,0.3661,0.3404,476834400,0.3583
11/10/2000,0.3404,0.3457,0.3549,0.3404,422251200,0.3605
11/13/2000,0.346,0.3348,0.3571,0.3259,431816000,0.3404
11/14/2000,0.3616,0.356,0.3661,0.3493,409001600,0.346
11/15/2000,0.3549,0.3577,0.3605,0.3438,282357600,0.3616
11/16/2000,0.3393,0.3482,0.3538,0.3371,239372000,0.3549
11/17/2000,0.3304,0.3426,0.3438,0.3259,446180000,0.3393
11/20/2000,0.3382,0.332,0.3482,0.3259,408066400,0.3304
11/21/2000,0.3359,0.3426,0.3482,0.3348,301952000,0.3382
11/22/2000,0.3304,0.3359,0.3415,0.3281,280532000,0.3359
11/24/2000,0.3449,0.3368,0.3482,0.3359,160932800,0.3304
11/27/2000,0.3337,0.3549,0.356,0.3304,258792800,0.3449
11/28/2000,0.322,0.3337,0.3393,0.3203,269124800,0.3337
11/29/2000,0.3136,0.3231,0.327,0.308,492156000,0.322
11/30/2000,0.2946,0.298,0.3036,0.2879,809636800,0.3136
12/1/2000,0.3047,0.3036,0.3125,0.3002,385705600,0.2946
12/4/2000,0.298,0.3069,0.3069,0.2935,371520800,0.3047
12/5/2000,0.3036,0.3025,0.3114,0.2924,613978400,0.298
12/6/2000,0.2556,0.2612,0.2679,0.25,1374480800,0.3036
12/7/2000,0.2556,0.2578,0.2656,0.25,408917600,0.2556
12/8/2000,0.269,0.2645,0.2734,0.2578,435624000,0.2556
12/11/2000,0.2712,0.2712,0.2746,0.2656,332511200,0.269
12/12/2000,0.2746,0.2723,0.2857,0.2679,386260000,0.2712
12/13/2000,0.2679,0.2779,0.2779,0.2656,344887200,0.2746
12/14/2000,0.2578,0.2684,0.2723,0.2578,263317600,0.2679
12/15/2000,0.2511,0.26,0.2623,0.25,513945600,0.2578
12/18/2000,0.2545,0.26,0.2612,0.2489,325808000,0.2511
12/19/2000,0.25,0.2567,0.2723,0.25,374018400,0.2545
12/20/2000,0.2567,0.2461,0.2612,0.2433,565331200,0.25
12/21/2000,0.2511,0.2545,0.2679,0.2478,366884000,0.2567
12/22/2000,0.2679,0.2522,0.2679,0.2522,318096800,0.2511
12/26/2000,0.2623,0.2656,0.2679,0.2545,216815200,0.2679
12/27/2000,0.2645,0.2561,0.2645,0.2533,325466400,0.2623
12/28/2000,0.2645,0.2567,0.2667,0.2556,305177600,0.2645
12/29/2000,0.2656,0.2623,0.2679,0.2589,631103200,0.2645
1/2/2001,0.2656,0.2656,0.2723,0.26,452312000,0.2656
1/3/2001,0.2924,0.2589,0.298,0.2578,817073600,0.2656
1/4/2001,0.3047,0.3239,0.3304,0.3002,739396000,0.2924
1/5/2001,0.2924,0.3025,0.3103,0.2868,412367200,0.3047
1/8/2001,0.2958,0.3025,0.3033,0.2846,373710400,0.2924
1/9/2001,0.3069,0.3002,0.315,0.2958,588929600,0.2958
1/10/2001,0.2958,0.298,0.3036,0.2868,580792800,0.3069
1/11/2001,0.3214,0.2902,0.3304,0.2902,803790400,0.2958
1/12/2001,0.3069,0.3192,0.3214,0.3047,423399200,0.3214
1/16/2001,0.3058,0.3114,0.3259,0.3036,306118400,0.3069
1/17/2001,0.3002,0.3136,0.3136,0.2946,841439200,0.3058
1/18/2001,0.3337,0.3181,0.3348,0.3147,1227010400,0.3002
1/19/2001,0.3482,0.3471,0.3493,0.3337,776664000,0.3337
1/22/2001,0.3438,0.3404,0.3504,0.3292,519344000,0.3482
1/23/2001,0.3661,0.3449,0.3739,0.3404,879547200,0.3438
1/24/2001,0.3661,0.3683,0.3694,0.3493,717096800,0.3661
1/25/2001,0.356,0.3672,0.3672,0.3527,489708800,0.3661
1/26/2001,0.3493,0.3482,0.3538,0.3404,482820800,0.356
1/29/2001,0.3873,0.3493,0.3884,0.3493,855528800,0.3493
1/30/2001,0.3884,0.385,0.3929,0.3728,692423200,0.3873
1/31/2001,0.3862,0.3839,0.4018,0.3828,730710400,0.3884
2/1/2001,0.3772,0.3694,0.3839,0.3661,371106400,0.3862
2/2/2001,0.3683,0.3772,0.3917,0.3661,427341600,0.3772
2/5/2001,0.3605,0.3661,0.3672,0.3527,326211200,0.3683
2/6/2001,0.3772,0.3599,0.3828,0.3571,462711200,0.3605
2/7/2001,0.3705,0.3689,0.3728,0.3538,393887200,0.3772
2/8/2001,0.3705,0.3672,0.3761,0.3605,604128000,0.3705
2/9/2001,0.3415,0.3661,0.3717,0.3337,590083200,0.3705
2/12/2001,0.3516,0.3404,0.3571,0.3359,274248800,0.3415
2/13/2001,0.3415,0.356,0.365,0.3393,237070400,0.3516
2/14/2001,0.3482,0.3426,0.3504,0.3304,309120000,0.3415
2/15/2001,0.3583,0.3516,0.3672,0.3516,311416000,0.3482
2/16/2001,0.3393,0.3393,0.3482,0.3348,263911200,0.3583
2/20/2001,0.327,0.3426,0.3471,0.3248,314899200,0.3393
2/21/2001,0.3371,0.3259,0.356,0.3259,390314400,0.327
2/22/2001,0.3359,0.3404,0.346,0.3214,432017600,0.3371
2/23/2001,0.3359,0.3326,0.3371,0.3259,293865600,0.3359
2/26/2001,0.3482,0.3404,0.3516,0.3315,206438400,0.3359
2/27/2001,0.346,0.3443,0.3471,0.3337,348516000,0.3482
2/28/2001,0.3259,0.346,0.3471,0.3237,508233600,0.346
3/1/2001,0.3348,0.3181,0.3348,0.3069,330506400,0.3259
3/2/2001,0.3438,0.327,0.365,0.3259,406201600,0.3348
3/5/2001,0.3638,0.346,0.3661,0.3415,324172800,0.3438
3/6/2001,0.3839,0.37,0.394,0.3694,731802400,0.3638
3/7/2001,0.3795,0.3806,0.3862,0.3705,419540800,0.3839
3/8/2001,0.3717,0.3694,0.3772,0.365,204859200,0.3795
3/9/2001,0.3616,0.3683,0.3694,0.3571,299135200,0.3717
3/12/2001,0.3326,0.3516,0.3549,0.3237,391020000,0.3616
3/13/2001,0.3493,0.3371,0.3493,0.3248,443329600,0.3326
3/14/2001,0.365,0.3304,0.3661,0.3292,477775200,0.3493
3/15/2001,0.3516,0.3728,0.3817,0.3516,529401600,0.365
3/16/2001,0.3504,0.3393,0.3627,0.3371,470316000,0.3516
3/19/2001,0.3672,0.3527,0.3683,0.3482,356008800,0.3504
3/20/2001,0.3516,0.37,0.3739,0.3516,499262400,0.3672
3/21/2001,0.3594,0.3532,0.3728,0.346,371722400,0.3516
3/22/2001,0.3862,0.3638,0.3884,0.3605,723475200,0.3594
3/23/2001,0.4107,0.394,0.4208,0.3929,944944000,0.3862
3/26/2001,0.3889,0.413,0.4241,0.3773,734501600,0.4107
3/27/2001,0.4084,0.3918,0.4116,0.3911,543844000,0.3889
3/28/2001,0.3959,0.3943,0.4018,0.3839,585687200,0.4084
3/29/2001,0.4023,0.3888,0.4188,0.3839,613317600,0.3959
3/30/2001,0.3941,0.4027,0.4057,0.3811,400584800,0.4023
4/2/2001,0.3855,0.3945,0.4046,0.3821,341028800,0.3941
4/3/2001,0.3614,0.3814,0.3821,0.3595,368687200,0.3855
4/4/2001,0.3482,0.3529,0.3616,0.3348,685630400,0.3614
4/5/2001,0.3727,0.3679,0.4018,0.3571,446762400,0.3482
4/6/2001,0.3677,0.3714,0.3757,0.3554,324889600,0.3727
4/9/2001,0.3668,0.3695,0.3811,0.3582,266582400,0.3677
4/10/2001,0.3936,0.3732,0.4054,0.3711,457374400,0.3668
4/11/2001,0.3893,0.4104,0.4107,0.38,334101600,0.3936
4/12/2001,0.4004,0.3825,0.4111,0.3777,298950400,0.3893
4/16/2001,0.3829,0.3945,0.4,0.3725,285252800,0.4004
4/17/2001,0.3643,0.3786,0.3788,0.35,685356000,0.3829
4/18/2001,0.407,0.3852,0.43,0.3764,1114159200,0.3643
4/19/2001,0.4593,0.4563,0.4598,0.4214,1874124000,0.407
4/20/2001,0.4471,0.4452,0.4577,0.4393,693420000,0.4593
4/23/2001,0.433,0.4346,0.4464,0.4286,541531200,0.4471
4/24/2001,0.4291,0.4345,0.4464,0.4198,377120800,0.433
4/25/2001,0.4414,0.4323,0.4439,0.4209,330786400,0.4291
4/26/2001,0.4409,0.4495,0.4661,0.4407,799708000,0.4414
4/27/2001,0.4679,0.45,0.4695,0.442,465382400,0.4409
4/30/2001,0.4552,0.4768,0.4843,0.4441,494860800,0.4679
5/1/2001,0.463,0.4538,0.4732,0.45,427319200,0.4552
5/2/2001,0.4748,0.4704,0.4768,0.46,368524800,0.463
5/3/2001,0.4457,0.4638,0.4688,0.4416,301571200,0.4748
5/4/2001,0.4598,0.4329,0.4616,0.4279,281052800,0.4457
5/7/2001,0.4457,0.4575,0.46,0.4436,276550400,0.4598
5/8/2001,0.4388,0.4527,0.4545,0.4277,315448000,0.4457
5/9/2001,0.4282,0.4311,0.4384,0.4227,324889600,0.4388
5/10/2001,0.4107,0.4323,0.4375,0.4098,289021600,0.4282
5/11/2001,0.408,0.4109,0.4195,0.4064,203112000,0.4107
5/14/2001,0.4159,0.4088,0.4229,0.4063,309528800,0.408
5/15/2001,0.4139,0.4173,0.4438,0.4114,237042400,0.4159
5/16/2001,0.4304,0.4154,0.4375,0.408,322330400,0.4139
5/17/2001,0.4205,0.4327,0.4345,0.4152,332197600,0.4304
5/18/2001,0.4202,0.4171,0.4221,0.4129,159213600,0.4205
5/21/2001,0.4207,0.422,0.427,0.4116,464374400,0.4202
5/22/2001,0.4196,0.4286,0.4309,0.4179,412944000,0.4207
5/23/2001,0.4148,0.4241,0.4241,0.4082,281204000,0.4196
5/24/2001,0.4143,0.4159,0.4161,0.4039,271796000,0.4148
5/25/2001,0.4064,0.4143,0.4159,0.4018,158765600,0.4143
5/29/2001,0.3834,0.3986,0.4018,0.3716,515995200,0.4064
5/30/2001,0.3532,0.3707,0.3707,0.3446,777106400,0.3834
5/31/2001,0.3563,0.3536,0.3614,0.348,442904000,0.3532
6/1/2001,0.373,0.3595,0.3766,0.3568,456131200,0.3563
6/4/2001,0.3689,0.3764,0.377,0.3654,281943200,0.373
6/5/2001,0.3739,0.3714,0.3768,0.3634,471794400,0.3689
6/6/2001,0.3702,0.3737,0.3737,0.363,223249600,0.3739
6/7/2001,0.3868,0.3698,0.3875,0.3652,325197600,0.3702
6/8/2001,0.3807,0.3866,0.3866,0.3698,342624800,0.3868
6/11/2001,0.3579,0.3759,0.3763,0.3563,294000000,0.3807
6/12/2001,0.3627,0.353,0.3695,0.3529,303805600,0.3579
6/13/2001,0.3655,0.3825,0.388,0.3582,511498400,0.3627
6/14/2001,0.355,0.3579,0.3652,0.353,297421600,0.3655
6/15/2001,0.365,0.3589,0.3705,0.3455,454876800,0.355
6/18/2001,0.363,0.3645,0.3723,0.3571,345923200,0.365
6/19/2001,0.3605,0.3723,0.3821,0.3573,321126400,0.363
6/20/2001,0.387,0.3571,0.3902,0.3568,431625600,0.3605
6/21/2001,0.4016,0.3848,0.4107,0.3768,341331200,0.387
6/22/2001,0.3975,0.4014,0.4107,0.3886,286025600,0.4016
6/25/2001,0.4284,0.4018,0.4286,0.4009,439549600,0.3975
6/26/2001,0.4241,0.4168,0.4245,0.4109,272804000,0.4284
6/27/2001,0.4168,0.4255,0.4286,0.4018,374147200,0.4241
6/28/2001,0.4204,0.4116,0.427,0.4096,348432000,0.4168
6/29/2001,0.4152,0.4225,0.4482,0.4143,564076800,0.4204
7/2/2001,0.4268,0.4221,0.4327,0.4132,230081600,0.4152
7/3/2001,0.4257,0.4198,0.4318,0.4196,112543200,0.4268
7/5/2001,0.4141,0.4214,0.4245,0.4109,152376000,0.4257
7/6/2001,0.3934,0.4064,0.41,0.3879,302960000,0.4141
7/9/2001,0.4054,0.3945,0.4107,0.3871,337467200,0.3934
7/10/2001,0.3775,0.4098,0.412,0.3721,395276000,0.4054
7/11/2001,0.4025,0.3755,0.4027,0.375,470629600,0.3775
7/12/2001,0.435,0.4161,0.443,0.4161,614868800,0.4025
7/13/2001,0.4438,0.4309,0.4466,0.4257,454742400,0.435
7/16/2001,0.4279,0.4443,0.4482,0.427,278695200,0.4438
7/17/2001,0.4482,0.4282,0.4504,0.4109,651022400,0.4279
7/18/2001,0.3712,0.3889,0.4068,0.3646,1137108000,0.4482
7/19/2001,0.3564,0.3791,0.3825,0.3527,861700000,0.3712
7/20/2001,0.3568,0.3518,0.3582,0.348,444668000,0.3564
7/23/2001,0.3489,0.3588,0.3661,0.3484,241432800,0.3568
7/24/2001,0.3409,0.3463,0.3557,0.3345,348387200,0.3489
7/25/2001,0.3298,0.3414,0.3446,0.3209,444007200,0.3409
7/26/2001,0.332,0.33,0.3357,0.3188,370445600,0.3298
7/27/2001,0.3386,0.3348,0.3438,0.3304,334191200,0.332
7/30/2001,0.338,0.3414,0.3457,0.3305,243359200,0.3386
7/31/2001,0.3355,0.3441,0.3468,0.3305,235032000,0.338
8/1/2001,0.3404,0.3395,0.3532,0.3384,304136000,0.3355
8/2/2001,0.3539,0.3509,0.3548,0.3439,252095200,0.3404
8/3/2001,0.3482,0.3552,0.3554,0.3393,186071200,0.3539
8/6/2001,0.3416,0.34,0.3511,0.3393,99652000,0.3482
8/7/2001,0.3438,0.3452,0.3513,0.3389,168548800,0.3416
8/8/2001,0.3375,0.3439,0.3518,0.3311,276169600,0.3438
8/9/2001,0.3402,0.3386,0.342,0.3343,200681600,0.3375
8/10/2001,0.3396,0.34,0.345,0.332,186961600,0.3402
8/13/2001,0.3409,0.3411,0.3452,0.335,148002400,0.3396
8/14/2001,0.3345,0.3429,0.3457,0.3334,228950400,0.3409
8/15/2001,0.3293,0.335,0.3382,0.325,289284800,0.3345
8/16/2001,0.333,0.3263,0.3348,0.3209,288097600,0.3293
8/17/2001,0.3227,0.3214,0.3295,0.3213,208432000,0.333
8/20/2001,0.3236,0.3239,0.3255,0.318,252302400,0.3227
8/21/2001,0.32,0.3239,0.3239,0.3161,185707200,0.3236
8/22/2001,0.3252,0.3204,0.3259,0.3145,174048000,0.32
8/23/2001,0.318,0.325,0.3275,0.3139,218500800,0.3252
8/24/2001,0.3316,0.3214,0.3325,0.3152,290354400,0.318
8/27/2001,0.3379,0.3321,0.3446,0.3243,175644000,0.3316
8/28/2001,0.3286,0.3375,0.3418,0.3286,171735200,0.3379
8/29/2001,0.3184,0.3293,0.3363,0.3184,239988000,0.3286
8/30/2001,0.3184,0.3168,0.3246,0.3086,368715200,0.3184
8/31/2001,0.3313,0.3166,0.3321,0.3152,217280000,0.3184
9/4/2001,0.3259,0.3304,0.3407,0.3246,348219200,0.3313
9/5/2001,0.3313,0.3257,0.3384,0.3236,360141600,0.3259
9/6/2001,0.3164,0.3286,0.338,0.3152,282368800,0.3313
9/7/2001,0.3086,0.3125,0.3232,0.3071,241830400,0.3164
9/10/2001,0.3102,0.3036,0.3125,0.3021,308845600,0.3086
9/17/2001,0.3034,0.2857,0.3048,0.2809,459284000,0.3102
9/18/2001,0.2907,0.3018,0.3164,0.2888,327594400,0.3034
9/19/2001,0.3039,0.2946,0.3054,0.2786,373340800,0.2907
9/20/2001,0.28,0.2909,0.3027,0.2768,411706400,0.3039
9/21/2001,0.2809,0.2643,0.2902,0.2621,570516800,0.28
9/24/2001,0.2938,0.2877,0.3008,0.2848,294929600,0.2809
9/25/2001,0.2775,0.2882,0.2896,0.2741,374438400,0.2938
9/26/2001,0.2705,0.2823,0.2838,0.2666,493813600,0.2775
9/27/2001,0.277,0.2723,0.2813,0.2714,322240800,0.2705
9/28/2001,0.277,0.2805,0.2841,0.2748,365125600,0.277
10/1/2001,0.2775,0.2766,0.2855,0.272,225349600,0.277
10/2/2001,0.2688,0.2755,0.2827,0.2657,235894400,0.2775
10/3/2001,0.2675,0.267,0.2743,0.2648,686604800,0.2688
10/4/2001,0.2836,0.2741,0.2902,0.2678,401122400,0.2675
10/5/2001,0.2882,0.275,0.2884,0.2677,342787200,0.2836
10/8/2001,0.2893,0.278,0.292,0.2768,207995200,0.2882
10/9/2001,0.2857,0.2866,0.2893,0.2791,174025600,0.2893
10/10/2001,0.3004,0.2875,0.3009,0.2848,307837600,0.2857
10/11/2001,0.3168,0.3021,0.3168,0.3009,334230400,0.3004
10/12/2001,0.3216,0.3091,0.3229,0.3011,288237600,0.3168
10/15/2001,0.3213,0.3205,0.3282,0.3134,318752000,0.3216
10/16/2001,0.3216,0.323,0.325,0.3173,203061600,0.3213
10/17/2001,0.3034,0.3275,0.3288,0.3029,286171200,0.3216
10/18/2001,0.3214,0.3087,0.3255,0.3087,612656800,0.3034
10/19/2001,0.3268,0.3204,0.3286,0.3193,166790400,0.3214
10/22/2001,0.3396,0.3252,0.3405,0.323,391938400,0.3268
10/23/2001,0.3239,0.3414,0.3468,0.3191,684980800,0.3396
10/24/2001,0.3384,0.3225,0.3409,0.317,374472000,0.3239
10/25/2001,0.3427,0.3293,0.3438,0.3243,254951200,0.3384
10/26/2001,0.3334,0.3368,0.3438,0.3325,278964000,0.3427
10/29/2001,0.3148,0.3316,0.3334,0.3134,239181600,0.3334
10/30/2001,0.3143,0.3104,0.3214,0.3046,276763200,0.3148
10/31/2001,0.3136,0.3166,0.3286,0.3114,274019200,0.3143
11/1/2001,0.332,0.3152,0.3354,0.308,312995200,0.3136
11/2/2001,0.3316,0.3307,0.3368,0.3243,197204000,0.332
11/5/2001,0.3405,0.3364,0.3438,0.3323,235676000,0.3316
11/6/2001,0.3495,0.3386,0.3504,0.3309,316019200,0.3405
11/7/2001,0.3498,0.3475,0.3595,0.3452,382989600,0.3495
11/8/2001,0.3341,0.3505,0.3553,0.3316,342199200,0.3498
11/9/2001,0.3341,0.3321,0.3438,0.3313,134293600,0.3341
11/12/2001,0.3348,0.3332,0.3423,0.3207,201499200,0.3341
11/13/2001,0.3459,0.3407,0.3463,0.3341,224694400,0.3348
11/14/2001,0.3502,0.3498,0.3554,0.342,221160800,0.3459
11/15/2001,0.3473,0.3473,0.3554,0.3434,213029600,0.3502
11/16/2001,0.3388,0.3443,0.3445,0.3286,230664000,0.3473
11/19/2001,0.3571,0.3393,0.358,0.3386,332673600,0.3388
11/20/2001,0.3488,0.3539,0.3607,0.3482,276584000,0.3571
11/21/2001,0.3514,0.3502,0.3536,0.3439,201583200,0.3488
11/23/2001,0.3543,0.352,0.3563,0.3495,60004000,0.3514
11/26/2001,0.3816,0.3561,0.3848,0.355,460700800,0.3543
11/27/2001,0.375,0.3786,0.3843,0.3662,268553600,0.3816
11/28/2001,0.3666,0.3723,0.3788,0.3645,251025600,0.375
11/29/2001,0.3646,0.3679,0.3696,0.3605,202764800,0.3666
11/30/2001,0.3804,0.3655,0.3829,0.3616,303912000,0.3646
12/3/2001,0.3759,0.3761,0.38,0.3679,181316800,0.3804
12/4/2001,0.4,0.3759,0.4029,0.37,380475200,0.3759
12/5/2001,0.4243,0.3993,0.4291,0.3959,568579200,0.4
12/6/2001,0.4068,0.4193,0.4196,0.3954,338934400,0.4243
12/7/2001,0.4025,0.4011,0.4055,0.3929,203515200,0.4068
12/10/2001,0.4025,0.398,0.4105,0.397,170010400,0.4025
12/11/2001,0.3889,0.4048,0.408,0.3866,205475200,0.4025
12/12/2001,0.3838,0.3905,0.3914,0.3795,192460800,0.3889
12/13/2001,0.375,0.3838,0.3848,0.3661,197842400,0.3838
12/14/2001,0.3641,0.3702,0.3721,0.3588,189884800,0.375
12/17/2001,0.3682,0.3643,0.375,0.3605,173712000,0.3641
12/18/2001,0.3752,0.373,0.3809,0.3611,235267200,0.3682
12/19/2001,0.3861,0.3675,0.3871,0.3655,289956800,0.3752
12/20/2001,0.3691,0.3821,0.3834,0.3682,220864000,0.3861
12/21/2001,0.375,0.3752,0.3846,0.3714,256412800,0.3691
12/24/2001,0.3814,0.3732,0.383,0.3732,50629600,0.375
12/26/2001,0.3838,0.3813,0.3982,0.3775,146468000,0.3814
12/27/2001,0.3941,0.3854,0.3973,0.3854,191508800,0.3838
12/28/2001,0.4005,0.3923,0.4107,0.3921,299208000,0.3941
12/31/2001,0.3911,0.402,0.4046,0.3898,138112800,0.4005
1/2/2002,0.4161,0.3938,0.4161,0.3921,531311200,0.3911
1/3/2002,0.4211,0.4107,0.4241,0.4066,612752000,0.4161
1/4/2002,0.423,0.4168,0.4277,0.4105,410200000,0.4211
1/7/2002,0.4089,0.4236,0.4286,0.4063,444617600,0.423
1/8/2002,0.4038,0.4063,0.4116,0.4011,450049600,0.4089
1/9/2002,0.3866,0.4071,0.4095,0.38,327868800,0.4038
1/10/2002,0.3791,0.3789,0.3834,0.3618,452883200,0.3866
1/11/2002,0.3759,0.382,0.39,0.3679,348880000,0.3791
1/14/2002,0.3777,0.3752,0.3821,0.3732,416348800,0.3759
1/15/2002,0.3875,0.3807,0.3886,0.3788,290320800,0.3777
1/16/2002,0.3711,0.3823,0.3823,0.3661,567246400,0.3875
1/17/2002,0.4014,0.3923,0.4061,0.3905,662054400,0.3711
1/18/2002,0.3959,0.3929,0.4036,0.3921,339718400,0.4014
1/22/2002,0.3896,0.3977,0.3995,0.3896,326838400,0.3959
1/23/2002,0.4111,0.3893,0.4114,0.3855,443279200,0.3896
1/24/2002,0.4145,0.4091,0.4198,0.4089,344002400,0.4111
1/25/2002,0.4152,0.4088,0.4182,0.4046,185914400,0.4145
1/28/2002,0.4155,0.4179,0.4205,0.4057,186446400,0.4152
1/29/2002,0.412,0.4146,0.4204,0.408,240324000,0.4155
1/30/2002,0.4302,0.412,0.4311,0.4096,471598400,0.412
1/31/2002,0.4414,0.4314,0.4416,0.4305,468468000,0.4302
2/1/2002,0.4359,0.4346,0.4457,0.4346,398305600,0.4414
2/4/2002,0.4527,0.4343,0.4557,0.4321,522384800,0.4359
2/5/2002,0.4545,0.448,0.4639,0.4479,456887200,0.4527
2/6/2002,0.4405,0.4572,0.4639,0.4313,597637600,0.4545
2/7/2002,0.4339,0.4402,0.4516,0.43,347849600,0.4405
2/8/2002,0.4291,0.4358,0.44,0.4173,355331200,0.4339
2/11/2002,0.4461,0.4273,0.4464,0.4239,398613600,0.4291
2/12/2002,0.4413,0.4404,0.4471,0.4366,224336000,0.4461
2/13/2002,0.4466,0.4416,0.4507,0.4402,312995200,0.4413
2/14/2002,0.4393,0.4473,0.4505,0.4354,260170400,0.4466
2/15/2002,0.4268,0.438,0.4461,0.4259,260198400,0.4393
2/19/2002,0.4039,0.4243,0.4268,0.4014,390247200,0.4268
2/20/2002,0.413,0.4066,0.4143,0.3991,285443200,0.4039
2/21/2002,0.3839,0.4093,0.4107,0.383,446852000,0.413
2/22/2002,0.4061,0.3868,0.4098,0.3839,406476000,0.3839
2/25/2002,0.4252,0.408,0.4414,0.3993,426848800,0.4061
2/26/2002,0.4227,0.427,0.4352,0.4152,260131200,0.4252
2/27/2002,0.3921,0.4275,0.433,0.3739,1030265600,0.4227
2/28/2002,0.3875,0.3955,0.4034,0.3813,456937600,0.3921
3/1/2002,0.4188,0.3916,0.4196,0.3896,351383200,0.3875
3/4/2002,0.4338,0.4154,0.4389,0.4064,348342400,0.4188
3/5/2002,0.4202,0.4313,0.4363,0.4179,274702400,0.4338
3/6/2002,0.4298,0.4193,0.4346,0.4095,226234400,0.4202
3/7/2002,0.4354,0.4296,0.438,0.4216,258249600,0.4298
3/8/2002,0.4404,0.4418,0.448,0.4339,269774400,0.4354
3/11/2002,0.4475,0.4393,0.4489,0.4304,262791200,0.4404
3/12/2002,0.4414,0.4377,0.4418,0.4304,254055200,0.4475
3/13/2002,0.4373,0.4352,0.4438,0.4313,200765600,0.4414
3/14/2002,0.4363,0.4339,0.4393,0.4264,217296800,0.4373
3/15/2002,0.4455,0.4368,0.4457,0.433,240900800,0.4363
3/18/2002,0.4418,0.4455,0.4473,0.4343,282464000,0.4455
3/19/2002,0.4438,0.4409,0.4518,0.4339,242356800,0.4418
3/20/2002,0.445,0.4404,0.4489,0.4375,296122400,0.4438
3/21/2002,0.4334,0.4261,0.4339,0.4154,617876000,0.445
3/22/2002,0.4302,0.4325,0.4386,0.4263,202193600,0.4334
3/25/2002,0.417,0.4298,0.4302,0.415,264196800,0.4302
3/26/2002,0.4189,0.4143,0.4221,0.4107,257840800,0.417
3/27/2002,0.4191,0.417,0.4236,0.4154,127702400,0.4189
3/28/2002,0.4227,0.4232,0.4264,0.4189,106691200,0.4191
4/1/2002,0.4368,0.4175,0.4411,0.4157,199046400,0.4227
4/2/2002,0.4298,0.4286,0.4339,0.4263,203795200,0.4368
4/3/2002,0.4241,0.4295,0.4373,0.4214,214530400,0.4298
4/4/2002,0.4446,0.4227,0.4473,0.4227,338497600,0.4241
4/5/2002,0.4418,0.4455,0.4498,0.4304,278348000,0.4446
4/8/2002,0.4386,0.4314,0.4407,0.4246,261626400,0.4418
4/9/2002,0.4304,0.4391,0.4464,0.4288,191581600,0.4386
4/10/2002,0.4404,0.4323,0.4455,0.4288,224980000,0.4304
4/11/2002,0.4439,0.447,0.45,0.442,407265600,0.4404
4/12/2002,0.4475,0.4466,0.4495,0.4388,320241600,0.4439
4/15/2002,0.4464,0.4475,0.4491,0.4429,299370400,0.4475
4/16/2002,0.4596,0.4491,0.4643,0.4486,615328000,0.4464
4/17/2002,0.4663,0.463,0.4673,0.4532,396323200,0.4596
4/18/2002,0.4538,0.4554,0.4557,0.4443,401346400,0.4663
4/19/2002,0.4461,0.4552,0.4552,0.4452,384540800,0.4538
4/22/2002,0.438,0.4436,0.4452,0.4327,269427200,0.4461
4/23/2002,0.433,0.4382,0.4425,0.4302,234556000,0.438
4/24/2002,0.4245,0.4339,0.4375,0.4229,140492800,0.433
4/25/2002,0.4307,0.4207,0.4346,0.4205,194202400,0.4245
4/26/2002,0.4109,0.4336,0.4352,0.4107,304987200,0.4307
4/29/2002,0.4279,0.4136,0.4296,0.4123,272977600,0.4109
4/30/2002,0.4334,0.4266,0.4354,0.4241,280963200,0.4279
5/1/2002,0.4282,0.4338,0.4338,0.4171,214704000,0.4334
5/2/2002,0.423,0.4252,0.4346,0.4214,239349600,0.4282
5/3/2002,0.4198,0.4209,0.4289,0.4184,230832000,0.423
5/6/2002,0.4045,0.417,0.4196,0.4011,249664800,0.4198
5/7/2002,0.4013,0.4096,0.4098,0.3954,242799200,0.4045
5/8/2002,0.4352,0.4143,0.4379,0.4114,436682400,0.4013
5/9/2002,0.432,0.433,0.4348,0.425,224616000,0.4352
5/10/2002,0.4164,0.4338,0.4338,0.4104,236213600,0.432
5/13/2002,0.4275,0.42,0.4302,0.4096,265608000,0.4164
5/14/2002,0.4573,0.4366,0.4586,0.4325,526506400,0.4275
5/15/2002,0.4514,0.453,0.4639,0.4436,336179200,0.4573
5/16/2002,0.4502,0.4475,0.4545,0.442,227052000,0.4514
5/17/2002,0.4466,0.4552,0.4604,0.4395,236493600,0.4502
5/20/2002,0.4418,0.4388,0.4452,0.438,269914400,0.4466
5/21/2002,0.4189,0.4434,0.4464,0.4179,280991200,0.4418
5/22/2002,0.4343,0.4173,0.4352,0.4164,290875200,0.4189
5/23/2002,0.4496,0.4366,0.4507,0.4298,369432000,0.4343
5/24/2002,0.4313,0.4463,0.4463,0.4279,166409600,0.4496
5/28/2002,0.4282,0.423,0.4321,0.4184,149716000,0.4313
5/29/2002,0.4282,0.4271,0.4364,0.4188,221793600,0.4282
5/30/2002,0.4321,0.4245,0.4354,0.4198,198374400,0.4282
5/31/2002,0.4161,0.4302,0.433,0.4157,365495200,0.4321
6/3/2002,0.4091,0.4177,0.4188,0.4032,235110400,0.4161
6/4/2002,0.4068,0.4086,0.4114,0.3961,347900000,0.4091
6/5/2002,0.4057,0.4077,0.4088,0.3991,277082400,0.4068
6/6/2002,0.3957,0.41,0.4148,0.3936,260064000,0.4057
6/7/2002,0.3821,0.3886,0.3918,0.3737,612376800,0.3957
6/10/2002,0.3836,0.3836,0.39,0.3811,277575200,0.3821
6/11/2002,0.3654,0.3864,0.3875,0.3645,349507200,0.3836
6/12/2002,0.3588,0.3645,0.3706,0.3561,528718400,0.3654
6/13/2002,0.3489,0.3575,0.358,0.3461,353136000,0.3588
6/14/2002,0.3589,0.3436,0.3636,0.3234,424900000,0.3489
6/17/2002,0.3668,0.3614,0.3684,0.3545,325236800,0.3589
6/18/2002,0.3598,0.3646,0.3677,0.3568,365304800,0.3668
6/19/2002,0.3057,0.3102,0.3143,0.3014,1712435200,0.3598
6/20/2002,0.3055,0.3066,0.3143,0.3009,396732000,0.3057
6/21/2002,0.3009,0.303,0.3123,0.2998,445194400,0.3055
6/24/2002,0.3084,0.2995,0.3166,0.2982,432090400,0.3009
6/25/2002,0.3061,0.3107,0.3157,0.3011,301218400,0.3084
6/26/2002,0.2955,0.3,0.3087,0.2854,559372800,0.3061
6/27/2002,0.3046,0.2998,0.3084,0.2932,251664000,0.2955
6/28/2002,0.3164,0.3054,0.3182,0.3036,271107200,0.3046
7/1/2002,0.3046,0.3163,0.3193,0.3045,229706400,0.3164
7/2/2002,0.3025,0.3041,0.3065,0.3005,305194400,0.3046
7/3/2002,0.3134,0.3002,0.3157,0.2991,199029600,0.3025
7/5/2002,0.3346,0.3163,0.3348,0.3163,161593600,0.3134
7/8/2002,0.3216,0.3307,0.3323,0.3157,211204000,0.3346
7/9/2002,0.313,0.323,0.3266,0.3118,226749600,0.3216
7/10/2002,0.3093,0.3163,0.3245,0.308,206903200,0.313
7/11/2002,0.3268,0.3082,0.3277,0.303,373503200,0.3093
7/12/2002,0.3125,0.3313,0.3355,0.3082,443581600,0.3268
7/15/2002,0.3255,0.3112,0.3321,0.3002,295999200,0.3125
7/16/2002,0.3189,0.3241,0.3316,0.3145,447949600,0.3255
7/17/2002,0.2791,0.288,0.2893,0.2713,1215580800,0.3189
7/18/2002,0.2677,0.2768,0.2779,0.2634,559462400,0.2791
7/19/2002,0.2671,0.2625,0.2709,0.2595,385207200,0.2677
7/22/2002,0.2664,0.2634,0.2713,0.2609,431682272,0.2671
7/23/2002,0.2584,0.2661,0.2702,0.2579,400597512,0.2664
7/24/2002,0.2714,0.2559,0.2718,0.2545,410690952,0.2584
7/25/2002,0.2564,0.2666,0.267,0.2502,480068344,0.2714
7/26/2002,0.2561,0.2582,0.2595,0.2464,208057864,0.2564
7/29/2002,0.2682,0.2586,0.2696,0.2566,275250024,0.2561
7/30/2002,0.2755,0.2652,0.277,0.26,355360376,0.2682
7/31/2002,0.2725,0.275,0.2754,0.2661,313002480,0.2755
8/1/2002,0.2643,0.2698,0.2754,0.263,229232304,0.2725
8/2/2002,0.258,0.2632,0.2679,0.2545,179973472,0.2643
8/5/2002,0.2498,0.2589,0.2625,0.2495,204434048,0.258
8/6/2002,0.2632,0.2538,0.272,0.2514,272807304,0.2498
8/7/2002,0.2684,0.2695,0.2743,0.2563,333961096,0.2632
8/8/2002,0.2732,0.2638,0.2746,0.2638,227616144,0.2684
8/9/2002,0.2679,0.2723,0.2723,0.2634,205987320,0.2732
8/12/2002,0.2677,0.2661,0.2682,0.2623,180011664,0.2679
8/13/2002,0.2605,0.2661,0.2716,0.2598,270354224,0.2677
8/14/2002,0.2709,0.262,0.2741,0.2596,399782432,0.2605
8/15/2002,0.2788,0.272,0.2813,0.268,322717640,0.2709
8/16/2002,0.2823,0.2759,0.2875,0.2729,245677040,0.2788
8/19/2002,0.2854,0.2816,0.2902,0.2807,216943384,0.2823
8/20/2002,0.2841,0.2852,0.2873,0.2773,189476784,0.2854
8/21/2002,0.2879,0.2857,0.29,0.2759,202753432,0.2841
8/22/2002,0.2852,0.2891,0.2902,0.2796,258601392,0.2879
8/23/2002,0.2809,0.2839,0.2845,0.2759,164269168,0.2852
8/26/2002,0.2773,0.2848,0.2848,0.2707,190188208,0.2809
8/27/2002,0.2652,0.2805,0.2811,0.2627,262540768,0.2773
8/28/2002,0.2625,0.2643,0.27,0.2616,250200384,0.2652
8/29/2002,0.2625,0.2616,0.2693,0.2591,164805816,0.2625
8/30/2002,0.2634,0.263,0.2704,0.2604,193873848,0.2625
9/3/2002,0.2509,0.2588,0.2598,0.2509,277263392,0.2634
9/4/2002,0.2586,0.2536,0.2639,0.253,420967232,0.2509
9/5/2002,0.2532,0.2541,0.2564,0.2509,227086160,0.2586
9/6/2002,0.2568,0.2591,0.2616,0.2541,181785520,0.2532
9/9/2002,0.2566,0.255,0.2595,0.2527,158430720,0.2568
9/10/2002,0.2559,0.2573,0.2589,0.2521,249777640,0.2566
9/11/2002,0.2552,0.2561,0.2607,0.2527,202698496,0.2559
9/12/2002,0.2525,0.2538,0.2591,0.2521,270207224,0.2552
9/13/2002,0.253,0.2523,0.2561,0.2509,283168648,0.2525
9/16/2002,0.2589,0.2525,0.2609,0.2521,286901608,0.253
9/17/2002,0.2643,0.2604,0.2684,0.2602,429620520,0.2589
9/18/2002,0.2682,0.2623,0.2695,0.2593,329130368,0.2643
9/19/2002,0.2604,0.2634,0.2643,0.2586,206213728,0.2682
9/20/2002,0.2655,0.2611,0.2668,0.2593,353141264,0.2604
9/23/2002,0.2652,0.2636,0.2671,0.258,264097680,0.2655
9/24/2002,0.2614,0.2571,0.2646,0.2571,250959576,0.2652
9/25/2002,0.2666,0.2623,0.2709,0.2616,255033072,0.2614
9/26/2002,0.2625,0.2696,0.2713,0.2598,208948880,0.2666
9/27/2002,0.2629,0.2589,0.2652,0.2586,206642464,0.2625
9/30/2002,0.2589,0.2573,0.2602,0.2525,238190512,0.2629
10/1/2002,0.2591,0.2607,0.2607,0.25,343202328,0.2589
10/2/2002,0.253,0.2559,0.2613,0.2518,229713904,0.2591
10/3/2002,0.2554,0.2532,0.2607,0.2511,218437968,0.253
10/4/2002,0.2505,0.2564,0.2571,0.25,191242184,0.2554
10/7/2002,0.2459,0.2495,0.2538,0.2457,245349720,0.2505
10/8/2002,0.2444,0.2482,0.2493,0.2386,454157816,0.2459
10/9/2002,0.2428,0.2418,0.2473,0.2395,357627312,0.2444
10/10/2002,0.2521,0.2434,0.2539,0.2425,321983592,0.2428
10/11/2002,0.2591,0.2546,0.2639,0.2518,295159984,0.2521
10/14/2002,0.2638,0.2598,0.2675,0.2579,194730984,0.2591
10/15/2002,0.2707,0.2718,0.2723,0.2639,406227640,0.2638
10/16/2002,0.26,0.2654,0.2702,0.2482,309640576,0.2707
10/17/2002,0.252,0.2538,0.2569,0.2496,470044960,0.26
10/18/2002,0.2561,0.25,0.2563,0.2488,289643088,0.252
10/21/2002,0.26,0.2546,0.2613,0.25,238882672,0.2561
10/22/2002,0.2625,0.2584,0.2657,0.2546,218514128,0.26
10/23/2002,0.2657,0.2613,0.2675,0.2589,209410152,0.2625
10/24/2002,0.2623,0.2682,0.2716,0.2598,175095088,0.2657
10/25/2002,0.2754,0.2623,0.2759,0.2605,279459824,0.2623
10/28/2002,0.2788,0.2777,0.2848,0.2723,349776224,0.2754
10/29/2002,0.2757,0.278,0.2836,0.2671,259689976,0.2788
10/30/2002,0.2854,0.2766,0.2923,0.2764,271384624,0.2757
10/31/2002,0.287,0.2855,0.2936,0.2843,296180752,0.2854
11/1/2002,0.2921,0.2846,0.2946,0.2838,190124592,0.287
11/4/2002,0.3016,0.2946,0.3104,0.292,377429528,0.2921
11/5/2002,0.3018,0.2991,0.303,0.292,211028384,0.3016
11/6/2002,0.3075,0.305,0.3093,0.2982,217028560,0.3018
11/7/2002,0.2857,0.3025,0.3054,0.2823,336716240,0.3075
11/8/2002,0.2829,0.2859,0.2893,0.2771,194126632,0.2857
11/11/2002,0.2707,0.2812,0.2838,0.27,153295688,0.2829
11/12/2002,0.2793,0.2736,0.2864,0.2729,230837376,0.2707
11/13/2002,0.2784,0.2768,0.287,0.2729,233048368,0.2793
11/14/2002,0.2911,0.2839,0.293,0.2818,142102240,0.2784
11/15/2002,0.2848,0.2898,0.29,0.2814,163111032,0.2911
11/18/2002,0.2795,0.2891,0.2893,0.2771,164915800,0.2848
11/19/2002,0.2727,0.2777,0.2813,0.268,213611216,0.2795
11/20/2002,0.2773,0.2732,0.2804,0.2723,209124608,0.2727
11/21/2002,0.292,0.2839,0.2936,0.2813,418965568,0.2773
11/22/2002,0.2859,0.2873,0.2912,0.2839,228414088,0.292
11/25/2002,0.2852,0.2863,0.2882,0.2805,199923528,0.2859
11/26/2002,0.2752,0.283,0.2839,0.2727,241246992,0.2852
11/27/2002,0.2807,0.2786,0.2832,0.2759,287077952,0.2752
11/29/2002,0.2768,0.282,0.2836,0.2753,143670912,0.2807
12/2/2002,0.2711,0.2839,0.2875,0.268,399388248,0.2768
12/3/2002,0.2707,0.2714,0.2739,0.2696,228515392,0.2711
12/4/2002,0.2673,0.2711,0.2713,0.2589,327099752,0.2707
12/5/2002,0.2613,0.2684,0.2693,0.2595,244584536,0.2673
12/6/2002,0.267,0.2616,0.2713,0.2593,245826784,0.2613
12/9/2002,0.2634,0.2668,0.267,0.262,236432224,0.267
12/10/2002,0.2729,0.2634,0.2759,0.263,309191624,0.2634
12/11/2002,0.2766,0.2732,0.2766,0.2693,254152024,0.2729
12/12/2002,0.2713,0.277,0.2777,0.268,149838360,0.2766
12/13/2002,0.2641,0.2704,0.2705,0.2616,165210696,0.2713
12/16/2002,0.2652,0.2645,0.2696,0.2609,252218120,0.2641
12/17/2002,0.2693,0.2652,0.2713,0.2618,223770008,0.2652
12/18/2002,0.2602,0.2643,0.2654,0.2589,151217808,0.2693
12/19/2002,0.2536,0.2595,0.2664,0.2518,348190920,0.2602
12/20/2002,0.2525,0.2552,0.26,0.2461,319466000,0.2536
12/23/2002,0.2588,0.2529,0.2598,0.2521,126417088,0.2525
12/24/2002,0.2564,0.2579,0.2584,0.2554,39466672,0.2588
12/26/2002,0.2571,0.2575,0.2645,0.255,85808016,0.2564
12/27/2002,0.2511,0.2555,0.2568,0.2502,80342024,0.2571
12/30/2002,0.2513,0.2514,0.2527,0.2471,156786672,0.2511
12/31/2002,0.2559,0.25,0.2564,0.2491,201306336,0.2513
1/2/2003,0.2643,0.2564,0.2664,0.2563,182317016,0.2559
1/3/2003,0.2661,0.2643,0.2666,0.2605,147975184,0.2643
1/6/2003,0.2661,0.2684,0.2746,0.2657,391593888,0.2661
1/7/2003,0.2652,0.2641,0.2679,0.2584,346266200,0.2661
1/8/2003,0.2598,0.2604,0.2627,0.2579,230100416,0.2652
1/9/2003,0.2621,0.2611,0.2664,0.2589,215883472,0.2598
1/10/2003,0.2629,0.2604,0.2646,0.2588,175682416,0.2621
1/13/2003,0.2613,0.2661,0.2661,0.2564,179395440,0.2629
1/14/2003,0.2609,0.2623,0.2646,0.2588,187373424,0.2613
1/15/2003,0.2577,0.2605,0.2625,0.2546,373565248,0.2609
1/16/2003,0.2611,0.2538,0.2636,0.2538,560696416,0.2577
1/17/2003,0.2518,0.26,0.26,0.2514,268898112,0.2611
1/21/2003,0.2504,0.2538,0.2573,0.25,254055088,0.2518
1/22/2003,0.2479,0.2496,0.2527,0.2464,215716480,0.2504
1/23/2003,0.253,0.2509,0.2564,0.2491,228870488,0.2479
1/24/2003,0.2464,0.2543,0.2543,0.2421,306092640,0.253
1/27/2003,0.2523,0.2443,0.2589,0.2438,392120792,0.2464
1/28/2003,0.2604,0.2543,0.2623,0.2529,286954696,0.2523
1/29/2003,0.2666,0.2598,0.2696,0.2554,373972648,0.2604
1/30/2003,0.2557,0.2675,0.2691,0.2552,407960784,0.2666
1/31/2003,0.2564,0.2534,0.2598,0.2509,342251616,0.2557
2/3/2003,0.2618,0.2573,0.2663,0.2563,265728120,0.2564
2/4/2003,0.2607,0.258,0.2616,0.2555,317977744,0.2618
2/5/2003,0.258,0.2627,0.2666,0.258,222326216,0.2607
2/6/2003,0.2577,0.2564,0.2605,0.2539,179680424,0.258
2/7/2003,0.2527,0.2598,0.2607,0.2513,272832952,0.2577
2/10/2003,0.2563,0.2546,0.2602,0.2511,168472920,0.2527
2/11/2003,0.2563,0.2589,0.2613,0.2536,165528776,0.2563
2/12/2003,0.257,0.2548,0.2607,0.2548,229329744,0.2563
2/13/2003,0.2596,0.2573,0.2614,0.2543,209394696,0.257
2/14/2003,0.262,0.2609,0.2629,0.2563,244116992,0.2596
2/18/2003,0.2727,0.2634,0.2732,0.2629,291703776,0.262
2/19/2003,0.2652,0.2691,0.2705,0.2621,241635352,0.2727
2/20/2003,0.2638,0.2652,0.2671,0.2627,224905856,0.2652
2/21/2003,0.2679,0.2646,0.2689,0.2616,158032056,0.2638
2/24/2003,0.2632,0.2654,0.2684,0.2625,180726728,0.2679
2/25/2003,0.2682,0.2621,0.2693,0.2605,190466584,0.2632
2/26/2003,0.2589,0.2677,0.2682,0.2586,218699264,0.2682
2/27/2003,0.2654,0.2602,0.2679,0.2591,155030008,0.2589
2/28/2003,0.268,0.2654,0.2695,0.2638,195559784,0.2654
3/3/2003,0.2616,0.268,0.2707,0.2598,204591408,0.268
3/4/2003,0.26,0.2632,0.2645,0.2579,126868840,0.2616
3/5/2003,0.2611,0.2609,0.2643,0.2593,127337392,0.26
3/6/2003,0.26,0.2604,0.2607,0.2571,98490728,0.2611
3/7/2003,0.2595,0.2584,0.2627,0.2555,152031600,0.26
3/10/2003,0.2566,0.2591,0.262,0.2554,136364928,0.2595
3/11/2003,0.2541,0.2564,0.2588,0.2521,162089704,0.2566
3/12/2003,0.2539,0.253,0.257,0.2511,223545280,0.2541
3/13/2003,0.2629,0.2584,0.2643,0.253,336540456,0.2539
3/14/2003,0.2639,0.2621,0.268,0.2614,153911408,0.2629
3/17/2003,0.268,0.2659,0.2691,0.2627,400859368,0.2639
3/18/2003,0.2679,0.2679,0.2695,0.2646,230598984,0.268
3/19/2003,0.267,0.2691,0.2705,0.2641,141983800,0.2679
3/20/2003,0.2663,0.2666,0.2677,0.2607,163683128,0.267
3/21/2003,0.2679,0.2695,0.2705,0.2646,298679584,0.2663
3/24/2003,0.2566,0.262,0.2643,0.2563,161692888,0.2679
3/25/2003,0.2598,0.2573,0.2648,0.2566,167700064,0.2566
3/26/2003,0.2573,0.2598,0.26,0.2554,178346000,0.2598
3/27/2003,0.2588,0.2557,0.2625,0.2557,122399032,0.2573
3/28/2003,0.2602,0.2571,0.2611,0.2566,145308520,0.2588
3/31/2003,0.2525,0.2561,0.2595,0.2507,256780944,0.2602
4/1/2003,0.2529,0.2536,0.2555,0.2513,154375480,0.2525
4/2/2003,0.2607,0.2564,0.2623,0.2548,171372040,0.2529
4/3/2003,0.2582,0.26,0.2625,0.2563,145716704,0.2607
4/4/2003,0.2573,0.2593,0.262,0.257,149683856,0.2582
4/7/2003,0.2588,0.2652,0.267,0.2573,196887712,0.2573
4/8/2003,0.258,0.2591,0.2616,0.2565,128937424,0.2588
4/9/2003,0.2534,0.2593,0.2611,0.2525,146741280,0.258
4/10/2003,0.2566,0.2536,0.257,0.2536,109290776,0.2534
4/11/2003,0.2357,0.2509,0.2579,0.2309,1394481704,0.2566
4/14/2003,0.2425,0.2448,0.2455,0.2411,504219856,0.2357
4/15/2003,0.2391,0.2427,0.2429,0.2375,304949288,0.2425
4/16/2003,0.2364,0.232,0.2441,0.2307,1019399360,0.2391
4/17/2003,0.2343,0.2357,0.2366,0.2271,617528744,0.2364
4/21/2003,0.2346,0.2345,0.2355,0.2318,153116208,0.2343
4/22/2003,0.2413,0.2354,0.2432,0.2338,304260824,0.2346
4/23/2003,0.2425,0.2416,0.2434,0.2388,210668528,0.2413
4/24/2003,0.24,0.2414,0.243,0.2321,326715816,0.2425
4/25/2003,0.2384,0.2404,0.2425,0.2363,206041808,0.24
4/28/2003,0.2475,0.2407,0.2493,0.2398,638683920,0.2384
4/29/2003,0.2511,0.2496,0.2529,0.2425,459576992,0.2475
4/30/2003,0.2539,0.2488,0.2563,0.2473,459233320,0.2511
5/1/2003,0.2564,0.2545,0.257,0.25,343694680,0.2539
5/2/2003,0.258,0.2582,0.2605,0.2561,322154112,0.2564
5/5/2003,0.2873,0.2638,0.3014,0.2634,1557939712,0.258
5/6/2003,0.3125,0.2879,0.3196,0.2876,1517049632,0.2873
5/7/2003,0.3152,0.3095,0.3257,0.3055,1056132056,0.3125
5/8/2003,0.3214,0.3161,0.3227,0.3089,688987264,0.3152
5/9/2003,0.3268,0.3273,0.3286,0.3193,589551760,0.3214
5/12/2003,0.3314,0.3241,0.3346,0.3238,420501928,0.3268
5/13/2003,0.3334,0.3291,0.3388,0.3205,448142800,0.3314
5/14/2003,0.3313,0.3363,0.3364,0.3291,356571936,0.3334
5/15/2003,0.3345,0.3321,0.3366,0.3298,286379968,0.3313
5/16/2003,0.3357,0.332,0.3393,0.3264,337308552,0.3345
5/19/2003,0.3232,0.3309,0.333,0.3225,446753496,0.3357
5/20/2003,0.3177,0.3232,0.3243,0.3143,417265744,0.3232
5/21/2003,0.3188,0.3177,0.323,0.3155,306606664,0.3177
5/22/2003,0.3257,0.3195,0.3286,0.3168,180071304,0.3188
5/23/2003,0.3271,0.3252,0.3296,0.3207,207109112,0.3257
5/27/2003,0.3371,0.3207,0.3375,0.3198,290301872,0.3271
5/28/2003,0.3264,0.3304,0.3331,0.3241,340970000,0.3371
5/29/2003,0.3232,0.3266,0.3304,0.3196,333787272,0.3264
5/30/2003,0.3205,0.3236,0.3246,0.313,382838456,0.3232
6/2/2003,0.3116,0.3232,0.3266,0.3084,418591936,0.3205
6/3/2003,0.3091,0.3114,0.3155,0.3039,360860528,0.3116
6/4/2003,0.3143,0.3089,0.3177,0.3061,271206376,0.3091
6/5/2003,0.315,0.3116,0.3168,0.3095,205654792,0.3143
6/6/2003,0.3062,0.3168,0.3221,0.3061,242939368,0.315
6/9/2003,0.2998,0.3025,0.3043,0.297,259955864,0.3062
6/10/2003,0.3068,0.3016,0.3087,0.2991,176672216,0.2998
6/11/2003,0.3116,0.3062,0.3127,0.3003,225127000,0.3068
6/12/2003,0.3173,0.3134,0.3193,0.3116,252602392,0.3116
6/13/2003,0.3111,0.317,0.3205,0.3059,191250864,0.3173
6/16/2003,0.3263,0.3143,0.3263,0.3116,238927920,0.3111
6/17/2003,0.3248,0.3288,0.3304,0.3213,177498440,0.3263
6/18/2003,0.3414,0.3295,0.3479,0.3269,454989920,0.3248
6/19/2003,0.3418,0.3457,0.3502,0.3352,382126360,0.3414
6/20/2003,0.3429,0.3455,0.3496,0.3375,359546992,0.3418
6/23/2003,0.3404,0.3447,0.3516,0.3348,309055544,0.3429
6/24/2003,0.3354,0.3477,0.3513,0.3343,515620840,0.3404
6/25/2003,0.3409,0.3368,0.3464,0.3341,330293376,0.3354
6/26/2003,0.3445,0.3339,0.345,0.3339,159708584,0.3409
6/27/2003,0.3345,0.3446,0.3448,0.33,365795136,0.3445
6/30/2003,0.3404,0.3336,0.343,0.332,235919264,0.3345
7/1/2003,0.3409,0.337,0.3425,0.3305,181020840,0.3404
7/2/2003,0.3441,0.3398,0.3464,0.3396,328874672,0.3409
7/3/2003,0.3416,0.3393,0.3491,0.3389,137772880,0.3441
7/7/2003,0.3548,0.3441,0.3604,0.3416,290332896,0.3416
7/8/2003,0.3643,0.3486,0.3661,0.348,256768512,0.3548
7/9/2003,0.3552,0.3609,0.3652,0.3551,213893960,0.3643
7/10/2003,0.3496,0.355,0.3561,0.3459,171414488,0.3552
7/11/2003,0.3545,0.3511,0.3571,0.3488,137011504,0.3496
7/14/2003,0.3554,0.3573,0.3643,0.3548,188408808,0.3545
7/15/2003,0.3502,0.3575,0.3614,0.347,206883656,0.3554
7/16/2003,0.3548,0.3566,0.3571,0.3461,253835176,0.3502
7/17/2003,0.3732,0.3605,0.3741,0.3595,752071040,0.3548
7/18/2003,0.3725,0.3732,0.3782,0.3643,298842768,0.3732
7/21/2003,0.368,0.3695,0.3714,0.3625,185269112,0.3725
7/22/2003,0.3714,0.3727,0.3743,0.3661,198425808,0.368
7/23/2003,0.3712,0.3741,0.3743,0.3654,143038560,0.3714
7/24/2003,0.3663,0.3757,0.3839,0.3639,229240368,0.3712
7/25/2003,0.3846,0.3645,0.3852,0.3643,216784456,0.3663
7/28/2003,0.3748,0.3839,0.384,0.3725,170364880,0.3846
7/29/2003,0.37,0.3748,0.3764,0.3664,197298640,0.3748
7/30/2003,0.3621,0.3709,0.3732,0.3602,173594400,0.37
7/31/2003,0.3764,0.3704,0.3813,0.3673,301507360,0.3621
8/1/2003,0.3702,0.375,0.3798,0.3686,150697848,0.3764
8/4/2003,0.3788,0.3666,0.3839,0.3621,230120688,0.3702
8/5/2003,0.3639,0.3813,0.3821,0.3589,249443320,0.3788
8/6/2003,0.3505,0.3582,0.3602,0.3482,245465472,0.3639
8/7/2003,0.3559,0.3523,0.3588,0.3468,174967184,0.3505
8/8/2003,0.3507,0.3591,0.3595,0.35,137849824,0.3559
8/11/2003,0.3511,0.3539,0.3559,0.3484,137229008,0.3507
8/12/2003,0.3518,0.3529,0.3536,0.3475,164440640,0.3511
8/13/2003,0.3604,0.3546,0.3632,0.3496,284101160,0.3518
8/14/2003,0.3566,0.3609,0.363,0.3561,193002096,0.3604
8/15/2003,0.352,0.3575,0.3584,0.3511,125869744,0.3566
8/18/2003,0.3632,0.3546,0.3645,0.3521,193587800,0.352
8/19/2003,0.3629,0.3638,0.3652,0.3571,133746032,0.3632
8/20/2003,0.3752,0.3604,0.3798,0.3596,273331688,0.3629
8/21/2003,0.3871,0.3755,0.3876,0.3741,256397568,0.3752
8/22/2003,0.3729,0.3895,0.3929,0.3685,250264672,0.3871
8/25/2003,0.3725,0.3711,0.3734,0.3659,137934160,0.3729
8/26/2003,0.3759,0.3705,0.3763,0.3634,164960488,0.3725
8/27/2003,0.3836,0.3734,0.3836,0.3689,225720992,0.3759
8/28/2003,0.3963,0.3809,0.3968,0.3809,319839240,0.3836
8/29/2003,0.4038,0.3964,0.408,0.3937,265241872,0.3963
9/2/2003,0.408,0.4046,0.4089,0.4,244001184,0.4038
9/3/2003,0.4098,0.4071,0.4164,0.4064,268915640,0.408
9/4/2003,0.4077,0.4136,0.4152,0.4066,207990944,0.4098
9/5/2003,0.4018,0.4059,0.4134,0.4002,240167760,0.4077
9/8/2003,0.4061,0.4014,0.407,0.4013,167292440,0.4018
9/9/2003,0.3995,0.4023,0.4048,0.395,180374600,0.4061
9/10/2003,0.3961,0.3973,0.4038,0.3948,224893256,0.3995
9/11/2003,0.4029,0.3973,0.407,0.3946,213937248,0.3961
9/12/2003,0.4125,0.402,0.4132,0.3984,180005112,0.4029
9/15/2003,0.3966,0.4073,0.4089,0.395,226843064,0.4125
9/16/2003,0.3993,0.3966,0.4053,0.3964,269379264,0.3966
9/17/2003,0.395,0.3995,0.3996,0.3903,289396408,0.3993
9/18/2003,0.4086,0.3946,0.4105,0.392,252902440,0.395
9/19/2003,0.4032,0.4086,0.4116,0.4005,206259368,0.4086
9/22/2003,0.3943,0.3961,0.4018,0.3914,179821152,0.4032
9/23/2003,0.4005,0.3932,0.4011,0.3907,133246120,0.3943
9/24/2003,0.3807,0.3966,0.3984,0.3765,301385784,0.4005
9/25/2003,0.3648,0.3811,0.3816,0.3616,574508704,0.3807
9/26/2003,0.3695,0.3625,0.3825,0.3598,346641064,0.3648
9/29/2003,0.3804,0.3838,0.387,0.3687,365700104,0.3695
9/30/2003,0.37,0.3766,0.3789,0.365,285680192,0.3804
10/1/2003,0.3712,0.3698,0.3768,0.3605,237916000,0.37
10/2/2003,0.3673,0.3714,0.3714,0.3621,205946608,0.3712
10/3/2003,0.3873,0.3748,0.3904,0.3729,299651520,0.3673
10/6/2003,0.398,0.387,0.3988,0.3854,268328088,0.3873
10/7/2003,0.4146,0.3938,0.418,0.3913,418183584,0.398
10/8/2003,0.4118,0.4152,0.4204,0.4059,428663760,0.4146
10/9/2003,0.4188,0.4161,0.4227,0.407,347746616,0.4118
10/10/2003,0.4229,0.4196,0.4252,0.4173,174835920,0.4188
10/13/2003,0.4348,0.4238,0.4359,0.4236,279881448,0.4229
10/14/2003,0.4384,0.4343,0.4418,0.4319,275418584,0.4348
10/15/2003,0.4432,0.4438,0.4466,0.4389,613411904,0.4384
10/16/2003,0.4152,0.425,0.4257,0.4002,976901968,0.4432
10/17/2003,0.4063,0.4175,0.4195,0.4005,362309920,0.4152
10/20/2003,0.4146,0.4036,0.4168,0.3996,279240472,0.4063
10/21/2003,0.4139,0.4162,0.4179,0.4063,176457512,0.4146
10/22/2003,0.4064,0.4096,0.4143,0.405,161732312,0.4139
10/23/2003,0.4105,0.4059,0.4134,0.4034,165759608,0.4064
10/24/2003,0.4036,0.4029,0.408,0.397,219856672,0.4105
10/27/2003,0.4036,0.4063,0.4088,0.4016,162008224,0.4036
10/28/2003,0.4236,0.4029,0.4245,0.4,252568008,0.4036
10/29/2003,0.423,0.4198,0.4268,0.4168,267077608,0.4236
10/30/2003,0.4123,0.4284,0.4286,0.4084,261076648,0.423
10/31/2003,0.4088,0.4161,0.417,0.4068,218279040,0.4123
11/3/2003,0.4134,0.4077,0.4161,0.4068,302840272,0.4088
11/4/2003,0.4091,0.412,0.4125,0.4034,249231640,0.4134
11/5/2003,0.4113,0.4075,0.413,0.4013,323080632,0.4091
11/6/2003,0.4129,0.4091,0.4134,0.4045,397212200,0.4113
11/7/2003,0.4018,0.4141,0.415,0.4009,210324352,0.4129
11/10/2003,0.3911,0.4009,0.4045,0.39,234271128,0.4018
11/11/2003,0.3846,0.3911,0.3932,0.3836,215078472,0.3911
11/12/2003,0.3988,0.3836,0.4057,0.3836,301326704,0.3846
11/13/2003,0.4004,0.3941,0.4029,0.3914,213109960,0.3988
11/14/2003,0.3832,0.4014,0.4038,0.38,237167112,0.4004
11/17/2003,0.3773,0.3813,0.3816,0.3741,229169192,0.3832
11/18/2003,0.3645,0.3788,0.3811,0.3634,268370256,0.3773
11/19/2003,0.3646,0.3671,0.3687,0.3618,344629040,0.3645
11/20/2003,0.3638,0.3589,0.3764,0.3589,239610448,0.3646
11/21/2003,0.3621,0.3632,0.3675,0.3545,242649232,0.3638
11/24/2003,0.3777,0.3661,0.3798,0.3652,381830232,0.3621
11/25/2003,0.3693,0.3791,0.3795,0.3681,271486320,0.3777
11/26/2003,0.37,0.373,0.3777,0.3616,245128352,0.3693
11/28/2003,0.3734,0.3711,0.3763,0.3664,76094088,0.37
12/1/2003,0.3877,0.3757,0.3902,0.375,361564280,0.3734
12/2/2003,0.3846,0.3857,0.3911,0.3823,220730944,0.3877
12/3/2003,0.3755,0.3846,0.39,0.3743,192181864,0.3846
12/4/2003,0.3777,0.3739,0.378,0.3709,177937088,0.3755
12/5/2003,0.3723,0.3732,0.3777,0.3702,186175696,0.3777
12/8/2003,0.3759,0.3711,0.3764,0.3645,148247008,0.3723
12/9/2003,0.3652,0.378,0.3795,0.3643,135148328,0.3759
12/10/2003,0.3639,0.3652,0.368,0.3564,271417776,0.3652
12/11/2003,0.3788,0.3616,0.3811,0.3609,183489432,0.3639
12/12/2003,0.373,0.3807,0.3807,0.3696,193081392,0.3788
12/15/2003,0.3602,0.3838,0.3838,0.3584,389010552,0.373
12/16/2003,0.3593,0.3605,0.3659,0.3573,373951648,0.3602
12/17/2003,0.355,0.3586,0.3595,0.3534,274258264,0.3593
12/18/2003,0.3579,0.3554,0.3604,0.3554,331005640,0.355
12/19/2003,0.3518,0.3605,0.3646,0.3504,453654488,0.3579
12/22/2003,0.3545,0.3509,0.3552,0.3438,377159048,0.3518
12/23/2003,0.3537,0.3557,0.3563,0.35,308514584,0.3545
12/24/2003,0.3645,0.3521,0.3677,0.3509,177471168,0.3537
12/26/2003,0.3711,0.3634,0.3734,0.3632,103690384,0.3645
12/29/2003,0.3777,0.3734,0.3779,0.3725,233455712,0.3711
12/30/2003,0.38,0.3782,0.3839,0.3777,204867656,0.3777
12/31/2003,0.3816,0.3813,0.3845,0.3782,174465760,0.38
1/2/2004,0.38,0.3848,0.3884,0.3782,144669168,0.3816
1/5/2004,0.3959,0.3825,0.3998,0.3825,395373104,0.38
1/6/2004,0.3945,0.3973,0.4004,0.3877,509663448,0.3959
1/7/2004,0.4034,0.3946,0.4077,0.3916,586960864,0.3945
1/8/2004,0.4171,0.4079,0.4238,0.4045,460329856,0.4034
1/9/2004,0.4107,0.4148,0.4309,0.407,427931784,0.4171
1/12/2004,0.4238,0.4136,0.4286,0.4125,487835488,0.4107
1/13/2004,0.4307,0.4411,0.4436,0.4261,679104944,0.4238
1/14/2004,0.4321,0.4357,0.4382,0.4246,624610672,0.4307
1/15/2004,0.408,0.4091,0.4179,0.4018,1018404464,0.4321
1/16/2004,0.4057,0.4106,0.4114,0.4038,372882104,0.408
1/20/2004,0.4059,0.4048,0.4071,0.3973,315992432,0.4057
1/21/2004,0.4038,0.4054,0.4102,0.4005,227077256,0.4059
1/22/2004,0.3961,0.4029,0.4077,0.3961,205003792,0.4038
1/23/2004,0.4029,0.3973,0.4061,0.3973,227206336,0.3961
1/26/2004,0.4109,0.4011,0.4118,0.4005,271324368,0.4029
1/27/2004,0.412,0.4113,0.4152,0.4071,307233864,0.4109
1/28/2004,0.4021,0.4079,0.4175,0.4002,275404304,0.412
1/29/2004,0.405,0.4041,0.4071,0.3963,212701608,0.4021
1/30/2004,0.4029,0.4061,0.4084,0.4004,185293360,0.405
2/2/2004,0.3986,0.4011,0.4073,0.3943,288780184,0.4029
2/3/2004,0.3975,0.3982,0.4,0.3929,182586712,0.3986
2/4/2004,0.3891,0.3929,0.3945,0.3875,305575592,0.3975
2/5/2004,0.4004,0.3896,0.4091,0.3895,352845192,0.3891
2/6/2004,0.4055,0.4009,0.4088,0.4,193391408,0.4004
2/9/2004,0.4048,0.4039,0.4082,0.4018,188257272,0.4055
2/10/2004,0.4104,0.4039,0.4129,0.4007,255560424,0.4048
2/11/2004,0.425,0.4123,0.4263,0.4116,348622960,0.4104
2/12/2004,0.4238,0.4227,0.4284,0.4214,184002224,0.425
2/13/2004,0.4107,0.4259,0.4304,0.4077,315975576,0.4238
2/17/2004,0.4136,0.4125,0.4195,0.4125,170952040,0.4107
2/18/2004,0.4154,0.4139,0.4186,0.4116,141632904,0.4136
2/19/2004,0.4013,0.4162,0.4221,0.4002,323734096,0.4154
2/20/2004,0.4,0.4018,0.402,0.3966,277603536,0.4013
2/23/2004,0.3963,0.4009,0.4011,0.3909,194194728,0.4
2/24/2004,0.3993,0.3954,0.4061,0.3929,259054152,0.3963
2/25/2004,0.4073,0.3968,0.4089,0.3966,276298344,0.3993
2/26/2004,0.4114,0.4079,0.4139,0.4071,198406376,0.4073
2/27/2004,0.4271,0.41,0.4289,0.4098,468918184,0.4114
3/1/2004,0.4289,0.4302,0.4339,0.4263,322182952,0.4271
3/2/2004,0.4252,0.4286,0.4304,0.4245,256701592,0.4289
3/3/2004,0.4271,0.4214,0.432,0.4214,225128624,0.4252
3/4/2004,0.4493,0.4279,0.4504,0.427,660230368,0.4271
3/5/2004,0.4775,0.4455,0.4909,0.4446,1540677600,0.4493
3/8/2004,0.4643,0.4784,0.4784,0.4607,522866736,0.4775
3/9/2004,0.4839,0.4625,0.4863,0.4598,618401672,0.4643
3/10/2004,0.4943,0.482,0.5025,0.4811,1007030080,0.4839
3/11/2004,0.4848,0.4868,0.5007,0.4838,600275928,0.4943
3/12/2004,0.4921,0.4879,0.4961,0.4852,329250824,0.4848
3/15/2004,0.4723,0.4827,0.4884,0.4689,482507536,0.4921
3/16/2004,0.4611,0.4741,0.4752,0.4534,605483424,0.4723
3/17/2004,0.4677,0.4636,0.4711,0.4604,411639760,0.4611
3/18/2004,0.4584,0.4632,0.4654,0.457,321311368,0.4677
3/19/2004,0.4618,0.4589,0.4811,0.4561,411682656,0.4584
3/22/2004,0.4618,0.453,0.4673,0.4509,420660296,0.4618
3/23/2004,0.4516,0.4629,0.4643,0.4504,385661192,0.4618
3/24/2004,0.4554,0.4518,0.4598,0.4513,428211728,0.4516
3/25/2004,0.4798,0.4661,0.4805,0.4623,566953968,0.4554
3/26/2004,0.4829,0.4805,0.4886,0.4805,419889232,0.4798
3/29/2004,0.4984,0.4893,0.4998,0.4857,350722736,0.4829
3/30/2004,0.4986,0.4975,0.4991,0.4882,359701104,0.4984
3/31/2004,0.4829,0.4975,0.4996,0.4813,390755120,0.4986
4/1/2004,0.4841,0.4804,0.487,0.4754,318330096,0.4829
4/2/2004,0.4911,0.4954,0.4988,0.4863,274482936,0.4841
4/5/2004,0.5057,0.4907,0.5066,0.49,385720496,0.4911
4/6/2004,0.497,0.4954,0.5027,0.4898,258132056,0.5057
4/7/2004,0.4877,0.4932,0.4946,0.4807,255293920,0.497
4/8/2004,0.4916,0.4982,0.5,0.4857,240912784,0.4877
4/12/2004,0.5007,0.4911,0.5018,0.4909,230536712,0.4916
4/13/2004,0.4809,0.5,0.5005,0.4793,436615592,0.5007
4/14/2004,0.4757,0.4775,0.4834,0.4698,651151032,0.4809
4/15/2004,0.5232,0.5179,0.5282,0.5029,1761921784,0.4757
4/16/2004,0.5211,0.5191,0.5234,0.5089,402939992,0.5232
4/19/2004,0.5063,0.5021,0.5134,0.497,712351136,0.5211
4/20/2004,0.4952,0.5038,0.5073,0.4921,354566744,0.5063
4/21/2004,0.4952,0.4929,0.5021,0.4888,325918320,0.4952
4/22/2004,0.4961,0.4921,0.5032,0.4841,344615712,0.4952
4/23/2004,0.4946,0.4946,0.5,0.483,316074416,0.4961
4/26/2004,0.4845,0.4925,0.4935,0.4821,231128856,0.4946
4/27/2004,0.4811,0.4864,0.49,0.4766,283861256,0.4845
4/28/2004,0.4723,0.4789,0.4823,0.4704,231167272,0.4811
4/29/2004,0.478,0.4723,0.4821,0.4639,460807928,0.4723
4/30/2004,0.4604,0.4802,0.4814,0.4552,466499264,0.478
5/3/2004,0.4655,0.4643,0.4702,0.4596,297629584,0.4604
5/4/2004,0.4668,0.4654,0.4741,0.4554,279981128,0.4655
5/5/2004,0.4759,0.4679,0.4777,0.4636,238106120,0.4668
5/6/2004,0.4746,0.4716,0.4777,0.4625,271553408,0.4759
5/7/2004,0.4763,0.4745,0.4923,0.4741,419036576,0.4746
5/10/2004,0.4693,0.4691,0.475,0.4632,249977784,0.4763
5/11/2004,0.4846,0.4714,0.4855,0.4714,305171104,0.4693
5/12/2004,0.4875,0.4784,0.4882,0.4686,245584808,0.4846
5/13/2004,0.4855,0.4844,0.495,0.4804,229851216,0.4875
5/14/2004,0.4832,0.4841,0.4879,0.4723,257797288,0.4855
5/17/2004,0.4757,0.4768,0.4832,0.4707,300441008,0.4832
5/18/2004,0.4832,0.4816,0.4873,0.4786,206448200,0.4757
5/19/2004,0.4727,0.4893,0.4911,0.4718,375704672,0.4832
5/20/2004,0.477,0.4755,0.4821,0.4727,196295120,0.4727
5/21/2004,0.4841,0.4804,0.4857,0.4773,179907784,0.477
5/24/2004,0.4882,0.4866,0.4982,0.4841,235684064,0.4841
5/25/2004,0.5073,0.4911,0.5091,0.4873,319977952,0.4882
5/26/2004,0.5091,0.5055,0.5139,0.5,322169624,0.5073
5/27/2004,0.503,0.5086,0.5107,0.4968,235981088,0.5091
5/28/2004,0.5011,0.5014,0.5048,0.4964,145714016,0.503
6/1/2004,0.5011,0.4963,0.5036,0.493,182484120,0.5011
6/2/2004,0.5164,0.5005,0.5209,0.4964,318713416,0.5011
6/3/2004,0.5071,0.5129,0.5177,0.5052,251916448,0.5164
6/4/2004,0.5139,0.51,0.5223,0.5091,399107856,0.5071
6/7/2004,0.5323,0.5186,0.5354,0.5145,295949080,0.5139
6/8/2004,0.542,0.5341,0.5436,0.5327,415239944,0.5323
6/9/2004,0.5393,0.5373,0.5484,0.5357,349200544,0.542
6/10/2004,0.5489,0.5393,0.553,0.5393,257628280,0.5393
6/14/2004,0.5379,0.5473,0.5479,0.5268,243983880,0.5489
6/15/2004,0.548,0.5404,0.5561,0.5404,444629304,0.5379
6/16/2004,0.5846,0.5468,0.595,0.5452,909649328,0.548
6/17/2004,0.5859,0.5846,0.5916,0.5752,557481848,0.5846
6/18/2004,0.5877,0.5818,0.5966,0.5791,408233840,0.5859
6/21/2004,0.5773,0.5914,0.5982,0.5736,390210128,0.5877
6/22/2004,0.5893,0.5771,0.5909,0.5766,364828520,0.5773
6/23/2004,0.6018,0.5893,0.6041,0.5873,390918640,0.5893
6/24/2004,0.5925,0.6013,0.6018,0.5889,252514472,0.6018
6/25/2004,0.6018,0.5893,0.6018,0.5893,357652960,0.5925
6/28/2004,0.5802,0.6054,0.6105,0.5752,521278072,0.6018
6/29/2004,0.5804,0.5732,0.5891,0.5609,590548112,0.5802
6/30/2004,0.5811,0.5805,0.5888,0.5695,373192792,0.5804
7/1/2004,0.5768,0.5729,0.58,0.5696,348321624,0.5811
7/2/2004,0.555,0.5438,0.5568,0.5309,910878920,0.5768
7/6/2004,0.5527,0.5554,0.5611,0.55,349038424,0.555
7/7/2004,0.5427,0.5502,0.56,0.538,398020112,0.5527
7/8/2004,0.5382,0.538,0.5479,0.5348,233377704,0.5427
7/9/2004,0.5363,0.5405,0.5446,0.5363,208857768,0.5382
7/12/2004,0.5204,0.5359,0.5364,0.5166,511628376,0.5363
7/13/2004,0.5218,0.5223,0.5286,0.5182,316217552,0.5204
7/14/2004,0.5282,0.5171,0.5352,0.5132,850966424,0.5218
7/15/2004,0.588,0.5812,0.6005,0.5734,1768388328,0.5282
7/16/2004,0.575,0.5879,0.5879,0.5736,488376560,0.588
7/19/2004,0.5709,0.5723,0.5754,0.5654,533219792,0.575
7/20/2004,0.575,0.5702,0.575,0.5634,323834000,0.5709
7/21/2004,0.5646,0.5768,0.5841,0.5596,301263312,0.575
7/22/2004,0.5657,0.5596,0.5666,0.5546,334179944,0.5646
7/23/2004,0.5482,0.5661,0.567,0.5443,273578200,0.5657
7/26/2004,0.5582,0.5509,0.5616,0.5496,393928696,0.5482
7/27/2004,0.5791,0.567,0.5848,0.5638,425041568,0.5582
7/28/2004,0.5763,0.577,0.5788,0.5564,285047392,0.5791
7/29/2004,0.5829,0.5804,0.5861,0.5738,222160344,0.5763
7/30/2004,0.5775,0.5838,0.5893,0.5714,243107928,0.5829
8/2/2004,0.5639,0.5579,0.575,0.5559,365088080,0.5775
8/3/2004,0.5588,0.5625,0.5664,0.5563,211731912,0.5639
8/4/2004,0.5677,0.557,0.5736,0.5566,276617096,0.5588
8/5/2004,0.5605,0.567,0.5768,0.558,244514032,0.5677
8/6/2004,0.5318,0.5518,0.5554,0.5304,492377984,0.5605
8/9/2004,0.5411,0.533,0.5438,0.5323,290846416,0.5318
8/10/2004,0.5629,0.5427,0.5632,0.542,351282400,0.5411
8/11/2004,0.5538,0.5554,0.5559,0.5404,322422016,0.5629
8/12/2004,0.5423,0.5455,0.5509,0.5407,226222360,0.5538
8/13/2004,0.5507,0.5475,0.5586,0.5429,328044248,0.5423
8/16/2004,0.5496,0.5514,0.5664,0.5471,435768704,0.5507
8/17/2004,0.5513,0.5464,0.5559,0.542,323028608,0.5496
8/18/2004,0.5668,0.5448,0.5688,0.5445,364656880,0.5513
8/19/2004,0.5484,0.5627,0.5689,0.5421,388950296,0.5668
8/20/2004,0.55,0.5491,0.5534,0.5445,316775592,0.5484
8/23/2004,0.555,0.5511,0.5584,0.5464,254655352,0.55
8/24/2004,0.5705,0.5582,0.5705,0.557,374131632,0.555
8/25/2004,0.5902,0.5698,0.592,0.5666,505822408,0.5705
8/26/2004,0.6189,0.5921,0.6282,0.5846,956107544,0.5902
8/27/2004,0.6134,0.618,0.6207,0.6071,388907512,0.6189
8/30/2004,0.6093,0.6075,0.62,0.6064,218151808,0.6134
8/31/2004,0.6159,0.6084,0.6241,0.6071,378557256,0.6093
9/1/2004,0.6404,0.6125,0.6427,0.6105,516005616,0.6159
9/2/2004,0.6368,0.6339,0.6395,0.622,406422856,0.6404
9/3/2004,0.6291,0.6255,0.6414,0.6252,293496056,0.6368
9/7/2004,0.6386,0.6321,0.6463,0.6291,301972384,0.6291
9/8/2004,0.6491,0.6375,0.653,0.6371,344041264,0.6386
9/9/2004,0.6375,0.6446,0.6482,0.63,461452208,0.6491
9/10/2004,0.6405,0.6372,0.647,0.6332,328009528,0.6375
9/13/2004,0.6355,0.6404,0.6441,0.6307,282038456,0.6405
9/14/2004,0.6338,0.6304,0.6348,0.6211,257809384,0.6355
9/15/2004,0.6286,0.6286,0.6335,0.6214,233245040,0.6338
9/16/2004,0.6491,0.6286,0.6564,0.6264,501928448,0.6286
9/17/2004,0.6632,0.6527,0.6675,0.65,513490824,0.6491
9/20/2004,0.6734,0.6589,0.6782,0.6584,245056672,0.6632
9/21/2004,0.6788,0.6732,0.6941,0.6689,386766408,0.6734
9/22/2004,0.6593,0.6804,0.6811,0.6573,401784712,0.6788
9/23/2004,0.6655,0.6614,0.6696,0.6595,397483576,0.6593
9/24/2004,0.6659,0.6679,0.6786,0.6634,369486600,0.6655
9/27/2004,0.6702,0.6602,0.6782,0.6577,397696432,0.6659
9/28/2004,0.6793,0.6696,0.6838,0.6688,353184720,0.6702
9/29/2004,0.6907,0.6773,0.6939,0.6754,273536312,0.6793
9/30/2004,0.692,0.6964,0.7013,0.6866,425092416,0.6907
10/1/2004,0.6905,0.6986,0.6998,0.6889,465621352,0.692
10/4/2004,0.6927,0.6996,0.6996,0.692,574551096,0.6905
10/5/2004,0.703,0.6886,0.7084,0.6857,406444696,0.6927
10/6/2004,0.7257,0.7054,0.7279,0.7048,446474952,0.703
10/7/2004,0.7075,0.7239,0.7309,0.7046,426715744,0.7257
10/8/2004,0.6975,0.7062,0.7102,0.6936,359324392,0.7075
10/11/2004,0.6891,0.6929,0.6975,0.6821,323905736,0.6975
10/12/2004,0.6838,0.6875,0.6889,0.6723,460653480,0.6891
10/13/2004,0.7098,0.6932,0.71,0.6918,1200268888,0.6838
10/14/2004,0.8032,0.7684,0.817,0.7598,2769289152,0.7098
10/15/2004,0.8125,0.8014,0.8145,0.7891,1028031032,0.8032
10/18/2004,0.8527,0.7998,0.8527,0.7982,1203252512,0.8125
10/19/2004,0.8468,0.8589,0.8634,0.8448,803092864,0.8527
10/20/2004,0.8477,0.8411,0.85,0.833,616021392,0.8468
10/21/2004,0.8561,0.8507,0.8595,0.8457,725317488,0.8477
10/22/2004,0.8466,0.8464,0.8513,0.8396,484336328,0.8561
10/25/2004,0.8491,0.8429,0.8543,0.8405,392653296,0.8466
10/26/2004,0.8566,0.8473,0.858,0.8388,594620432,0.8491
10/27/2004,0.8982,0.8689,0.9039,0.8602,1195618368,0.8566
10/28/2004,0.932,0.8925,0.9325,0.8839,864317216,0.8982
10/29/2004,0.9357,0.9279,0.95,0.925,810680248,0.932
11/1/2004,0.9366,0.9375,0.9511,0.9293,603051680,0.9357
11/2/2004,0.9554,0.9363,0.9657,0.9357,730209704,0.9366
11/3/2004,0.9877,0.9721,1.002,0.9641,1204266840,0.9554
11/4/2004,0.9723,0.9827,0.992,0.9709,929112688,0.9877
11/5/2004,0.9771,0.9804,0.9821,0.9293,1205383088,0.9723
11/8/2004,0.9711,0.9691,0.9902,0.9618,527224488,0.9771
11/9/2004,0.9652,0.9679,0.9741,0.9532,476591528,0.9711
11/10/2004,0.9777,0.9634,0.9891,0.9627,509090120,0.9652
11/11/2004,0.9875,0.9813,0.9898,0.9684,408689512,0.9777
11/12/2004,0.9911,0.9823,0.9945,0.9793,395839528,0.9875
11/15/2004,0.9864,0.9836,0.9904,0.9704,376231856,0.9911
11/16/2004,0.981,0.985,0.9857,0.9729,295219792,0.9864
11/17/2004,0.9804,0.9855,0.9902,0.9682,398765024,0.981
11/18/2004,0.9891,0.9696,0.9902,0.9695,460761224,0.9804
11/19/2004,0.9852,0.9909,1.0162,0.9732,765796696,0.9891
11/22/2004,1.0955,1.0361,1.1429,1.0339,2570899632,0.9852
11/23/2004,1.0941,1.1123,1.1152,1.0902,911577856,1.0955
11/24/2004,1.1438,1.1016,1.1643,1.0991,1391748232,1.0941
11/26/2004,1.1527,1.167,1.1743,1.1489,550263504,1.1438
11/29/2004,1.2221,1.2321,1.2423,1.2037,1715308784,1.1527
11/30/2004,1.1973,1.2284,1.2284,1.1973,1029939232,1.2221
12/1/2004,1.2105,1.2105,1.2134,1.1834,801368400,1.1973
12/2/2004,1.1645,1.1809,1.1946,1.1546,989492000,1.2105
12/3/2004,1.1193,1.1529,1.1607,1.1027,1239994840,1.1645
12/6/2004,1.1746,1.1473,1.1829,1.1241,1248682568,1.1193
12/7/2004,1.123,1.1773,1.1916,1.1171,1059955008,1.1746
12/8/2004,1.13,1.1264,1.1505,1.108,697858224,1.123
12/9/2004,1.1427,1.1205,1.15,1.1084,744081352,1.13
12/10/2004,1.1634,1.1613,1.1795,1.1554,775973240,1.1427
12/13/2004,1.1591,1.1739,1.1768,1.1536,395393992,1.1634
12/14/2004,1.1659,1.1667,1.1764,1.1611,416252424,1.1591
12/15/2004,1.1654,1.165,1.1689,1.1546,398652408,1.1659
12/16/2004,1.1892,1.1829,1.2054,1.1795,1127175896,1.1654
12/17/2004,1.1605,1.1934,1.1971,1.1589,829657024,1.1892
12/20/2004,1.12,1.1693,1.1786,1.1029,1168363392,1.1605
12/21/2004,1.1373,1.135,1.1388,1.1,1066203824,1.12
12/22/2004,1.1384,1.1368,1.1493,1.1321,566209616,1.1373
12/23/2004,1.143,1.1384,1.1473,1.1357,245957544,1.1384
12/27/2004,1.1279,1.1571,1.1634,1.1229,560086800,1.143
12/28/2004,1.1461,1.1304,1.1473,1.108,612065608,1.1279
12/29/2004,1.1507,1.1393,1.1604,1.1352,449788080,1.1461
12/30/2004,1.1571,1.1573,1.1613,1.1468,346655960,1.1507
12/31/2004,1.15,1.1588,1.1607,1.1434,283294032,1.1571
1/3/2005,1.1302,1.1568,1.1627,1.1179,693416136,1.15
1/4/2005,1.1418,1.1393,1.1691,1.1245,1098061328,1.1302
1/5/2005,1.1518,1.1491,1.1652,1.1438,680841056,1.1418
1/6/2005,1.1527,1.1551,1.1591,1.1309,705877984,1.1518
1/7/2005,1.2366,1.1607,1.2434,1.1563,2235731008,1.1527
1/10/2005,1.2314,1.2482,1.2625,1.2121,1737035440,1.2366
1/11/2005,1.1529,1.2189,1.2348,1.1454,2616147800,1.2314
1/12/2005,1.1689,1.167,1.1768,1.1304,2029983312,1.1529
1/13/2005,1.2464,1.3152,1.3289,1.2452,3169653256,1.1689
1/14/2005,1.2536,1.2536,1.2807,1.2355,1771389200,1.2464
1/18/2005,1.2616,1.2454,1.2625,1.2359,1007636616,1.2536
1/19/2005,1.2479,1.2587,1.2761,1.2455,757206744,1.2616
1/20/2005,1.2582,1.2438,1.2727,1.2405,915552232,1.2479
1/21/2005,1.2587,1.2718,1.2786,1.25,912168376,1.2582
1/24/2005,1.2636,1.2675,1.2818,1.2598,843699192,1.2587
1/25/2005,1.2866,1.2752,1.3007,1.2668,970315584,1.2636
1/26/2005,1.2902,1.2979,1.2991,1.2718,744438968,1.2866
1/27/2005,1.2971,1.2886,1.3021,1.2777,496757184,1.2902
1/28/2005,1.3211,1.2968,1.3211,1.2936,802174688,1.2971
1/31/2005,1.3732,1.3318,1.3909,1.3305,1684458664,1.3211
2/1/2005,1.3845,1.3759,1.3888,1.3675,679843640,1.3732
2/2/2005,1.422,1.392,1.427,1.3873,1024582888,1.3845
2/3/2005,1.3895,1.4125,1.4184,1.3809,732986296,1.422
2/4/2005,1.4079,1.3905,1.4095,1.3845,563683400,1.3895
2/7/2005,1.4096,1.4095,1.417,1.3839,526396528,1.4079
2/8/2005,1.4446,1.412,1.4532,1.407,890372280,1.4096
2/9/2005,1.4061,1.4471,1.4641,1.3946,1194096736,1.4446
2/10/2005,1.3993,1.4057,1.4157,1.3689,1093661128,1.4061
2/11/2005,1.4502,1.4261,1.46,1.4096,1202643176,1.3993
2/14/2005,1.5113,1.4773,1.5141,1.4652,1272544672,1.4502
2/15/2005,1.5787,1.5475,1.5907,1.5357,2323432160,1.5113
2/16/2005,1.6095,1.5741,1.6107,1.5598,1640209424,1.5787
2/17/2005,1.568,1.6188,1.6229,1.5616,1521481416,1.6095
2/18/2005,1.5502,1.5668,1.5689,1.5402,1164067128,1.568
2/22/2005,1.523,1.5411,1.5768,1.523,1220181424,1.5502
2/23/2005,1.5755,1.5486,1.5795,1.5277,1345777720,1.523
2/24/2005,1.588,1.58,1.5948,1.5666,1525904072,1.5755
2/25/2005,1.5891,1.6004,1.6055,1.5748,915944736,1.588
2/28/2005,1.6021,1.5957,1.6121,1.57,653105012,1.5891
3/1/2005,1.5893,1.6068,1.6111,1.5771,469428120,1.6021
3/2/2005,1.5758,1.5804,1.6032,1.5743,458481212,1.5893
3/3/2005,1.4925,1.5846,1.5861,1.4721,1412745936,1.5758
3/4/2005,1.5289,1.5271,1.5361,1.4946,756618772,1.4925
3/7/2005,1.5268,1.5286,1.5446,1.5125,451027192,1.5289
3/8/2005,1.4475,1.4964,1.5057,1.4321,1021482168,1.5268
3/9/2005,1.4054,1.4157,1.4386,1.3868,1322557992,1.4475
3/10/2005,1.4225,1.4118,1.4379,1.3964,777419412,1.4054
3/11/2005,1.4382,1.4361,1.4496,1.4214,632834384,1.4225
3/14/2005,1.44,1.4471,1.4568,1.4114,605392816,1.4382
3/15/2005,1.4629,1.4514,1.4693,1.4375,512329188,1.44
3/16/2005,1.4707,1.4718,1.5111,1.4564,700101332,1.4629
3/17/2005,1.5089,1.4832,1.5314,1.4757,803001220,1.4707
3/18/2005,1.5343,1.5475,1.5514,1.5179,976845576,1.5089
3/21/2005,1.5607,1.5461,1.5704,1.5307,541264584,1.5343
3/22/2005,1.5296,1.5611,1.57,1.5243,551832316,1.5607
3/23/2005,1.5196,1.5161,1.55,1.5007,610701476,1.5296
3/24/2005,1.5179,1.5325,1.5357,1.5179,353263820,1.5196
3/28/2005,1.5189,1.5268,1.5343,1.5168,277684960,1.5179
3/29/2005,1.4911,1.52,1.5296,1.4821,463114792,1.5189
3/30/2005,1.5286,1.5025,1.5286,1.4936,395777592,1.4911
3/31/2005,1.4882,1.5161,1.5186,1.4854,636985300,1.5286
4/1/2005,1.4604,1.5032,1.5064,1.4489,642646396,1.4882
4/4/2005,1.4675,1.4639,1.4754,1.4343,580249908,1.4604
4/5/2005,1.4961,1.4721,1.5086,1.4675,558594148,1.4675
4/6/2005,1.5118,1.5143,1.5289,1.5054,415733024,1.4961
4/7/2005,1.5557,1.5118,1.5625,1.5089,507957996,1.5118
4/8/2005,1.5621,1.5607,1.5875,1.555,650474076,1.5557
4/11/2005,1.4971,1.5768,1.5804,1.4968,824108992,1.5621
4/12/2005,1.5236,1.5175,1.5425,1.5004,983369744,1.4971
4/13/2005,1.4657,1.5339,1.5354,1.4425,1427053768,1.5236
4/14/2005,1.3307,1.3861,1.4279,1.3157,2759078224,1.4657
4/15/2005,1.2625,1.3079,1.3304,1.26,1730350160,1.3307
4/18/2005,1.2721,1.25,1.2964,1.2143,1327625404,1.2625
4/19/2005,1.3246,1.3071,1.3371,1.2811,1087321956,1.2721
4/20/2005,1.2682,1.345,1.3479,1.2657,956169340,1.3246
4/21/2005,1.3279,1.3,1.3289,1.2821,763965188,1.2682
4/22/2005,1.2679,1.3157,1.3214,1.2464,839788404,1.3279
4/25/2005,1.3207,1.3032,1.3221,1.2896,747662328,1.2679
4/26/2005,1.2925,1.3136,1.3396,1.29,814120244,1.3207
4/27/2005,1.2839,1.2818,1.2986,1.2682,614600868,1.2925
4/28/2005,1.2693,1.2961,1.2979,1.2586,577275888,1.2839
4/29/2005,1.2879,1.2911,1.2939,1.2579,672289324,1.2693
5/2/2005,1.3011,1.2932,1.3089,1.2864,466234188,1.2879
5/3/2005,1.2932,1.3,1.3121,1.2868,497094024,1.3011
5/4/2005,1.3268,1.2896,1.3286,1.2893,459201904,1.2932
5/5/2005,1.31,1.3304,1.3311,1.3025,387884616,1.3268
5/6/2005,1.33,1.3175,1.3332,1.3139,326584440,1.31
5/9/2005,1.3204,1.3314,1.3375,1.3125,355731376,1.33
5/10/2005,1.3007,1.3125,1.3304,1.2975,448845628,1.3204
5/11/2005,1.2718,1.2571,1.2739,1.1825,2051582288,1.3007
5/12/2005,1.2189,1.265,1.2711,1.2143,971161212,1.2718
5/13/2005,1.2418,1.2214,1.2582,1.2168,705327840,1.2189
5/16/2005,1.2696,1.2343,1.2754,1.2332,477515304,1.2418
5/17/2005,1.2629,1.255,1.2664,1.2336,590217208,1.2696
5/18/2005,1.28,1.2661,1.3414,1.2496,636916280,1.2629
5/19/2005,1.3411,1.2779,1.3457,1.2779,794819200,1.28
5/20/2005,1.3411,1.3304,1.3446,1.3282,453068644,1.3411
5/23/2005,1.42,1.3518,1.425,1.3518,1044283548,1.3411
5/24/2005,1.4179,1.4089,1.4282,1.3939,594486676,1.42
5/25/2005,1.4207,1.4107,1.4268,1.4043,415382436,1.4179
5/26/2005,1.455,1.4264,1.4621,1.3857,525840644,1.4207
5/27/2005,1.4486,1.4514,1.4568,1.4289,316160180,1.455
5/31/2005,1.42,1.4521,1.455,1.4136,405172404,1.4486
6/1/2005,1.4393,1.4246,1.4557,1.4236,455406308,1.42
6/2/2005,1.43,1.4304,1.44,1.4143,374330628,1.4393
6/3/2005,1.3657,1.3629,1.3779,1.3489,957588856,1.43
6/6/2005,1.3543,1.3689,1.3796,1.3414,812328804,1.3657
6/7/2005,1.305,1.3429,1.3475,1.3018,747062624,1.3543
6/8/2005,1.3186,1.3082,1.3304,1.3061,413293580,1.305
6/9/2005,1.3446,1.3214,1.355,1.315,390714492,1.3186
6/10/2005,1.2789,1.3357,1.3357,1.2686,679305256,1.3446
6/13/2005,1.2821,1.2818,1.3075,1.2793,436013228,1.2789
6/14/2005,1.2857,1.2829,1.2911,1.2768,353137960,1.2821
6/15/2005,1.3261,1.3168,1.3321,1.2964,566758696,1.2857
6/16/2005,1.3564,1.3282,1.36,1.315,554343804,1.3261
6/17/2005,1.3682,1.3739,1.3764,1.3511,601415136,1.3564
6/20/2005,1.3432,1.3518,1.3604,1.3375,325311812,1.3682
6/21/2005,1.3521,1.3471,1.3639,1.335,371171276,1.3432
6/22/2005,1.3768,1.3664,1.3786,1.3621,429713004,1.3521
6/23/2005,1.3889,1.3868,1.4207,1.3804,674726780,1.3768
6/24/2005,1.3486,1.3961,1.3971,1.3457,462179312,1.3889
6/27/2005,1.325,1.3157,1.3607,1.31,601719188,1.3486
6/28/2005,1.3325,1.3391,1.3425,1.3275,351632288,1.325
6/29/2005,1.2989,1.3296,1.3318,1.29,454814724,1.3325
6/30/2005,1.3146,1.3075,1.3271,1.2968,418399940,1.2989
7/1/2005,1.3036,1.3154,1.3204,1.2961,250827864,1.3146
7/5/2005,1.3564,1.3054,1.3625,1.3036,455813708,1.3036
7/6/2005,1.3354,1.3468,1.3629,1.3286,399336532,1.3564
7/7/2005,1.3439,1.3146,1.3486,1.3143,384353704,1.3354
7/8/2005,1.3661,1.3525,1.3671,1.3382,290913196,1.3439
7/11/2005,1.3607,1.3704,1.3804,1.3493,396006772,1.3661
7/12/2005,1.3657,1.3654,1.3714,1.3539,388506216,1.3607
7/13/2005,1.3696,1.3675,1.375,1.3536,788333560,1.3657
7/14/2005,1.4554,1.4568,1.5004,1.4368,2096483368,1.3696
7/15/2005,1.4839,1.4632,1.4846,1.445,688249352,1.4554
7/18/2005,1.4818,1.4789,1.5036,1.4775,587817972,1.4839
7/19/2005,1.5425,1.4829,1.5439,1.4668,672515536,1.4818
7/20/2005,1.5582,1.5307,1.5643,1.5232,456050028,1.5425
7/21/2005,1.5461,1.5607,1.5729,1.5321,405735904,1.5582
7/22/2005,1.5714,1.5514,1.5714,1.5496,301833672,1.5461
7/25/2005,1.5646,1.5711,1.5814,1.5618,295323644,1.5714
7/26/2005,1.5582,1.5718,1.5754,1.5486,269780672,1.5646
7/27/2005,1.5711,1.5654,1.5739,1.5239,283843084,1.5582
7/28/2005,1.5643,1.5661,1.5714,1.5464,254869720,1.5711
7/29/2005,1.5232,1.5557,1.585,1.5093,563747828,1.5643
8/1/2005,1.5268,1.5204,1.5386,1.5029,315998424,1.5232
8/2/2005,1.5425,1.5318,1.5536,1.5218,297575320,1.5268
8/3/2005,1.5436,1.5425,1.5468,1.5275,261741816,1.5425
8/4/2005,1.5254,1.535,1.5357,1.5104,276705380,1.5436
8/5/2005,1.5354,1.5175,1.5486,1.5007,242483528,1.5254
8/8/2005,1.5232,1.5357,1.5446,1.5218,177012164,1.5354
8/9/2005,1.565,1.5332,1.5675,1.5325,387700348,1.5232
8/10/2005,1.5493,1.5714,1.5854,1.5468,364412888,1.565
8/11/2005,1.5714,1.5496,1.5757,1.5446,272644372,1.5493
8/12/2005,1.6464,1.5521,1.6507,1.5486,933662408,1.5714
8/15/2005,1.7029,1.66,1.7261,1.6589,1086880928,1.6464
8/16/2005,1.6518,1.6925,1.6964,1.6504,538898108,1.7029
8/17/2005,1.6839,1.6571,1.6943,1.6561,507479084,1.6518
8/18/2005,1.6536,1.6754,1.6786,1.6339,442586396,1.6839
8/19/2005,1.6368,1.6529,1.6679,1.6346,381980200,1.6536
8/22/2005,1.6382,1.6482,1.6696,1.6164,388181808,1.6368
8/23/2005,1.6336,1.6375,1.6464,1.6186,295687364,1.6382
8/24/2005,1.6346,1.6286,1.6829,1.6282,572172692,1.6336
8/25/2005,1.645,1.6471,1.6604,1.6361,276286500,1.6346
8/26/2005,1.6336,1.6471,1.655,1.62,261155440,1.645
8/29/2005,1.6371,1.6168,1.644,1.6164,256394180,1.6336
8/30/2005,1.6632,1.6425,1.6711,1.64,519057392,1.6371
8/31/2005,1.6746,1.6736,1.6796,1.6525,402997336,1.6632
9/1/2005,1.6521,1.6786,1.6846,1.6461,356404972,1.6746
9/2/2005,1.6507,1.6536,1.6714,1.6471,222383952,1.6521
9/6/2005,1.7429,1.6679,1.7457,1.6625,818763288,1.6507
9/7/2005,1.7386,1.7518,1.7643,1.7114,963369008,1.7429
9/8/2005,1.7779,1.7625,1.79,1.755,702716588,1.7386
9/9/2005,1.8325,1.7882,1.8339,1.7782,615966680,1.7779
9/12/2005,1.8357,1.825,1.8439,1.8064,453217072,1.8325
9/13/2005,1.815,1.8221,1.8318,1.7971,492948512,1.8357
9/14/2005,1.7718,1.8236,1.8282,1.7665,474634524,1.815
9/15/2005,1.7811,1.7857,1.7921,1.7618,415198868,1.7718
9/16/2005,1.8289,1.7939,1.8289,1.7839,594739852,1.7811
9/19/2005,1.88,1.8232,1.8889,1.8232,783787704,1.8289
9/20/2005,1.8996,1.8925,1.9218,1.89,820504412,1.88
9/21/2005,1.8611,1.8914,1.8946,1.8521,434769216,1.8996
9/22/2005,1.8536,1.8529,1.8739,1.8329,464036720,1.8611
9/23/2005,1.9,1.8607,1.9107,1.8514,558505668,1.8536
9/26/2005,1.9229,1.9296,1.9486,1.9043,546621040,1.9
9/27/2005,1.9086,1.9257,1.9371,1.9082,341773824,1.9229
9/28/2005,1.8243,1.8954,1.8968,1.8068,1126687436,1.9086
9/29/2005,1.8693,1.8296,1.8782,1.8146,637220052,1.8243
9/30/2005,1.9146,1.8689,1.9161,1.8529,531848548,1.8693
10/3/2005,1.9443,1.9343,1.9479,1.9171,508492404,1.9146
10/4/2005,1.9196,1.9625,1.9768,1.9157,541494268,1.9443
10/5/2005,1.885,1.9404,1.9414,1.8839,610913688,1.9196
10/6/2005,1.8464,1.9,1.9104,1.8168,758350096,1.885
10/7/2005,1.8321,1.8471,1.8546,1.8054,678162464,1.8464
10/10/2005,1.7989,1.8486,1.8539,1.7957,507814972,1.8321
10/11/2005,1.8425,1.8296,1.8525,1.8,1249207372,1.7989
10/12/2005,1.7589,1.7375,1.7964,1.7096,2698528084,1.8425
10/13/2005,1.9193,1.7657,1.9268,1.7596,1866165756,1.7589
10/14/2005,1.9286,1.9296,1.9411,1.8854,1035680520,1.9193
10/17/2005,1.9086,1.9279,1.9368,1.8814,617008224,1.9286
10/18/2005,1.8646,1.9018,1.9268,1.8643,609607292,1.9086
10/19/2005,1.9621,1.8596,1.9629,1.8289,1009066156,1.8646
10/20/2005,2.005,1.9454,2.0179,1.9411,1358352940,1.9621
10/21/2005,1.9879,2.03,2.035,1.9771,796805296,2.005
10/24/2005,2.0282,1.9732,2.0282,1.9675,612756004,1.9879
10/25/2005,2.0036,2.0143,2.0304,1.9889,466352292,2.0282
10/26/2005,2.0368,2.01,2.0557,1.9971,633033604,2.0036
10/27/2005,1.9789,2.0354,2.0361,1.9789,421235920,2.0368
10/28/2005,1.9454,2.0014,2.0154,1.9346,770088256,1.9789
10/31/2005,2.0568,1.9714,2.0707,1.9554,944363140,1.9454
11/1/2005,2.0536,2.0443,2.0764,2.0311,751437988,2.0568
11/2/2005,2.1411,2.0614,2.1429,2.0571,864021228,2.0536
11/3/2005,2.2089,2.1521,2.2257,2.1454,884381652,2.1411
11/4/2005,2.1839,2.1554,2.1871,2.1293,878329452,2.2089
11/7/2005,2.1511,2.1732,2.2025,2.1479,638830724,2.1839
11/8/2005,2.1393,2.1411,2.1564,2.1107,473765124,2.1511
11/9/2005,2.1468,2.1429,2.1861,2.1429,552927452,2.1393
11/10/2005,2.185,2.1657,2.1857,2.1075,667965620,2.1468
11/11/2005,2.1979,2.1979,2.2182,2.1907,425489876,2.185
11/14/2005,2.1946,2.1979,2.2136,2.1754,369955936,2.1979
11/15/2005,2.2243,2.2,2.2529,2.195,540682324,2.1946
11/16/2005,2.3196,2.2554,2.3236,2.2532,784516124,2.2243
11/17/2005,2.3043,2.3425,2.3529,2.2946,676205600,2.3196
11/18/2005,2.3057,2.3325,2.3368,2.2989,524963460,2.3043
11/21/2005,2.32,2.315,2.3282,2.2757,511710248,2.3057
11/22/2005,2.3757,2.3157,2.3843,2.3043,540435392,2.32
11/23/2005,2.3968,2.3886,2.4279,2.3818,485851128,2.3757
11/25/2005,2.4764,2.4164,2.4836,2.4107,395012212,2.3968
11/28/2005,2.4879,2.5257,2.5382,2.4668,1018517808,2.4764
11/29/2005,2.4321,2.4996,2.5107,2.4054,891432780,2.4879
11/30/2005,2.4221,2.4439,2.4589,2.4114,595672896,2.4321
12/1/2005,2.5571,2.4625,2.5618,2.4575,812892136,2.4221
12/2/2005,2.5939,2.5811,2.5979,2.525,895761244,2.5571
12/5/2005,2.565,2.5696,2.5904,2.5532,584504032,2.5939
12/6/2005,2.6446,2.6404,2.6725,2.6196,857029068,2.565
12/7/2005,2.6411,2.6511,2.6593,2.6114,679478352,2.6446
12/8/2005,2.6457,2.6143,2.6489,2.5929,790479424,2.6411
12/9/2005,2.6547,2.6504,2.6639,2.6196,555504600,2.6457
12/12/2005,2.6754,2.6739,2.6911,2.6629,525348852,2.6547
12/13/2005,2.6779,2.6732,2.695,2.6504,493815112,2.6754
12/14/2005,2.5718,2.5904,2.6179,2.5096,1450714636,2.6779
12/15/2005,2.5779,2.5957,2.6021,2.5482,561244964,2.5718
12/16/2005,2.5396,2.5764,2.5821,2.5379,671171004,2.5779
12/19/2005,2.5493,2.5396,2.5929,2.5371,529466952,2.5396
12/20/2005,2.5754,2.558,2.585,2.54,479107440,2.5493
12/21/2005,2.625,2.5929,2.6289,2.5907,475734476,2.5754
12/22/2005,2.6436,2.6396,2.6604,2.6286,370669236,2.625
12/23/2005,2.6196,2.6489,2.6521,2.6179,229856760,2.6436
12/27/2005,2.6511,2.6429,2.685,2.6411,590896656,2.6196
12/28/2005,2.6275,2.6596,2.67,2.6186,398739628,2.6511
12/29/2005,2.5518,2.635,2.6364,2.5507,490256984,2.6275
12/30/2005,2.5675,2.5325,2.5868,2.5121,624340192,2.5518
1/3/2006,2.6696,2.585,2.6696,2.5804,807412144,2.5675
1/4/2006,2.6775,2.6832,2.7136,2.6607,620902436,2.6696
1/5/2006,2.6564,2.6725,2.675,2.6339,449584324,2.6775
1/6/2006,2.725,2.6875,2.7393,2.6625,704557336,2.6564
1/9/2006,2.7161,2.7404,2.7571,2.705,675444896,2.725
1/10/2006,2.8879,2.7232,2.9246,2.7082,2280352984,2.7161
1/11/2006,2.9964,2.9943,3.0286,2.9496,1494195528,2.8879
1/12/2006,3.0104,3.0346,3.0857,2.9864,1280807864,2.9964
1/13/2006,3.0568,3.0354,3.0718,3.0214,776613572,3.0104
1/17/2006,3.0254,3.0607,3.085,2.9954,836861060,3.0568
1/18/2006,2.9461,2.9671,3.0018,2.9232,1213118004,3.0254
1/19/2006,2.8227,2.9018,2.9164,2.8121,1696400104,2.9461
1/20/2006,2.7175,2.8314,2.8586,2.7082,1138539388,2.8227
1/23/2006,2.7739,2.7179,2.8414,2.7143,1059770348,2.7175
1/24/2006,2.7157,2.8129,2.8364,2.7061,1142647492,2.7739
1/25/2006,2.65,2.7639,2.7679,2.6161,1276079756,2.7157
1/26/2006,2.5832,2.6618,2.6939,2.5689,1182396348,2.65
1/27/2006,2.5725,2.6054,2.6286,2.5393,954388820,2.5832
1/30/2006,2.6786,2.5418,2.7357,2.5311,1398401004,2.5725
1/31/2006,2.6968,2.6964,2.7264,2.6339,913542980,2.6786
2/1/2006,2.6936,2.6768,2.7307,2.6657,521343004,2.6968
2/2/2006,2.575,2.6821,2.6914,2.5732,707593768,2.6936
2/3/2006,2.566,2.58,2.5996,2.5371,692162464,2.575
2/6/2006,2.4036,2.5721,2.5896,2.3836,1652234024,2.566
2/7/2006,2.4143,2.4382,2.4814,2.3814,1389233468,2.4036
2/8/2006,2.4575,2.4461,2.4671,2.3571,953265600,2.4143
2/9/2006,2.3196,2.4679,2.4725,2.3046,1150193856,2.4575
2/10/2006,2.4039,2.3279,2.4168,2.2464,1760475696,2.3196
2/13/2006,2.3111,2.3796,2.3839,2.3086,883631448,2.4039
2/14/2006,2.4159,2.325,2.4321,2.3214,1161114388,2.3111
2/15/2006,2.4721,2.3986,2.4864,2.3839,1160040532,2.4159
2/16/2006,2.5204,2.4968,2.5361,2.4814,953942696,2.4721
2/17/2006,2.5104,2.5107,2.5318,2.4861,575998668,2.5204
2/21/2006,2.4671,2.5211,2.5286,2.4529,779767100,2.5104
2/22/2006,2.5471,2.4643,2.5596,2.4286,978503288,2.4671
2/23/2006,2.5625,2.5639,2.6071,2.5511,857507084,2.5471
2/24/2006,2.5521,2.5764,2.6032,2.5429,534783760,2.5625
2/27/2006,2.5354,2.5711,2.5757,2.5232,791376712,2.5521
2/28/2006,2.4461,2.5564,2.5857,2.4321,1267495180,2.5354
3/1/2006,2.4679,2.4586,2.4818,2.4293,763878668,2.4461
3/2/2006,2.4861,2.4638,2.4996,2.4525,625584848,2.4679
3/3/2006,2.4186,2.4786,2.4968,2.4118,737815008,2.4861
3/6/2006,2.3386,2.4175,2.4186,2.3193,913304392,2.4186
3/7/2006,2.3682,2.3486,2.3893,2.3243,873008556,2.3386
3/8/2006,2.345,2.3675,2.4,2.3339,653451764,2.3682
3/9/2006,2.2832,2.3564,2.3739,2.2789,800267552,2.345
3/10/2006,2.2568,2.2875,2.3032,2.2304,1043395780,2.2832
3/13/2006,2.3457,2.3232,2.3671,2.3139,861414568,2.2568
3/14/2006,2.4043,2.3489,2.4043,2.3393,642424132,2.3457
3/15/2006,2.3654,2.4182,2.43,2.34,892302852,2.4043
3/16/2006,2.2968,2.3875,2.3893,2.2964,749966896,2.3654
3/17/2006,2.3093,2.3125,2.3407,2.2896,813356180,2.2968
3/20/2006,2.2854,2.3293,2.3379,2.2811,605577392,2.3093
3/21/2006,2.2075,2.2961,2.2979,2.1925,1345363992,2.2854
3/22/2006,2.2025,2.22,2.2589,2.1882,1346440648,2.2075
3/23/2006,2.1486,2.2079,2.2107,2.1289,1429536864,2.2025
3/24/2006,2.1414,2.1518,2.1764,2.1082,1072221248,2.1486
3/27/2006,2.1254,2.1554,2.1921,2.1214,1108847180,2.1414
3/28/2006,2.0968,2.1296,2.1479,2.0804,1370436928,2.1254
3/29/2006,2.2261,2.1118,2.2329,2.0596,2347492224,2.0968
3/30/2006,2.2411,2.2436,2.2607,2.1975,1391010936,2.2261
3/31/2006,2.24,2.2589,2.2718,2.2229,816056808,2.2411
4/3/2006,2.2375,2.2739,2.29,2.2361,816203444,2.24
4/4/2006,2.1846,2.2179,2.2221,2.1804,932249388,2.2375
4/5/2006,2.4004,2.3111,2.4004,2.2911,2234941716,2.1846
4/6/2006,2.5443,2.4393,2.5732,2.4357,2664087888,2.4004
4/7/2006,2.4925,2.5332,2.5432,2.4454,1545383196,2.5443
4/10/2006,2.4525,2.5104,2.5332,2.4446,904055376,2.4925
4/11/2006,2.4282,2.4639,2.475,2.3954,939500688,2.4525
4/12/2006,2.3825,2.4289,2.4348,2.3679,740433764,2.4282
4/13/2006,2.3739,2.3693,2.4086,2.3504,734907236,2.3825
4/17/2006,2.3147,2.3754,2.3871,2.2982,722316952,2.3739
4/18/2006,2.365,2.323,2.3741,2.3139,795048268,2.3147
4/19/2006,2.3446,2.3864,2.3929,2.3382,1092038052,2.365
4/20/2006,2.4154,2.4825,2.5,2.3643,1667394624,2.3446
4/21/2006,2.3943,2.4354,2.4514,2.3739,789220292,2.4154
4/24/2006,2.3482,2.3875,2.39,2.3393,707145908,2.3943
4/25/2006,2.3632,2.3557,2.3782,2.3414,529096484,2.3482
4/26/2006,2.4339,2.3804,2.4386,2.3714,710960404,2.3632
4/27/2006,2.4771,2.4189,2.495,2.4054,846018544,2.4339
4/28/2006,2.5139,2.4777,2.5464,2.4714,760156236,2.4771
5/1/2006,2.4857,2.5275,2.555,2.47,750593816,2.5139
5/2/2006,2.5579,2.5054,2.5707,2.5039,771956668,2.4857
5/3/2006,2.5407,2.5654,2.5696,2.5064,687294188,2.5579
5/4/2006,2.5404,2.5436,2.6032,2.5164,860484100,2.5407
5/5/2006,2.5675,2.5664,2.5804,2.5411,563965976,2.5404
5/8/2006,2.5675,2.6068,2.6357,2.5614,594933864,2.5675
5/9/2006,2.5368,2.5652,2.5914,2.5221,531718404,2.5675
5/10/2006,2.5214,2.5461,2.5475,2.4861,467485592,2.5368
5/11/2006,2.4339,2.5284,2.53,2.4125,812903504,2.5214
5/12/2006,2.4179,2.4232,2.4532,2.3879,641950596,2.4339
5/15/2006,2.4211,2.4061,2.4421,2.3971,529789428,2.4179
5/16/2006,2.3207,2.4321,2.4375,2.3125,937184080,2.4211
5/17/2006,2.3307,2.3109,2.3464,2.2882,754352088,2.3207
5/18/2006,2.2564,2.3457,2.3664,2.2543,658694708,2.3307
5/19/2006,2.3039,2.2593,2.3171,2.2436,986204408,2.2564
5/22/2006,2.2636,2.2811,2.2854,2.2418,719062400,2.3039
5/23/2006,2.2554,2.3164,2.3282,2.25,694793708,2.2636
5/24/2006,2.2621,2.2496,2.2732,2.1986,916242572,2.2554
5/25/2006,2.2975,2.295,2.3018,2.2604,463772932,2.2621
5/26/2006,2.2696,2.2968,2.3057,2.255,433014708,2.2975
5/30/2006,2.1864,2.2604,2.2607,2.1864,563509464,2.2696
5/31/2006,2.1346,2.2055,2.2068,2.0961,1281149100,2.1864
6/1/2006,2.2204,2.1375,2.2243,2.1257,942733204,2.1346
6/2/2006,2.2021,2.2496,2.2536,2.1743,685908160,2.2204
6/5/2006,2.1429,2.1839,2.1839,2.1418,605915128,2.2021
6/6/2006,2.133,2.1507,2.1654,2.1039,726132624,2.1429
6/7/2006,2.0916,2.1464,2.1571,2.0839,750790264,2.133
6/8/2006,2.17,2.0871,2.1761,2.0411,1397518108,2.0916
6/9/2006,2.1157,2.185,2.1986,2.1107,775958820,2.17
6/12/2006,2.0357,2.1214,2.1332,2.0343,717982552,2.1157
6/13/2006,2.0832,2.0575,2.1107,2.0486,1080941848,2.0357
6/14/2006,2.0575,2.0814,2.0993,2.0246,878402224,2.0832
6/15/2006,2.1207,2.0464,2.1336,2.0268,1190538384,2.0575
6/16/2006,2.0557,2.1055,2.1139,2.0543,838298244,2.1207
6/19/2006,2.0429,2.0654,2.0779,2.0357,721669340,2.0557
6/20/2006,2.0525,2.0575,2.0839,2.0461,673024268,2.0429
6/21/2006,2.0664,2.0621,2.0968,2.0464,863970156,2.0525
6/22/2006,2.1279,2.0786,2.1339,2.0739,967438976,2.0664
6/23/2006,2.1011,2.1329,2.1489,2.0975,660200996,2.1279
6/26/2006,2.1068,2.1132,2.1143,2.0846,466533312,2.1011
6/27/2006,2.0511,2.1104,2.115,2.05,550631200,2.1068
6/28/2006,2.0007,2.0461,2.0464,1.9789,851067224,2.0511
6/29/2006,2.1061,2.0271,2.1104,2.0139,875250348,2.0007
6/30/2006,2.0454,2.0568,2.0625,2.0179,740632592,2.1061
7/3/2006,2.0696,2.0543,2.0779,2.0479,194772732,2.0454
7/5/2006,2.0358,2.0411,2.0571,2.02,518846048,2.0696
7/6/2006,1.9918,2.0389,2.05,1.9861,633364256,2.0358
7/7/2006,1.9786,1.9814,2.0196,1.9525,799386056,1.9918
7/10/2006,1.9643,1.9893,2.0175,1.9464,531200124,1.9786
7/11/2006,1.9875,1.9682,1.9996,1.9475,825356980,1.9643
7/12/2006,1.8914,1.9704,1.9729,1.8899,927327520,1.9875
7/13/2006,1.8661,1.8582,1.9329,1.8361,1249905776,1.8914
7/14/2006,1.8096,1.875,1.8889,1.7914,993034980,1.8661
7/17/2006,1.8704,1.8475,1.8968,1.8446,1024654344,1.8096
7/18/2006,1.8893,1.8986,1.9232,1.8518,1001160412,1.8704
7/19/2006,1.9321,1.8914,1.9671,1.87,1403748472,1.8893
7/20/2006,2.1607,2.1771,2.1996,2.1329,1972511240,1.9321
7/21/2006,2.1686,2.1364,2.1839,2.13,892080952,2.1607
7/24/2006,2.1936,2.1879,2.2179,2.1582,722988112,2.1686
7/25/2006,2.2117,2.2064,2.2175,2.1707,589283016,2.1936
7/26/2006,2.2811,2.2143,2.3086,2.2029,898629396,2.2117
7/27/2006,2.2643,2.3038,2.3221,2.245,735090104,2.2811
7/28/2006,2.3425,2.2836,2.3457,2.2679,691637576,2.2643
7/31/2006,2.4271,2.3868,2.4511,2.3671,893105724,2.3425
8/1/2006,2.3993,2.4007,2.4261,2.355,711825576,2.4271
8/2/2006,2.4343,2.4161,2.4529,2.4111,550943344,2.3993
8/3/2006,2.4854,2.4254,2.5,2.4218,841402436,2.4343
8/4/2006,2.4393,2.3946,2.4504,2.32,1853195764,2.4854
8/7/2006,2.4004,2.4186,2.4857,2.3682,1256099152,2.4393
8/8/2006,2.3136,2.3961,2.3969,2.3039,997911348,2.4004
8/9/2006,2.2711,2.3368,2.3429,2.2643,956036088,2.3136
8/10/2006,2.2882,2.2589,2.3146,2.2393,697831540,2.2711
8/11/2006,2.2732,2.2582,2.2904,2.235,777533120,2.2882
8/14/2006,2.2836,2.2875,2.3293,2.2714,717663772,2.2732
8/15/2006,2.3732,2.3336,2.375,2.3143,861733432,2.2836
8/16/2006,2.4279,2.3964,2.4311,2.3689,781496044,2.3732
8/17/2006,2.4139,2.4286,2.4521,2.3993,581153608,2.4279
8/18/2006,2.4254,2.4182,2.4429,2.4021,536361532,2.4139
8/21/2006,2.3771,2.4036,2.4039,2.3625,526397032,2.4254
8/22/2006,2.415,2.3814,2.44,2.375,577213420,2.3771
8/23/2006,2.4039,2.4286,2.4518,2.3907,536474008,2.415
8/24/2006,2.4218,2.4246,2.4354,2.3668,655239004,2.4039
8/25/2006,2.4554,2.405,2.4661,2.4039,544387172,2.4218
8/28/2006,2.3921,2.4464,2.4504,2.3814,738230780,2.4554
8/29/2006,2.3743,2.3925,2.4021,2.3257,947515716,2.3921
8/30/2006,2.3914,2.4048,2.4221,2.3814,680271032,2.3743
8/31/2006,2.4232,2.4029,2.4393,2.3807,574804384,2.3914
9/1/2006,2.4421,2.4457,2.4518,2.4221,408625504,2.4232
9/5/2006,2.5529,2.4632,2.5536,2.4482,1013190080,2.4421
9/6/2006,2.5011,2.5386,2.5604,2.4893,974218644,2.5529
9/7/2006,2.6,2.5214,2.6243,2.5089,1268024660,2.5011
9/8/2006,2.59,2.6204,2.6275,2.5682,896098448,2.6
9/11/2006,2.5893,2.5868,2.6332,2.5507,949197844,2.59
9/12/2006,2.5939,2.6004,2.6232,2.5518,1685458768,2.5893
9/13/2006,2.65,2.6018,2.6543,2.5821,1146311544,2.5939
9/14/2006,2.6489,2.6329,2.6668,2.6236,802352236,2.65
9/15/2006,2.6464,2.6643,2.6779,2.6175,983328640,2.6489
9/18/2006,2.6389,2.6357,2.6736,2.6179,705330416,2.6464
9/19/2006,2.6346,2.6464,2.6557,2.6,710098984,2.6389
9/20/2006,2.6879,2.6564,2.7029,2.6507,823005680,2.6346
9/21/2006,2.6661,2.6875,2.7164,2.6436,794233608,2.6879
9/22/2006,2.6071,2.6536,2.655,2.5921,665648536,2.6661
9/25/2006,2.7054,2.6361,2.7093,2.6329,859883472,2.6071
9/26/2006,2.7718,2.7207,2.7779,2.7179,1110769604,2.7054
9/27/2006,2.7289,2.7561,2.7668,2.7079,811905528,2.7718
9/28/2006,2.7504,2.7507,2.7671,2.7125,724159156,2.7289
9/29/2006,2.7493,2.7539,2.7686,2.7386,405932436,2.7504
10/2/2006,2.6736,2.6821,2.7096,2.6536,713052172,2.7493
10/3/2006,2.6457,2.6589,2.6768,2.6139,790940500,2.6736
10/4/2006,2.6921,2.6464,2.6951,2.6129,839363140,2.6457
10/5/2006,2.6725,2.6618,2.72,2.6475,683979996,2.6921
10/6/2006,2.6507,2.6579,2.68,2.6361,466997944,2.6725
10/9/2006,2.6654,2.6357,2.6814,2.6261,438332860,2.6507
10/10/2006,2.6361,2.6621,2.6636,2.61,531721512,2.6654
10/11/2006,2.6154,2.6221,2.6421,2.5929,571878412,2.6361
10/12/2006,2.6879,2.6289,2.6925,2.6286,593165188,2.6154
10/13/2006,2.6793,2.7011,2.7457,2.6693,684223400,2.6879
10/16/2006,2.6929,2.6854,2.71,2.671,508970952,2.6793
10/17/2006,2.6532,2.68,2.6882,2.6443,481092892,2.6929
10/18/2006,2.6618,2.6696,2.6918,2.6396,1146976796,2.6532
10/19/2006,2.8211,2.8307,2.8554,2.7914,1517005504,2.6618
10/20/2006,2.8554,2.8204,2.8568,2.8096,639744084,2.8211
10/23/2006,2.9093,2.8568,2.925,2.8482,832701968,2.8554
10/24/2006,2.8946,2.9004,2.9171,2.8643,463294524,2.9093
10/25/2006,2.9171,2.9054,2.9286,2.8932,485326884,2.8946
10/26/2006,2.9354,2.925,2.95,2.8975,432885208,2.9171
10/27/2006,2.8718,2.9196,2.9446,2.8575,595162792,2.9354
10/30/2006,2.8721,2.8566,2.8893,2.8393,499962092,2.8718
10/31/2006,2.8957,2.9089,2.9171,2.8654,501655028,2.8721
11/1/2006,2.8271,2.8964,2.9064,2.7986,612257548,2.8957
11/2/2006,2.8207,2.8184,2.8329,2.8036,465565548,2.8271
11/3/2006,2.7961,2.8343,2.8404,2.7782,431937380,2.8207
11/6/2006,2.8468,2.8196,2.8593,2.8011,434721896,2.7961
11/7/2006,2.8754,2.8732,2.8929,2.8618,526077832,2.8468
11/8/2006,2.9446,2.8579,2.9532,2.8532,691591656,2.8754
11/9/2006,2.9764,2.9607,3.0246,2.9329,923264916,2.9446
11/10/2006,2.9686,2.9839,2.9857,2.9464,374299156,2.9764
11/13/2006,3.0125,2.9721,3.0161,2.9514,450954896,2.9686
11/14/2006,3.0357,3.0286,3.0357,2.9964,589538292,3.0125
11/15/2006,3.0018,3.0375,3.0679,3,658641004,3.0357
11/16/2006,3.0575,3.0311,3.0821,3.0221,694308804,3.0018
11/17/2006,3.0661,3.0409,3.0693,3.0357,466684680,3.0575
11/20/2006,3.0882,3.05,3.1071,3.0429,571042220,3.0661
11/21/2006,3.1643,3.1221,3.1643,3.1111,623675724,3.0882
11/22/2006,3.2254,3.1782,3.2411,3.1375,672378868,3.1643
11/24/2006,3.2725,3.1975,3.3243,3.1964,519067808,3.2254
11/27/2006,3.1979,3.3039,3.3271,3.1964,1075518696,3.2725
11/28/2006,3.2789,3.2271,3.2846,3.2111,1037115520,3.1979
11/29/2006,3.2786,3.3214,3.3268,3.2232,1158129056,3.2789
11/30/2006,3.2736,3.2934,3.31,3.2521,871068772,3.2786
12/1/2006,3.2614,3.2786,3.2975,3.2179,795613308,3.2736
12/4/2006,3.2543,3.2814,3.2875,3.2321,710282664,3.2614
12/5/2006,3.2596,3.2734,3.2975,3.2454,663172160,3.2543
12/6/2006,3.2082,3.2373,3.2639,3.2025,638705872,3.2596
12/7/2006,3.1086,3.2152,3.2321,3.1036,1005731496,3.2082
12/8/2006,3.1521,3.1154,3.1925,3.1071,784904568,3.1086
12/11/2006,3.1696,3.175,3.1893,3.1446,500586408,3.1521
12/12/2006,3.0764,3.1646,3.1729,3.0546,1035149248,3.1696
12/13/2006,3.1804,3.1411,3.1811,3.1125,857516940,3.0764
12/14/2006,3.1625,3.1804,3.2143,3.1521,833152852,3.1804
12/15/2006,3.1329,3.1793,3.1864,3.1189,740222504,3.1625
12/18/2006,3.0525,3.1295,3.1429,3.0211,722377880,3.1329
12/19/2006,3.0825,3.0261,3.0957,2.9864,911746724,3.0525
12/20/2006,3.0271,3.0882,3.0954,3.0264,568581832,3.0825
12/21/2006,2.9607,3.0248,3.0529,2.9357,910473536,3.0271
12/22/2006,2.9357,2.9807,3.0014,2.9143,613789288,2.9607
12/26/2006,2.9111,2.9339,2.9489,2.8889,491131704,2.9357
12/27/2006,2.9114,2.7911,2.9286,2.7418,1940643152,2.9111
12/28/2006,2.8882,2.865,2.9018,2.8446,1138823392,2.9114
12/29/2006,3.03,2.9982,3.05,2.9771,1077284572,2.8882
1/3/2007,2.9929,3.0818,3.0921,2.925,1245732992,3.03
1/4/2007,3.0593,3.0018,3.0696,2.9936,856126544,2.9929
1/5/2007,3.0375,3.0632,3.0786,3.0143,835403380,3.0593
1/8/2007,3.0525,3.07,3.0904,3.0457,797725348,3.0375
1/9/2007,3.3061,3.0875,3.3207,3.0411,3353504588,3.0525
1/10/2007,3.4643,3.3839,3.4929,3.3375,2958423804,3.3061
1/11/2007,3.4214,3.4264,3.4564,3.3964,1442262752,3.4643
1/12/2007,3.3793,3.3782,3.395,3.3296,1313141872,3.4214
1/16/2007,3.4679,3.4171,3.4732,3.4089,1245461672,3.3793
1/17/2007,3.3911,3.4843,3.4857,3.3864,1680749448,3.4679
1/18/2007,3.1811,3.2893,3.2896,3.1804,2367293740,3.3911
1/19/2007,3.1607,3.1654,3.2018,3.1471,1365021084,3.1811
1/22/2007,3.0996,3.1836,3.1843,3.0589,1454573596,3.1607
1/23/2007,3.0607,3.0618,3.1254,3.0539,1208595836,3.0996
1/24/2007,3.0964,3.0957,3.1125,3.0743,928702012,3.0607
1/25/2007,3.0804,3.1111,3.1607,3.0725,907035612,3.0964
1/26/2007,3.0493,3.1112,3.1204,3.0354,987128324,3.0804
1/29/2007,3.0693,3.0821,3.0946,3.0546,902465256,3.0493
1/30/2007,3.0554,3.0868,3.0889,3.0446,578765264,3.0693
1/31/2007,3.0618,3.0307,3.0714,3.0125,856471560,3.0554
2/1/2007,3.0264,3.0796,3.0811,3.0264,664925212,3.0618
2/2/2007,3.0268,3.0043,3.0446,2.9893,621947648,3.0264
2/5/2007,2.9979,3.0107,3.0439,2.9979,580656776,3.0268
2/6/2007,3.0054,3.0161,3.0168,2.9593,865031300,2.9979
2/7/2007,3.0768,3.0171,3.085,2.9839,1069067216,3.0054
2/8/2007,3.0779,3.0511,3.0896,3.0504,679413000,3.0768
2/9/2007,2.9739,3.0671,3.0786,2.9718,861177184,3.0779
2/12/2007,3.0314,3.0154,3.0421,2.9868,724451168,2.9739
2/13/2007,3.025,3.0414,3.0461,3.0107,595015260,3.0314
2/14/2007,3.0464,3.0225,3.0586,3.0204,508219012,3.025
2/15/2007,3.0432,3.0514,3.0579,3.0279,363916476,3.0464
2/16/2007,3.0296,3.0446,3.0504,3.0236,400070776,3.0432
2/20/2007,3.0679,3.0232,3.0771,3.0057,617967028,3.0296
2/21/2007,3.1857,3.0707,3.1961,3.07,1156040760,3.0679
2/22/2007,3.1968,3.2429,3.2432,3.1618,838845168,3.1857
2/23/2007,3.1811,3.1843,3.2264,3.1732,518341572,3.1968
2/26/2007,3.1661,3.2086,3.2143,3.1289,617027768,3.1811
2/27/2007,2.9975,3.0821,3.11,2.9789,1148109396,3.1661
2/28/2007,3.0218,2.9643,3.0571,2.9643,920080476,2.9975
3/1/2007,3.1093,3.0011,3.1539,2.9911,1415862112,3.0218
3/2/2007,3.0504,3.0989,3.1264,3.0432,860257888,3.1093
3/5/2007,3.0829,3.0675,3.1661,3.0629,839971384,3.0504
3/6/2007,3.1496,3.1357,3.1539,3.1214,723721824,3.0829
3/7/2007,3.1329,3.1446,3.1775,3.1232,626426752,3.1496
3/8/2007,3.1429,3.1639,3.1686,3.1236,511383600,3.1329
3/9/2007,3.1418,3.1714,3.1732,3.1214,452100404,3.1429
3/12/2007,3.2096,3.1454,3.2139,3.1425,729598212,3.1418
3/13/2007,3.1571,3.1932,3.2357,3.1571,867890408,3.2096
3/14/2007,3.2143,3.1643,3.2143,3.14,796583928,3.1571
3/15/2007,3.1989,3.2129,3.2271,3.1896,559496196,3.2143
3/16/2007,3.1996,3.1978,3.2139,3.19,571762828,3.1989
3/19/2007,3.2546,3.2229,3.2696,3.1996,713200796,3.1996
3/20/2007,3.2671,3.2625,3.28,3.2521,489273792,3.2546
3/21/2007,3.3525,3.2854,3.3571,3.2732,687447684,3.2671
3/22/2007,3.3557,3.3475,3.37,3.3214,565288136,3.3525
3/23/2007,3.34,3.3339,3.3596,3.3321,451354316,3.3557
3/26/2007,3.4232,3.3568,3.425,3.3321,865656512,3.34
3/27/2007,3.4093,3.4182,3.4582,3.3929,932691620,3.4232
3/28/2007,3.33,3.3886,3.4071,3.3268,949395944,3.4093
3/29/2007,3.3482,3.3639,3.3639,3.2939,725993744,3.33
3/30/2007,3.3182,3.3671,3.3814,3.3125,600907804,3.3482
4/2/2007,3.3446,3.3621,3.3661,3.3221,502209680,3.3182
4/3/2007,3.375,3.3621,3.4011,3.3486,584373244,3.3446
4/4/2007,3.3668,3.3907,3.3979,3.3618,477101912,3.375
4/5/2007,3.3814,3.3614,3.3814,3.34,355743808,3.3668
4/9/2007,3.3446,3.4004,3.4036,3.3229,413643580,3.3814
4/10/2007,3.3661,3.3454,3.3664,3.3361,352745232,3.3446
4/11/2007,3.3068,3.3536,3.3554,3.2975,549734416,3.3661
4/12/2007,3.2925,3.2871,3.2968,3.24,663935132,3.3068
4/13/2007,3.2229,3.2464,3.2643,3.2164,720243132,3.2925
4/16/2007,3.2654,3.2346,3.2679,3.2232,609414176,3.2229
4/17/2007,3.2268,3.2857,3.2964,3.2036,752361372,3.2654
4/18/2007,3.2286,3.22,3.2446,3.2,464383752,3.2268
4/19/2007,3.2239,3.2211,3.2589,3.2082,426454224,3.2286
4/20/2007,3.2489,3.246,3.2564,3.2339,525572096,3.2239
4/23/2007,3.3396,3.2709,3.35,3.265,781291084,3.2489
4/24/2007,3.33,3.3557,3.4425,3.2607,1056436584,3.3396
4/25/2007,3.4053,3.3654,3.4071,3.35,1224851712,3.33
4/26/2007,3.53,3.6279,3.6607,3.5107,1740297188,3.4053
4/27/2007,3.5686,3.5064,3.5696,3.4889,700092708,3.53
4/30/2007,3.5643,3.5746,3.6071,3.5596,617447208,3.5686
5/1/2007,3.5525,3.5568,3.5839,3.5196,532665700,3.5643
5/2/2007,3.5854,3.5589,3.5907,3.5525,507521084,3.5525
5/3/2007,3.5857,3.5975,3.6232,3.5718,576791768,3.5854
5/4/2007,3.6004,3.6,3.6286,3.5893,382305980,3.5857
5/7/2007,3.7114,3.61,3.7268,3.6075,862311156,3.6004
5/8/2007,3.7521,3.6954,3.7554,3.6936,784742420,3.7114
5/9/2007,3.8171,3.7468,3.82,3.7461,718558540,3.7521
5/10/2007,3.8336,3.8082,3.8871,3.7829,1197766668,3.8171
5/11/2007,3.8836,3.8479,3.8975,3.8136,657525820,3.8336
5/14/2007,3.9057,3.9171,3.9286,3.8661,652367380,3.8836
5/15/2007,3.84,3.9132,3.9357,3.8029,955254608,3.9057
5/16/2007,3.8336,3.8761,3.8868,3.6936,1127701540,3.84
5/17/2007,3.9086,3.8268,3.9239,3.8268,738033296,3.8336
5/18/2007,3.9293,3.9368,3.9514,3.9204,621522216,3.9086
5/21/2007,3.9993,3.9396,4.0161,3.9304,641112360,3.9293
5/22/2007,4.055,4.0175,4.0625,4.0004,572822376,3.9993
5/23/2007,4.0318,4.0721,4.1071,4.0211,915587484,4.055
5/24/2007,3.9532,4.0289,4.0879,3.9418,888734672,4.0318
5/25/2007,4.0579,4.0004,4.0636,3.9821,633022796,3.9532
5/29/2007,4.0839,4.0875,4.1021,4.0246,646088912,4.0579
5/30/2007,4.2418,4.0821,4.2457,4.0546,1482956356,4.0839
5/31/2007,4.3283,4.2882,4.3632,4.2693,1301004404,4.2418
6/1/2007,4.2286,4.3246,4.3282,4.2246,885999744,4.3283
6/4/2007,4.3332,4.2375,4.3475,4.2107,887993400,4.2286
6/5/2007,4.3811,4.3361,4.3818,4.3036,921860996,4.3332
6/6/2007,4.4157,4.3696,4.4304,4.3554,1113961156,4.3811
6/7/2007,4.431,4.4639,4.5575,4.3996,1918065548,4.4157
6/8/2007,4.4461,4.4938,4.4939,4.3675,1244348532,4.431
6/11/2007,4.2925,4.5,4.5054,4.2693,1880740428,4.4461
6/12/2007,4.2993,4.2625,4.3468,4.2254,1427897240,4.2925
6/13/2007,4.1964,4.3268,4.3282,4.1214,1722936992,4.2993
6/14/2007,4.2411,4.1857,4.2661,4.1579,974055348,4.1964
6/15/2007,4.3036,4.3079,4.3096,4.2807,812017584,4.2411
6/18/2007,4.4675,4.4029,4.4707,4.3764,911887116,4.3036
6/19/2007,4.4164,4.4532,4.4646,4.3896,944693960,4.4675
6/20/2007,4.3411,4.4239,4.4521,4.3393,898281580,4.4164
6/21/2007,4.425,4.3464,4.4389,4.3114,867684524,4.3411
6/22/2007,4.3929,4.4232,4.4446,4.3707,635820136,4.425
6/25/2007,4.3693,4.4354,4.4675,4.3236,966071848,4.3929
6/26/2007,4.2732,4.4279,4.4286,4.24,1345002848,4.3693
6/27/2007,4.3532,4.3075,4.3586,4.2593,975607024,4.2732
6/28/2007,4.3057,4.37,4.3746,4.2857,842403520,4.3532
6/29/2007,4.3586,4.3561,4.4286,4.3246,1137838968,4.3057
7/2/2007,4.3307,4.3232,4.3604,4.2607,996199820,4.3586
7/3/2007,4.5418,4.3571,4.55,4.3393,1162481320,4.3307
7/5/2007,4.7411,4.6,4.7489,4.5961,1453050928,4.5418
7/6/2007,4.725,4.7546,4.7621,4.6571,874692560,4.7411
7/9/2007,4.6546,4.7279,4.7464,4.6136,995820056,4.725
7/10/2007,4.7268,4.6029,4.8036,4.6004,1255009924,4.6546
7/11/2007,4.7282,4.7168,4.775,4.6896,821771552,4.7268
7/12/2007,4.7882,4.7804,4.7943,4.7282,704606196,4.7282
7/13/2007,4.9189,4.8225,4.9232,4.8043,907604180,4.7882
7/16/2007,4.9321,4.9425,4.9993,4.9107,936112548,4.9189
7/17/2007,4.9611,4.9393,4.9857,4.9107,709957136,4.9321
7/18/2007,4.9329,4.9354,4.9443,4.8586,757397480,4.9611
7/19/2007,5,5.0107,5.0289,4.9875,732889248,4.9329
7/20/2007,5.1339,5.0589,5.1493,5,1167773600,5
7/23/2007,5.1321,5.1182,5.1864,5.0332,1036488488,5.1339
7/24/2007,4.8175,4.96,5.0357,4.7911,1805106940,5.1321
7/25/2007,4.9021,4.9054,4.9414,4.8214,1631113344,4.8175
7/26/2007,5.2143,5.2111,5.3036,4.8914,2189552204,4.9021
7/27/2007,5.1375,5.2211,5.3186,5.135,1161104448,5.2143
7/30/2007,5.0511,5.1546,5.1946,4.9846,1108539152,5.1375
7/31/2007,4.7057,5.1061,5.1243,4.6971,1771082796,5.0511
8/1/2007,4.8214,4.7729,4.835,4.5632,1751398096,4.7057
8/2/2007,4.8746,4.8804,4.8914,4.7911,853795572,4.8214
8/3/2007,4.7089,4.8307,4.8554,4.6964,679185108,4.8746
8/6/2007,4.8304,4.7464,4.8311,4.5821,925911476,4.7089
8/7/2007,4.8225,4.8193,4.9014,4.7368,951475784,4.8304
8/8/2007,4.7861,4.8843,4.8879,4.7143,808738112,4.8225
8/9/2007,4.5139,4.6825,4.75,4.4675,1126810300,4.7861
8/10/2007,4.4643,4.3971,4.5625,4.2964,1410778236,4.5139
8/13/2007,4.5639,4.5829,4.6196,4.5179,754111624,4.4643
8/14/2007,4.4296,4.5818,4.5821,4.4182,739163572,4.5639
8/15/2007,4.2821,4.3836,4.4593,4.2732,992850628,4.4296
8/16/2007,4.1804,4.1789,4.2321,3.9864,1866699184,4.2821
8/17/2007,4.3593,4.3575,4.4107,4.2793,1195062876,4.1804
8/20/2007,4.365,4.4271,4.4464,4.3036,803523112,4.3593
8/21/2007,4.5561,4.3646,4.6057,4.3214,1303047060,4.365
8/22/2007,4.7325,4.6864,4.7411,4.6546,1061766412,4.5561
8/23/2007,4.6811,4.7532,4.7621,4.6343,866836264,4.7325
8/24/2007,4.8321,4.6618,4.8346,4.6361,911832852,4.6811
8/27/2007,4.7232,4.764,4.8093,4.7179,707442848,4.8321
8/28/2007,4.5293,4.6782,4.7289,4.5225,1179370220,4.7232
8/29/2007,4.7886,4.6386,4.7921,4.6264,1166883956,4.5293
8/30/2007,4.8661,4.7382,4.9375,4.725,1435632156,4.7886
8/31/2007,4.9457,4.9818,4.9875,4.9075,876891120,4.8661
9/4/2007,5.1486,4.9979,5.2046,4.9943,1316842688,4.9457
9/5/2007,4.8843,5.1775,5.2086,4.8607,2328254796,5.1486
9/6/2007,4.8218,4.8414,4.9132,4.7396,1901261544,4.8843
9/7/2007,4.7061,4.7146,4.725,4.6429,1430573676,4.8218
9/10/2007,4.8825,4.8927,4.93,4.7839,1487845856,4.7061
9/11/2007,4.8389,4.925,4.9393,4.7768,971884928,4.8825
9/12/2007,4.8875,4.8568,4.9786,4.8482,1023345288,4.8389
9/13/2007,4.9,4.9582,4.9643,4.8804,656160792,4.8875
9/14/2007,4.9575,4.8775,4.9636,4.8643,607319720,4.9
9/17/2007,4.9432,4.9639,5.0211,4.9143,793369192,4.9575
9/18/2007,5.0329,4.9664,5.1018,4.9225,1064088060,4.9432
9/19/2007,5.0275,5.1079,5.1129,4.9786,1026879392,5.0329
9/20/2007,5.0111,5.0054,5.0639,4.9757,691839092,5.0275
9/21/2007,5.1482,5.0407,5.1661,5.0111,1138878188,5.0111
9/24/2007,5.2957,5.2404,5.3518,5.2375,1052160312,5.1482
9/25/2007,5.4707,5.2443,5.4721,5.2436,1192548700,5.2957
9/26/2007,5.4561,5.5168,5.5357,5.4018,975267160,5.4707
9/27/2007,5.5179,5.4918,5.5186,5.44,658196392,5.4561
9/28/2007,5.4811,5.48,5.5214,5.4554,615100724,5.5179
10/1/2007,5.5835,5.5225,5.6218,5.4618,837065768,5.4811
10/2/2007,5.6589,5.5911,5.6639,5.5675,792069376,5.5835
10/3/2007,5.64,5.635,5.685,5.6075,692516636,5.6589
10/4/2007,5.58,5.6429,5.6457,5.4821,656957868,5.64
10/5/2007,5.7661,5.6561,5.7707,5.6321,943468820,5.58
10/8/2007,5.9968,5.8389,5.9968,5.8204,835926308,5.7661
10/9/2007,5.995,6.0786,6.1111,5.9529,1105845328,5.9968
10/10/2007,5.9568,5.9839,5.9957,5.9143,667588236,5.995
10/11/2007,5.7939,6.0532,6.1386,5.4718,1643990572,5.9568
10/12/2007,5.9733,5.8218,5.9743,5.7786,988173676,5.7939
10/15/2007,5.9636,5.9993,6.0561,5.8393,1077928964,5.9733
10/16/2007,6.0564,5.9121,6.0779,5.8982,1067829756,5.9636
10/17/2007,6.1696,6.1675,6.18,6.0421,1127612136,6.0564
10/18/2007,6.1964,6.125,6.2211,6.1089,824346516,6.1696
10/19/2007,6.0864,6.2229,6.2368,6.0714,1291779608,6.1964
10/22/2007,6.2271,6.0839,6.2464,6.07,1649496940,6.0864
10/23/2007,6.6486,6.7343,6.7357,6.5271,1795163692,6.2271
10/24/2007,6.6404,6.6361,6.6861,6.4014,1288479696,6.6486
10/25/2007,6.5279,6.6025,6.6393,6.4879,973615860,6.6404
10/26/2007,6.5964,6.6175,6.6204,6.5314,706875960,6.5279
10/29/2007,6.6104,6.6232,6.6639,6.5964,540553356,6.5964
10/30/2007,6.6786,6.6493,6.7632,6.5975,939412908,6.6104
10/31/2007,6.7839,6.7011,6.79,6.6054,833310464,6.6786
11/1/2007,6.6943,6.7357,6.7893,6.4286,805034944,6.7839
11/2/2007,6.7096,6.7575,6.7657,6.5532,1002113644,6.6943
11/5/2007,6.6493,6.6175,6.7486,6.58,804174644,6.7096
11/6/2007,6.8496,6.6804,6.8571,6.6168,954725296,6.6493
11/7/2007,6.6536,6.8075,6.8814,6.6475,994326284,6.8496
11/8/2007,6.2667,6.6668,6.675,5.9918,1890377048,6.6536
11/9/2007,5.9061,6.1125,6.2543,5.9004,1526378112,6.2667
11/12/2007,5.4914,5.9029,5.9893,5.3796,1769063072,5.9061
11/13/2007,6.07,5.7446,6.1064,5.4914,1739446212,5.4914
11/14/2007,5.9325,6.3271,6.3418,5.8479,1449167552,6.07
11/15/2007,5.8679,5.9425,6.0568,5.725,1487409980,5.9325
11/16/2007,5.9425,5.9036,5.965,5.6904,1383491844,5.8679
11/19/2007,5.8554,5.9321,6.0071,5.7893,1154428380,5.9425
11/20/2007,6.0304,5.9168,6.1354,5.8404,1543640392,5.8554
11/21/2007,6.0164,5.9229,6.1554,5.8811,1218585536,6.0304
11/23/2007,6.1264,6.1429,6.1446,6.0625,465756004,6.0164
11/26/2007,6.1622,6.1996,6.3311,6.1554,1305753736,6.1264
11/27/2007,6.2432,6.2579,6.2782,6.0718,1317027908,6.1622
11/28/2007,6.4364,6.315,6.45,6.2625,1150911076,6.2432
11/29/2007,6.5818,6.4082,6.6132,6.3982,1050925624,6.4364
11/30/2007,6.5079,6.6907,6.7036,6.4179,1187801524,6.5818
12/3/2007,6.3879,6.495,6.5764,6.3464,961468984,6.5079
12/4/2007,6.4218,6.3268,6.4607,6.3211,773799068,6.3879
12/5/2007,6.625,6.5318,6.6429,6.5146,892401244,6.4218
12/6/2007,6.784,6.6496,6.7893,6.6471,900468044,6.625
12/7/2007,6.9393,6.805,6.9639,6.7157,1066063796,6.784
12/10/2007,6.9361,6.9139,6.9879,6.8818,722375640,6.9393
12/11/2007,6.7336,6.9554,7.0296,6.6925,1110924332,6.9361
12/12/2007,6.8164,6.9086,6.9457,6.6343,1225659736,6.7336
12/13/2007,6.8511,6.7925,6.8614,6.7079,865917388,6.8164
12/14/2007,6.7996,6.7989,7.1429,6.7693,674586892,6.8511
12/17/2007,6.5857,6.8114,6.8804,6.535,1024691752,6.7996
12/18/2007,6.535,6.6614,6.6904,6.3786,1222601884,6.5857
12/19/2007,6.54,6.535,6.5943,6.4607,827477952,6.535
12/20/2007,6.6861,6.6225,6.7082,6.5475,774054484,6.54
12/21/2007,6.9254,6.79,6.9254,6.7818,995256696,6.6861
12/24/2007,7.1,6.9654,7.1189,6.9568,480267480,6.9254
12/26/2007,7.1054,7.1075,7.1771,7.0293,703732092,7.1
12/27/2007,7.0918,7.1054,7.2486,7.0643,795525472,7.1054
12/28/2007,7.1368,7.1639,7.1986,7.0314,699647144,7.0918
12/31/2007,7.0743,7.125,7.1607,7.0625,539331576,7.1368
1/2/2008,6.9586,7.1168,7.1521,6.8768,1079176560,7.0743
1/3/2008,6.9618,6.9789,7.0496,6.8818,842065840,6.9586
1/4/2008,6.4304,6.8375,6.8929,6.3889,1455829312,6.9618
1/7/2008,6.3443,6.4732,6.5571,6.0796,2072191688,6.4304
1/8/2008,6.1161,6.4336,6.5164,6.1,1523815552,6.3443
1/9/2008,6.4071,6.1179,6.4107,6.0107,1815538844,6.1161
1/10/2008,6.3579,6.3421,6.4643,6.2646,1482973800,6.4071
1/11/2008,6.1675,6.2857,6.3518,6.0714,1232283108,6.3579
1/14/2008,6.385,6.34,6.4079,6.2561,1100449672,6.1675
1/15/2008,6.0371,6.3471,6.4007,5.8807,2350261816,6.385
1/16/2008,5.7014,5.9011,6.0361,5.5964,2217375692,6.0371
1/17/2008,5.7461,5.7682,5.9057,5.6579,1759895564,5.7014
1/18/2008,5.7629,5.7754,5.9196,5.7004,1724342228,5.7461
1/22/2008,5.5586,5.2879,5.7136,5.2143,2434977440,5.7629
1/23/2008,4.9669,4.8639,5,4.505,3373056176,5.5586
1/24/2008,4.8429,4.9996,5.025,4.7146,2005864364,4.9669
1/25/2008,4.6432,4.9639,4.9675,4.6289,1554736792,4.8429
1/28/2008,4.6432,4.5771,4.7571,4.5161,1474843272,4.6432
1/29/2008,4.6979,4.6839,4.7425,4.6089,1099982408,4.6432
1/30/2008,4.7207,4.6918,4.8375,4.6429,1243049332,4.6979
1/31/2008,4.8343,4.6232,4.8804,4.6214,1345671964,4.7207
2/1/2008,4.7768,4.8657,4.8782,4.7207,1010743496,4.8343
2/4/2008,4.7018,4.7932,4.8536,4.6936,899233468,4.7768
2/5/2008,4.62,4.6582,4.7857,4.6036,1141041748,4.7018
2/6/2008,4.3571,4.6725,4.7114,4.3489,1573269740,4.62
2/7/2008,4.33,4.2846,4.4564,4.1882,2084607700,4.3571
2/8/2008,4.4814,4.36,4.4893,4.3429,1355970560,4.33
2/11/2008,4.6232,4.5718,4.6421,4.5429,1201430076,4.4814
2/12/2008,4.4593,4.6679,4.6786,4.415,1225978404,4.6232
2/13/2008,4.6214,4.5243,4.635,4.4868,968533132,4.4593
2/14/2008,4.5521,4.6214,4.6714,4.5361,954260384,4.6214
2/15/2008,4.4511,4.5096,4.5386,4.4307,901298888,4.5521
2/19/2008,4.3636,4.4996,4.5268,4.3371,1005045384,4.4511
2/20/2008,4.4221,4.3643,4.45,4.3457,967437968,4.3636
2/21/2008,4.3407,4.5018,4.5168,4.3164,938114184,4.4221
2/22/2008,4.2664,4.3743,4.3754,4.1382,1529876236,4.3407
2/25/2008,4.2764,4.2354,4.2918,4.1666,1256772720,4.2664
2/26/2008,4.2554,4.2014,4.3246,4.1229,1504886292,4.2764
2/27/2008,4.3914,4.2225,4.3946,4.2175,1475135564,4.2554
2/28/2008,4.6396,4.5429,4.7214,4.4918,1618251712,4.3914
2/29/2008,4.465,4.6175,4.6504,4.4571,1255479232,4.6396
3/3/2008,4.3475,4.4443,4.4993,4.2143,1593773048,4.465
3/4/2008,4.4507,4.3568,4.46,4.3,1785383096,4.3475
3/5/2008,4.4461,4.4136,4.4693,4.3661,1221834320,4.4507
3/6/2008,4.3189,4.4505,4.5536,4.3146,1473697512,4.4461
3/7/2008,4.3661,4.3004,4.3921,4.2518,1230703460,4.3189
3/10/2008,4.2746,4.3564,4.4093,4.2632,1000693316,4.3661
3/11/2008,4.5482,4.4321,4.5529,4.3571,1165421656,4.2746
3/12/2008,4.5011,4.5371,4.5957,4.4704,1059627968,4.5482
3/13/2008,4.5693,4.4321,4.625,4.3929,1264235140,4.5011
3/14/2008,4.5218,4.6386,4.6536,4.4357,1156855532,4.5693
3/17/2008,4.5261,4.3768,4.5925,4.3768,1072598072,4.5218
3/18/2008,4.7436,4.6136,4.7501,4.5954,1205118460,4.5261
3/19/2008,4.6311,4.7543,4.7961,4.6311,1010536800,4.7436
3/20/2008,4.7596,4.6829,4.7604,4.6136,908786200,4.6311
3/24/2008,4.9832,4.7861,5.0304,4.7729,1067346196,4.7596
3/25/2008,5.035,4.9986,5.1107,4.9046,1052691920,4.9832
3/26/2008,5.1807,5.0311,5.205,5.0229,1182082524,5.035
3/27/2008,5.0089,5.1768,5.1896,4.9996,999827668,5.1807
3/28/2008,5.1075,5.0643,5.1661,5.0571,715318324,5.0089
3/31/2008,5.125,5.1168,5.2039,5.09,768063492,5.1075
4/1/2008,5.3404,5.225,5.345,5.1289,1032564876,5.125
4/2/2008,5.2675,5.3136,5.4,5.2089,1044965992,5.3404
4/3/2008,5.4146,5.2521,5.4868,5.25,1051764112,5.2675
4/4/2008,5.4671,5.4354,5.5255,5.3839,854781592,5.4146
4/7/2008,5.5675,5.5761,5.7032,5.5396,1159087664,5.4671
4/8/2008,5.4586,5.4839,5.5875,5.44,1015241528,5.5675
4/9/2008,5.4086,5.4754,5.4961,5.3736,873911500,5.4586
4/10/2008,5.5196,5.3975,5.5507,5.3786,956488988,5.4086
4/11/2008,5.255,5.4543,5.475,5.2286,1210074488,5.5196
4/14/2008,5.2779,5.2418,5.3304,5.1621,845303088,5.255
4/15/2008,5.2993,5.3357,5.3471,5.2043,698036724,5.2779
4/16/2008,5.4893,5.4186,5.5036,5.3793,795771760,5.2993
4/17/2008,5.5175,5.5061,5.5714,5.4768,705299812,5.4893
4/18/2008,5.7514,5.6829,5.795,5.6564,1026763976,5.5175
4/21/2008,6.0057,5.7932,6.0179,5.7771,1039152520,5.7514
4/22/2008,5.7214,5.9786,6,5.6461,1439570132,6.0057
4/23/2008,5.8175,5.8589,5.8871,5.7529,1504190828,5.7214
4/24/2008,6.0336,5.905,6.0707,5.6855,1697255644,5.8175
4/25/2008,6.0618,6.0964,6.1107,5.9436,992471900,6.0336
4/28/2008,6.1514,6.0625,6.2054,6.0404,787212552,6.0618
4/29/2008,6.2518,6.1111,6.2736,6.0804,923475420,6.1514
4/30/2008,6.2125,6.2925,6.4286,6.1757,1139522384,6.2518
5/1/2008,6.4286,6.2486,6.4286,6.245,903576268,6.2125
5/2/2008,6.4621,6.4354,6.4971,6.3768,1006079704,6.4286
5/5/2008,6.5975,6.4971,6.6182,6.4661,854556892,6.4621
5/6/2008,6.6664,6.595,6.6829,6.5064,918869420,6.5975
5/7/2008,6.5211,6.6446,6.7214,6.4479,1157132900,6.6664
5/8/2008,6.6093,6.5632,6.6607,6.5382,899084144,6.5211
5/9/2008,6.5518,6.5414,6.5804,6.4775,673070860,6.6093
5/12/2008,6.72,6.6146,6.7454,6.5304,819365960,6.5518
5/13/2008,6.7843,6.7361,6.8375,6.7093,823235868,6.72
5/14/2008,6.6521,6.8296,6.8657,6.6275,916823040,6.7843
5/15/2008,6.7761,6.6718,6.7821,6.5786,873207384,6.6521
5/16/2008,6.7007,6.7896,6.7964,6.6786,765767436,6.7761
5/19/2008,6.5571,6.7093,6.7389,6.475,946299508,6.7007
5/20/2008,6.6393,6.4936,6.6486,6.4329,969849244,6.5571
5/21/2008,6.3639,6.6311,6.7143,6.2946,1157656220,6.6393
5/22/2008,6.3232,6.4021,6.4761,6.1429,1206965732,6.3639
5/23/2008,6.4704,6.4561,6.4996,6.35,908326832,6.3232
5/27/2008,6.6582,6.5268,6.6582,6.4943,789904388,6.4704
5/28/2008,6.6789,6.6932,6.7125,6.5614,743977948,6.6582
5/29/2008,6.6675,6.67,6.7214,6.625,647186372,6.6789
5/30/2008,6.7411,6.6946,6.7693,6.6921,610182300,6.6675
6/2/2008,6.6464,6.7357,6.7732,6.5904,679840000,6.7411
6/3/2008,6.6204,6.6736,6.7214,6.512,757387876,6.6464
6/4/2008,6.6139,6.5721,6.6818,6.5439,727471584,6.6204
6/5/2008,6.7654,6.655,6.78,6.6321,755442856,6.6139
6/6/2008,6.63,6.7143,6.7839,6.6268,966422100,6.7654
6/9/2008,6.4861,6.5996,6.605,6.2768,1888390980,6.63
6/10/2008,6.63,6.4468,6.6707,6.3936,1140939660,6.4861
6/11/2008,6.4575,6.5836,6.6429,6.4139,961549260,6.63
6/12/2008,6.1879,6.4818,6.5214,6.1143,1308331220,6.4575
6/13/2008,6.1561,6.13,6.22,5.9039,1345956668,6.1879
6/16/2008,6.3157,6.1179,6.3536,6.0382,1051729504,6.1561
6/17/2008,6.4796,6.3607,6.4996,6.3361,900155732,6.3157
6/18/2008,6.3839,6.4686,6.5071,6.3339,811467160,6.4796
6/19/2008,6.4607,6.3768,6.5121,6.3143,792717604,6.3839
6/20/2008,6.2596,6.4054,6.4643,6.25,888367116,6.4607
6/23/2008,6.1843,6.2407,6.2814,6.1271,646016672,6.2596
6/24/2008,6.1875,6.1561,6.2779,6.1296,622073844,6.1843
6/25/2008,6.3354,6.2361,6.3868,6.21,644449876,6.1875
6/26/2008,6.0093,6.2168,6.2444,6.0004,869608320,6.3354
6/27/2008,6.0746,5.9468,6.0918,5.8625,1042247220,6.0093
6/30/2008,5.98,6.0782,6.1429,5.9507,684338144,6.0746
7/1/2008,6.2386,5.8654,6.24,5.8571,1111279568,5.98
7/2/2008,6.0064,6.2571,6.3375,6.0064,838648384,6.2386
7/3/2008,6.0757,6.0568,6.1489,5.9196,523436900,6.0064
7/7/2008,6.2557,6.1843,6.3261,6.1393,820388884,6.0757
7/8/2008,6.4125,6.2643,6.4179,6.1693,888691692,6.2557
7/9/2008,6.2232,6.4357,6.4611,6.2193,896100492,6.4125
7/10/2008,6.3082,6.2471,6.3336,6.1204,840687316,6.2232
7/11/2008,6.1636,6.2668,6.3254,6.1071,930009192,6.3082
7/14/2008,6.21,6.4014,6.4036,6.1814,886054120,6.1636
7/15/2008,6.0586,6.16,6.205,5.9425,1040041856,6.21
7/16/2008,6.1718,6.0786,6.1761,6.0214,748063876,6.0586
7/17/2008,6.1361,6.2179,6.2493,6.1211,757524768,6.1718
7/18/2008,5.8982,6.0186,6.0589,5.8929,868412188,6.1361
7/21/2008,5.9389,5.9607,5.9821,5.7543,1360469460,5.8982
7/22/2008,5.7864,5.3214,5.8129,5.2332,1879592092,5.9389
7/23/2008,5.9379,5.8925,6.0132,5.77,1061766104,5.7864
7/24/2008,5.6796,5.8686,5.9021,5.6589,839616960,5.9379
7/25/2008,5.79,5.7286,5.8214,5.6661,633635016,5.6796
7/28/2008,5.5143,5.7979,5.8025,5.5007,780954580,5.79
7/29/2008,5.61,5.5504,5.6946,5.4875,684242020,5.5143
7/30/2008,5.71,5.635,5.7318,5.5743,725263308,5.61
7/31/2008,5.6768,5.6264,5.7929,5.6064,637518700,5.71
8/1/2008,5.595,5.7107,5.7139,5.5625,544913460,5.6768
8/4/2008,5.4725,5.5929,5.6393,5.4611,592695488,5.595
8/5/2008,5.7371,5.5507,5.7429,5.5293,688650732,5.4725
8/6/2008,5.8639,5.7132,5.9786,5.6429,791460824,5.7371
8/7/2008,5.8418,5.8111,5.9339,5.7679,672498820,5.8639
8/8/2008,6.0554,5.8521,6.0589,5.8482,714224560,5.8418
8/11/2008,6.1986,6.0739,6.3036,6.0596,891301768,6.0554
8/12/2008,6.3118,6.1971,6.4032,6.1968,836420648,6.1986
8/13/2008,6.4036,6.3564,6.4286,6.2821,842822008,6.3118
8/14/2008,6.4043,6.3689,6.4446,6.3514,711300828,6.4036
8/15/2008,6.2764,6.3943,6.4196,6.2518,708321124,6.4043
8/18/2008,6.2639,6.2704,6.3504,6.2079,552012496,6.2764
8/19/2008,6.1975,6.2336,6.3239,6.1361,616202608,6.2639
8/20/2008,6.28,6.2419,6.3193,6.2004,507128664,6.1975
8/21/2008,6.2246,6.2311,6.2661,6.1389,540018220,6.28
8/22/2008,6.3139,6.2793,6.3393,6.2704,439758844,6.2246
8/25/2008,6.1625,6.2911,6.2939,6.1307,484496600,6.3139
8/26/2008,6.2014,6.17,6.2457,6.1646,445778144,6.1625
8/27/2008,6.2382,6.1896,6.2771,6.1497,477779288,6.2014
8/28/2008,6.205,6.26,6.2946,6.1696,431384184,6.2382
8/29/2008,6.0546,6.1771,6.1964,6.0371,599348512,6.205
9/2/2008,5.9354,6.1571,6.1964,5.8929,781429404,6.0546
9/3/2008,5.9629,5.9586,6.0243,5.8571,734947276,5.9354
9/4/2008,5.7579,5.9236,5.9969,5.7432,744211496,5.9629
9/5/2008,5.7207,5.6639,5.8,5.6304,786882852,5.7579
9/8/2008,5.64,5.8775,5.8889,5.4092,1046231508,5.7207
9/9/2008,5.4171,5.6021,5.7129,5.3496,1245024368,5.64
9/10/2008,5.4146,5.44,5.5354,5.3143,973324632,5.4171
9/11/2008,5.4518,5.2921,5.4639,5.2143,971133016,5.4146
9/12/2008,5.3193,5.3896,5.3896,5.2321,793306416,5.4518
9/15/2008,5.0129,5.0725,5.2746,5.0129,920634036,5.3193
9/16/2008,4.9957,4.7807,5.0893,4.7196,1199836176,5.0129
9/17/2008,4.5654,4.9461,4.9468,4.5654,1200452960,4.9957
9/18/2008,4.7889,4.6632,4.8368,4.31,1676253236,4.5654
9/19/2008,5.0325,5.0929,5.15,4.8682,1431753344,4.7889
9/22/2008,4.6804,4.9979,5.0089,4.6664,856712696,5.0325
9/23/2008,4.53,4.7089,4.85,4.5236,1283161460,4.6804
9/24/2008,4.5968,4.5454,4.6768,4.4696,1047365284,4.53
9/25/2008,4.7118,4.6357,4.8139,4.59,1006043920,4.5968
9/26/2008,4.58,4.4611,4.6357,4.3929,1126449744,4.7118
9/29/2008,3.7593,4.2721,4.2743,3.5925,2622054652,4.58
9/30/2008,4.0593,3.8661,4.1071,3.7964,1627745616,3.7593
10/1/2008,3.8971,3.9971,4.0129,3.8354,1297392628,4.0593
10/2/2008,3.575,3.8575,3.8854,3.5714,1610518616,3.8971
10/3/2008,3.4668,3.7143,3.8036,3.3804,2299927952,3.575
10/6/2008,3.505,3.2843,3.5279,3.1264,2107829892,3.4668
10/7/2008,3.1843,3.5886,3.625,3.1768,1881767356,3.505
10/8/2008,3.2068,3.0683,3.4404,3.06,2209284280,3.1843
10/9/2008,3.1693,3.3339,3.4214,3.0929,1618189972,3.2068
10/10/2008,3.4571,3.0607,3.5714,3.0357,2220301468,3.1693
10/13/2008,3.9379,3.7339,3.9475,3.6079,1540480760,3.4571
10/14/2008,3.7171,4.1521,4.1571,3.6836,1982388688,3.9379
10/15/2008,3.4982,3.7086,3.8214,3.4961,1584175460,3.7171
10/16/2008,3.6389,3.5632,3.6939,3.2764,1980520500,3.4982
10/17/2008,3.4786,3.5571,3.6443,3.0673,1763151908,3.6389
10/20/2008,3.5157,3.5636,3.5725,3.3443,1549168152,3.4786
10/21/2008,3.2675,3.4625,3.4964,3.2557,2193657452,3.5157
10/22/2008,3.4596,3.4775,3.6161,3.3189,2248808324,3.2675
10/23/2008,3.5082,3.4468,3.5446,3.2821,1675429672,3.4596
10/24/2008,3.4421,3.2261,3.4964,3.2182,1590058204,3.5082
10/27/2008,3.2889,3.3954,3.4868,3.2807,1209388768,3.4421
10/28/2008,3.5682,3.4082,3.5893,3.2989,1635709600,3.2889
10/29/2008,3.7339,3.6021,3.9121,3.5693,1953317632,3.5682
10/30/2008,3.9657,3.8654,4.0068,3.8432,1638087640,3.7339
10/31/2008,3.8425,3.8357,3.9564,3.755,1660171268,3.9657
11/3/2008,3.82,3.7832,3.8964,3.745,1058438640,3.8425
11/4/2008,3.9639,3.9282,3.9925,3.8096,1399965812,3.82
11/5/2008,3.6893,3.8896,3.9186,3.6782,1257624564,3.9639
11/6/2008,3.5393,3.6089,3.6707,3.5,1319638376,3.6893
11/7/2008,3.5086,3.5443,3.5661,3.4186,1095636612,3.5393
11/10/2008,3.4243,3.5775,3.5857,3.375,1125885992,3.5086
11/11/2008,3.3846,3.3861,3.4704,3.295,1224996388,3.4243
11/12/2008,3.2186,3.3011,3.33,3.2146,1178928268,3.3846
11/13/2008,3.4443,3.2096,3.4443,3.0721,1855361704,3.2186
11/14/2008,3.2229,3.3486,3.3568,3.2143,1405278840,3.4443
11/17/2008,3.1479,3.16,3.2339,3.1164,1162923916,3.2229
11/18/2008,3.2111,3.2014,3.2496,3.1021,1210354096,3.1479
11/19/2008,3.0818,3.1943,3.2707,3.0789,1172273228,3.2111
11/20/2008,2.8746,3.0443,3.0875,2.8571,1716739836,3.0818
11/21/2008,2.9493,2.9261,3.0043,2.8264,1569569792,2.8746
11/24/2008,3.3196,3.0432,3.3854,3.03,1442692552,2.9493
11/25/2008,3.2429,3.3796,3.3825,3.1486,1235556840,3.3196
11/26/2008,3.3929,3.2114,3.4018,3.2089,900502428,3.2429
11/28/2008,3.3096,3.3821,3.3843,3.2807,301205436,3.3929
12/1/2008,3.1761,3.2607,3.2954,3.1758,924162092,3.3096
12/2/2008,3.3025,3.2154,3.3089,3.0893,1149416436,3.1761
12/3/2008,3.425,3.1929,3.4368,3.1714,1340217424,3.3025
12/4/2008,3.2646,3.3725,3.4004,3.1807,1091685588,3.425
12/5/2008,3.3571,3.2268,3.3746,3.1736,1044403360,3.2646
12/8/2008,3.5614,3.4743,3.6,3.4214,1185692648,3.3571
12/9/2008,3.5736,3.5014,3.7,3.4718,1204117544,3.5614
12/10/2008,3.5075,3.4954,3.5532,3.4464,938479836,3.5736
12/11/2008,3.3929,3.4768,3.6157,3.3868,1043280196,3.5075
12/12/2008,3.5096,3.3143,3.5357,3.3046,1042813744,3.3929
12/15/2008,3.3839,3.4282,3.4361,3.3214,892051104,3.5096
12/16/2008,3.4082,3.3564,3.4457,3.3125,1124473224,3.3839
12/17/2008,3.1843,3.2511,3.2536,3.1436,1300116608,3.4082
12/18/2008,3.1939,3.1896,3.2439,3.1586,857741892,3.1843
12/19/2008,3.2143,3.2121,3.2479,3.1714,814963632,3.1939
12/22/2008,3.0621,3.215,3.2154,3.0246,845102048,3.2143
12/23/2008,3.085,3.1025,3.1382,3.0679,641676728,3.0621
12/24/2008,3.0371,3.0764,3.0804,3.0196,271459832,3.085
12/26/2008,3.0646,3.0943,3.1221,3.0443,309205988,3.0371
12/29/2008,3.0932,3.09,3.1293,3.0382,687882300,3.0646
12/30/2008,3.0818,3.1221,3.1446,3.0257,968229360,3.0932
12/31/2008,3.0482,3.0704,3.1336,3.0479,608041364,3.0818
1/2/2009,3.2411,3.0671,3.2514,3.0414,754997880,3.0482
1/5/2009,3.3779,3.3275,3.435,3.3111,1188845812,3.2411
1/6/2009,3.3221,3.4268,3.4704,3.2996,1292175612,3.3779
1/7/2009,3.2504,3.2789,3.3036,3.2236,757202824,3.3221
1/8/2009,3.3107,3.2296,3.3268,3.2157,673463952,3.2504
1/9/2009,3.235,3.3289,3.335,3.2193,549782996,3.3107
1/12/2009,3.1664,3.2307,3.2496,3.1268,618120552,3.235
1/13/2009,3.1325,3.1514,3.205,3.0839,798915124,3.1664
1/14/2009,3.0475,3.08,3.1161,3.0257,1071985656,3.1325
1/15/2009,2.9779,2.8775,3.0043,2.8589,1843233560,3.0475
1/16/2009,2.9404,3.0107,3.0136,2.8714,1048482036,2.9779
1/20/2009,2.7929,2.9261,2.9286,2.7929,920830988,2.9404
1/21/2009,2.9582,2.8354,2.96,2.8325,1100050476,2.7929
1/22/2009,3.1557,3.1443,3.2143,3.065,1409527308,2.9582
1/23/2009,3.1557,3.1007,3.2096,3.0893,763769496,3.1557
1/26/2009,3.2014,3.1736,3.2489,3.1536,699415416,3.1557
1/27/2009,3.2404,3.2211,3.2696,3.205,618525852,3.2014
1/28/2009,3.3643,3.29,3.3929,3.2679,878807524,3.2404
1/29/2009,3.3214,3.3246,3.3693,3.3071,593200020,3.3643
1/30/2009,3.2189,3.3071,3.3436,3.2146,651821548,3.3214
2/2/2009,3.2682,3.1821,3.2857,3.175,558413408,3.2189
2/3/2009,3.3207,3.2829,3.335,3.2243,599443264,3.2682
2/4/2009,3.3411,3.3293,3.4375,3.325,808413032,3.3207
2/5/2009,3.445,3.3132,3.4732,3.3079,749400148,3.3411
2/6/2009,3.5614,3.465,3.5714,3.4643,687137668,3.445
2/9/2009,3.6611,3.5714,3.6786,3.5536,714999712,3.5614
2/10/2009,3.4939,3.6189,3.6611,3.4664,849318568,3.6611
2/11/2009,3.4579,3.4418,3.5111,3.4204,675107972,3.4939
2/12/2009,3.5454,3.4225,3.5625,3.4225,817342652,3.4579
2/13/2009,3.5414,3.5354,3.5693,3.5043,609066360,3.5454
2/17/2009,3.3761,3.4596,3.4657,3.3671,678233528,3.5414
2/18/2009,3.3704,3.3946,3.4232,3.3114,684568164,3.3761
2/19/2009,3.2371,3.3346,3.3661,3.2182,922802188,3.3704
2/20/2009,3.2571,3.1929,3.3,3.1786,750300376,3.2371
2/23/2009,3.1054,3.2732,3.2857,3.0896,786972060,3.2571
2/24/2009,3.2232,3.1231,3.2461,3.1071,807092636,3.1054
2/25/2009,3.2557,3.2093,3.3186,3.1875,833312004,3.2232
2/26/2009,3.1854,3.2857,3.3186,3.1771,630055748,3.2557
2/27/2009,3.1896,3.1404,3.2607,3.1311,706744192,3.1854
3/2/2009,3.1407,3.1471,3.2571,3.1311,770971880,3.1896
3/3/2009,3.1561,3.1761,3.2407,3.1386,724339672,3.1407
3/4/2009,3.2561,3.2207,3.3132,3.1946,741526492,3.1561
3/5/2009,3.1729,3.2307,3.2811,3.1589,706894552,3.2561
3/6/2009,3.0464,3.155,3.1571,2.9404,1011146248,3.1729
3/9/2009,2.9682,3.0064,3.1286,2.9489,698477416,3.0464
3/10/2009,3.1653,3.0311,3.1846,3.0129,844505004,2.9682
3/11/2009,3.31,3.2075,3.3596,3.1993,846785016,3.1653
3/12/2009,3.4411,3.3179,3.4493,3.2857,768813360,3.31
3/13/2009,3.4261,3.4393,3.4714,3.3932,601280288,3.4411
3/16/2009,3.4079,3.4475,3.4782,3.3636,797546960,3.4261
3/17/2009,3.5593,3.4014,3.5604,3.3954,788020408,3.4079
3/18/2009,3.6257,3.5682,3.6957,3.5614,796201420,3.5593
3/19/2009,3.6293,3.6375,3.6857,3.5804,500317860,3.6257
3/20/2009,3.6282,3.6461,3.6825,3.5918,695704492,3.6293
3/23/2009,3.845,3.6682,3.8629,3.6339,666564388,3.6282
3/24/2009,3.8036,3.7986,3.9086,3.7638,643426980,3.845
3/25/2009,3.8032,3.8421,3.87,3.7093,621155444,3.8036
3/26/2009,3.9239,3.8511,3.9279,3.8421,616251104,3.8032
3/27/2009,3.8161,3.8654,3.8761,3.8,493042732,3.9239
3/30/2009,3.7318,3.7325,3.7504,3.6646,502861380,3.8161
3/31/2009,3.7543,3.7661,3.8375,3.75,570079636,3.7318
4/1/2009,3.8818,3.7175,3.8929,3.7104,589594264,3.7543
4/2/2009,4.0254,3.9338,4.0982,3.9207,812365848,3.8818
4/3/2009,4.1425,4.0782,4.1475,4.0543,636345052,4.0254
4/6/2009,4.2304,4.105,4.2411,4.0457,658062496,4.1425
4/7/2009,4.1071,4.1618,4.1668,4.0782,536785872,4.2304
4/8/2009,4.1543,4.1225,4.1711,4.0921,455629468,4.1071
4/9/2009,4.2704,4.2293,4.2857,4.2129,530936280,4.1543
4/13/2009,4.2936,4.2861,4.3207,4.25,389468212,4.2704
4/14/2009,4.2254,4.2704,4.2918,4.1875,454755700,4.2936
4/15/2009,4.2014,4.1857,4.2232,4.1343,413027160,4.2254
4/16/2009,4.3375,4.2568,4.3982,4.2425,593582248,4.2014
4/17/2009,4.4079,4.3279,4.4375,4.2946,497682696,4.3375
4/20/2009,4.3036,4.3475,4.3925,4.2557,466654076,4.4079
4/21/2009,4.3486,4.2461,4.3621,4.2357,470684032,4.3036
4/22/2009,4.3396,4.3796,4.4768,4.3286,938767088,4.3486
4/23/2009,4.4786,4.5221,4.5429,4.4111,945156772,4.3396
4/24/2009,4.425,4.4514,4.4693,4.3918,540946644,4.4786
4/27/2009,4.4546,4.3893,4.4643,4.3807,480813732,4.425
4/28/2009,4.4251,4.4054,4.5075,4.4021,455856632,4.4546
4/29/2009,4.4693,4.4589,4.5304,4.4225,458258220,4.4251
4/30/2009,4.4939,4.5079,4.5357,4.4614,498488312,4.4693
5/1/2009,4.5443,4.4929,4.5696,4.4929,397588940,4.4939
5/4/2009,4.7168,4.58,4.7232,4.56,609580776,4.5443
5/5/2009,4.7396,4.7054,4.745,4.6829,398401248,4.7168
5/6/2009,4.7321,4.7618,4.7679,4.6507,473642064,4.7396
5/7/2009,4.6093,4.7261,4.7282,4.5679,531895700,4.7321
5/8/2009,4.6139,4.6086,4.6869,4.5093,468024256,4.6093
5/11/2009,4.6275,4.5489,4.6771,4.54,404782868,4.6139
5/12/2009,4.4436,4.6271,4.6325,4.4018,609479220,4.6275
5/13/2009,4.2675,4.4004,4.4293,4.2636,595968884,4.4436
5/14/2009,4.3911,4.2779,4.4118,4.275,447907880,4.2675
5/15/2009,4.3721,4.3686,4.4507,4.3432,367564960,4.3911
5/18/2009,4.5232,4.4189,4.525,4.3418,459085424,4.3721
5/19/2009,4.5518,4.5293,4.6182,4.4907,372422036,4.5232
5/20/2009,4.4954,4.5582,4.6146,4.475,388772160,4.5518
5/21/2009,4.435,4.4696,4.5279,4.3889,408181032,4.4954
5/22/2009,4.375,4.4304,4.435,4.3482,298068820,4.435
5/26/2009,4.6707,4.4557,4.6725,4.4482,636925716,4.375
5/27/2009,4.7518,4.7064,4.8207,4.6754,646962680,4.6707
5/28/2009,4.8239,4.7661,4.8354,4.7154,487550112,4.7518
5/29/2009,4.8504,4.8354,4.8536,4.7804,456654408,4.8239
6/1/2009,4.9768,4.8739,4.9996,4.8571,452667936,4.8504
6/2/2009,4.9818,4.9639,5.0479,4.9411,456222928,4.9768
6/3/2009,5.0339,5,5.0396,4.9668,565198368,4.9818
6/4/2009,5.1336,5.0046,5.1493,5.0014,550631956,5.0339
6/5/2009,5.1668,5.1896,5.2286,5.1146,632715496,5.1336
6/8/2009,5.1375,5.1364,5.1511,4.9796,931650692,5.1668
6/9/2009,5.0971,5.1361,5.1629,5.0196,676963504,5.1375
6/10/2009,5.0089,5.0814,5.0839,4.9393,688798908,5.0971
6/11/2009,4.9982,4.9839,5.0557,4.9482,524823404,5.0089
6/12/2009,4.8918,4.9575,4.9679,4.8586,563084928,4.9982
6/15/2009,4.8604,4.8575,4.8904,4.8175,539948444,4.8918
6/16/2009,4.8696,4.8807,4.9454,4.8607,514804948,4.8604
6/17/2009,4.8421,4.8811,4.9089,4.8046,571412688,4.8696
6/18/2009,4.8529,4.8611,4.9286,4.8425,427680092,4.8421
6/19/2009,4.9814,4.9311,4.9821,4.8893,721854504,4.8529
6/22/2009,4.9061,5.0239,5.0557,4.8689,634912348,4.9814
6/23/2009,4.7861,4.8714,4.8911,4.7457,706529880,4.9061
6/24/2009,4.865,4.8364,4.9107,4.8164,485524732,4.7861
6/25/2009,4.995,4.8482,5.0071,4.8289,589688764,4.865
6/26/2009,5.0871,4.9925,5.1271,4.9907,439471928,4.995
6/29/2009,5.0704,5.1236,5.1411,5.055,567661976,5.0871
6/30/2009,5.0868,5.0921,5.1357,5.0643,434249760,5.0704
7/1/2009,5.1011,5.125,5.1664,5.09,414272600,5.0868
7/2/2009,5.0007,5.0446,5.1011,4.9925,370615392,5.1011
7/6/2009,4.9504,4.9536,4.9639,4.8661,498686132,5.0007
7/7/2009,4.8357,4.9457,4.9886,4.8279,461780368,4.9504
7/8/2009,4.9007,4.8543,4.93,4.8007,575928192,4.8357
7/9/2009,4.87,4.92,4.9282,4.8546,343145740,4.9007
7/10/2009,4.9471,4.8693,4.9632,4.8686,445273024,4.87
7/13/2009,5.0836,4.9836,5.0836,4.9118,483773976,4.9471
7/14/2009,5.0811,5.0725,5.1136,5.0415,347400704,5.0836
7/15/2009,5.2457,5.18,5.25,5.1543,485584456,5.0811
7/16/2009,5.2686,5.2057,5.2864,5.1989,393568644,5.2457
7/17/2009,5.4196,5.3243,5.4293,5.3082,602153804,5.2686
7/20/2009,5.461,5.4739,5.537,5.3889,735524748,5.4196
7/21/2009,5.4111,5.4746,5.4796,5.3482,874781236,5.461
7/22/2009,5.5979,5.6354,5.6689,5.5754,874103328,5.4111
7/23/2009,5.6364,5.5939,5.6586,5.5557,526961512,5.5979
7/24/2009,5.7138,5.6054,5.7143,5.5893,438359656,5.6364
7/27/2009,5.7179,5.7204,5.7457,5.6164,433311228,5.7138
7/28/2009,5.7143,5.6743,5.718,5.6286,363552532,5.7179
7/29/2009,5.7154,5.675,5.7304,5.6518,382428200,5.7143
7/30/2009,5.8139,5.775,5.8829,5.7679,469603232,5.7154
7/31/2009,5.8354,5.821,5.8929,5.8182,422691808,5.8139
8/3/2009,5.9439,5.9004,5.9514,5.8882,394239496,5.8354
8/4/2009,5.9125,5.8904,5.9132,5.8646,395809484,5.9439
8/5/2009,5.8968,5.9196,5.9782,5.8646,423181332,5.9125
8/6/2009,5.8539,5.9136,5.9468,5.8246,341774524,5.8968
8/7/2009,5.9111,5.9104,5.95,5.8857,387483712,5.8539
8/10/2009,5.8829,5.9164,5.95,5.845,300435156,5.9111
8/11/2009,5.8154,5.8461,5.8707,5.7814,355488616,5.8829
8/12/2009,5.9039,5.8054,5.9539,5.8021,445070556,5.8154
8/13/2009,6.015,5.9518,6.0239,5.9464,440162380,5.9039
8/14/2009,5.9564,5.9979,6.0081,5.9118,306049100,6.015
8/17/2009,5.6996,5.8411,5.8425,5.6936,524381004,5.9564
8/18/2009,5.8571,5.7725,5.8657,5.7646,431150188,5.6996
8/19/2009,5.8786,5.8125,5.9036,5.8018,413271460,5.8571
8/20/2009,5.9404,5.8921,5.9543,5.8789,342198920,5.8786
8/21/2009,6.0436,5.9875,6.0489,5.9571,416073168,5.9404
8/24/2009,6.0379,6.0757,6.0968,6.0096,406928704,6.0436
8/25/2009,6.05,6.0521,6.105,6.0404,324353372,6.0379
8/26/2009,5.9789,6.0329,6.0554,5.9557,303997876,6.05
8/27/2009,6.0518,6.0268,6.0561,5.8868,449179304,5.9789
8/28/2009,6.0732,6.1525,6.1604,6.0189,453857712,6.0518
8/31/2009,6.0075,6.0057,6.0304,5.9464,311540348,6.0732
9/1/2009,5.9035,5.9996,6.0714,5.8907,469025340,6.0075
9/2/2009,5.8993,5.8793,5.9861,5.8611,364400428,5.9035
9/3/2009,5.9482,5.9443,5.9679,5.8929,294102844,5.8993
9/4/2009,6.0825,5.9741,6.0964,5.9675,374626616,5.9482
9/8/2009,6.1761,6.1779,6.1836,6.1429,315046508,6.0825
9/9/2009,6.1121,6.1707,6.2311,6.0607,811291544,6.1761
9/10/2009,6.1629,6.145,6.1875,6.1004,491133384,6.1121
9/11/2009,6.1486,6.1754,6.185,6.1025,348960752,6.1629
9/14/2009,6.2043,6.1011,6.2107,6.0804,322010444,6.1486
9/15/2009,6.2557,6.2157,6.2732,6.1996,426470212,6.2043
9/16/2009,6.4954,6.3568,6.5268,6.3529,754021996,6.2557
9/17/2009,6.5911,6.4993,6.6711,6.4989,810570656,6.4954
9/18/2009,6.6079,6.6368,6.6625,6.5986,601747440,6.5911
9/21/2009,6.5721,6.5818,6.6129,6.4864,437715628,6.6079
9/22/2009,6.5886,6.6139,6.6207,6.5304,356963964,6.5721
9/23/2009,6.625,6.6214,6.7464,6.6082,594039852,6.5886
9/24/2009,6.565,6.6857,6.7036,6.5275,550877964,6.625
9/25/2009,6.5132,6.5004,6.625,6.48,445487448,6.565
9/28/2009,6.6483,6.5668,6.6671,6.5475,337647996,6.5132
9/29/2009,6.6207,6.6689,6.6929,6.5825,345385516,6.6483
9/30/2009,6.6196,6.6475,6.6589,6.5219,539582540,6.6207
10/1/2009,6.4593,6.6196,6.6507,6.4536,524710956,6.6196
10/2/2009,6.6036,6.4789,6.6407,6.4768,553434672,6.4593
10/5/2009,6.6437,6.65,6.6736,6.5811,423132248,6.6036
10/6/2009,6.7861,6.705,6.7861,6.6893,605083500,6.6437
10/7/2009,6.7946,6.7771,6.8054,6.7511,465667636,6.7861
10/8/2009,6.7596,6.8093,6.8375,6.7461,438209184,6.7946
10/9/2009,6.8025,6.7489,6.8107,6.7364,293393380,6.7596
10/12/2009,6.8146,6.8221,6.8396,6.7729,288151024,6.8025
10/13/2009,6.7864,6.8082,6.8275,6.775,348018328,6.8146
10/14/2009,6.8318,6.8661,6.8686,6.7939,375770556,6.7864
10/15/2009,6.8057,6.7725,6.8186,6.7689,373554888,6.8318
10/16/2009,6.7161,6.7625,6.7986,6.7086,431424756,6.8057
10/19/2009,6.7807,6.7089,6.7857,6.6268,942229344,6.7161
10/20/2009,7.0986,7.1643,7.2054,7.0661,1141039256,6.7807
10/21/2009,7.3186,7.1257,7.4539,7.1154,1193726100,7.0986
10/22/2009,7.3286,7.3107,7.4232,7.2325,791391300,7.3186
10/23/2009,7.2836,7.3464,7.35,7.2582,420785736,7.3286
10/26/2009,7.2314,7.2739,7.3839,7.1464,484337532,7.2836
10/27/2009,7.0489,7.2021,7.2432,7.0161,756549892,7.2314
10/28/2009,6.8714,7.0611,7.0721,6.825,818384868,7.0489
10/29/2009,7.0125,6.9643,7.0289,6.8621,570408244,6.8714
10/30/2009,6.7321,7.002,7.0286,6.6452,717523576,7.0125
11/2/2009,6.7611,6.7786,6.8886,6.6275,679588924,6.7321
11/3/2009,6.7411,6.7089,6.7686,6.64,522541656,6.7611
11/4/2009,6.8146,6.8118,6.9232,6.7939,487741996,6.7411
11/5/2009,6.9296,6.8714,6.9643,6.8507,384923196,6.8146
11/6/2009,6.9407,6.8754,6.9711,6.8714,295229452,6.9296
11/9/2009,7.195,7.0336,7.2107,7.0093,528854732,6.9407
11/10/2009,7.2493,7.1793,7.3207,7.1789,401193520,7.195
11/11/2009,7.2589,7.3057,7.3214,7.2082,444078040,7.2493
11/12/2009,7.2139,7.255,7.3168,7.1939,363915412,7.2589
11/13/2009,7.3018,7.2454,7.3154,7.2168,343331044,7.2139
11/16/2009,7.3796,7.3386,7.4286,7.3218,485204076,7.3018
11/17/2009,7.3929,7.36,7.4086,7.3214,396512256,7.3796
11/18/2009,7.3557,7.3764,7.3929,7.2857,374319456,7.3929
11/19/2009,7.1611,7.3075,7.3075,7.1357,542326092,7.3557
11/20/2009,7.14,7.1125,7.1568,7.0629,406890260,7.1611
11/23/2009,7.3529,7.25,7.3571,7.2482,475174924,7.14
11/24/2009,7.3014,7.3332,7.3529,7.2464,318436776,7.3529
11/25/2009,7.2925,7.3357,7.3446,7.2771,286649244,7.3014
11/27/2009,7.1639,7.115,7.2486,7.0846,295256976,7.2925
11/30/2009,7.1396,7.1825,7.2029,7.0989,424855704,7.1639
12/1/2009,7.0346,7.2229,7.2418,7.0296,465762332,7.1396
12/2/2009,7.0082,7.1057,7.1936,6.9911,715258824,7.0346
12/3/2009,7.0171,7.0507,7.1064,7.0096,448718312,7.0082
12/4/2009,6.9043,7.1321,7.1386,6.7957,827106672,7.0171
12/7/2009,6.7482,6.9043,6.9204,6.7386,714758632,6.9043
12/8/2009,6.7811,6.7629,6.8696,6.7393,690397120,6.7482
12/9/2009,7.0643,6.8314,7.0771,6.7968,684780740,6.7811
12/10/2009,7.0154,7.125,7.1321,7.0043,489668620,7.0643
12/11/2009,6.9525,7.0636,7.0714,6.9082,429773512,7.0154
12/14/2009,7.035,6.9775,7.0511,6.8771,495788496,6.9525
12/15/2009,6.9346,6.9939,7.0539,6.9025,419713812,7.035
12/16/2009,6.9654,6.9679,7.0179,6.9482,353118696,6.9346
12/17/2009,6.8521,6.9379,6.9643,6.8214,388898524,6.9654
12/18/2009,6.9796,6.8989,6.9823,6.8786,608852300,6.8521
12/21/2009,7.0796,7.0018,7.1339,6.9882,612372432,6.9796
12/22/2009,7.1557,7.1229,7.1732,7.095,349514172,7.0796
12/23/2009,7.2179,7.1875,7.2279,7.1718,345523948,7.1557
12/24/2009,7.4657,7.2696,7.4768,7.2625,500887940,7.2179
12/28/2009,7.5575,7.5614,7.6411,7.4861,644564200,7.4657
12/29/2009,7.4679,7.5939,7.5971,7.4546,445204284,7.5575
12/30/2009,7.5586,7.4582,7.5714,7.4396,412082832,7.4679
12/31/2009,7.5261,7.6118,7.6196,7.52,352410716,7.5586
1/4/2010,7.6432,7.6225,7.6607,7.585,493728200,7.5261
1/5/2010,7.6564,7.6643,7.6996,7.6161,601904016,7.6432
1/6/2010,7.5346,7.6564,7.6868,7.5268,552158376,7.6564
1/7/2010,7.5207,7.5625,7.5714,7.4661,477078140,7.5346
1/8/2010,7.5707,7.5107,7.5714,7.4664,447876324,7.5207
1/11/2010,7.5039,7.6,7.6071,7.4446,462229460,7.5707
1/12/2010,7.4186,7.4711,7.4918,7.3721,594459096,7.5039
1/13/2010,7.5232,7.4239,7.5332,7.2893,605889340,7.4186
1/14/2010,7.4796,7.5039,7.5164,7.465,433153644,7.5232
1/15/2010,7.3546,7.5332,7.5571,7.3525,594336260,7.4796
1/19/2010,7.68,7.4404,7.6854,7.4014,730006480,7.3546
1/20/2010,7.5616,7.6754,7.6982,7.4821,612210508,7.68
1/21/2010,7.4311,7.5743,7.6184,7.4004,608154260,7.5616
1/22/2010,7.0625,7.385,7.4107,7.0414,881767488,7.4311
1/25/2010,7.2527,7.2325,7.3107,7.1496,1065699208,7.0625
1/26/2010,7.355,7.3554,7.6325,7.235,1867109944,7.2527
1/27/2010,7.4244,7.3875,7.5207,7.1261,1722568120,7.355
1/28/2010,7.1175,7.3189,7.3393,7.0964,1173501504,7.4244
1/29/2010,6.8594,7.1814,7.2214,6.7946,1245951140,7.1175
2/1/2010,6.9546,6.8704,7,6.8321,749873684,6.8594
2/2/2010,6.995,6.9968,7.0114,6.9064,698341252,6.9546
2/3/2010,7.1154,6.9704,7.15,6.9436,615327076,6.995
2/4/2010,6.8589,7.0261,7.0846,6.8418,757651048,7.1154
2/5/2010,6.9807,6.8795,7,6.8161,850305400,6.8589
2/8/2010,6.9329,6.9889,7.0671,6.9286,478268476,6.9807
2/9/2010,7.0068,7.015,7.0536,6.9554,632884112,6.9329
2/10/2010,6.9684,6.9961,7.0214,6.9379,370360872,7.0068
2/11/2010,7.0954,6.96,7.1339,6.9307,550343612,6.9684
2/12/2010,7.1564,7.0754,7.2014,6.9821,655467624,7.0954
2/16/2010,7.2643,7.2121,7.2746,7.1971,543951044,7.1564
2/17/2010,7.2339,7.2925,7.2968,7.1736,436394840,7.2643
2/18/2010,7.2474,7.2011,7.2818,7.1757,422824444,7.2339
2/19/2010,7.2025,7.2093,7.2571,7.1825,415733864,7.2474
2/22/2010,7.1577,7.2264,7.2321,7.1139,390824672,7.2025
2/23/2010,7.0378,7.1429,7.1904,6.9896,575312892,7.1577
2/24/2010,7.1663,7.0796,7.1943,7.0657,460565504,7.0378
2/25/2010,7.2143,7.0493,7.245,7.0318,665396284,7.1663
2/26/2010,7.3079,7.2279,7.3275,7.2143,507460240,7.2143
3/1/2010,7.4639,7.3482,7.4821,7.3375,550092732,7.3079
3/2/2010,7.4589,7.4975,7.5296,7.4193,566544608,7.4639
3/3/2010,7.4761,7.4621,7.4954,7.4264,372238776,7.4589
3/4/2010,7.5254,7.4743,7.5329,7.4511,366039744,7.4761
3/5/2010,7.8196,7.6764,7.8464,7.6654,899618412,7.5254
3/8/2010,7.8243,7.8575,7.8604,7.7946,429888956,7.8196
3/9/2010,7.965,7.7968,8.0357,7.7818,920258640,7.8243
3/10/2010,8.03,7.9939,8.0529,7.9714,596216572,7.965
3/11/2010,8.0536,7.9968,8.0536,7.9757,405698552,8.03
3/12/2010,8.0929,8.1204,8.1332,8.0625,416322480,8.0536
3/15/2010,7.9943,8.0493,8.0536,7.8661,493500364,8.0929
3/16/2010,8.0161,8.0064,8.035,7.9468,446723368,7.9943
3/17/2010,8.0043,8.0321,8.0875,7.9739,450955988,8.0161
3/18/2010,8.0232,8.0036,8.0357,7.9504,342108452,8.0043
3/19/2010,7.9375,8.0282,8.0443,7.9011,559444592,8.0232
3/22/2010,8.0268,7.8739,8.0714,7.8625,456209488,7.9375
3/23/2010,8.1557,8.0586,8.1707,8.0036,602428708,8.0268
3/24/2010,8.1918,8.13,8.2214,8.1254,598280928,8.1557
3/25/2010,8.0946,8.2471,8.2489,8.0804,543266696,8.1918
3/26/2010,8.2464,8.1768,8.2839,8.1625,640872540,8.0946
3/29/2010,8.2996,8.3214,8.3525,8.2721,540743140,8.2464
3/30/2010,8.423,8.4501,8.4814,8.3661,527309300,8.2996
3/31/2010,8.3929,8.4104,8.4504,8.3736,430658228,8.423
4/1/2010,8.4275,8.4818,8.5261,8.3125,603143996,8.3929
4/5/2010,8.5175,8.392,8.5182,8.3846,684505276,8.4275
4/6/2010,8.555,8.5071,8.58,8.4643,447016752,8.5175
4/7/2010,8.5929,8.5614,8.64,8.5236,628500124,8.555
4/8/2010,8.5696,8.5871,8.6264,8.5014,572986484,8.5929
4/9/2010,8.6354,8.6225,8.6389,8.5879,334182576,8.5696
4/12/2010,8.6532,8.65,8.6811,8.6361,333215344,8.6354
4/13/2010,8.6582,8.6379,8.6714,8.6111,305903136,8.6532
4/14/2010,8.7746,8.76,8.7789,8.7168,404166616,8.6582
4/15/2010,8.89,8.7779,8.8939,8.7682,376783680,8.7746
4/16/2010,8.8357,8.8775,8.9693,8.7339,750543864,8.89
4/19/2010,8.8239,8.8225,8.8532,8.6346,566921964,8.8357
4/20/2010,8.7354,8.8764,8.9018,8.677,738323908,8.8239
4/21/2010,9.2579,9.243,9.2946,9.1332,982391200,8.7354
4/22/2010,9.5168,9.2229,9.5268,9.15,793423260,9.2579
4/23/2010,9.6725,9.5711,9.7207,9.5357,796953416,9.5168
4/26/2010,9.625,9.71,9.7307,9.5782,479068044,9.6725
4/27/2010,9.3586,9.5454,9.5657,9.3043,709341696,9.625
4/28/2010,9.3429,9.4018,9.4286,9.1575,758399880,9.3586
4/29/2010,9.5943,9.3936,9.6429,9.3575,558838980,9.3429
4/30/2010,9.3246,9.6182,9.6632,9.3214,542462704,9.5943
5/3/2010,9.5125,9.4229,9.5671,9.3886,454340124,9.3246
5/4/2010,9.2386,9.3889,9.4032,9.1696,723819320,9.5125
5/5/2010,9.1423,9.0368,9.2193,8.8832,883103144,9.2386
5/6/2010,8.7946,9.0654,9.2232,7.1161,1285859568,9.1423
5/7/2010,8.4236,8.7039,8.8061,8.0432,1676017168,8.7946
5/10/2010,9.0711,8.9375,9.0946,8.8761,984304832,8.4236
5/11/2010,9.1614,8.9943,9.2818,8.9464,850351236,9.0711
5/12/2010,9.3604,9.2588,9.3975,9.2393,654377500,9.1614
5/13/2010,9.2271,9.4007,9.4643,9.1571,599710104,9.3604
5/14/2010,9.065,9.113,9.16,8.9107,759361428,9.2271
5/17/2010,9.0793,9.0964,9.1493,8.8468,762833008,9.065
5/18/2010,9.0129,9.1779,9.2339,8.9379,782675824,9.0793
5/19/2010,8.8693,8.9107,9.0329,8.7446,1025725624,9.0129
5/20/2010,8.4914,8.6386,8.7089,8.4361,1282914948,8.8693
5/21/2010,8.6543,8.315,8.7321,8.2625,1223907020,8.4914
5/24/2010,8.8129,8.8314,8.9607,8.795,754245436,8.6543
5/25/2010,8.7579,8.5482,8.8129,8.47,1048013428,8.8129
5/26/2010,8.7182,8.9314,9.0046,8.7054,850656576,8.7579
5/27/2010,9.0482,8.95,9.0675,8.8968,666301356,8.7182
5/28/2010,9.1743,9.2639,9.2643,9.0482,815612868,9.0482
6/1/2010,9.3154,9.2746,9.4979,9.2486,876473528,9.1743
6/2/2010,9.4268,9.4479,9.4571,9.2977,688546096,9.3154
6/3/2010,9.3971,9.4707,9.4839,9.3004,650157256,9.4268
6/4/2010,9.1416,9.2218,9.3536,9.0939,758441768,9.3971
6/7/2010,8.9621,9.2246,9.2554,8.9482,886982152,9.1416
6/8/2010,8.9046,9.0443,9.0643,8.7732,1000768076,8.9621
6/9/2010,8.6857,8.9811,8.9964,8.6604,854628684,8.9046
6/10/2010,8.9468,8.7443,8.9636,8.65,776355748,8.6857
6/11/2010,9.0539,8.8652,9.0664,8.8346,545759536,8.9468
6/14/2010,9.0814,9.1414,9.2554,9.0718,602960400,9.0539
6/15/2010,9.2746,9.13,9.2804,9.125,585073188,9.0814
6/16/2010,9.5446,9.325,9.5625,9.3082,783689480,9.2746
6/17/2010,9.7096,9.6643,9.7464,9.625,873460924,9.5446
6/18/2010,9.7884,9.7232,9.8214,9.6936,784619780,9.7096
6/21/2010,9.6489,9.9175,9.9646,9.5975,776489812,9.7884
6/22/2010,9.7804,9.72,9.8561,9.6964,717259984,9.6489
6/23/2010,9.6775,9.8064,9.8093,9.5679,768454932,9.7804
6/24/2010,9.6071,9.6786,9.757,9.575,715131256,9.6775
6/25/2010,9.525,9.645,9.6525,9.4932,549941084,9.6071
6/28/2010,9.5821,9.5332,9.6339,9.4471,585433016,9.525
6/29/2010,9.1489,9.4329,9.4425,9.0821,1133344520,9.5821
6/30/2010,8.9832,9.1682,9.2132,8.9289,739468240,9.1489
7/1/2010,8.8743,9.0821,9.1,8.6864,1022952560,8.9832
7/2/2010,8.8193,8.9461,8.9618,8.6857,694497524,8.8743
7/6/2010,8.8796,8.9643,9.0286,8.7914,615234704,8.8193
7/7/2010,9.238,8.9461,9.2418,8.9196,654559248,8.8796
7/8/2010,9.2175,9.3743,9.3893,9.1032,738150644,9.238
7/9/2010,9.2721,9.1746,9.2821,9.1129,433574148,9.2175
7/12/2010,9.1888,9.2332,9.3518,9.1021,562876944,9.2721
7/13/2010,8.9928,9.1543,9.1571,8.8011,1190954632,9.1888
7/14/2010,9.026,8.9064,9.1357,8.8929,812171136,8.9928
7/15/2010,8.9804,8.8654,9.1775,8.8321,824863396,9.026
7/16/2010,8.925,9.0421,9.1061,8.8718,1039857504,8.9804
7/19/2010,8.7707,8.9243,8.9243,8.5571,1024497936,8.925
7/20/2010,8.9961,8.675,9.0321,8.5718,1074950044,8.7707
7/21/2010,9.08,9.4675,9.4696,9.0714,1185669688,8.9961
7/22/2010,9.2509,9.2029,9.2857,9.1182,645317288,9.08
7/23/2010,9.2836,9.1818,9.2993,9.1529,533386644,9.2509
7/26/2010,9.26,9.2857,9.2893,9.2039,420549808,9.2836
7/27/2010,9.4314,9.3168,9.4571,9.2964,584770564,9.26
7/28/2010,9.32,9.4168,9.4996,9.2946,519984360,9.4314
7/29/2010,9.2182,9.3111,9.3804,9.1464,643805540,9.32
7/30/2010,9.1875,9.139,9.275,9.1036,448455840,9.2182
8/2/2010,9.3518,9.3014,9.3782,9.2721,428084104,9.1875
8/3/2010,9.3546,9.3218,9.4021,9.265,417652872,9.3518
8/4/2010,9.3921,9.3871,9.4386,9.2968,420556304,9.3546
8/5/2010,9.3464,9.3475,9.3993,9.3054,289362472,9.3921
8/6/2010,9.289,9.2779,9.3389,9.2011,445013240,9.3464
8/9/2010,9.3482,9.3386,9.3625,9.2704,303125424,9.289
8/10/2010,9.2646,9.2804,9.3018,9.1982,451917620,9.3482
8/11/2010,8.9354,9.1214,9.1318,8.9218,620052272,9.2646
8/12/2010,8.9925,8.8104,9.0393,8.79,534919336,8.9354
8/13/2010,8.8964,8.9875,8.9957,8.8961,354866540,8.9925
8/16/2010,8.8443,8.8421,8.9289,8.8079,318427396,8.8964
8/17/2010,8.9989,8.9314,9.0939,8.9,422648884,8.8443
8/18/2010,9.0382,9.0129,9.0954,8.985,339695692,8.9989
8/19/2010,8.9243,9.03,9.0529,8.8814,426704908,9.0382
8/20/2010,8.9157,8.9068,9.0686,8.8929,384228824,8.9243
8/23/2010,8.7786,8.9925,9,8.7589,414067248,8.9157
8/24/2010,8.5689,8.6668,8.6786,8.5232,602552832,8.7786
8/25/2010,8.6746,8.5014,8.7139,8.4714,596864912,8.5689
8/26/2010,8.5814,8.7661,8.7768,8.5814,466503212,8.6746
8/27/2010,8.6293,8.6339,8.6646,8.4129,548586304,8.5814
8/30/2010,8.6607,8.5986,8.7768,8.5957,383287576,8.6293
8/31/2010,8.6821,8.6375,8.7343,8.5839,420786408,8.6607
9/1/2010,8.9404,8.8382,8.9807,8.7957,697035220,8.6821
9/2/2010,9.0061,8.9737,9.0061,8.8775,415425192,8.9404
9/3/2010,9.2418,9.1104,9.2421,9.0893,520788268,9.0061
9/7/2010,9.2075,9.1657,9.2689,9.1518,342825252,9.2418
9/8/2010,9.39,9.2779,9.4425,9.2536,526548456,9.2075
9/9/2010,9.3954,9.4657,9.5186,9.39,438574388,9.39
9/10/2010,9.4075,9.3996,9.4464,9.3357,387761276,9.3954
9/13/2010,9.5371,9.4936,9.5814,9.4914,388779860,9.4075
9/14/2010,9.5736,9.5075,9.6132,9.4829,408149252,9.5371
9/15/2010,9.6507,9.5775,9.6564,9.5657,429366280,9.5736
9/16/2010,9.8775,9.6514,9.8811,9.625,652101548,9.6507
9/17/2010,9.8346,9.9175,9.9271,9.7743,634474764,9.8775
9/20/2010,10.1154,9.86,10.135,9.8518,659291332,9.8346
9/21/2010,10.1346,10.1379,10.2625,10.0996,669675524,10.1154
9/22/2010,10.2768,10.0968,10.285,10.0861,585415096,10.1346
9/23/2010,10.3186,10.2261,10.4557,10.2143,786115484,10.2768
9/24/2010,10.44,10.4321,10.4832,10.3768,649487216,10.3186
9/27/2010,10.3987,10.4991,10.5261,10.3932,483099652,10.44
9/28/2010,10.245,10.4204,10.4204,9.8214,1035041644,10.3987
9/29/2010,10.2632,10.2582,10.3504,10.2143,469642432,10.245
9/30/2010,10.1339,10.3214,10.3571,10.0446,673389808,10.2632
10/1/2010,10.09,10.2195,10.235,10.0482,448405776,10.1339
10/4/2010,9.9514,10.0571,10.1036,9.9204,435299872,10.09
10/5/2010,10.3193,10.0714,10.3375,10.065,501965800,9.9514
10/6/2010,10.3282,10.3425,10.4282,10.1879,670866056,10.3193
10/7/2010,10.3293,10.3691,10.3743,10.2468,408397108,10.3282
10/8/2010,10.5025,10.4183,10.5179,10.3571,658403256,10.3293
10/11/2010,10.5486,10.5264,10.6157,10.5214,427750932,10.5025
10/12/2010,10.6621,10.5504,10.6964,10.4461,558538652,10.5486
10/13/2010,10.7193,10.7214,10.7843,10.7071,630090356,10.6621
10/14/2010,10.7968,10.7746,10.8025,10.7286,435295700,10.7193
10/15/2010,11.2407,10.98,11.25,10.8896,922193776,10.7968
10/18/2010,11.3571,11.3739,11.3929,11.2246,1104457564,11.2407
10/19/2010,11.0532,10.8357,11.2061,10.715,1232759332,11.3571
10/20/2010,11.0904,11.0357,11.2232,10.9596,721624120,11.0532
10/21/2010,11.0543,11.1557,11.2407,10.9571,551457284,11.0904
10/22/2010,10.9811,11.0382,11.0729,10.9393,372775424,11.0543
10/25/2010,11.03,11.0389,11.1286,11.0157,392431984,10.9811
10/26/2010,11.0018,10.9596,11.0621,10.9161,392929348,11.03
10/27/2010,10.9939,10.9875,11.0679,10.9143,399000280,11.0018
10/28/2010,10.9014,10.9982,11,10.7464,551046160,10.9939
10/29/2010,10.7493,10.8654,10.9243,10.7454,430508512,10.9014
11/1/2010,10.8636,10.7936,10.9143,10.7929,423889004,10.7493
11/2/2010,11.0486,10.9643,11.0782,10.9643,433929748,10.8636
11/3/2010,11.1714,11.1204,11.1743,11.0189,508347392,11.0486
11/4/2010,11.3668,11.2661,11.435,11.2511,642487916,11.1714
11/5/2010,11.3261,11.3568,11.4132,11.3125,361253060,11.3668
11/8/2010,11.3793,11.3286,11.4204,11.3129,281733228,11.3261
11/9/2010,11.2886,11.4661,11.475,11.2321,383715220,11.3793
11/10/2010,11.3582,11.3086,11.3846,11.1982,384225492,11.2886
11/11/2010,11.3091,11.25,11.3714,11.2232,361281732,11.3582
11/12/2010,11.0011,11.2857,11.3036,10.8439,795845848,11.3091
11/15/2010,10.9655,11.0164,11.0907,10.9382,403603816,11.0011
11/16/2010,10.7711,10.9186,10.9857,10.69,658949368,10.9655
11/17/2010,10.7321,10.7571,10.8568,10.6343,479449628,10.7711
11/18/2010,11.0154,10.9,11.0596,10.8818,494489772,10.7321
11/19/2010,10.9546,10.9989,11.0143,10.9014,384843172,11.0154
11/22/2010,11.1914,10.9529,11.1914,10.9239,393073968,10.9546
11/23/2010,11.0261,11.0875,11.1339,10.9486,519445136,11.1914
11/24/2010,11.2427,11.1429,11.2643,11.1339,414272544,11.0261
11/26/2010,11.2771,11.205,11.3464,11.1764,237744948,11.2427
11/29/2010,11.3168,11.2679,11.3386,11.1207,445759580,11.2771
11/30/2010,11.1125,11.1979,11.2271,11.1025,501853212,11.3168
12/1/2010,11.3,11.2596,11.3482,11.25,461750688,11.1125
12/2/2010,11.3625,11.3404,11.3929,11.2461,463651664,11.3
12/3/2010,11.3371,11.3218,11.3804,11.2979,342369132,11.3625
12/6/2010,11.4339,11.38,11.5118,11.3721,448480508,11.3371
12/7/2010,11.3646,11.5643,11.5711,11.3614,391453860,11.4339
12/8/2010,11.4646,11.4154,11.465,11.3254,321934004,11.3646
12/9/2010,11.4199,11.5047,11.5179,11.3936,294146104,11.4646
12/10/2010,11.4486,11.4161,11.4661,11.3786,262576972,11.4199
12/13/2010,11.4882,11.5846,11.6093,11.4643,439813332,11.4486
12/14/2010,11.4389,11.4904,11.5193,11.3929,351567048,11.4882
12/15/2010,11.4414,11.4286,11.5357,11.3996,417309256,11.4389
12/16/2010,11.4732,11.4675,11.5218,11.4321,322028392,11.4414
12/17/2010,11.4504,11.4868,11.4925,11.4368,387148272,11.4732
12/20/2010,11.5075,11.4857,11.5446,11.3654,385608776,11.4504
12/21/2010,11.5788,11.5357,11.5854,11.5018,256351536,11.5075
12/22/2010,11.6129,11.5843,11.6329,11.5554,266144116,11.5788
12/23/2010,11.5571,11.6071,11.6125,11.5418,223500704,11.6129
12/27/2010,11.5957,11.5304,11.6229,11.4829,249814796,11.5571
12/28/2010,11.6239,11.6396,11.6664,11.6093,175923188,11.5957
12/29/2010,11.6175,11.6507,11.6589,11.6107,163270688,11.6239
12/30/2010,11.5593,11.6243,11.6254,11.5375,157659964,11.6175
12/31/2010,11.52,11.5339,11.5529,11.4754,193655308,11.5593
1/3/2011,11.7704,11.63,11.795,11.6013,445121628,11.52
1/4/2011,11.8318,11.8729,11.875,11.7196,309348004,11.7704
1/5/2011,11.9286,11.7696,11.9407,11.7679,255516772,11.8318
1/6/2011,11.9189,11.9543,11.9732,11.8893,300426504,11.9286
1/7/2011,12.0043,11.9282,12.0125,11.8536,311928848,11.9189
1/10/2011,12.2305,12.1011,12.2582,12.0418,448557928,12.0043
1/11/2011,12.2014,12.3171,12.32,12.1239,444079972,12.2305
1/12/2011,12.3007,12.2589,12.3011,12.2143,302577240,12.2014
1/13/2011,12.3457,12.3271,12.38,12.2804,298144728,12.3007
1/14/2011,12.4457,12.3532,12.4457,12.3014,308838992,12.3457
1/18/2011,12.1661,11.7686,12.3129,11.6429,1880986800,12.4457
1/19/2011,12.1014,12.4411,12.45,12.0314,1135608796,12.1661
1/20/2011,11.8814,12.0154,12.0821,11.79,764789172,12.1014
1/21/2011,11.6686,11.9204,11.96,11.6654,754398848,11.8814
1/24/2011,12.0518,11.6739,12.0518,11.6686,574682192,11.6686
1/25/2011,12.1929,12.0118,12.1943,11.9489,546866600,12.0518
1/26/2011,12.2804,12.2486,12.3429,12.1964,506867116,12.1929
1/27/2011,12.2575,12.2779,12.3105,12.244,285023844,12.2804
1/28/2011,12.0036,12.2918,12.3,11.9117,592056584,12.2575
1/31/2011,12.1186,11.9929,12.1443,11.9393,377246408,12.0036
2/1/2011,12.3225,12.1893,12.3446,12.1779,426631772,12.1186
2/2/2011,12.2971,12.3018,12.3304,12.2696,258955228,12.3225
2/3/2011,12.2657,12.2786,12.2943,12.0911,393796592,12.2971
2/4/2011,12.375,12.2729,12.3821,12.2682,321838300,12.2657
2/7/2011,12.5671,12.4246,12.6161,12.4157,485019640,12.375
2/8/2011,12.6857,12.6314,12.6971,12.5768,381039624,12.5671
2/9/2011,12.7914,12.6854,12.8214,12.6739,482744360,12.6857
2/10/2011,12.6621,12.7639,12.8571,12.4286,928549440,12.7914
2/11/2011,12.7446,12.6697,12.7786,12.6264,367571792,12.6621
2/14/2011,12.8279,12.7425,12.8386,12.7396,310413964,12.7446
2/15/2011,12.8536,12.8282,12.8561,12.7696,284173764,12.8279
2/16/2011,12.9689,12.8857,13.0321,12.875,481155332,12.8536
2/17/2011,12.7964,12.7589,12.8668,12.7329,530574016,12.9689
2/18/2011,12.52,12.8111,12.8393,12.4829,816046896,12.7964
2/22/2011,12.0932,12.2196,12.3357,12.0614,872542244,12.52
2/23/2011,12.2364,12.0989,12.3086,12.0932,671851768,12.0932
2/24/2011,12.2457,12.2864,12.3268,12.0846,499898056,12.2364
2/25/2011,12.4343,12.3307,12.4439,12.3143,380017932,12.2457
2/28/2011,12.6146,12.5443,12.6804,12.54,403073916,12.4343
3/1/2011,12.4754,12.6954,12.7043,12.4172,456128652,12.6146
3/2/2011,12.5757,12.4986,12.6554,12.4429,602588756,12.4754
3/3/2011,12.8414,12.7568,12.8496,12.7114,500787056,12.5757
3/4/2011,12.8571,12.8596,12.8675,12.7768,453265932,12.8414
3/7/2011,12.6914,12.9071,12.9168,12.5468,546120596,12.8571
3/8/2011,12.7057,12.6754,12.7643,12.5804,356315820,12.6914
3/9/2011,12.5882,12.6675,12.67,12.5214,453396132,12.7057
3/10/2011,12.3811,12.4686,12.4918,12.3179,507888220,12.5882
3/11/2011,12.5711,12.3332,12.5829,12.3214,471080064,12.3811
3/14/2011,12.6271,12.6136,12.7316,12.5468,436454760,12.5711
3/15/2011,12.3368,12.2179,12.4229,12.1464,721077336,12.6271
3/16/2011,11.7861,12.2143,12.25,11.6521,1156750504,12.3368
3/17/2011,11.9514,12.0296,12.1289,11.8093,659419908,11.7861
3/18/2011,11.8096,12.0404,12.0786,11.7857,753210416,11.9514
3/21/2011,12.1179,11.9996,12.1336,11.9736,409390240,11.8096
3/22/2011,12.1857,12.2343,12.2364,12.1121,326232648,12.1179
3/23/2011,12.1139,12.1171,12.1507,11.9982,372993992,12.1857
3/24/2011,12.3204,12.2089,12.3571,12.1021,404710880,12.1139
3/25/2011,12.555,12.4311,12.5736,12.3936,449171184,12.3204
3/28/2011,12.5157,12.6125,12.6543,12.5157,309349628,12.555
3/29/2011,12.5343,12.4164,12.5343,12.3593,352899820,12.5157
3/30/2011,12.4511,12.5229,12.5314,12.4086,329405076,12.5343
3/31/2011,12.4467,12.37,12.4929,12.3593,274368024,12.4511
4/1/2011,12.3057,12.5396,12.5567,12.2607,418661600,12.4467
4/4/2011,12.1854,12.2968,12.3071,12.0857,460082168,12.3057
4/5/2011,12.1032,12.0354,12.2232,12,482963236,12.1854
4/6/2011,12.0729,12.1864,12.2821,12.0407,402538724,12.1032
4/7/2011,12.0743,12.075,12.1582,12.0011,373446080,12.0729
4/8/2011,11.9664,12.14,12.1482,11.9268,377533268,12.0743
4/11/2011,11.8143,11.9307,11.9882,11.7864,399150472,11.9664
4/12/2011,11.8714,11.8032,11.9189,11.7929,426508320,11.8143
4/13/2011,12.0046,11.965,12.005,11.8757,346435852,11.8714
4/14/2011,11.8721,11.9571,12,11.8593,301989604,12.0046
4/15/2011,11.695,11.9036,11.9157,11.6714,453832988,11.8721
4/18/2011,11.8518,11.6464,11.8654,11.4343,609897708,11.695
4/19/2011,12.0664,11.8964,12.0707,11.8468,419376972,11.8518
4/20/2011,12.2289,12.2682,12.3482,12.1964,700655368,12.0664
4/21/2011,12.5249,12.6786,12.6832,12.4471,753798472,12.2289
4/25/2011,12.6075,12.5121,12.6339,12.5107,266545160,12.5249
4/26/2011,12.515,12.6293,12.6782,12.4768,337602580,12.6075
4/27/2011,12.5054,12.58,12.5839,12.3964,356211548,12.515
4/28/2011,12.3839,12.3639,12.4911,12.34,361188492,12.5054
4/29/2011,12.5046,12.385,12.6411,12.3809,1006343716,12.3839
5/2/2011,12.3671,12.4907,12.5168,12.3393,442712984,12.5046
5/3/2011,12.4357,12.4282,12.4961,12.3436,313560996,12.3671
5/4/2011,12.4846,12.4379,12.5654,12.3886,389248916,12.4357
5/5/2011,12.3839,12.4429,12.5339,12.3589,336261408,12.4846
5/6/2011,12.3807,12.4889,12.5,12.3646,280245140,12.3839
5/9/2011,12.4143,12.4236,12.4714,12.376,204752604,12.3807
5/10/2011,12.4804,12.4604,12.4889,12.3807,282087876,12.4143
5/11/2011,12.4011,12.465,12.5,12.33,336074732,12.4804
5/12/2011,12.3775,12.3614,12.3971,12.2239,320958372,12.4011
5/13/2011,12.1607,12.345,12.3661,12.1554,326191824,12.3775
5/16/2011,11.9036,12.1143,12.1864,11.8786,450141496,12.1607
5/17/2011,12.005,11.8571,12.005,11.8118,452786628,11.9036
5/18/2011,12.1382,12.0168,12.1804,12,334773068,12.005
5/19/2011,12.1618,12.2171,12.2291,12.0954,261165240,12.1382
5/20/2011,11.9721,12.1271,12.1768,11.965,338190832,12.1618
5/23/2011,11.9429,11.7846,11.9993,11.765,382508868,11.9721
5/24/2011,11.8639,11.9821,11.9964,11.8336,322082600,11.9429
5/25/2011,12.0279,11.9082,12.0914,11.8875,294221732,11.8639
5/26/2011,11.9643,11.9989,12.0318,11.9441,222695004,12.0279
5/27/2011,12.0504,11.9571,12.0582,11.9396,203651588,11.9643
5/31/2011,12.4225,12.1821,12.4225,12.1786,417736536,12.0504
6/1/2011,12.3396,12.4596,12.5761,12.3089,554682408,12.4225
6/2/2011,12.3608,12.375,12.4279,12.2964,338884448,12.3396
6/3/2011,12.2657,12.2564,12.3332,12.2146,313443060,12.3608
6/6/2011,12.0729,12.3464,12.3946,12.0646,461938708,12.2657
6/7/2011,11.8586,12.0775,12.0793,11.8536,529972240,12.0729
6/8/2011,11.8657,11.8493,11.9571,11.8089,333886308,11.8586
6/9/2011,11.8389,11.9018,11.9168,11.8125,275364796,11.8657
6/10/2011,11.6393,11.8054,11.845,11.6254,434117600,11.8389
6/13/2011,11.6643,11.6857,11.7254,11.6096,329656432,11.6393
6/14/2011,11.8729,11.7857,11.9018,11.7611,334567604,11.6643
6/15/2011,11.6696,11.7768,11.7964,11.6029,399407540,11.8729
6/16/2011,11.6129,11.675,11.7386,11.3689,510589352,11.6696
6/17/2011,11.4379,11.7496,11.7589,11.4057,615490596,11.6129
6/20/2011,11.2614,11.3341,11.3464,11.0893,640645096,11.4379
6/21/2011,11.6179,11.31,11.6357,11.2571,493374056,11.2614
6/22/2011,11.5218,11.6129,11.7464,11.5136,390581744,11.6179
6/23/2011,11.8296,11.3907,11.8461,11.3614,559757016,11.5218
6/24/2011,11.6554,11.8346,11.8982,11.6104,439925248,11.8296
6/27/2011,11.8586,11.6996,11.925,11.6875,339959732,11.6554
6/28/2011,11.9736,11.9161,12.025,11.9086,294299628,11.8586
6/29/2011,11.93,12.0014,12.0132,11.8529,352716280,11.9736
6/30/2011,11.9882,11.9536,12.0046,11.8871,323229564,11.93
7/1/2011,12.2593,11.9982,12.2679,11.9357,435312836,11.9882
7/5/2011,12.4796,12.25,12.4939,12.2321,355274472,12.2593
7/6/2011,12.5629,12.4625,12.6464,12.3825,444624964,12.4796
7/7/2011,12.7571,12.6668,12.7857,12.6429,399661276,12.5629
7/8/2011,12.8468,12.6193,12.8571,12.5786,489926556,12.7571
7/11/2011,12.6429,12.7264,12.8489,12.6007,442855896,12.8468
7/12/2011,12.6339,12.6261,12.7743,12.4507,451606764,12.6429
7/13/2011,12.7864,12.7975,12.8571,12.7279,391638072,12.6339
7/14/2011,12.7775,12.8932,12.9146,12.7264,430532620,12.7864
7/15/2011,13.0329,12.8989,13.0357,12.8275,484465352,12.7775
7/18/2011,13.35,13.0511,13.3804,13.0457,572630492,13.0329
7/19/2011,13.4589,13.5,13.5232,13.3329,819145376,13.35
7/20/2011,13.8179,14.1471,14.1525,13.7857,941326848,13.4589
7/21/2011,13.8318,13.8196,13.9307,13.7107,526516144,13.8179
7/22/2011,14.0464,13.8686,14.1089,13.8482,516727540,13.8318
7/25/2011,14.2321,13.9411,14.2857,13.915,589804376,14.0464
7/26/2011,14.4075,14.2857,14.4464,14.2743,476580104,14.2321
7/27/2011,14.0211,14.3068,14.38,14.0054,659321880,14.4075
7/28/2011,13.9936,13.9864,14.1782,13.8618,594024368,14.0211
7/29/2011,13.9457,13.8443,14.1125,13.7143,632583560,13.9936
8/1/2011,14.1696,14.2064,14.2679,14.0132,612831828,13.9457
8/2/2011,13.8896,14.2018,14.2107,13.8696,639539040,14.1696
8/3/2011,14.0204,13.9636,14.0554,13.6514,732503184,13.8896
8/4/2011,13.4775,13.9075,13.9757,13.4768,871405696,14.0204
8/5/2011,13.3436,13.5871,13.6964,12.9489,1204561400,13.4775
8/8/2011,12.6146,12.9175,13.1346,12.6079,1143804816,13.3436
8/9/2011,13.3575,12.9036,13.3789,12.6786,1082582816,12.6146
8/10/2011,12.9889,13.2554,13.3804,12.9464,878649184,13.3575
8/11/2011,13.3464,13.2329,13.4089,13.0257,741964440,12.9889
8/12/2011,13.4639,13.5025,13.5586,13.3654,528973620,13.3464
8/15/2011,13.6932,13.5582,13.7489,13.5032,460541872,13.4639
8/16/2011,13.5886,13.6257,13.6918,13.4307,498888488,13.6932
8/17/2011,13.5871,13.6539,13.7329,13.5,442059772,13.5886
8/18/2011,13.0732,13.2443,13.3089,12.9061,851433156,13.5871
8/19/2011,12.7154,12.9346,13.1071,12.7143,775882184,13.0732
8/22/2011,12.73,13.0182,13.0314,12.6818,535304840,12.7154
8/23/2011,13.3429,12.8679,13.3443,12.75,656834304,12.73
8/24/2011,13.435,13.3382,13.5343,13.2357,626267628,13.3429
8/25/2011,13.3471,13.0386,13.4089,13.0357,871300304,13.435
8/26/2011,13.6993,13.2561,13.7071,13.2429,641475044,13.3471
8/29/2011,13.9275,13.8636,13.9821,13.8571,405252596,13.6993
8/30/2011,13.9282,13.8661,13.9943,13.7932,417921056,13.9275
8/31/2011,13.7439,13.9489,14.0029,13.6379,522755576,13.9282
9/1/2011,13.6082,13.7793,13.8336,13.5971,343722820,13.7439
9/2/2011,13.3589,13.3836,13.5,13.2796,439166056,13.6082
9/6/2011,13.5621,13.1204,13.5832,13.0886,509696516,13.3589
9/7/2011,13.7118,13.77,13.7714,13.6429,350575176,13.5621
9/8/2011,13.7193,13.6571,13.8789,13.6539,416157840,13.7118
9/9/2011,13.4814,13.7118,13.7857,13.3936,565077632,13.7193
9/12/2011,13.5693,13.3214,13.6029,13.2821,467831952,13.4814
9/13/2011,13.7364,13.6479,13.7932,13.5804,440737948,13.5693
9/14/2011,13.9036,13.8221,14.0075,13.7771,534723392,13.7364
9/15/2011,14.0343,13.9796,14.0593,13.925,417818324,13.9036
9/16/2011,14.3036,14.1264,14.3037,14.1082,698488644,14.0343
9/19/2011,14.7011,14.1786,14.7582,14.1144,823859120,14.3036
9/20/2011,14.7661,14.8304,15.1021,14.6854,775749156,14.7011
9/21/2011,14.7193,14.9871,15.0568,14.7143,605975020,14.7661
9/22/2011,14.3507,14.3225,14.6364,14.1679,968480548,14.7193
9/23/2011,14.4393,14.2957,14.5264,14.2804,546482440,14.3507
9/26/2011,14.3989,14.2807,14.4279,13.975,812875448,14.4393
9/27/2011,14.2593,14.5975,14.6161,14.2164,632497488,14.3989
9/28/2011,14.1789,14.2925,14.4193,14.1611,429852724,14.2593
9/29/2011,13.9489,14.3543,14.3646,13.7932,651364588,14.1789
9/30/2011,13.6186,13.8257,13.8889,13.6136,548236892,13.9489
10/3/2011,13.3786,13.5846,13.6657,13.3275,669076044,13.6186
10/4/2011,13.3036,13.3775,13.6357,12.6514,1233675548,13.3786
10/5/2011,13.5089,13.1379,13.565,12.8679,786469432,13.3036
10/6/2011,13.4775,13.3332,13.7421,13.2787,812580216,13.5089
10/7/2011,13.2071,13.4207,13.4907,13.1603,535616648,13.4775
10/10/2011,13.8861,13.5389,13.8861,13.5075,442513148,13.2071
10/11/2011,14.2961,14.0204,14.3993,13.9821,605681860,13.8861
10/12/2011,14.3639,14.5479,14.6161,14.2907,622283928,14.2961
10/13/2011,14.5868,14.4636,14.5868,14.3875,426183100,14.3639
10/14/2011,15.0714,14.8868,15.0714,14.8311,573366920,14.5868
10/17/2011,14.9996,15.0621,15.2393,14.855,686042784,15.0714
10/18/2011,15.08,15.0629,15.1717,14.8568,881600384,14.9996
10/19/2011,14.2364,14.3339,14.5864,14.2071,1103992372,15.08
10/20/2011,14.1182,14.2857,14.2982,14.0789,549529176,14.2364
10/21/2011,14.0311,14.2179,14.255,13.9554,621242048,14.1182
10/24/2011,14.4918,14.1493,14.5179,14.1214,502356176,14.0311
10/25/2011,14.2061,14.4654,14.5196,14.1921,430600800,14.4918
10/26/2011,14.3071,14.3486,14.3768,14.0411,456299928,14.2061
10/27/2011,14.4532,14.5557,14.6071,14.3532,494853268,14.3071
10/28/2011,14.4625,14.3929,14.5125,14.3754,322838992,14.4532
10/31/2011,14.4564,14.3721,14.6189,14.3232,385625212,14.4625
11/1/2011,14.1611,14.1932,14.2679,14.0436,531787508,14.4564
11/2/2011,14.1932,14.2889,14.3014,14.1111,328254668,14.1611
11/3/2011,14.3954,14.2525,14.4071,14.12,441130648,14.1932
11/4/2011,14.2943,14.3582,14.4086,14.2557,302227968,14.3954
11/7/2011,14.2761,14.2825,14.2857,14.1475,270263196,14.2943
11/8/2011,14.5082,14.3646,14.5714,14.3414,400439368,14.2761
11/9/2011,14.1171,14.1775,14.3175,14.0796,558683720,14.5082
11/10/2011,13.7579,14.1796,14.1861,13.6482,744981076,14.1171
11/11/2011,13.7364,13.8075,13.8821,13.5807,653784068,13.7579
11/14/2011,13.545,13.6971,13.7589,13.5071,433062028,13.7364
11/15/2011,13.8868,13.6,13.9107,13.5518,430979248,13.545
11/16/2011,13.7418,13.9018,13.9693,13.7257,349208048,13.8868
11/17/2011,13.4789,13.7136,13.735,13.4107,480120592,13.7418
11/18/2011,13.3907,13.5329,13.5711,13.3886,372075060,13.4789
11/21/2011,13.1789,13.2286,13.2743,13.0682,448202356,13.3907
11/22/2011,13.4468,13.2507,13.4975,13.2479,409297364,13.1789
11/23/2011,13.1068,13.3754,13.4229,13.1029,428641780,13.4468
11/25/2011,12.9846,13.1579,13.2554,12.9757,254759204,13.1068
11/28/2011,13.4329,13.2982,13.4543,13.2261,346643416,12.9846
11/29/2011,13.3286,13.4229,13.5296,13.2214,376031432,13.4329
11/30/2011,13.65,13.6175,13.6527,13.5107,406066808,13.3286
12/1/2011,13.8546,13.6621,13.8929,13.5982,387179352,13.65
12/2/2011,13.9179,13.9225,14.0582,13.8779,379273160,13.8546
12/5/2011,14.0361,14.0532,14.1575,13.9424,357368508,13.9179
12/6/2011,13.9625,14.0182,14.0939,13.9064,283804052,14.0361
12/7/2011,13.8961,13.9261,13.9621,13.8129,304999716,13.9625
12/8/2011,13.9521,13.9804,14.125,13.9368,376356204,13.8961
12/9/2011,14.0579,14.0304,14.0729,13.9654,297143140,13.9521
12/12/2011,13.9943,13.9886,14.0679,13.9089,301065464,14.0579
12/13/2011,13.8861,14.0357,14.1214,13.825,339136812,13.9943
12/14/2011,13.5782,13.8107,13.835,13.4886,407154720,13.8861
12/15/2011,13.5336,13.6904,13.705,13.5111,256448500,13.5782
12/16/2011,13.6079,13.5843,13.7196,13.5561,421577604,13.5336
12/19/2011,13.6504,13.6596,13.7446,13.5886,235527656,13.6079
12/20/2011,14.1411,13.8486,14.1464,13.8307,337402912,13.6504
12/21/2011,14.1588,14.1675,14.1893,14.0004,262946712,14.1411
12/22/2011,14.2339,14.1786,14.2546,14.1464,202356448,14.1588
12/23/2011,14.4046,14.2746,14.4139,14.2677,269607856,14.2339
12/27/2011,14.5189,14.3964,14.6104,14.3936,265234452,14.4046
12/28/2011,14.38,14.5318,14.5804,14.3336,228856908,14.5189
12/29/2011,14.4686,14.4071,14.4875,14.3039,216156164,14.38
12/30/2011,14.4643,14.4111,14.51,14.4104,179774840,14.4686
1/3/2012,14.6868,14.6214,14.7321,14.6071,302258796,14.4643
1/4/2012,14.7657,14.6429,14.81,14.6171,260244432,14.6868
1/5/2012,14.9296,14.8196,14.9482,14.7382,271267220,14.7657
1/6/2012,15.0857,14.9918,15.0982,14.9721,318385648,14.9296
1/9/2012,15.0618,15.1964,15.2768,15.0482,394023168,15.0857
1/10/2012,15.1157,15.2111,15.2143,15.0536,258327048,15.0618
1/11/2012,15.0911,15.0957,15.1018,14.9754,215192236,15.1157
1/12/2012,15.0496,15.0814,15.1036,14.9554,212723644,15.0911
1/13/2012,14.9932,14.9893,15.0161,14.9521,226158996,15.0496
1/17/2012,15.1679,15.15,15.2139,15.1057,242896220,14.9932
1/18/2012,15.3254,15.2486,15.3382,15.225,276791032,15.1679
1/19/2012,15.2768,15.3625,15.406,15.2325,261737812,15.3254
1/20/2012,15.0107,15.2675,15.2679,14.9911,413968996,15.2768
1/23/2012,15.2646,15.0954,15.3018,15.0821,306061784,15.0107
1/24/2012,15.0146,15.1821,15.1821,14.9839,547637244,15.2646
1/25/2012,15.9521,16.23,16.2304,15.8475,958263348,15.0146
1/26/2012,15.8796,16.0129,16.0282,15.8264,324230844,15.9521
1/27/2012,15.9743,15.8693,16.0171,15.8489,299886524,15.8796
1/30/2012,16.1789,15.9182,16.2107,15.9068,379328292,15.9743
1/31/2012,16.3029,16.2711,16.3657,16.1811,391911940,16.1789
2/1/2012,16.2925,16.3718,16.3925,16.2696,270042248,16.3029
2/2/2012,16.2543,16.2821,16.3275,16.2136,186794188,16.2925
2/3/2012,16.4171,16.3321,16.4286,16.27,286868036,16.2543
2/6/2012,16.5704,16.3707,16.6064,16.3643,249682384,16.4171
2/7/2012,16.7439,16.6161,16.7768,16.5922,316221052,16.5704
2/8/2012,17.0243,16.8036,17.0282,16.775,407877120,16.7439
2/9/2012,17.6132,17.17,17.7411,17.1629,884214408,17.0243
2/10/2012,17.6221,17.5343,17.7721,17.4482,631299900,17.6132
2/13/2012,17.95,17.8404,17.9939,17.7532,517206424,17.6221
2/14/2012,18.195,18.0236,18.1986,17.9286,461932044,17.95
2/15/2012,17.7739,18.3664,18.7961,17.7461,1506112160,18.195
2/16/2012,17.9361,17.5536,18.0318,17.3796,944549620,17.7739
2/17/2012,17.9329,17.9682,18.1346,17.8679,535788764,17.9361
2/21/2012,18.3875,18.1029,18.3875,18.0043,605585596,17.9329
2/22/2012,18.3229,18.3243,18.4104,18.1811,483295232,18.3875
2/23/2012,18.4425,18.3957,18.4939,18.1964,568025248,18.3229
2/24/2012,18.6575,18.5596,18.675,18.5229,415279620,18.4425
2/27/2012,18.7771,18.6182,18.875,18.4386,547581216,18.6575
2/28/2012,19.1218,18.8557,19.1218,18.7804,600385912,18.7771
2/29/2012,19.3729,19.3414,19.5575,19.1321,952001512,19.1218
3/1/2012,19.4454,19.5775,19.5789,19.2418,683252752,19.3729
3/2/2012,19.4707,19.4371,19.5286,19.3757,431710356,19.4454
3/5/2012,19.0414,19.4793,19.5529,18.7857,809120732,19.4707
3/6/2012,18.9379,18.7021,19.0604,18.4365,810238604,19.0414
3/7/2012,18.9532,19.1714,19.2064,18.6893,798518196,18.9379
3/8/2012,19.3568,19.0961,19.3925,19.0043,516442892,18.9532
3/9/2012,19.4704,19.4361,19.5621,19.3968,418898928,19.3568
3/12/2012,19.7143,19.6065,19.7143,19.5357,407280076,19.4704
3/13/2012,20.2893,19.9121,20.2921,19.8482,690850636,19.7143
3/14/2012,21.0564,20.6446,21.24,20.55,1418838988,20.2893
3/15/2012,20.9129,21.4146,21.4289,20.6625,1159671072,21.0564
3/16/2012,20.9132,20.8829,21.0429,20.6429,825487516,20.9129
3/19/2012,21.4679,21.3704,21.4918,21.0375,901235160,20.9132
3/20/2012,21.6414,21.4111,21.675,20.7857,816668132,21.4679
3/21/2012,21.5179,21.5264,21.7732,21.4789,644041496,21.6414
3/22/2012,21.405,21.3493,21.5893,21.2689,624131592,21.5179
3/23/2012,21.2875,21.4461,21.4929,21.2286,430487260,21.405
3/26/2012,21.6779,21.4211,21.6839,21.2593,595736876,21.2875
3/27/2012,21.9457,21.6493,22.01,21.645,607128564,21.6779
3/28/2012,22.0579,22.085,22.1946,21.7968,655459476,21.9457
3/29/2012,21.7807,21.885,22.02,21.6868,608237728,22.0579
3/30/2012,21.4125,21.7418,21.8057,21.355,731037580,21.7807
4/2/2012,22.0939,21.4939,22.0989,21.4421,598345832,21.4125
4/3/2012,22.4757,22.4036,22.5789,22.2325,834553440,22.0939
4/4/2012,22.2968,22.2982,22.3521,22.0357,572980380,22.4757
4/5/2012,22.6314,22.3921,22.6664,22.2643,641275432,22.2968
4/9/2012,22.7225,22.3618,22.8514,22.3321,597536184,22.6314
4/10/2012,22.4443,22.8546,23,22.3571,889689808,22.7225
4/11/2012,22.3643,22.7214,22.7454,22.2622,696611076,22.4443
4/12/2012,22.2418,22.3214,22.5475,22.1607,614328652,22.3643
4/13/2012,21.6154,22.2896,22.3107,21.5539,859644268,22.2418
4/16/2012,20.7189,21.7879,21.7957,20.6518,1050784224,21.6154
4/17/2012,21.775,20.6764,21.7857,20.4254,1025485888,20.7189
4/18/2012,21.7264,21.9186,22.1518,21.5254,954529884,21.775
4/19/2012,20.98,21.4364,21.5976,20.8757,834713460,21.7264
4/20/2012,20.4636,21.1207,21.2364,20.3721,1030975232,20.98
4/23/2012,20.4179,20.3789,20.5954,19.8793,966517916,20.4636
4/24/2012,20.01,20.0932,20.2746,19.8214,1076399352,20.4179
4/25/2012,21.7857,21.987,22.0714,21.6429,905710680,20.01
4/26/2012,21.7036,21.9382,21.9532,21.5046,536065096,21.7857
4/27/2012,21.5357,21.6096,21.6493,21.4464,406770000,21.7036
4/30/2012,20.8564,21.35,21.3714,20.8214,506140152,21.5357
5/1/2012,20.7904,20.8893,21.3129,20.7582,610998052,20.8564
5/2/2012,20.9279,20.7229,20.9786,20.6736,427624064,20.7904
5/3/2012,20.7793,21.0893,21.1214,20.725,390548228,20.9279
5/4/2012,20.1875,20.61,20.6557,20.1846,529989684,20.7793
5/7/2012,20.3386,20.0536,20.4561,20.0439,460292868,20.1875
5/8/2012,20.2921,20.3421,20.4107,19.9546,497250880,20.3386
5/9/2012,20.3279,20.1321,20.4992,20.0304,480703692,20.2921
5/10/2012,20.3757,20.5207,20.5671,20.3015,333271008,20.3279
5/11/2012,20.2396,20.1786,20.5168,20.1554,399545328,20.3757
5/14/2012,19.9364,20.0918,20.2682,19.9143,352624412,20.2396
5/15/2012,19.7561,20.0518,20.115,19.7054,476306712,19.9364
5/16/2012,19.5027,19.7875,19.8889,19.3229,560895496,19.7561
5/17/2012,18.9329,19.4754,19.5536,18.9329,717218852,19.5027
5/18/2012,18.9421,19.07,19.4075,18.8807,732287052,18.9329
5/21/2012,20.0457,19.0893,20.055,19.0732,631091160,18.9421
5/22/2012,19.8918,20.3411,20.4957,19.735,694787016,20.0457
5/23/2012,20.3771,19.9107,20.4571,19.7582,584897460,19.8918
5/24/2012,20.19,20.5668,20.5893,20.0439,496198024,20.3771
5/25/2012,20.0818,20.1639,20.2089,19.9454,328466208,20.19
5/29/2012,20.4382,20.3893,20.5,20.1896,380505384,20.0818
5/30/2012,20.6846,20.3286,20.7139,20.2343,529420836,20.4382
5/31/2012,20.6332,20.7407,20.7679,20.4093,491910412,20.6846
6/1/2012,20.0354,20.3271,20.4518,20.0186,520980376,20.6332
6/4/2012,20.1532,20.0536,20.2679,19.5893,556988516,20.0354
6/5/2012,20.1011,20.0454,20.2311,19.9404,388213504,20.1532
6/6/2012,20.4093,20.2775,20.4946,20.1964,401449048,20.1011
6/7/2012,20.4186,20.6175,20.6186,20.375,379972656,20.4093
6/8/2012,20.7257,20.4143,20.7351,20.3214,347491480,20.4186
6/11/2012,20.3989,20.99,21.0179,20.3796,591262784,20.7257
6/12/2012,20.5771,20.5164,20.5936,20.2393,435579844,20.3989
6/13/2012,20.4343,20.5186,20.66,20.3707,293772920,20.5771
6/14/2012,20.4118,20.4014,20.4821,20.2593,345841132,20.4343
6/15/2012,20.5046,20.3929,20.5221,20.3411,335253520,20.4118
6/18/2012,20.9207,20.3914,20.9961,20.3704,440411160,20.5046
6/19/2012,20.9789,20.8357,21.0714,20.825,361403728,20.9207
6/20/2012,20.9193,21.0075,21.0446,20.7429,359158576,20.9789
6/21/2012,20.6311,20.9086,21.0079,20.6229,326505032,20.9193
6/22/2012,20.7893,20.68,20.7925,20.5507,284745244,20.6311
6/25/2012,20.3845,20.6179,20.7071,20.3704,304354624,20.7893
6/26/2012,20.4295,20.4046,20.5175,20.2618,276750012,20.3845
6/27/2012,20.5179,20.5357,20.5979,20.4257,203059080,20.4295
6/28/2012,20.3232,20.4168,20.5,20.2004,283042172,20.5179
6/29/2012,20.8571,20.6429,20.8571,20.5089,421440124,20.3232
7/2/2012,21.1614,20.8832,21.1954,20.8429,400091104,20.8571
7/3/2012,21.4075,21.2457,21.4286,21.2143,241712660,21.1614
7/5/2012,21.7836,21.4486,21.9407,21.4161,484380484,21.4075
7/6/2012,21.6386,21.6818,21.73,21.485,419028624,21.7836
7/9/2012,21.9246,21.6179,21.925,21.5754,379400896,21.6386
7/10/2012,21.7218,22.0704,22.1382,21.6182,511957628,21.9246
7/11/2012,21.5868,21.6471,21.7021,21.3293,469317464,21.7218
7/12/2012,21.3893,21.4371,21.5525,21.1671,427988652,21.5868
7/13/2012,21.6061,21.5339,21.6854,21.4286,311617796,21.3893
7/16/2012,21.6754,21.6114,21.8436,21.6079,301305368,21.6061
7/17/2012,21.6764,21.8139,21.8393,21.5411,293812148,21.6754
7/18/2012,21.6521,21.6639,21.7264,21.5557,252699552,21.6764
7/19/2012,21.94,21.8314,21.9768,21.6429,436858268,21.6521
7/20/2012,21.5821,21.8939,21.9443,21.5607,397469800,21.94
7/23/2012,21.5654,21.2286,21.6393,20.9896,487975180,21.5821
7/24/2012,21.4614,21.6921,21.7743,21.3754,565132176,21.5654
7/25/2012,20.5346,20.5164,20.7429,20.3571,877257472,21.4614
7/26/2012,20.5314,20.7057,20.7286,20.37,406810320,20.5346
7/27/2012,20.8986,20.5361,20.9225,20.4139,404052964,20.5314
7/30/2012,21.2511,21.1043,21.4086,20.9936,379139880,20.8986
7/31/2012,21.8129,21.5439,21.8464,21.5257,462326704,21.2511
8/1/2012,21.6718,21.9966,22.0143,21.5357,384498968,21.8129
8/2/2012,21.7068,21.53,21.8104,21.4375,332248812,21.6718
8/3/2012,21.9893,21.9154,22.0707,21.8414,344914416,21.7068
8/6/2012,22.2339,22.0461,22.3167,21.9736,302320032,21.9893
8/7/2012,22.1755,22.2418,22.3214,22.0729,290509968,22.2339
8/8/2012,22.1379,22.1211,22.2814,22.0393,244704320,22.1755
8/9/2012,22.1689,22.0661,22.2046,22.0643,221810344,22.1379
8/10/2012,22.2036,22.0968,22.2057,22.0964,195060180,22.1689
8/13/2012,22.5,22.2639,22.5,22.2589,278829852,22.2036
8/14/2012,22.5604,22.5668,22.8075,22.5075,340167296,22.5
8/15/2012,22.5296,22.5464,22.6429,22.4196,257509112,22.5604
8/16/2012,22.7264,22.5432,22.7414,22.5179,254776816,22.5296
8/17/2012,23.1468,22.8571,23.1496,22.8146,442759576,22.7264
8/20/2012,23.7554,23.2146,23.7554,23.2107,613382756,23.1468
8/21/2012,23.4308,23.9579,24.1029,23.2261,812705040,23.7554
8/22/2012,23.8882,23.3721,23.8929,23.1468,565322548,23.4308
8/23/2012,23.6654,23.7896,23.925,23.6125,420118272,23.8882
8/24/2012,23.6865,23.5539,23.91,23.4125,437336452,23.6654
8/27/2012,24.1314,24.2854,24.3168,24.055,426914404,23.6865
8/28/2012,24.1,24.1063,24.1464,23.9526,267377292,24.1314
8/29/2012,24.0524,24.1161,24.2025,24.0214,202804336,24.1
8/30/2012,23.7096,23.9514,23.9841,23.6733,302691172,24.0524
8/31/2012,23.7586,23.8304,23.8786,23.4732,338318428,23.7096
9/4/2012,24.1061,23.7771,24.1121,23.7321,367890516,23.7586
9/5/2012,23.9368,24.1275,24.1554,23.9143,336361900,24.1061
9/6/2012,24.1525,24.0418,24.2246,23.9571,391382656,23.9368
9/7/2012,24.3014,24.2161,24.3743,24.1346,329664580,24.1525
9/10/2012,23.6693,24.3018,24.4032,23.6464,487995592,24.3014
9/11/2012,23.5925,23.7539,23.9321,23.4464,503939408,23.6693
9/12/2012,23.9211,23.8161,23.925,23.4286,712217968,23.5925
9/13/2012,24.3921,24.1918,24.4821,24.0989,598358516,23.9211
9/14/2012,24.6886,24.6413,24.8921,24.5675,600473244,24.3921
9/17/2012,24.9922,24.9768,24.9929,24.8075,398029996,24.6886
9/18/2012,25.0682,24.9957,25.0832,24.8721,373502668,24.9922
9/19/2012,25.075,25.0093,25.1425,24.9846,326860016,25.0682
9/20/2012,24.9536,24.97,25.0021,24.7721,336567728,25.075
9/21/2012,25.0034,25.0861,25.1811,24.9772,571588304,24.9536
9/24/2012,24.6711,24.5307,24.8257,24.3929,639744784,25.0034
9/25/2012,24.055,24.5807,24.7421,24.0357,518761796,24.6711
9/26/2012,23.7564,23.8836,24.0246,23.6143,576703624,24.055
9/27/2012,24.3329,23.7246,24.3632,23.5839,594088124,23.7564
9/28/2012,23.8252,24.2411,24.3254,23.8125,535108308,24.3329
10/1/2012,23.5496,23.97,24.1696,23.4464,543583684,23.8252
10/2/2012,23.6182,23.6361,23.7982,23.2375,627990552,23.5496
10/3/2012,23.9804,23.745,23.995,23.6654,424278876,23.6182
10/4/2012,23.8143,23.9732,24.0804,23.7696,370755252,23.9804
10/5/2012,23.3068,23.7571,23.7857,23.26,594004432,23.8143
10/8/2012,22.7918,23.1029,23.1271,22.7182,637979468,23.3068
10/9/2012,22.7089,22.8089,22.8746,22.2696,838595548,22.7918
10/10/2012,22.8896,22.8479,23.035,22.75,510355720,22.7089
10/11/2012,22.4321,23.0893,23.1143,22.4321,546080388,22.8896
10/12/2012,22.4898,22.4843,22.6921,22.3321,460014660,22.4321
10/15/2012,22.67,22.5839,22.6832,22.2804,432499844,22.4898
10/16/2012,23.2069,22.6918,23.225,22.5357,549771264,22.67
10/17/2012,23.0219,23.1739,23.3139,23,389310572,23.2069
10/18/2012,22.5943,22.8425,22.9307,22.5,476622048,23.0219
10/19/2012,21.78,22.5375,22.5632,21.7721,744084068,22.5943
10/22/2012,22.6439,21.8721,22.6921,21.8129,546729568,21.78
10/23/2012,21.9056,22.5357,22.6393,21.8464,707144788,22.6439
10/24/2012,22.0296,22.1943,22.3768,21.8086,558527088,21.9056
10/25/2012,21.7692,22.1429,22.2143,21.6268,656325572,22.0296
10/26/2012,21.5714,21.7654,21.9286,21.1071,1018423336,21.7692
10/31/2012,21.2614,21.2457,21.4986,20.9893,510001884,21.5714
11/1/2012,21.305,21.365,21.5357,21.2204,361447688,21.2614
11/2/2012,20.6,21.2818,21.3196,20.5268,599372256,21.305
11/5/2012,20.8793,20.8398,20.9918,20.6286,529284896,20.6
11/6/2012,20.8161,21.0796,21.0979,20.7175,374916164,20.8793
11/7/2012,19.9286,20.4941,20.5193,19.8482,793648744,20.8161
11/8/2012,19.2054,20.0225,20.0796,19.1175,1056145356,19.9286
11/9/2012,19.5379,19.3007,19.8171,19.0614,929905984,19.2054
11/12/2012,19.3868,19.7911,19.8036,19.2375,515801916,19.5379
11/13/2012,19.3892,19.2468,19.66,19.1557,533210440,19.3868
11/14/2012,19.1743,19.4821,19.5518,19.1493,477167908,19.3892
11/15/2012,18.7721,19.1975,19.2679,18.665,789909540,19.1743
11/16/2012,18.8456,18.7571,18.9286,18.0625,1266891052,18.7721
11/19/2012,20.2046,19.3111,20.2679,19.2814,823171860,18.8456
11/20/2012,20.0326,20.4254,20.4268,19.8064,642751424,20.2046
11/21/2012,20.0607,20.1518,20.2632,19.8786,373227036,20.0326
11/23/2012,20.4107,20.2561,20.4286,20.0929,272826316,20.0607
11/26/2012,21.0546,20.5679,21.0714,20.4896,630577724,20.4107
11/27/2012,20.885,21.0554,21.0864,20.7179,533313816,21.0546
11/28/2012,20.8193,20.6168,20.9214,20.4379,521059924,20.885
11/29/2012,21.0486,21.0791,21.2232,20.9018,514698100,20.8193
11/30/2012,20.9029,20.9568,21.0143,20.81,391299944,21.0486
12/3/2012,20.9354,21.2018,21.2354,20.9107,364276388,20.9029
12/4/2012,20.5659,20.7786,20.7786,20.4332,557929568,20.9354
12/5/2012,19.2426,20.3182,20.3304,19.2418,1044637412,20.5659
12/6/2012,19.5444,18.8907,19.7611,18.5225,1177207164,19.2426
12/7/2012,19.0446,19.7643,19.8286,18.9286,787767176,19.5444
12/10/2012,18.9222,18.75,19.2325,18.6279,630482300,19.0446
12/11/2012,19.3353,19.2775,19.6271,19.1918,592343612,18.9222
12/12/2012,19.25,19.5632,19.5714,19.1525,487132520,19.3353
12/13/2012,18.9175,18.9696,19.2014,18.7786,625258508,19.25
12/14/2012,18.2069,18.3839,18.5047,18.0564,1009577996,18.9175
12/17/2012,18.5296,18.1761,18.5714,17.9011,758944088,18.2069
12/18/2012,19.0679,18.75,19.1036,18.5804,625668092,18.5296
12/19/2012,18.7968,18.9811,19.0607,18.7679,449361696,19.0679
12/20/2012,18.6332,18.9286,18.9357,18.5314,481687192,18.7968
12/21/2012,18.5475,18.3025,18.5596,18.2229,596518216,18.6332
12/24/2012,18.5774,18.5839,18.7232,18.5254,175747908,18.5475
12/26/2012,18.3214,18.5357,18.5521,18.2543,302436120,18.5774
12/27/2012,18.395,18.3407,18.4375,18.0236,455118720,18.3214
12/28/2012,18.1996,18.2246,18.3743,18.1471,354276972,18.395
12/31/2012,19.0062,18.2332,19.1214,18.1786,659491140,18.1996
1/2/2013,19.6082,19.7793,19.8214,19.3439,560499464,19.0062
1/3/2013,19.3606,19.5671,19.6311,19.3214,352963800,19.6082
1/4/2013,18.8214,19.1773,19.2368,18.7796,594327440,19.3606
1/7/2013,18.7107,18.6429,18.9036,18.4,484152704,18.8214
1/8/2013,18.7611,18.9004,18.9961,18.6161,458707004,18.7107
1/9/2013,18.4679,18.6607,18.7502,18.4282,407599836,18.7611
1/10/2013,18.6968,18.8768,18.8829,18.4114,601141184,18.4679
1/11/2013,18.5821,18.6071,18.7614,18.5364,350754964,18.6968
1/14/2013,17.9196,17.9529,18.125,17.8039,734177584,18.5821
1/15/2013,17.3543,17.7964,17.8211,17.2636,876771728,17.9196
1/16/2013,18.0746,17.6657,18.1943,17.5893,690800180,17.3543
1/17/2013,17.9529,18.2254,18.2411,17.9296,453650316,18.0746
1/18/2013,17.8571,17.8041,17.9364,17.7286,473149068,17.9529
1/22/2013,18.0275,18.02,18.1386,17.7368,461544692,17.8571
1/23/2013,18.3573,18.1718,18.3925,18.0275,861503412,18.0275
1/24/2013,16.0893,16.4286,16.6332,16.0804,1460851812,18.3573
1/25/2013,15.71,16.1318,16.2939,15.5357,1207974012,16.0893
1/28/2013,16.0654,15.6366,16.1861,15.5664,785515724,15.71
1/29/2013,16.3668,16.375,16.4357,16.1471,571072068,16.0654
1/30/2013,16.3154,16.3214,16.5214,16.2321,417153268,16.3668
1/31/2013,16.2675,16.3207,16.4029,16.2493,319332860,16.3154
2/1/2013,16.2007,16.3968,16.41,16.0125,539468356,16.2675
2/4/2013,15.797,16.2111,16.2836,15.7857,477115016,16.2007
2/5/2013,16.3516,15.8589,16.4193,15.7936,573346144,15.797
2/6/2013,16.3339,16.3025,16.6607,16.1636,593704048,16.3516
2/7/2013,16.7221,16.5446,16.7857,16.2186,704580296,16.3339
2/8/2013,16.9636,16.9286,17.1004,16.7232,633155936,16.7221
2/11/2013,17.1404,17.0179,17.3193,16.9018,517434064,16.9636
2/12/2013,16.7107,17.1254,17.2279,16.7051,609050848,17.1404
2/13/2013,16.6789,16.6861,16.9157,16.5436,475204884,16.7107
2/14/2013,16.6639,16.59,16.8443,16.5721,355506004,16.6789
2/15/2013,16.4343,16.7446,16.7914,16.4257,391924708,16.6639
2/19/2013,16.4282,16.4679,16.5261,16.2089,435776852,16.4343
2/20/2013,16.0304,16.3461,16.3461,16.0286,476299544,16.4282
2/21/2013,15.9307,15.9286,16.0418,15.815,447180720,16.0304
2/22/2013,16.1004,16.0446,16.1286,15.95,330654576,15.9307
2/25/2013,15.8143,16.2089,16.2543,15.8061,372577856,16.1004
2/26/2013,16.0346,15.8507,16.1264,15.6307,501496296,15.8143
2/27/2013,15.8775,16.0154,16.1586,15.7375,587347712,16.0346
2/28/2013,15.7643,15.8589,15.9954,15.7643,322514948,15.8775
3/1/2013,15.3739,15.6429,15.6493,15.3564,552447168,15.7643
3/4/2013,15.0018,15.2786,15.2929,14.9643,582737596,15.3739
3/5/2013,15.398,15.0529,15.5425,15.0268,638428168,15.0018
3/6/2013,15.2022,15.5182,15.5446,15.1582,460249076,15.398
3/7/2013,15.3779,15.1607,15.4289,15.0379,468471304,15.2022
3/8/2013,15.4186,15.35,15.5511,15.3075,391595932,15.3779
3/11/2013,15.6382,15.3482,15.6789,15.1836,474233424,15.4186
3/12/2013,15.3011,15.5571,15.6743,15.2704,465909892,15.6382
3/13/2013,15.2982,15.3018,15.5179,15.1914,405816768,15.3011
3/14/2013,15.4464,15.4582,15.5229,15.3732,303874984,15.2982
3/15/2013,15.845,15.6404,15.8654,15.6161,643959148,15.4464
3/18/2013,16.2757,15.7661,16.3379,15.7571,606196360,15.845
3/19/2013,16.2318,16.4107,16.4632,16.0179,526773240,16.2757
3/20/2013,16.1457,16.3364,16.3439,16.0568,308660632,16.2318
3/21/2013,16.1689,16.0793,16.3564,16.075,383253640,16.1457
3/22/2013,16.4968,16.235,16.5036,16.1825,395104444,16.1689
3/25/2013,16.5564,16.5961,16.7839,16.4921,501133752,16.4968
3/26/2013,16.4691,16.6229,16.6371,16.4475,294293692,16.5564
3/27/2013,16.1457,16.3021,16.3143,16.0975,331409176,16.4691
3/28/2013,15.8093,16.065,16.1364,15.7721,442982344,16.1457
4/1/2013,15.3182,15.7821,15.8464,15.2764,389729956,15.8093
4/2/2013,15.3497,15.2714,15.6479,15.2286,529772936,15.3182
4/3/2013,15.4282,15.4061,15.6171,15.3682,363214908,15.3497
4/4/2013,15.2757,15.4914,15.5357,15.1875,358658552,15.4282
4/5/2013,15.1143,15.1607,15.1768,14.9886,383693912,15.2757
4/8/2013,15.2218,15.1732,15.2679,15.0889,301058968,15.1143
4/9/2013,15.2493,15.2271,15.3036,15.0982,306752460,15.2218
4/10/2013,15.5604,15.2893,15.6093,15.2146,375926992,15.2493
4/11/2013,15.5118,15.49,15.6425,15.4,328616372,15.5604
4/12/2013,15.35,15.5054,15.5054,15.3246,238725116,15.5118
4/15/2013,14.9946,15.25,15.2818,14.9839,317518824,15.35
4/16/2013,15.2229,15.0561,15.2361,15.0204,305771032,14.9946
4/17/2013,14.3857,15.0096,15.0214,14.2182,945053844,15.2229
4/18/2013,14.0018,14.4639,14.4925,13.9194,666296652,14.3857
4/19/2013,13.9475,13.8561,14.2714,13.7536,609272804,14.0018
4/22/2013,14.2382,14.0229,14.3643,13.9741,429917768,13.9475
4/23/2013,14.5046,14.4282,14.585,14.2432,664235796,14.2382
4/24/2013,14.4808,14.055,14.8304,14.0179,969833564,14.5046
4/25/2013,14.585,14.6866,14.7836,14.5357,384836620,14.4808
4/26/2013,14.9002,14.6361,14.956,14.5804,764275960,14.585
4/29/2013,15.3614,15.0161,15.4863,15,640324440,14.9002
4/30/2013,15.8136,15.5393,15.9018,15.4311,691537448,15.3614
5/1/2013,15.6889,15.8736,15.8904,15.5139,507154788,15.8136
5/2/2013,15.9114,15.7779,16.0211,15.7368,422024736,15.6889
5/3/2013,16.0707,16.1182,16.1868,16.0411,361527152,15.9114
5/6/2013,16.4539,16.2754,16.5071,16.2254,496640648,16.0707
5/7/2013,16.3806,16.6061,16.6339,16.2036,483752304,16.4539
5/8/2013,16.5657,16.3943,16.6204,16.2789,472596152,16.3806
5/9/2013,16.3132,16.4218,16.5357,16.2707,398749904,16.5657
5/10/2013,16.1775,16.3561,16.4182,16.0886,334849928,16.3132
5/13/2013,16.2407,16.1254,16.3536,16.125,317109240,16.1775
5/14/2013,15.8521,16.2089,16.2571,15.7911,447115760,16.2407
5/15/2013,15.3161,15.6843,15.75,15.0843,741612340,15.8521
5/16/2013,15.5206,15.1157,15.6375,14.9607,603465912,15.3161
5/17/2013,15.4736,15.6804,15.7175,15.3932,428079316,15.5206
5/20/2013,15.8189,15.4254,15.9214,15.3607,451575936,15.4736
5/21/2013,15.7021,15.6482,15.91,15.5071,456296960,15.8189
5/22/2013,15.7626,15.8589,16.0125,15.6507,443259432,15.7021
5/23/2013,15.7907,15.5696,15.9343,15.5639,353380944,15.7626
5/24/2013,15.8982,15.7446,15.9164,15.7271,276426556,15.7907
5/28/2013,15.7657,16.0679,16.1111,15.7446,386144752,15.8982
5/29/2013,15.8911,15.7143,15.9821,15.6929,330782676,15.7657
5/30/2013,16.1279,15.9161,16.2321,15.8754,353714592,15.8911
5/31/2013,16.062,16.1607,16.325,16.0536,384300168,16.1279
6/3/2013,16.0971,16.0975,16.1557,15.8029,372351364,16.062
6/4/2013,16.0468,16.1864,16.2296,15.9782,292726084,16.0971
6/5/2013,15.8968,15.9161,16.0971,15.8468,290589348,16.0468
6/6/2013,15.6593,15.9096,15.9643,15.5018,417073832,15.8968
6/7/2013,15.779,15.5893,15.83,15.4561,404742744,15.6593
6/10/2013,15.6746,15.8832,16.0385,15.6,450356172,15.779
6/11/2013,15.6286,15.5621,15.8129,15.4757,286384084,15.6746
6/12/2013,15.4354,15.6964,15.7589,15.4107,265426672,15.6286
6/13/2013,15.5702,15.4464,15.6121,15.3125,286112344,15.4354
6/14/2013,15.3589,15.55,15.5818,15.3036,272083644,15.5702
6/17/2013,15.4286,15.4086,15.5607,15.3701,259441812,15.3589
6/18/2013,15.4204,15.4129,15.5321,15.3646,195161792,15.4286
6/19/2013,15.1071,15.4071,15.4164,15.1071,311031140,15.4204
6/20/2013,14.8871,14.975,15.2136,14.8275,357498232,15.1071
6/21/2013,14.7679,14.9461,15,14.575,481249384,14.8871
6/24/2013,14.3764,14.55,14.595,14.2161,480745720,14.7679
6/25/2013,14.3796,14.4893,14.5639,14.2439,314339144,14.3764
6/26/2013,14.2168,14.425,14.4568,14.1307,367946292,14.3796
6/27/2013,14.0636,14.2589,14.3354,14.055,337400196,14.2168
6/28/2013,14.1618,13.9771,14.2954,13.8882,578637668,14.0636
7/1/2013,14.615,14.3818,14.7239,14.3293,391172180,14.1618
7/2/2013,14.9461,14.6414,15.0582,14.6239,470086316,14.615
7/3/2013,15.0286,15.0307,15.1064,14.9089,240928632,14.9461
7/5/2013,14.9079,15.0139,15.1175,14.8339,274083040,15.0286
7/8/2013,14.8232,15.0039,15.0357,14.6661,298313680,14.9079
7/9/2013,15.0839,14.7714,15.125,14.6564,352688952,14.8232
7/10/2013,15.0261,14.9857,15.1714,14.9375,281403276,15.0839
7/11/2013,15.2603,15.1054,15.2946,15.0418,326475856,15.0261
7/12/2013,15.2325,15.2732,15.3496,15.1218,279641852,15.2603
7/15/2013,15.2657,15.1789,15.4093,15.1714,242172420,15.2325
7/16/2013,15.3641,15.2329,15.3825,15.1489,216537468,15.2657
7/17/2013,15.3682,15.3464,15.4364,15.2936,199056256,15.3641
7/18/2013,15.4199,15.4779,15.5311,15.3789,219043272,15.3682
7/19/2013,15.1768,15.4679,15.4993,15.1554,268778860,15.4199
7/22/2013,15.2254,15.3379,15.3482,15.1953,207990384,15.1768
7/23/2013,14.9639,15.2143,15.2486,14.9539,369393612,15.2254
7/24/2013,15.7325,15.6761,15.8782,15.545,592055296,14.9639
7/25/2013,15.6607,15.7393,15.7643,15.5646,229682544,15.7325
7/26/2013,15.7496,15.5464,15.7514,15.5121,200275012,15.6607
7/29/2013,15.9925,15.7429,16.0711,15.7214,248441200,15.7496
7/30/2013,16.19,16.07,16.3268,16.0439,309422260,15.9925
7/31/2013,16.1618,16.2496,16.3337,16.0511,322957404,16.19
8/1/2013,16.3099,16.2769,16.3143,16.1879,206249288,16.1618
8/2/2013,16.5193,16.3575,16.5304,16.3093,274781304,16.3099
8/5/2013,16.7661,16.5961,16.8096,16.5054,318854368,16.5193
8/6/2013,16.6161,16.715,16.8532,16.5061,334914160,16.7661
8/7/2013,16.6064,16.5643,16.6786,16.4918,298855872,16.6161
8/8/2013,16.4646,16.5663,16.575,16.3554,255999352,16.6064
8/9/2013,16.2304,16.38,16.445,16.2018,267620836,16.4646
8/12/2013,16.6914,16.3164,16.7375,16.3082,364433160,16.2304
8/13/2013,17.4846,16.8193,17.6664,16.7161,881939744,16.6914
8/14/2013,17.8036,17.7814,18.0089,17.6214,756371644,17.4846
8/15/2013,17.7825,17.7293,17.9428,17.4673,490294028,17.8036
8/16/2013,17.9404,17.8625,17.9621,17.8164,362303424,17.7825
8/19/2013,18.1336,18.0121,18.3479,18,510517924,17.9404
8/20/2013,17.8954,18.2039,18.2346,17.8864,358686972,18.1336
8/21/2013,17.9414,17.9854,18.1125,17.9,335877220,17.8954
8/22/2013,17.9629,18.035,18.0568,17.7929,244206704,17.9414
8/23/2013,17.8936,17.9739,17.9768,17.8339,222728884,17.9629
8/26/2013,17.9632,17.8839,18.2214,17.875,330964200,17.8936
8/27/2013,17.4496,17.7857,17.9468,17.3679,424188436,17.9632
8/28/2013,17.532,17.3571,17.7071,17.3571,307606712,17.4496
8/29/2013,17.5607,17.5589,17.7321,17.5404,239654856,17.532
8/30/2013,17.4006,17.5714,17.6054,17.375,272403152,17.5607
9/3/2013,17.4493,17.6107,17.8786,17.4054,332100664,17.4006
9/4/2013,17.8104,17.8414,17.9371,17.7243,345031512,17.4493
9/5/2013,17.6882,17.8661,17.8814,17.63,236367516,17.8104
9/6/2013,17.7936,17.8014,17.835,17.4982,359525012,17.6882
9/9/2013,18.0775,18.0357,18.14,17.9814,340686332,17.7936
9/10/2013,17.6657,18.0786,18.1232,17.4821,743195488,18.0775
9/11/2013,16.7039,16.6789,16.9175,16.6004,898693824,17.6657
9/12/2013,16.8818,16.7321,16.9786,16.6432,404049884,16.7039
9/13/2013,16.6036,16.7621,16.851,16.5964,298833752,16.8818
9/16/2013,16.0757,16.4643,16.4861,15.9721,548550660,16.6036
9/17/2013,16.2614,15.9986,16.4182,15.9821,399379092,16.0757
9/18/2013,16.5957,16.5421,16.6554,16.4521,456861216,16.2614
9/19/2013,16.8679,16.8107,16.9939,16.7589,404538848,16.5957
9/20/2013,16.6932,17.0714,17.0911,16.6429,699301288,16.8679
9/23/2013,17.5229,17.7179,17.7468,17.2357,762106100,16.6932
9/24/2013,17.4679,17.6743,17.6954,17.4221,364342972,17.5229
9/25/2013,17.1975,17.4714,17.4871,17.1939,316956668,17.4679
9/26/2013,17.365,17.3571,17.4486,17.2821,237220732,17.1975
9/27/2013,17.2411,17.2779,17.3096,17.1686,228038916,17.365
9/30/2013,17.0268,17.0446,17.2021,16.9433,260157632,17.2411
10/1/2013,17.4271,17.0875,17.4693,17.085,353882620,17.0268
10/2/2013,17.4843,17.3439,17.5643,17.2768,289183608,17.4271
10/3/2013,17.2646,17.5182,17.5839,17.1692,322754012,17.4843
10/4/2013,17.2511,17.2807,17.3071,17.0929,258869520,17.2646
10/7/2013,17.4196,17.3771,17.5946,17.3339,312292428,17.2511
10/8/2013,17.1764,17.4979,17.5229,17.1621,290916024,17.4196
10/9/2013,17.3781,17.3086,17.4211,17.0814,301724864,17.1764
10/10/2013,17.4871,17.5471,17.585,17.3943,278601960,17.3781
10/11/2013,17.6004,17.3925,17.6371,17.3271,267739752,17.4871
10/14/2013,17.7157,17.4939,17.7707,17.4768,261898168,17.6004
10/15/2013,17.81,17.768,17.9286,17.6971,320074412,17.7157
10/16/2013,17.8969,17.8854,17.9475,17.8296,251100052,17.81
10/17/2013,18.0179,17.8564,18.0279,17.8457,253593340,17.8969
10/18/2013,18.1746,18.0711,18.1879,18.0611,290542280,18.0179
10/21/2013,18.6201,18.2775,18.725,18.2686,398107780,18.1746
10/22/2013,18.5667,18.8002,18.8732,18.1439,534063012,18.6201
10/23/2013,18.7486,18.5357,18.7739,18.5357,313724488,18.5667
10/24/2013,18.9968,18.75,19.0168,18.6589,384764380,18.7486
10/25/2013,18.7842,18.9755,19.0439,18.7539,337792532,18.9968
10/28/2013,18.9241,18.8943,18.9643,18.6861,550440492,18.7842
10/29/2013,18.4528,19.1525,19.2589,18.3764,635808460,18.9241
10/30/2013,18.7463,18.5575,18.84,18.465,354162788,18.4528
10/31/2013,18.6679,18.75,18.8389,18.6168,275695140,18.7463
11/1/2013,18.5725,18.715,18.7429,18.4229,274889216,18.6679
11/4/2013,18.8125,18.6107,18.815,18.5289,244628132,18.5725
11/5/2013,18.766,18.735,18.8887,18.6786,265472284,18.8125
11/6/2013,18.6043,18.7196,18.745,18.5071,223376608,18.766
11/7/2013,18.3033,18.5564,18.6854,18.2993,262620400,18.6043
11/8/2013,18.5914,18.3779,18.6118,18.3068,279318172,18.3033
11/11/2013,18.5374,18.5711,18.6311,18.3718,227453212,18.5914
11/12/2013,18.5718,18.4882,18.7114,18.4643,204458604,18.5374
11/13/2013,18.5941,18.5,18.6518,18.4629,197219708,18.5718
11/14/2013,18.8629,18.6718,18.9029,18.6382,282420348,18.5941
11/15/2013,18.7497,18.8064,18.8961,18.7318,317919056,18.8629
11/18/2013,18.5225,18.7496,18.8282,18.5071,244944896,18.7497
11/19/2013,18.5554,18.5368,18.6921,18.4989,208938828,18.5225
11/20/2013,18.3929,18.5439,18.5864,18.3689,194183192,18.5554
11/21/2013,18.612,18.4857,18.6146,18.3454,262027444,18.3929
11/22/2013,18.5643,18.5543,18.6486,18.5189,223724928,18.612
11/25/2013,18.705,18.6079,18.7811,18.6071,229042044,18.5643
11/26/2013,19.05,18.7186,19.1479,18.7143,401382912,18.705
11/27/2013,19.4986,19.1539,19.5,19.05,363447364,19.05
11/29/2013,19.8596,19.6243,19.9404,19.5646,318128860,19.4986
12/2/2013,19.6868,19.9286,20.1546,19.6721,472543540,19.8596
12/3/2013,20.2258,19.9393,20.2279,19.9171,450966936,19.6868
12/4/2013,20.1786,20.1964,20.3282,20.0293,377810664,20.2258
12/5/2013,20.2822,20.4518,20.5406,20.2289,447581260,20.1786
12/6/2013,20.0007,20.2068,20.2411,19.9846,344353408,20.2822
12/9/2013,20.2296,20.0554,20.3421,20.0321,320494132,20.0007
12/10/2013,20.1982,20.1279,20.2814,20.0429,278270440,20.2296
12/11/2013,20.0486,20.25,20.3918,19.9889,359718772,20.1982
12/12/2013,20.0193,20.0765,20.1907,20.0011,262289272,20.0486
12/13/2013,19.8011,20.1018,20.1029,19.7739,332821132,20.0193
12/16/2013,19.9107,19.8221,20.0942,19.8218,282593808,19.8011
12/17/2013,19.8211,19.8504,19.98,19.7634,229902596,19.9107
12/18/2013,19.6704,19.6321,19.6946,19.2429,565863228,19.8211
12/19/2013,19.445,19.625,19.6429,19.4189,320957476,19.6704
12/20/2013,19.6079,19.4796,19.7004,19.4578,436413740,19.445
12/23/2013,20.3604,20.2857,20.3829,20.0986,501307324,19.6079
12/24/2013,20.2739,20.3532,20.4243,20.2154,167554940,20.3604
12/26/2013,20.1393,20.2893,20.3393,20.1206,204008140,20.2739
12/27/2013,20.0032,20.1364,20.1575,19.9821,225885268,20.1393
12/30/2013,19.8043,19.9093,20.0032,19.7258,253630888,20.0032
12/31/2013,20.0364,19.7918,20.0457,19.7857,223277488,19.8043
1/2/2014,19.7546,19.8457,19.8939,19.715,235167828,20.0364
1/3/2014,19.3207,19.745,19.775,19.3011,393215480,19.7546
1/6/2014,19.4261,19.1946,19.5286,19.0571,413436604,19.3207
1/7/2014,19.2871,19.44,19.4986,19.2116,317731064,19.4261
1/8/2014,19.4093,19.2432,19.4843,19.2389,258746740,19.2871
1/9/2014,19.1614,19.5286,19.5307,19.1196,279620796,19.4093
1/10/2014,19.0336,19.2796,19.3143,18.9682,305282656,19.1614
1/13/2014,19.1332,18.9254,19.375,18.9243,379443372,19.0336
1/14/2014,19.5139,19.2221,19.5261,19.2021,334937484,19.1332
1/15/2014,19.9057,19.7686,20.0071,19.7021,393890476,19.5139
1/16/2014,19.7946,19.8179,19.8875,19.7029,229885320,19.9057
1/17/2014,19.3096,19.6957,19.7168,19.2821,433706756,19.7946
1/21/2014,19.6096,19.3211,19.6454,19.3007,329022176,19.3096
1/22/2014,19.6968,19.6755,19.9032,19.5646,380877336,19.6096
1/23/2014,19.8636,19.6407,19.875,19.4574,403913384,19.6968
1/24/2014,19.5025,19.7857,19.8436,19.4554,433537748,19.8636
1/27/2014,19.6607,19.6454,19.8143,19.4911,576876608,19.5025
1/28/2014,18.0893,18.17,18.3929,17.9311,1067334324,19.6607
1/29/2014,17.8839,17.9982,18.1204,17.8079,503771184,18.0893
1/30/2014,17.8494,17.9479,18.0893,17.7393,679051156,17.8839
1/31/2014,17.8786,17.685,17.9118,17.6268,465345776,17.8494
2/3/2014,17.9118,17.9504,18.1332,17.8321,402483088,17.8786
2/4/2014,18.1711,18.0661,18.195,17.9557,377094172,17.9118
2/5/2014,18.3068,18.0914,18.4029,18.0804,329288624,18.1711
2/6/2014,18.3039,18.2164,18.3393,18.1361,257988892,18.3068
2/7/2014,18.56,18.6207,18.6761,18.4779,374554404,18.3039
2/10/2014,18.8925,18.5236,18.9996,18.5,345804088,18.56
2/11/2014,19.1414,18.9504,19.2054,18.9107,282689008,18.8925
2/12/2014,19.14,19.1768,19.27,19.0443,308508256,19.1414
2/13/2014,19.4439,19.095,19.4589,19.0786,307840624,19.14
2/14/2014,19.4282,19.3739,19.4993,19.3289,273872144,19.4439
2/18/2014,19.4996,19.5,19.6854,19.4861,261224992,19.4282
2/19/2014,19.1918,19.4554,19.5318,19.0839,314217680,19.4996
2/20/2014,18.9696,19.0354,19.1786,18.8929,306116412,19.1918
2/21/2014,18.7589,19.0283,19.0918,18.7357,279028988,18.9696
2/24/2014,18.8411,18.6839,18.9257,18.6579,289459800,18.7589
2/25/2014,18.645,18.9064,18.913,18.6071,232989400,18.8411
2/26/2014,18.4768,18.7004,18.75,18.4143,276525144,18.645
2/27/2014,18.8454,18.4693,18.885,18.4304,302229284,18.4768
2/28/2014,18.7943,18.8957,19.0268,18.6471,372298612,18.8454
3/3/2014,18.8486,18.6936,18.9518,18.6718,239137976,18.7943
3/4/2014,18.9729,18.9643,19.0229,18.8489,259539336,18.8486
3/5/2014,19.0129,18.9614,19.0982,18.8975,200262076,18.9729
3/6/2014,18.9554,19.0282,19.0871,18.8607,185692444,19.0129
3/7/2014,18.9443,18.9675,18.9993,18.7875,221660964,18.9554
3/10/2014,18.9614,18.87,19.0475,18.8693,178765720,18.9443
3/11/2014,19.1461,19.1232,19.2407,19.0211,280795396,18.9614
3/12/2014,19.1646,19.0896,19.1911,19,200781840,19.1461
3/13/2014,18.9518,19.1943,19.2736,18.8986,257742436,19.1646
3/14/2014,18.7389,18.8854,18.9604,18.6786,237197968,18.9518
3/17/2014,18.8121,18.8464,18.9275,18.7804,199544296,18.7389
3/18/2014,18.9786,18.7821,18.9989,18.7571,209647452,18.8121
3/19/2014,18.9736,19.0093,19.1514,18.8929,224755832,18.9786
3/20/2014,18.8821,18.9246,19.0239,18.8339,208398148,18.9736
3/21/2014,19.0311,18.9975,19.0625,18.7975,374448676,18.8821
3/24/2014,19.2568,19.2293,19.3036,19.1093,355699484,19.0311
3/25/2014,19.4639,19.3393,19.4911,19.2711,282293424,19.2568
3/26/2014,19.2779,19.5186,19.6071,19.245,299768896,19.4639
3/27/2014,19.195,19.2863,19.3393,19.1114,222030704,19.2779
3/28/2014,19.1736,19.2257,19.2479,19.0804,200564252,19.195
3/31/2014,19.1693,19.2582,19.3146,19.1404,168668752,19.1736
4/1/2014,19.3446,19.2057,19.3525,19.1704,200758740,19.1693
4/2/2014,19.3768,19.3707,19.41,19.295,180419484,19.3446
4/3/2014,19.2425,19.3354,19.375,19.2014,162592444,19.3768
4/4/2014,18.9936,19.2789,19.2857,18.9493,275249940,19.2425
4/7/2014,18.6954,18.8579,18.9607,18.6389,289850120,18.9936
4/8/2014,18.6943,18.7568,18.79,18.525,243887532,18.6954
4/9/2014,18.94,18.6657,18.9461,18.6436,206170888,18.6943
4/10/2014,18.6957,18.9529,19.0086,18.6846,239651272,18.94
4/11/2014,18.5575,18.5357,18.6725,18.4693,271900048,18.6957
4/14/2014,18.6314,18.6393,18.6486,18.4718,205780708,18.5575
4/15/2014,18.4986,18.5811,18.63,18.2618,266490308,18.6314
4/16/2014,18.5361,18.5018,18.6104,18.362,214931976,18.4986
4/17/2014,18.7479,18.5714,18.8486,18.5429,284426884,18.5361
4/21/2014,18.9704,18.7621,19.005,18.7129,182675724,18.7479
4/22/2014,18.9892,18.8682,18.9938,18.8036,202657812,18.9704
4/23/2014,18.7411,18.895,18.9689,18.7304,394941036,18.9892
4/24/2014,20.2775,20.2932,20.3571,20.0261,759912328,18.7411
4/25/2014,20.4264,20.1618,20.4282,20.1414,390275256,20.2775
4/28/2014,21.2175,20.4571,21.2768,20.4482,669486720,20.4264
4/29/2014,21.1546,21.205,21.285,21.0539,337378692,21.2175
4/30/2014,21.0746,21.1657,21.4082,21.0643,456883532,21.1546
5/1/2014,21.1243,21.1429,21.2429,20.9414,244209672,21.0746
5/2/2014,21.1636,21.155,21.2214,21.0611,191514288,21.1243
5/5/2014,21.4629,21.0764,21.4643,21.0714,287067032,21.1636
5/6/2014,21.2289,21.4929,21.5861,21.2289,374565492,21.4629
5/7/2014,21.1546,21.2589,21.3318,20.9904,282863952,21.2289
5/8/2014,20.9996,21.0089,21.2289,20.9429,230297452,21.1546
5/9/2014,20.9122,20.8764,20.9375,20.7261,291597992,20.9996
5/12/2014,21.1725,20.9818,21.2021,20.9786,213298708,20.9122
5/13/2014,21.2057,21.1429,21.2336,21.0964,159738376,21.1725
5/14/2014,21.2096,21.1582,21.3357,21.1336,166403384,21.2057
5/15/2014,21.0293,21.2393,21.3071,21.0014,230846924,21.2096
5/16/2014,21.3396,21.0225,21.3404,20.9071,276367336,21.0293
5/19/2014,21.5925,21.3518,21.6904,21.3332,317756096,21.3396
5/20/2014,21.5968,21.5896,21.6571,21.4546,234835944,21.5925
5/21/2014,21.6539,21.5654,21.6679,21.5021,196999656,21.5968
5/22/2014,21.6882,21.6643,21.7804,21.575,200875780,21.6539
5/23/2014,21.9332,21.6875,21.9546,21.6596,232209964,21.6882
5/27/2014,22.3439,21.9957,22.3521,21.9868,348866420,21.9332
5/28/2014,22.2861,22.3579,22.4939,22.2779,315687540,22.3439
5/29/2014,22.6921,22.4232,22.7454,22.4204,376474532,22.2861
5/30/2014,22.6071,22.785,23.0061,22.4607,564020548,22.6921
6/2/2014,22.4518,22.6414,22.6725,22.2321,369351612,22.6071
6/3/2014,22.7693,22.445,22.8121,22.4375,292926480,22.4518
6/4/2014,23.0293,22.7657,23.1389,22.7182,335482084,22.7693
6/5/2014,23.1196,23.0786,23.1918,22.9504,303804564,23.0293
6/6/2014,23.0561,23.2107,23.2593,23.0168,350483644,23.1196
6/9/2014,23.425,23.175,23.47,22.9375,301659216,23.0561
6/10/2014,23.5625,23.6825,23.7625,23.3925,251108168,23.425
6/11/2014,23.465,23.5325,23.69,23.3675,182724456,23.5625
6/12/2014,23.0725,23.51,23.53,22.975,218995164,23.465
6/13/2014,22.82,23.05,23.11,22.72,218101120,23.0725
6/16/2014,23.05,22.8775,23.1875,22.8625,142245080,22.82
6/17/2014,23.02,23.0775,23.175,22.95,118905388,23.05
6/18/2014,23.045,23.0675,23.0725,22.8375,134056432,23.02
6/19/2014,22.965,23.0725,23.075,22.8347,142110744,23.045
6/20/2014,22.7275,22.9625,23.1375,22.725,403592264,22.965
6/23/2014,22.7075,22.83,22.905,22.65,174777564,22.7275
6/24/2014,22.57,22.6875,22.935,22.5475,156144348,22.7075
6/25/2014,22.59,22.5525,22.675,22.4125,147474164,22.57
6/26/2014,22.725,22.5925,22.7625,22.45,130517436,22.59
6/27/2014,22.995,22.705,23,22.6925,256115212,22.725
6/30/2014,23.2325,23.025,23.4313,23.0225,198356112,22.995
7/1/2014,23.38,23.38,23.5175,23.2825,152893908,23.2325
7/2/2014,23.37,23.4663,23.515,23.2725,113860292,23.38
7/3/2014,23.5075,23.4175,23.525,23.3,91567012,23.37
7/7/2014,23.992,23.535,23.9975,23.525,225871756,23.5075
7/8/2014,23.8375,24.0675,24.2,23.48,260886712,23.992
7/9/2014,23.8475,23.86,23.9875,23.69,145745760,23.8375
7/10/2014,23.7588,23.44,23.8875,23.38,158742208,23.8475
7/11/2014,23.805,23.84,23.9725,23.7156,136072912,23.7588
7/14/2014,24.1125,23.965,24.2225,23.9125,171240620,23.805
7/15/2014,23.83,24.2,24.2125,23.7575,182784704,24.1125
7/16/2014,23.695,24.2425,24.275,23.685,214009660,23.83
7/17/2014,23.2725,23.7575,23.8198,23.1425,229192972,23.695
7/18/2014,23.6075,23.405,23.685,23.255,199950372,23.2725
7/21/2014,23.4847,23.7475,23.75,23.43,156316008,23.6075
7/22/2014,23.68,23.67,23.7225,23.53,220786388,23.4847
7/23/2014,24.2975,23.855,24.47,23.7925,371670876,23.68
7/24/2014,24.2575,24.2588,24.33,24.105,182915372,24.2975
7/25/2014,24.4178,24.2125,24.46,24.16,173876468,24.2575
7/28/2014,24.755,24.455,24.81,24.3875,221270756,24.4178
7/29/2014,24.595,24.8325,24.86,24.5625,172572380,24.755
7/30/2014,24.5375,24.61,24.675,24.4175,132040004,24.595
7/31/2014,23.9,24.29,24.3625,23.8325,227370588,24.5375
8/1/2014,24.0325,23.725,24.155,23.7025,194045144,23.9
8/4/2014,23.8975,24.0925,24.145,23.7925,159832576,24.0325
8/5/2014,23.78,23.84,23.92,23.59,223730652,23.8975
8/6/2014,23.74,23.6875,23.87,23.6775,154233368,23.78
8/7/2014,23.62,23.7325,23.9875,23.525,186844716,23.74
8/8/2014,23.685,23.565,23.705,23.32,167460772,23.62
8/11/2014,23.9975,23.8175,24.02,23.7089,146339376,23.685
8/12/2014,23.9925,24.01,24.22,23.9025,135181408,23.9975
8/13/2014,24.31,24.0375,24.31,24.01,127665756,23.9925
8/14/2014,24.375,24.3325,24.3925,24.2,112462264,24.31
8/15/2014,24.495,24.475,24.5475,24.215,195805324,24.375
8/18/2014,24.79,24.6225,24.8425,24.495,190289652,24.495
8/19/2014,25.1325,24.8525,25.17,24.83,277597080,24.79
8/20/2014,25.1425,25.11,25.2725,24.9875,210796768,25.1325
8/21/2014,25.145,25.1425,25.235,25.0275,133912792,25.1425
8/22/2014,25.33,25.0725,25.3675,25.0475,176735336,25.145
8/25/2014,25.385,25.4475,25.5425,25.32,161080692,25.33
8/26/2014,25.2223,25.355,25.375,25.215,132607936,25.385
8/27/2014,25.5325,25.255,25.6425,25.175,209476044,25.2223
8/28/2014,25.5625,25.3975,25.695,25.39,273839204,25.5325
8/29/2014,25.625,25.715,25.725,25.55,178380988,25.5625
9/2/2014,25.825,25.765,25.935,25.68,214257048,25.625
9/3/2014,24.735,25.775,25.8,24.645,501682084,25.825
9/4/2014,24.53,24.7125,25.0225,24.4475,342872884,24.735
9/5/2014,24.7425,24.7,24.8475,24.5775,233828140,24.53
9/8/2014,24.59,24.825,24.8275,24.5125,185426968,24.7425
9/9/2014,24.4975,24.77,25.77,24.035,759385020,24.59
9/10/2014,25.25,24.5025,25.2775,24.44,403478348,24.4975
9/11/2014,25.3575,25.1025,25.36,24.905,249598972,25.25
9/12/2014,25.415,25.3025,25.5475,25.27,256387612,25.3575
9/15/2014,25.4075,25.7025,25.7625,25.36,245266064,25.415
9/16/2014,25.215,24.95,25.315,24.7225,267632532,25.4075
9/17/2014,25.395,25.3175,25.45,25.148,243705992,25.215
9/18/2014,25.4475,25.4825,25.5875,25.39,149197740,25.395
9/19/2014,25.24,25.5725,25.5875,25.22,283609624,25.4475
9/22/2014,25.265,25.45,25.535,25.145,211153704,25.24
9/23/2014,25.66,25.15,25.735,25.135,253608784,25.265
9/24/2014,25.4375,25.54,25.7125,25.3,240687312,25.66
9/25/2014,24.4675,25.1275,25.1775,24.43,400367960,25.4375
9/26/2014,25.1875,24.6325,25.1875,24.6,249482004,24.4675
9/29/2014,25.0275,24.6625,25.1088,24.6575,199065248,25.1875
9/30/2014,25.1875,25.2025,25.385,25.1325,221056556,25.0275
10/1/2014,24.795,25.1475,25.1725,24.675,205965144,25.1875
10/2/2014,24.975,24.8175,25.055,24.51,191031312,24.795
10/3/2014,24.905,24.86,25.0525,24.76,173878340,24.975
10/6/2014,24.905,24.9875,25.1625,24.855,148204728,24.905
10/7/2014,24.6875,24.8575,25.03,24.6825,168376732,24.905
10/8/2014,25.2,24.69,25.2775,24.5775,229618696,24.6875
10/9/2014,25.255,25.385,25.595,25.1525,309506100,25.2
10/10/2014,25.1825,25.1725,25.5075,25.075,265326368,25.255
10/13/2014,24.9525,25.3325,25.445,24.9525,214333472,25.1825
10/14/2014,24.6875,25.0975,25.13,24.6425,254754248,24.9525
10/15/2014,24.385,24.4925,24.7875,23.795,403734400,24.6875
10/16/2014,24.065,23.8875,24.43,23.8525,288618092,24.385
10/17/2014,24.4175,24.375,24.75,24.2025,272718752,24.065
10/20/2014,24.94,24.5788,24.99,24.555,310069116,24.4175
10/21/2014,25.6175,25.755,25.755,25.3175,378495616,24.94
10/22/2014,25.7475,25.71,26.0275,25.65,273052584,25.6175
10/23/2014,26.2075,26.02,26.2628,25.9075,284298696,25.7475
10/24/2014,26.305,26.295,26.3725,26.1325,188215664,26.2075
10/27/2014,26.2775,26.2125,26.37,26.175,136750804,26.305
10/28/2014,26.685,26.35,26.685,26.3375,192243796,26.2775
10/29/2014,26.835,26.6625,26.8425,26.59,210751516,26.685
10/30/2014,26.745,26.7398,26.8375,26.475,162619172,26.835
10/31/2014,27,27.0025,27.01,26.8025,178557140,26.745
11/3/2014,27.35,27.055,27.575,27.0025,209130200,27
11/4/2014,27.15,27.34,27.3725,26.93,166297460,27.35
11/5/2014,27.215,27.275,27.325,27.0313,149743620,27.15
11/6/2014,27.175,27.15,27.1975,26.95,139873828,27.215
11/7/2014,27.2525,27.1875,27.33,27.1375,134766140,27.175
11/10/2014,27.2075,27.255,27.3325,27.1675,108782188,27.2525
11/11/2014,27.425,27.175,27.4375,27.1,109769008,27.2075
11/12/2014,27.8125,27.345,27.8575,27.3425,187769724,27.425
11/13/2014,28.205,27.95,28.3625,27.9,238091420,27.8125
11/14/2014,28.545,28.2875,28.5475,28.2625,176254380,28.205
11/17/2014,28.4975,28.5675,29.32,28.325,186986848,28.545
11/18/2014,28.8675,28.485,28.9225,28.4725,176895912,28.4975
11/19/2014,28.6675,28.86,28.935,28.45,167476640,28.8675
11/20/2014,29.0775,28.7275,29.215,28.7125,173582148,28.6675
11/21/2014,29.1175,29.3775,29.3925,29.0075,228717192,29.0775
11/24/2014,29.6563,29.2125,29.6925,29.155,189803296,29.1175
11/25/2014,29.4,29.7675,29.9375,29.3625,275361760,29.6563
11/26/2014,29.75,29.485,29.775,29.4575,163327544,29.4
11/28/2014,29.7325,29.8175,29.85,29.5125,99257608,29.75
12/1/2014,28.7675,29.7025,29.8125,27.8175,335256148,29.7325
12/2/2014,28.6575,28.375,28.9375,28.1875,237395760,28.7675
12/3/2014,28.9825,28.9375,29.0875,28.7775,172253760,28.6575
12/4/2014,28.8725,28.9425,29.3,28.8225,168623104,28.9825
12/5/2014,28.75,28.9975,29.02,28.66,153275580,28.8725
12/8/2014,28.1,28.525,28.662,27.905,230659400,28.75
12/9/2014,28.53,27.5475,28.575,27.3375,240832144,28.1
12/10/2014,27.9875,28.6025,28.7125,27.885,178261272,28.53
12/11/2014,27.905,28.065,28.45,27.835,165886312,27.9875
12/12/2014,27.4325,27.615,27.9675,27.395,224112552,27.905
12/15/2014,27.0563,27.675,27.9,26.5875,268872328,27.4325
12/16/2014,26.6863,26.5925,27.54,26.565,243162932,27.0563
12/17/2014,27.3525,26.78,27.46,26.705,213647092,26.6863
12/18/2014,28.1625,27.9675,28.1625,27.665,236024872,27.3525
12/19/2014,27.945,28.065,28.31,27.915,353719080,28.1625
12/22/2014,28.235,28.04,28.3725,27.9925,180670196,27.945
12/23/2014,28.135,28.3075,28.3325,28.115,104113676,28.235
12/24/2014,28.0025,28.145,28.1775,28.0025,57918444,28.135
12/26/2014,28.4975,28.025,28.63,28.0025,134883804,28.0025
12/29/2014,28.4775,28.4475,28.6925,28.425,110395680,28.4975
12/30/2014,28.13,28.41,28.48,28.0275,119525908,28.4775
12/31/2014,27.595,28.205,28.2825,27.5525,165613404,28.13
1/2/2015,27.3325,27.8475,27.86,26.8375,212818504,27.595
1/5/2015,26.5625,27.0725,27.1625,26.3525,257141964,27.3325
1/6/2015,26.565,26.635,26.8575,26.1575,263188464,26.5625
1/7/2015,26.9375,26.8,27.05,26.6738,160423736,26.565
1/8/2015,27.9725,27.3075,28.0375,27.175,237458188,26.9375
1/9/2015,28.0025,28.1675,28.3125,27.5525,214798108,27.9725
1/12/2015,27.3125,28.15,28.1575,27.2,198603160,28.0025
1/13/2015,27.555,27.8575,28.2,27.2275,268367712,27.3125
1/14/2015,27.45,27.26,27.6225,27.125,195826352,27.555
1/15/2015,26.705,27.5,27.515,26.665,240055984,27.45
1/16/2015,26.4975,26.7575,26.895,26.3,314053380,26.705
1/20/2015,27.18,26.96,27.2417,26.625,199599628,26.4975
1/21/2015,27.3875,27.2375,27.765,27.0675,194303588,27.18
1/22/2015,28.1,27.565,28.1175,27.43,215185636,27.3875
1/23/2015,28.245,28.075,28.4375,27.8825,185859312,28.1
1/26/2015,28.275,28.435,28.5907,28.2,222459916,28.245
1/27/2015,27.285,28.105,28.12,27.2575,382274996,28.275
1/28/2015,28.8275,29.4063,29.53,28.8275,585908252,27.285
1/29/2015,29.725,29.08,29.7975,28.89,337745728,28.8275
1/30/2015,29.29,29.6,30,29.2125,334981844,29.725
2/2/2015,29.6575,29.5125,29.7925,29.02,250956400,29.29
2/3/2015,29.6625,29.625,29.7725,29.4025,207662996,29.6575
2/4/2015,29.89,29.625,30.1275,29.5773,280598972,29.6625
2/5/2015,29.985,30.005,30.0575,29.8125,168984980,29.89
2/6/2015,29.7325,30.005,30.0625,29.6125,174826268,29.985
2/9/2015,29.93,29.6375,29.96,29.6075,155559188,29.7325
2/10/2015,30.505,30.0425,30.5375,30.04,248034024,29.93
2/11/2015,31.22,30.6925,31.23,30.625,294247188,30.505
2/12/2015,31.615,31.515,31.87,31.3925,297897864,31.22
2/13/2015,31.77,31.82,31.82,31.4125,217088876,31.615
2/17/2015,31.9575,31.8725,32.22,31.73,252609620,31.77
2/18/2015,32.1788,31.9063,32.195,31.8625,179566948,31.9575
2/19/2015,32.1125,32.12,32.2575,32.0825,149449524,32.1788
2/20/2015,32.3738,32.155,32.375,32.0125,195793676,32.1125
2/23/2015,33.25,32.505,33.25,32.415,283896440,32.3738
2/24/2015,33.0425,33.235,33.4,32.7925,276912520,33.25
2/25/2015,32.1975,32.89,32.9,32.0375,298846984,33.0425
2/26/2015,32.6038,32.1963,32.7175,31.6525,365150116,32.1975
2/27/2015,32.115,32.5,32.6425,32.06,248059388,32.6038
3/2/2015,32.2725,32.3125,32.57,32.075,192386652,32.115
3/3/2015,32.34,32.24,32.38,32.0225,151265132,32.2725
3/4/2015,32.135,32.275,32.39,32.08,126665360,32.34
3/5/2015,31.6025,32.145,32.1875,31.44,226068584,32.135
3/6/2015,31.65,32.1,32.3425,31.565,291368240,31.6025
3/9/2015,31.785,31.99,32.3925,31.265,354113948,31.65
3/10/2015,31.1275,31.6025,31.805,30.95,275426328,31.785
3/11/2015,30.56,31.1875,31.1925,30.5275,275755896,31.1275
3/12/2015,31.1125,30.5775,31.225,30.4075,193450876,30.56
3/13/2015,30.8975,31.1,31.3488,30.645,207309132,31.1125
3/16/2015,31.2375,30.97,31.2375,30.7175,143497200,30.8975
3/17/2015,31.76,31.475,31.83,31.4125,204092416,31.2375
3/18/2015,32.1175,31.75,32.29,31.5925,261083780,31.76
3/19/2015,31.8738,32.1875,32.3113,31.85,183237960,32.1175
3/20/2015,31.475,32.0625,32.1,31.29,274780544,31.8738
3/23/2015,31.8025,31.78,31.9625,31.63,150838696,31.475
3/24/2015,31.6725,31.8075,32.01,31.64,131369216,31.8025
3/25/2015,30.845,31.635,31.705,30.845,206620708,31.6725
3/26/2015,31.06,30.69,31.22,30.65,190291476,30.845
3/27/2015,30.8125,31.1425,31.175,30.7275,158184604,31.06
3/30/2015,31.5925,31.0125,31.6,31,188398680,30.8125
3/31/2015,31.1075,31.5225,31.6225,31.0888,168362212,31.5925
4/1/2015,31.0625,31.205,31.28,30.775,162485748,31.1075
4/2/2015,31.33,31.2575,31.39,31.0475,128880524,31.0625
4/6/2015,31.8375,31.1175,31.8775,31.0825,148775900,31.33
4/7/2015,31.5025,31.91,32.0305,31.495,140049072,31.8375
4/8/2015,31.4,31.4625,31.6,31.2425,149316972,31.5025
4/9/2015,31.64,31.4625,31.645,31.165,129935896,31.4
4/10/2015,31.775,31.4875,31.8025,31.315,160751812,31.64
4/13/2015,31.7125,32.0925,32.1425,31.6525,145460492,31.775
4/14/2015,31.575,31.75,31.8225,31.4775,102098372,31.7125
4/15/2015,31.695,31.6025,31.7825,31.5025,115881676,31.575
4/16/2015,31.5425,31.57,31.775,31.5275,113475948,31.695
4/17/2015,31.1875,31.3875,31.535,31.115,207828184,31.5425
4/20/2015,31.9,31.3925,32.03,31.2925,188217240,31.1875
4/21/2015,31.7275,32.025,32.05,31.6675,129740228,31.9
4/22/2015,32.155,31.7475,32.2175,31.58,150618020,31.7275
4/23/2015,32.4175,32.075,32.605,32.035,183083608,32.155
4/24/2015,32.57,32.6225,32.6575,32.3075,178103620,32.4175
4/27/2015,33.1625,33.0775,33.2825,32.7875,387816828,32.57
4/28/2015,32.64,33.6138,33.635,32.3925,475695880,33.1625
4/29/2015,32.16,32.54,32.8975,32.075,253544332,32.64
4/30/2015,31.2875,31.875,31.97,31.145,332781692,32.16
5/1/2015,32.2375,31.525,32.5325,31.325,234050552,31.2875
5/4/2015,32.175,32.375,32.6425,32.065,203953112,32.2375
5/5/2015,31.45,32.0375,32.1125,31.445,197085664,32.175
5/6/2015,31.2525,31.64,31.6875,30.84,288564040,31.45
5/7/2015,31.315,31.1925,31.52,31.005,175763580,31.2525
5/8/2015,31.905,31.67,31.905,31.5275,222201528,31.315
5/11/2015,31.58,31.8475,31.89,31.4063,168143028,31.905
5/12/2015,31.4663,31.4,31.72,31.205,192640128,31.58
5/13/2015,31.5025,31.5375,31.7975,31.4675,138776940,31.4663
5/14/2015,32.2375,31.8525,32.2375,31.79,180813824,31.5025
5/15/2015,32.1925,32.2675,32.3725,32.0525,152832136,32.2375
5/18/2015,32.5475,32.095,32.68,32.09,203531672,32.1925
5/19/2015,32.5175,32.6725,32.72,32.41,178532960,32.5475
5/20/2015,32.515,32.5,32.745,32.335,145819728,32.5175
5/21/2015,32.8475,32.5175,32.9075,32.4575,158921456,32.515
5/22/2015,33.135,32.9,33.2425,32.85,182383888,32.8475
5/26/2015,32.405,33.15,33.2275,32.28,282790240,33.135
5/27/2015,33.0112,32.585,33.065,32.5125,183332984,32.405
5/28/2015,32.945,32.965,32.9875,32.775,122933236,33.0112
5/29/2015,32.57,32.8075,32.8625,32.475,203537808,32.945
6/1/2015,32.6338,32.8,32.8475,32.5125,128451188,32.57
6/2/2015,32.49,32.465,32.6638,32.33,134670508,32.6338
6/3/2015,32.53,32.665,32.735,32.475,123934168,32.49
6/4/2015,32.34,32.395,32.645,32.2275,153800472,32.53
6/5/2015,32.1625,32.375,32.4225,32.09,142507200,32.34
6/8/2015,31.95,32.225,32.3025,31.7075,210699144,32.1625
6/9/2015,31.855,31.675,32.02,31.405,224301680,31.95
6/10/2015,32.22,31.98,32.335,31.9625,156349000,31.855
6/11/2015,32.1475,32.295,32.545,32.1188,141563548,32.22
6/12/2015,31.7925,32.0463,32.0825,31.7775,147544984,32.1475
6/15/2015,31.73,31.525,31.81,31.4275,175955784,31.7925
6/16/2015,31.9,31.7575,31.9625,31.5925,125976524,31.73
6/17/2015,31.825,31.93,31.97,31.685,131672284,31.9
6/18/2015,31.97,31.8075,32.0775,31.805,141628880,31.825
6/19/2015,31.65,31.9275,31.955,31.6,218867548,31.97
6/22/2015,31.9025,31.8725,32.015,31.77,136157380,31.65
6/23/2015,31.7575,31.87,31.9025,31.7198,121075452,31.9025
6/24/2015,32.0275,31.8025,32.45,31.78,221123420,31.7575
6/25/2015,31.875,32.215,32.3,31.875,127752400,32.0275
6/26/2015,31.6875,31.9175,31.9975,31.6275,176267364,31.875
6/29/2015,31.1325,31.365,31.6175,31.12,196645708,31.6875
6/30/2015,31.3563,31.3925,31.53,31.215,177482728,31.1325
7/1/2015,31.65,31.725,31.735,31.4975,120955244,31.3563
7/2/2015,31.61,31.6075,31.6725,31.4425,108843808,31.65
7/6/2015,31.5,31.235,31.5575,31.2125,112241724,31.61
7/7/2015,31.4225,31.4725,31.5375,30.9425,187787244,31.5
7/8/2015,30.6425,31.12,31.16,30.635,243046456,31.4225
7/9/2015,30.0175,30.9625,31.015,29.805,314380152,30.6425
7/10/2015,30.82,30.485,30.9625,30.3025,245417896,30.0175
7/13/2015,31.415,31.2575,31.4388,31.08,165762152,30.82
7/14/2015,31.4025,31.51,31.5925,31.26,127072556,31.415
7/15/2015,31.705,31.43,31.7875,31.395,134596800,31.4025
7/16/2015,32.1275,31.935,32.1425,31.8375,144889788,31.705
7/17/2015,32.405,32.27,32.405,32.0775,184658840,32.1275
7/20/2015,33.0175,32.7425,33.2425,32.675,235600812,32.405
7/21/2015,32.6875,33.2125,33.23,32.58,307025708,33.0175
7/22/2015,31.305,30.4975,31.375,30.4975,461802428,32.6875
7/23/2015,31.29,31.55,31.7725,31.265,203997808,31.305
7/24/2015,31.125,31.33,31.435,30.975,168649328,31.29
7/27/2015,30.6925,30.7725,30.9025,30.53,177822160,31.125
7/28/2015,30.845,30.845,30.9775,30.6375,134472388,30.6925
7/29/2015,30.7475,30.7875,30.875,30.5675,148046612,30.845
7/30/2015,30.5925,30.58,30.6425,30.4275,134513072,30.7475
7/31/2015,30.325,30.65,30.6606,30.2275,171539812,30.5925
8/3/2015,29.61,30.375,30.6425,29.38,279903872,30.325
8/4/2015,28.66,29.355,29.425,28.3125,496554492,29.61
8/5/2015,28.85,28.2375,29.36,28.025,397250452,28.66
8/6/2015,28.7825,28.9925,29.125,28.5288,211612160,28.85
8/7/2015,28.88,28.645,29.0625,28.625,154681620,28.7825
8/10/2015,29.93,29.1325,29.9975,29.1325,219806388,28.88
8/11/2015,28.3725,29.4525,29.545,28.3325,388331256,29.93
8/12/2015,28.81,28.1325,28.855,27.4075,406742440,28.3725
8/13/2015,28.7875,29.01,29.1,28.635,194143156,28.81
8/14/2015,28.99,28.58,29.0775,28.5025,171718064,28.7875
8/17/2015,29.29,29.01,29.4125,28.875,163538980,28.99
8/18/2015,29.125,29.1075,29.36,29.0025,138242832,29.29
8/19/2015,28.7525,29.025,29.13,28.67,193146040,29.125
8/20/2015,28.1625,28.52,28.5875,27.9075,274006488,28.7525
8/21/2015,26.44,27.6075,27.975,26.4113,513101884,28.1625
8/24/2015,25.78,23.7175,27.2,23,648825168,26.44
8/25/2015,25.935,27.7775,27.7775,25.875,414406396,25.78
8/26/2015,27.4225,26.7713,27.4725,26.2625,387098444,25.935
8/27/2015,28.23,28.0575,28.31,27.505,338464224,27.4225
8/28/2015,28.3225,28.0425,28.3275,27.885,212657628,28.23
8/31/2015,28.19,28.0075,28.6325,28,224917084,28.3225
9/1/2015,26.93,27.5375,27.97,26.84,307383440,28.19
9/2/2015,28.085,27.5575,28.085,27.2828,247555248,26.93
9/3/2015,27.5925,28.1225,28.195,27.51,212935760,28.085
9/4/2015,27.3175,27.2425,27.6125,27.1275,199985244,27.5925
9/8/2015,28.0775,27.9375,28.14,27.58,219374504,27.3175
9/9/2015,27.5375,28.44,28.505,27.4425,340043216,28.0775
9/10/2015,28.1425,27.5675,28.3206,27.475,251571324,27.5375
9/11/2015,28.5525,27.9475,28.5525,27.94,199661892,28.1425
9/14/2015,28.8275,29.145,29.2225,28.715,233453724,28.5525
9/15/2015,29.07,28.9825,29.1325,28.605,173364620,28.8275
9/16/2015,29.1025,29.0625,29.135,28.86,148693956,29.07
9/17/2015,28.48,28.915,29.1225,28.4288,256450564,29.1025
9/18/2015,28.3625,28.0525,28.575,27.9675,297141164,28.48
9/21/2015,28.8025,28.4175,28.8425,28.415,200887860,28.3625
9/22/2015,28.35,28.345,28.545,28.13,201384636,28.8025
9/23/2015,28.58,28.4075,28.68,28.325,143026864,28.35
9/24/2015,28.75,28.3125,28.875,28.0925,200877900,28.58
9/25/2015,28.6775,29.11,29.1725,28.505,224607704,28.75
9/28/2015,28.11,28.4625,28.6425,28.11,208436044,28.6775
9/29/2015,27.265,28.2075,28.3775,26.965,293461536,28.11
9/30/2015,27.575,27.5425,27.885,27.1825,265892132,27.265
10/1/2015,27.395,27.2675,27.405,26.8275,255716400,27.575
10/2/2015,27.595,27.0025,27.7534,26.8875,232079032,27.395
10/5/2015,27.695,27.47,27.8425,27.2675,208258972,27.595
10/6/2015,27.8275,27.6575,27.935,27.4413,195427908,27.695
10/7/2015,27.695,27.935,27.9425,27.3525,187062200,27.8275
10/8/2015,27.375,27.5475,27.5475,27.0525,247918308,27.695
10/9/2015,28.03,27.5,28.07,27.3725,211064560,27.375
10/12/2015,27.9,28.1825,28.1875,27.86,121868816,28.03
10/13/2015,27.9475,27.705,28.1125,27.67,132197024,27.9
10/14/2015,27.5525,27.8225,27.88,27.39,177849796,27.9475
10/15/2015,27.965,27.7325,28.025,27.6225,150693808,27.5525
10/16/2015,27.76,27.945,28,27.6325,156930436,27.965
10/19/2015,27.9325,27.7,27.9375,27.5275,119036612,27.76
10/20/2015,28.4425,27.835,28.5425,27.705,195871052,27.9325
10/21/2015,28.44,28.5,28.895,28.425,169307896,28.4425
10/22/2015,28.875,28.5825,28.875,28.525,166616356,28.44
10/23/2015,29.77,29.175,29.807,29.0825,237467656,28.875
10/26/2015,28.82,29.52,29.5325,28.73,265335124,29.77
10/27/2015,28.6375,28.85,29.135,28.4975,279537600,28.82
10/28/2015,29.8175,29.2325,29.825,29.015,342205408,28.6375
10/29/2015,30.1325,29.675,30.1725,29.5675,204909336,29.8175
10/30/2015,29.875,30.2475,30.305,29.8625,197461016,30.1325
11/2/2015,30.295,29.9675,30.34,29.9025,128813068,29.875
11/3/2015,30.6425,30.1975,30.8725,30.175,182075904,30.295
11/4/2015,30.5,30.7825,30.955,30.405,179544200,30.6425
11/5/2015,30.23,30.4625,30.6725,30.045,158210720,30.5
11/6/2015,30.265,30.2775,30.4525,30.155,132169132,30.23
11/9/2015,30.1425,30.24,30.4525,30.0125,135485620,30.265
11/10/2015,29.1925,29.225,29.5175,29.0153,236511724,30.1425
11/11/2015,29.0275,29.0925,29.355,28.8025,180871884,29.1925
11/12/2015,28.93,29.065,29.205,28.9125,130102316,29.0275
11/13/2015,28.085,28.8,28.8925,28.0675,183249612,28.93
11/16/2015,28.5438,27.845,28.56,27.75,152426804,28.085
11/17/2015,28.4225,28.73,28.7625,28.33,110467756,28.5438
11/18/2015,29.3225,28.94,29.3725,28.875,186698788,28.4225
11/19/2015,29.695,29.41,29.9375,29.19,173183280,29.3225
11/20/2015,29.825,29.8,29.98,29.7125,137148384,29.695
11/23/2015,29.4375,29.8175,29.9325,29.335,129930112,29.825
11/24/2015,29.72,29.3325,29.8375,29.28,171212688,29.4375
11/25/2015,29.5075,29.8025,29.8075,29.48,85553232,29.72
11/27/2015,29.4525,29.5725,29.6025,29.4,52185780,29.5075
11/30/2015,29.575,29.4975,29.8525,29.4375,156721288,29.4525
12/1/2015,29.335,29.6875,29.7025,29.215,139409496,29.575
12/2/2015,29.07,29.2625,29.5275,29.02,133546252,29.335
12/3/2015,28.8,29.1375,29.1975,28.555,166278036,29.07
12/4/2015,29.7575,28.8225,29.8125,28.7775,231107908,28.8
12/7/2015,29.57,29.745,29.965,29.4525,128336996,29.7575
12/8/2015,29.5575,29.38,29.65,29.215,137237800,29.57
12/9/2015,28.905,29.41,29.4225,28.77,185445428,29.5575
12/10/2015,29.0425,29.01,29.235,28.8775,116850908,28.905
12/11/2015,28.295,28.7975,28.8475,28.2128,187544644,29.0425
12/14/2015,28.12,28.045,28.17,27.4475,260014436,28.295
12/15/2015,27.6225,27.985,28.2,27.5875,213292420,28.12
12/16/2015,27.835,27.7675,27.9975,27.2,224953868,27.6225
12/17/2015,27.245,28.005,28.0625,27.245,179091308,27.835
12/18/2015,26.5075,27.2275,27.38,26.4525,385813308,27.245
12/21/2015,26.8325,26.82,26.8425,26.3925,190362440,26.5075
12/22/2015,26.8075,26.85,26.93,26.6128,131157468,26.8325
12/23/2015,27.1525,26.8175,27.2125,26.8,130629416,26.8075
12/24/2015,27.0075,27.25,27.25,26.9875,54386720,27.1525
12/28/2015,26.705,26.8975,26.9225,26.5452,106816840,27.0075
12/29/2015,27.185,26.74,27.3575,26.715,123724972,26.705
12/30/2015,26.83,27.145,27.175,26.795,100855108,27.185
12/31/2015,26.315,26.7525,26.7575,26.205,163649264,26.83
1/4/2016,26.3375,25.6525,26.342,25.5,270597548,26.315
1/5/2016,25.6775,26.4375,26.4625,25.6025,223163968,26.3375
1/6/2016,25.175,25.14,25.5925,24.9675,273829552,25.6775
1/7/2016,24.1125,24.67,25.0325,24.1075,324377712,25.175
1/8/2016,24.24,24.6375,24.7775,24.19,283192064,24.1125
1/11/2016,24.6325,24.7425,24.765,24.335,198957508,24.24
1/12/2016,24.99,25.1375,25.1725,24.71,196616908,24.6325
1/13/2016,24.3475,25.08,25.2975,24.325,249758524,24.99
1/14/2016,24.88,24.49,25.12,23.935,252680508,24.3475
1/15/2016,24.2825,24.05,24.4275,23.84,319335564,24.88
1/19/2016,24.165,24.6025,24.6625,23.875,212350988,24.2825
1/20/2016,24.1975,23.775,24.5474,23.355,289337664,24.165
1/21/2016,24.075,24.265,24.47,23.735,208645852,24.1975
1/22/2016,25.355,24.6575,25.365,24.5925,263201868,24.075
1/25/2016,24.86,25.38,25.3825,24.8025,207178100,25.355
1/26/2016,24.9975,24.9825,25.22,24.5175,300308008,24.86
1/27/2016,23.355,24.01,24.1572,23.335,533478696,24.9975
1/28/2016,23.5225,23.4475,23.63,23.0975,222715300,23.355
1/29/2016,24.335,23.6975,24.335,23.5875,257666016,23.5225
2/1/2016,24.1075,24.1175,24.1775,23.85,163774164,24.335
2/2/2016,23.62,23.855,24.01,23.57,149428860,24.1075
2/3/2016,24.0875,23.75,24.21,23.52,183857176,23.62
2/4/2016,24.15,23.965,24.3325,23.7975,185886608,24.0875
2/5/2016,23.505,24.13,24.23,23.4225,185672256,24.15
2/8/2016,23.7525,23.2825,23.925,23.26,216085500,23.505
2/9/2016,23.7475,23.5725,23.985,23.4825,177324780,23.7525
2/10/2016,23.5675,23.98,24.0875,23.525,169374404,23.7475
2/11/2016,23.425,23.4475,23.68,23.1475,200298844,23.5675
2/12/2016,23.4975,23.5475,23.625,23.2525,161405524,23.425
2/16/2016,24.16,23.755,24.2125,23.6525,196231664,23.4975
2/17/2016,24.53,24.1675,24.5525,24.0375,179452972,24.16
2/18/2016,24.065,24.71,24.7225,24.0227,156083932,24.53
2/19/2016,24.01,24,24.19,23.95,141496692,24.065
2/22/2016,24.22,24.0775,24.225,23.98,137123032,24.01
2/23/2016,23.6725,24.1,24.125,23.6375,127770532,24.22
2/24/2016,24.025,23.495,24.095,23.33,145022980,23.6725
2/25/2016,24.19,24.0125,24.19,23.8125,110330636,24.025
2/26/2016,24.2275,24.3,24.5059,24.145,115964524,24.19
2/29/2016,24.1725,24.215,24.5575,24.1625,140865108,24.2275
3/1/2016,25.1325,24.4125,25.1925,24.355,201628588,24.1725
3/2/2016,25.1875,25.1275,25.2225,24.91,132678240,25.1325
3/3/2016,25.375,25.145,25.4275,25.1125,147822968,25.1875
3/4/2016,25.7525,25.5925,25.9375,25.3425,184220400,25.375
3/7/2016,25.4675,25.5975,25.7075,25.24,143663240,25.7525
3/8/2016,25.2575,25.195,25.44,25.1,126247556,25.4675
3/9/2016,25.28,25.3275,25.395,25.0675,108806732,25.2575
3/10/2016,25.2925,25.3525,25.56,25.0375,134054308,25.28
3/11/2016,25.565,25.56,25.57,25.375,109632948,25.2925
3/14/2016,25.63,25.4775,25.7275,25.445,100304248,25.565
3/15/2016,26.145,25.99,26.295,25.9625,160270936,25.63
3/16/2016,26.4925,26.1525,26.5775,26.1475,153213972,26.145
3/17/2016,26.45,26.38,26.6175,26.24,137682820,26.4925
3/18/2016,26.48,26.585,26.625,26.2975,176820684,26.45
3/21/2016,26.4775,26.4825,26.9125,26.285,142010712,26.48
3/22/2016,26.68,26.3125,26.8225,26.3025,129777500,26.4775
3/23/2016,26.5325,26.62,26.7675,26.475,102813980,26.68
3/24/2016,26.4175,26.3675,26.5625,26.2225,104531820,26.5325
3/28/2016,26.2975,26.5,26.5475,26.265,77645488,26.4175
3/29/2016,26.92,26.2225,26.9475,26.22,124760332,26.2975
3/30/2016,27.39,27.1625,27.605,27.15,182404596,26.92
3/31/2016,27.2475,27.43,27.475,27.22,103553796,27.39
4/1/2016,27.4975,27.195,27.5,27.05,103495800,27.2475
4/4/2016,27.78,27.605,28.0475,27.5675,149424816,27.4975
4/5/2016,27.4525,27.3775,27.6825,27.355,106314608,27.78
4/6/2016,27.74,27.5575,27.745,27.3,105616308,27.4525
4/7/2016,27.135,27.4875,27.605,27.0303,127207480,27.74
4/8/2016,27.165,27.2275,27.4425,27.0425,94326960,27.135
4/11/2016,27.255,27.2425,27.6525,27.2075,117630072,27.165
4/12/2016,27.61,27.335,27.625,27.165,108929300,27.255
4/13/2016,28.01,27.7,28.085,27.7,133029264,27.61
4/14/2016,28.025,27.905,28.0975,27.8325,101895692,28.01
4/15/2016,27.4625,28.0275,28.075,27.4325,187755876,28.025
4/18/2016,26.87,27.2225,27.2375,26.735,243285844,27.4625
4/19/2016,26.7275,26.97,27,26.5575,129539516,26.87
4/20/2016,26.7825,26.66,27.0225,26.515,122444120,26.7275
4/21/2016,26.4925,26.7325,26.7325,26.38,126210100,26.7825
4/22/2016,26.42,26.2525,26.62,26.155,134732484,26.4925
4/25/2016,26.27,26.25,26.4125,26.1275,112126352,26.42
4/26/2016,26.0875,25.9775,26.325,25.9775,224064660,26.27
4/27/2016,24.455,24,24.6775,23.92,458408568,26.0875
4/28/2016,23.7075,24.4025,24.47,23.5625,328970760,24.455
4/29/2016,23.435,23.4975,23.68,23.1275,274125912,23.7075
5/2/2016,23.41,23.4913,23.52,23.1,192640416,23.435
5/3/2016,23.795,23.55,23.935,23.42,227325108,23.41
5/4/2016,23.5475,23.8,23.975,23.455,164101900,23.795
5/5/2016,23.31,23.5,23.5175,23.17,143562000,23.5475
5/6/2016,23.18,23.3425,23.3625,22.9625,174799544,23.31
5/9/2016,23.1975,23.25,23.4425,23.1475,131745744,23.18
5/10/2016,23.355,23.3325,23.3925,23.0275,134747344,23.1975
5/11/2016,23.1275,23.37,23.3925,23.115,114876436,23.355
5/12/2016,22.585,23.18,23.195,22.3675,305258760,23.1275
5/13/2016,22.63,22.5,22.9175,22.5,177571060,22.585
5/16/2016,23.47,23.0975,23.5975,22.9125,245039024,22.63
5/17/2016,23.3725,23.6375,23.675,23.2525,187667756,23.47
5/18/2016,23.64,23.54,23.8025,23.4725,168249564,23.3725
5/19/2016,23.55,23.66,23.66,23.3925,121768400,23.64
5/20/2016,23.805,23.66,23.8575,23.63,128103872,23.55
5/23/2016,24.1075,23.9675,24.2975,23.9175,152074572,23.805
5/24/2016,24.475,24.305,24.5225,24.21,140560696,24.1075
5/25/2016,24.905,24.6675,24.935,24.5275,154568432,24.475
5/26/2016,25.1025,24.92,25.1825,24.66,225324636,24.905
5/27/2016,25.0875,24.86,25.1175,24.8113,145364960,25.1025
5/31/2016,24.965,24.9,25.1,24.705,169228848,25.0875
6/1/2016,24.615,24.755,24.885,24.5825,116693140,24.965
6/2/2016,24.43,24.4,24.46,24.1575,160766400,24.615
6/3/2016,24.48,24.4475,24.5675,24.3625,114019552,24.43
6/6/2016,24.6575,24.4975,25.4725,24.3875,93170016,24.48
6/7/2016,24.7575,24.8125,24.9675,24.74,89637800,24.6575
6/8/2016,24.735,24.755,24.89,24.67,83392524,24.7575
6/9/2016,24.9125,24.625,24.9975,24.615,106405416,24.735
6/10/2016,24.7075,24.6325,24.8364,24.62,126851744,24.9125
6/13/2016,24.335,24.6725,24.78,24.275,152081976,24.7075
6/14/2016,24.365,24.33,24.6188,24.1875,127727776,24.335
6/15/2016,24.285,24.455,24.6025,24.2575,117780908,24.365
6/16/2016,24.3875,24.1125,24.4375,24.0175,125307260,24.285
6/17/2016,23.8325,24.155,24.1625,23.825,244032876,24.3875
6/20/2016,23.775,24,24.1425,23.7575,137647604,23.8325
6/21/2016,23.9775,23.735,24.0875,23.669,142185432,23.775
6/22/2016,23.8875,24.0625,24.2225,23.8375,116876488,23.9775
6/23/2016,24.025,23.985,24.0725,23.8125,128960748,23.8875
6/24/2016,23.35,23.2275,23.6638,23.1625,301245424,24.025
6/27/2016,23.01,23.25,23.2625,22.875,186488752,23.35
6/28/2016,23.3975,23.225,23.415,23.035,161779656,23.01
6/29/2016,23.6,23.4925,23.6375,23.4075,146124024,23.3975
6/30/2016,23.9,23.61,23.9425,23.575,143345424,23.6
7/1/2016,23.9725,23.8725,24.1163,23.8325,104106160,23.9
7/5/2016,23.7475,23.8475,23.85,23.615,110820840,23.9725
7/6/2016,23.8825,23.65,23.915,23.5925,123796360,23.7475
7/7/2016,23.985,23.925,24.125,23.905,100525268,23.8825
7/8/2016,24.17,24.1225,24.2225,24.0125,115648412,23.985
7/11/2016,24.245,24.1875,24.4125,24.1825,95179780,24.17
7/12/2016,24.355,24.2925,24.425,24.28,96669852,24.245
7/13/2016,24.2175,24.3525,24.4175,24.21,103568684,24.355
7/14/2016,24.6975,24.3475,24.7475,24.33,155675988,24.2175
7/15/2016,24.695,24.73,24.825,24.625,120547960,24.6975
7/18/2016,24.9575,24.675,25.0325,24.65,145975468,24.695
7/19/2016,24.9675,24.89,25,24.835,95119696,24.9575
7/20/2016,24.99,25,25.115,24.9338,105103872,24.9675
7/21/2016,24.8575,24.9575,25.25,24.7825,130808112,24.99
7/22/2016,24.665,24.815,24.825,24.5775,113254676,24.8575
7/25/2016,24.335,24.5625,24.71,24.23,161531684,24.665
7/26/2016,24.1675,24.205,24.4925,24.105,224959288,24.335
7/27/2016,25.7375,26.0663,26.0875,25.6875,369379280,24.1675
7/28/2016,26.085,25.7075,26.1125,25.705,159479356,25.7375
7/29/2016,26.0525,26.0475,26.1375,25.92,110934752,26.085
8/1/2016,26.5125,26.1025,26.5375,26.1025,152671484,26.0525
8/2/2016,26.12,26.5125,26.5175,26,135266224,26.5125
8/3/2016,26.4475,26.2025,26.46,26.1925,120810564,26.12
8/4/2016,26.4675,26.395,26.5,26.32,109634600,26.4475
8/5/2016,26.87,26.5675,26.9125,26.545,162213608,26.4675
8/8/2016,27.0925,26.88,27.0925,26.79,112148880,26.87
8/9/2016,27.2025,27.0575,27.235,27.0025,105260816,27.0925
8/10/2016,27,27.1775,27.225,26.94,96034020,27.2025
8/11/2016,26.9825,27.13,27.2325,26.9625,109938024,27
8/12/2016,27.045,26.945,27.11,26.945,74641736,26.9825
8/15/2016,27.37,27.035,27.385,27.02,103472836,27.045
8/16/2016,27.345,27.4075,27.5575,27.3025,135177792,27.37
8/17/2016,27.305,27.275,27.3425,27.085,101423904,27.345
8/18/2016,27.27,27.3075,27.4,27.255,87938812,27.305
8/19/2016,27.34,27.1925,27.4225,27.09,101472288,27.27
8/22/2016,27.1275,27.215,27.275,26.9625,103280920,27.34
8/23/2016,27.2125,27.1475,27.33,27.1325,85030676,27.1275
8/24/2016,27.0075,27.1413,27.1875,26.92,94700324,27.2125
8/25/2016,26.8925,26.8475,26.97,26.67,100344992,27.0075
8/26/2016,26.735,26.8525,26.9875,26.5775,111065164,26.8925
8/29/2016,26.705,26.655,26.86,26.5725,99881200,26.735
8/30/2016,26.5,26.45,26.625,26.375,99455780,26.705
8/31/2016,26.525,26.415,26.6425,26.41,118649624,26.5
9/1/2016,26.6825,26.535,26.7,26.405,106806092,26.525
9/2/2016,26.9325,26.925,27,26.705,107209800,26.6825
9/6/2016,26.925,26.975,27.075,26.8775,107521564,26.9325
9/7/2016,27.09,26.9575,27.19,26.7675,169457312,26.925
9/8/2016,26.38,26.8125,26.8175,26.31,212008104,27.09
9/9/2016,25.7825,26.16,26.43,25.7825,186227936,26.38
9/12/2016,26.36,25.6625,26.43,25.6325,181171080,25.7825
9/13/2016,26.9875,26.8775,27.1975,26.81,248704760,26.36
9/14/2016,27.9425,27.1825,28.2575,27.15,449361272,26.9875
9/15/2016,28.8925,28.465,28.9325,28.3725,362452708,27.9425
9/16/2016,28.73,28.78,29.0325,28.51,319547644,28.8925
9/19/2016,28.395,28.7975,29.045,28.3125,188092184,28.73
9/20/2016,28.3925,28.2625,28.53,28.1275,138057076,28.395
9/21/2016,28.3875,28.4625,28.4973,28.1103,144012740,28.3925
9/22/2016,28.655,28.5875,28.735,28.5,124295936,28.3875
9/23/2016,28.1775,28.605,28.6975,27.8875,209924604,28.655
9/26/2016,28.22,27.91,28.3475,27.8875,119477768,28.1775
9/27/2016,28.2725,28.25,28.295,28.085,98429648,28.22
9/28/2016,28.4875,28.4225,28.66,28.3575,118564340,28.2725
9/29/2016,28.045,28.29,28.45,27.95,143547960,28.4875
9/30/2016,28.2625,28.115,28.3425,27.95,145516424,28.045
10/3/2016,28.13,28.1775,28.2625,28.07,86807040,28.2625
10/4/2016,28.25,28.265,28.5775,28.1575,118947340,28.13
10/5/2016,28.2625,28.35,28.415,28.1725,85812356,28.25
10/6/2016,28.4725,28.425,28.585,28.2825,115117252,28.2625
10/7/2016,28.515,28.5775,28.64,28.3775,97433772,28.4725
10/10/2016,29.0125,28.755,29.1875,28.68,144943824,28.515
10/11/2016,29.075,29.425,29.6725,29.05,256164172,29.0125
10/12/2016,29.335,29.3375,29.495,29.1875,150347148,29.075
10/13/2016,29.245,29.1975,29.36,28.93,140769624,29.335
10/14/2016,29.4075,29.47,29.5425,29.2825,142608764,29.245
10/17/2016,29.3875,29.3325,29.46,29.195,94499584,29.4075
10/18/2016,29.3675,29.545,29.5525,29.3625,98213912,29.3875
10/19/2016,29.28,29.3125,29.44,28.45,80138376,29.3675
10/20/2016,29.265,29.215,29.345,29.0825,96503204,29.28
10/21/2016,29.15,29.2025,29.2275,29.07,92770660,29.265
10/24/2016,29.4125,29.275,29.435,29.25,94154692,29.15
10/25/2016,29.5625,29.4875,29.59,29.3275,192515880,29.4125
10/26/2016,28.8975,28.5775,28.925,28.3275,264536876,29.5625
10/27/2016,28.62,28.8475,28.965,28.525,138248180,28.8975
10/28/2016,28.43,28.4675,28.8025,28.3625,151446648,28.62
10/31/2016,28.385,28.4125,28.5575,28.3,105677592,28.43
11/1/2016,27.8725,28.365,28.4425,27.6325,175303248,28.385
11/2/2016,27.8975,27.85,28.0875,27.8075,113326836,27.8725
11/3/2016,27.4575,27.745,27.865,27.3875,107730408,27.8975
11/4/2016,27.21,27.1325,27.5625,27.0275,123347988,27.4575
11/7/2016,27.6025,27.52,27.6275,27.365,130240000,27.21
11/8/2016,27.765,27.5775,27.93,27.425,97016716,27.6025
11/9/2016,27.72,27.47,27.83,27.0125,236705444,27.765
11/10/2016,26.9475,27.7725,27.7725,26.4575,228538164,27.72
11/11/2016,27.1075,26.78,27.2175,26.6375,136575592,26.9475
11/14/2016,26.4275,26.9275,26.9523,26.02,204702016,27.1075
11/15/2016,26.7775,26.6425,26.92,26.5398,129058040,26.4275
11/16/2016,27.4975,26.675,27.5575,26.65,235362088,26.7775
11/17/2016,27.4875,27.4525,27.5875,27.2075,110528012,27.4975
11/18/2016,27.515,27.43,27.635,27.415,113715668,27.4875
11/21/2016,27.9325,27.53,27.9975,27.5025,117058284,27.515
11/22/2016,27.95,27.9875,28.105,27.85,103862136,27.9325
11/23/2016,27.8075,27.84,27.8775,27.5825,109705576,27.95
11/25/2016,27.9475,27.7825,27.9675,27.7375,45903688,27.8075
11/28/2016,27.8925,27.8575,28.1163,27.8475,108775932,27.9475
11/29/2016,27.865,27.695,28.0075,27.5175,114115000,27.8925
11/30/2016,27.63,27.9,28.05,27.5675,144649032,27.865
12/1/2016,27.3725,27.5913,27.735,27.2575,148347448,27.63
12/2/2016,27.475,27.2925,27.5225,27.2125,106111988,27.3725
12/5/2016,27.2775,27.5,27.5075,27.0625,137298160,27.475
12/6/2016,27.4875,27.375,27.59,27.2975,104781848,27.2775
12/7/2016,27.7575,27.315,27.7975,27.29,119994876,27.4875
12/8/2016,28.03,27.715,28.1075,27.65,108273264,27.7575
12/9/2016,28.4875,28.0775,28.675,28.0775,137610508,28.03
12/12/2016,28.325,28.3225,28.75,28.1225,105497508,28.4875
12/13/2016,28.7975,28.46,28.98,28.4375,174935244,28.325
12/14/2016,28.7975,28.76,29.05,28.745,136127336,28.7975
12/15/2016,28.955,28.845,29.1825,28.8075,186098176,28.7975
12/16/2016,28.9925,29.1175,29.125,28.9113,177404536,28.955
12/19/2016,29.16,28.95,29.345,28.9375,111117692,28.9925
12/20/2016,29.2375,29.185,29.375,29.17,85699860,29.16
12/21/2016,29.265,29.2,29.35,29.195,95132660,29.2375
12/22/2016,29.0725,29.0875,29.1275,28.91,104343416,29.265
12/23/2016,29.13,28.8975,29.13,28.8975,56997936,29.0725
12/27/2016,29.315,29.13,29.45,29.1225,73187420,29.13
12/28/2016,29.19,29.38,29.5042,29.05,83623568,29.315
12/29/2016,29.1825,29.1125,29.2774,29.1,60158076,29.19
12/30/2016,28.955,29.1625,29.3,28.8575,122345060,29.1825
1/3/2017,29.0375,28.95,29.0825,28.69,115127460,28.955
1/4/2017,29.005,28.9625,29.1275,28.9375,84472464,29.0375
1/5/2017,29.1525,28.98,29.216,28.9525,88774348,29.005
1/6/2017,29.4775,29.195,29.54,29.1175,127007600,29.1525
1/9/2017,29.7475,29.4875,29.8575,29.485,134247792,29.4775
1/10/2017,29.7775,29.6925,29.845,29.575,97848204,29.7475
1/11/2017,29.9375,29.685,29.9825,29.65,110354372,29.7775
1/12/2017,29.8125,29.7238,29.825,29.5525,108344880,29.9375
1/13/2017,29.76,29.7775,29.905,29.7025,104447792,29.8125
1/17/2017,30,29.585,30.06,29.555,137759372,29.76
1/18/2017,29.9975,30,30.125,29.9275,94851844,30
1/19/2017,29.945,29.85,30.0225,29.8425,102389164,29.9975
1/20/2017,30,30.1125,30.1125,29.9337,130391568,29.945
1/23/2017,30.02,30,30.2025,29.9425,88200872,30
1/24/2017,29.9925,29.8875,30.025,29.875,92844152,30.02
1/25/2017,30.47,30.105,30.525,30.07,130346692,29.9925
1/26/2017,30.485,30.4175,30.61,30.4,105350304,30.47
1/27/2017,30.4875,30.535,30.5875,30.4,82251776,30.485
1/30/2017,30.4075,30.2325,30.4075,30.165,121510012,30.4875
1/31/2017,30.3375,30.2875,30.3475,30.155,196803972,30.4075
2/1/2017,32.1875,31.7575,32.6225,31.7525,447940160,30.3375
2/2/2017,32.1325,31.9938,32.3475,31.945,134841644,32.1875
2/3/2017,32.27,32.0775,32.2975,32.04,98029204,32.1325
2/6/2017,32.5725,32.2825,32.625,32.225,107383696,32.27
2/7/2017,32.8825,32.635,33.0225,32.6125,152735364,32.5725
2/8/2017,33.01,32.8375,33.055,32.805,92016288,32.8825
2/9/2017,33.105,32.9125,33.1113,32.78,113399436,33.01
2/10/2017,33.03,33.115,33.235,33.0125,80261832,33.105
2/13/2017,33.3225,33.27,33.455,33.1875,92141684,33.03
2/14/2017,33.755,33.3675,33.7725,33.3125,132904892,33.3225
2/15/2017,33.8775,33.88,34.0675,33.655,142492400,33.755
2/16/2017,33.8363,33.9175,33.975,33.71,90338220,33.8775
2/17/2017,33.93,33.775,33.9575,33.775,88792788,33.8363
2/21/2017,34.175,34.0575,34.1875,33.995,98028624,33.93
2/22/2017,34.2775,34.1075,34.28,34.0275,83347728,34.175
2/23/2017,34.1325,34.345,34.37,34.075,83152744,34.2775
2/24/2017,34.165,33.9775,34.165,33.82,87106340,34.1325
2/27/2017,34.2325,34.285,34.3588,34.07,81029704,34.165
2/28/2017,34.2475,34.27,34.3588,34.175,93931440,34.2325
3/1/2017,34.9475,34.4725,35.0375,34.3988,145658340,34.2475
3/2/2017,34.74,35,35.0697,34.69,104843936,34.9475
3/3/2017,34.945,34.695,34.9575,34.6475,86284484,34.74
3/6/2017,34.835,34.8413,34.9425,34.649,87000176,34.945
3/7/2017,34.88,34.765,34.995,34.6975,69785188,34.835
3/8/2017,34.75,34.7375,34.95,34.705,74828944,34.88
3/9/2017,34.67,34.685,34.6975,34.2625,88623616,34.75
3/10/2017,34.785,34.8125,34.8393,34.66,78451204,34.67
3/13/2017,34.8,34.7125,34.8575,34.705,69686868,34.785
3/14/2017,34.7475,34.825,34.9125,34.71,61236260,34.8
3/15/2017,35.115,34.8525,35.1875,34.7563,102767096,34.7475
3/16/2017,35.1725,35.18,35.255,35.065,76927992,35.115
3/17/2017,34.9975,35.25,35.25,34.9725,175539808,35.1725
3/20/2017,35.365,35.1,35.375,35.0575,86168152,34.9975
3/21/2017,34.96,35.5275,35.7,34.9325,158119648,35.365
3/22/2017,35.355,34.9613,35.4,34.94,103440660,34.96
3/23/2017,35.23,35.315,35.3961,35.1525,81385204,35.355
3/24/2017,35.16,35.375,35.435,35.0875,89582252,35.23
3/27/2017,35.22,34.8475,35.305,34.655,94300376,35.16
3/28/2017,35.95,35.2275,36.01,35.155,133499220,35.22
3/29/2017,36.03,35.92,36.1225,35.7975,116759820,35.95
3/30/2017,35.9825,36.0475,36.125,35.875,84829008,36.03
3/31/2017,35.915,35.93,36.0675,35.7525,78646604,35.9825
4/3/2017,35.925,35.9275,36.03,35.7625,79942856,35.915
4/4/2017,36.1925,35.8125,36.2225,35.7925,79565416,35.925
4/5/2017,36.005,36.055,36.365,35.9525,110871416,36.1925
4/6/2017,35.915,36.0725,36.13,35.8625,84596136,36.005
4/7/2017,35.835,35.9325,36.045,35.8175,66688792,35.915
4/10/2017,35.7925,35.9,35.9698,35.725,75733588,35.835
4/11/2017,35.4075,35.735,35.8375,35.015,121517504,35.7925
4/12/2017,35.45,35.4,35.5375,35.2525,81400000,35.4075
4/13/2017,35.2625,35.4775,35.595,35.2625,71291520,35.45
4/17/2017,35.4575,35.37,35.47,35.2175,66328376,35.2625
4/18/2017,35.3,35.3525,35.51,35.2775,58790176,35.4575
4/19/2017,35.17,35.47,35.5,35.1125,69313500,35.3
4/20/2017,35.61,35.305,35.73,35.29,93278248,35.17
4/21/2017,35.5675,35.61,35.67,35.4625,69283712,35.61
4/24/2017,35.91,35.875,35.9875,35.795,68537332,35.5675
4/25/2017,36.1325,35.9775,36.225,35.9675,75486004,35.91
4/26/2017,35.92,36.1175,36.15,35.844,80164964,36.1325
4/27/2017,35.9475,35.9806,36.04,35.8275,56985388,35.92
4/28/2017,35.9125,36.0225,36.075,35.8175,83441432,35.9475
5/1/2017,36.645,36.275,36.8,36.24,134411772,35.9125
5/2/2017,36.8775,36.885,37.0225,36.71,181408776,36.645
5/3/2017,36.765,36.3975,36.8725,36.0675,182788136,36.8775
5/4/2017,36.6325,36.63,36.785,36.4525,93487488,36.765
5/5/2017,37.24,36.69,37.245,36.69,109310900,36.6325
5/8/2017,38.2525,37.2575,38.425,37.2575,195009652,37.24
5/9/2017,38.4975,38.4675,38.72,38.3625,156521452,38.2525
5/10/2017,38.315,38.4075,38.485,38.0275,103222768,38.4975
5/11/2017,38.4875,38.1125,38.5175,38.0775,109020232,38.315
5/12/2017,39.025,38.675,39.105,38.6675,130108068,38.4875
5/15/2017,38.925,39.0025,39.1625,38.7625,104038876,39.025
5/16/2017,38.8675,38.985,39.015,38.68,80193912,38.925
5/17/2017,37.5625,38.4,38.6425,37.4275,203070712,38.8675
5/18/2017,38.135,37.8175,38.335,37.7825,134272860,37.5625
5/19/2017,38.265,38.345,38.495,38.1575,107843152,38.135
5/22/2017,38.4975,38.5,38.645,38.2275,91865748,38.265
5/23/2017,38.45,38.725,38.725,38.3275,79675484,38.4975
5/24/2017,38.335,38.46,38.5425,38.1675,76876616,38.45
5/25/2017,38.4675,38.4325,38.5875,38.2575,76942392,38.335
5/26/2017,38.4025,38.5,38.56,38.3275,87710548,38.4675
5/30/2017,38.4175,38.355,38.6075,38.3325,80507404,38.4025
5/31/2017,38.19,38.4925,38.5425,38.095,97804656,38.4175
6/1/2017,38.295,38.2925,38.3325,38.055,65616352,38.19
6/2/2017,38.8625,38.395,38.8625,38.2225,111082860,38.295
6/5/2017,38.4825,38.585,38.6125,38.365,101326648,38.8625
6/6/2017,38.6125,38.475,38.9525,38.445,106499704,38.4825
6/7/2017,38.8425,38.755,38.995,38.62,84278588,38.6125
6/8/2017,38.7475,38.8125,38.885,38.6,85003192,38.8425
6/9/2017,37.245,38.7975,38.7975,36.505,259530628,38.7475
6/12/2017,36.355,36.435,36.5225,35.6275,289229320,37.245
6/13/2017,36.6475,36.79,36.8625,36.2875,136661780,36.355
6/14/2017,36.29,36.875,36.875,35.96,126124928,36.6475
6/15/2017,36.0725,35.83,36.12,35.5525,128661492,36.29
6/16/2017,35.5675,35.945,36.125,35.55,201444372,36.0725
6/19/2017,36.585,35.915,36.685,35.915,130165616,35.5675
6/20/2017,36.2525,36.7175,36.7175,36.235,99600292,36.585
6/21/2017,36.4675,36.38,36.5173,36.1525,85063004,36.2525
6/22/2017,36.4075,36.4425,36.675,36.28,76425176,36.4675
6/23/2017,36.57,36.2825,36.79,36.2775,141757556,36.4075
6/26/2017,36.455,36.7925,37.07,36.345,102769444,36.57
6/27/2017,35.9325,36.2525,36.54,35.905,99047564,36.455
6/28/2017,36.4575,36.1225,36.5275,35.79,88329728,35.9325
6/29/2017,35.92,36.1775,36.2825,35.57,125997472,36.4575
6/30/2017,36.005,36.1125,36.24,35.945,92096428,35.92
7/3/2017,35.875,36.22,36.325,35.775,57111392,36.005
7/5/2017,36.0225,35.9225,36.1975,35.6809,86278228,35.875
7/6/2017,35.6825,35.755,35.875,35.6025,96515128,36.0225
7/7/2017,36.045,35.725,36.1875,35.725,76806848,35.6825
7/10/2017,36.265,36.0275,36.4875,35.8425,84362544,36.045
7/11/2017,36.3825,36.1825,36.4625,36.095,79127344,36.265
7/12/2017,36.435,36.4675,36.545,36.205,99537912,36.3825
7/13/2017,36.9425,36.375,37.1225,36.36,100797492,36.435
7/14/2017,37.26,36.9925,37.3325,36.8325,80528244,36.9425
7/17/2017,37.39,37.205,37.725,37.1425,95173824,37.26
7/18/2017,37.52,37.3,37.5325,37.1675,71475168,37.39
7/19/2017,37.755,37.62,37.855,37.4875,83691876,37.52
7/20/2017,37.585,37.875,37.935,37.5475,68974992,37.755
7/21/2017,37.5675,37.4975,37.61,37.22,105010520,37.585
7/24/2017,38.0225,37.645,38.11,37.475,85972640,37.5675
7/25/2017,38.185,37.95,38.46,37.95,75415728,38.0225
7/26/2017,38.365,38.3375,38.4825,38.265,63123804,38.185
7/27/2017,37.64,38.4375,38.4975,36.825,129905348,38.365
7/28/2017,37.375,37.4725,37.5575,37.2975,68854612,37.64
7/31/2017,37.1825,37.475,37.5825,37.0325,79383680,37.375
8/1/2017,37.5125,37.275,37.555,37.1025,141474580,37.1825
8/2/2017,39.285,39.82,39.9375,39.04,279747200,37.5125
8/3/2017,38.8925,39.2625,39.3025,38.755,108389184,39.285
8/4/2017,39.0975,39.0175,39.35,38.9225,82239408,38.8925
8/7/2017,39.7025,39.265,39.73,39.1675,87481284,39.0975
8/8/2017,40.02,39.65,40.4575,39.5675,144823584,39.7025
8/9/2017,40.265,39.815,40.3175,39.7775,104526120,40.02
8/10/2017,38.83,39.975,40,38.6575,163217092,40.265
8/11/2017,39.37,39.15,39.6432,39.0175,105028384,38.83
8/14/2017,39.9625,39.83,40.0525,39.6875,88490936,39.37
8/15/2017,40.4,40.165,40.5488,40.035,117861948,39.9625
8/16/2017,40.2375,40.485,40.6275,40.0375,110686448,40.4
8/17/2017,39.465,40.13,40.1775,39.46,111762260,40.2375
8/18/2017,39.375,39.465,39.875,39.18,109712276,39.465
8/21/2017,39.3025,39.375,39.4725,38.7775,105474112,39.375
8/22/2017,39.945,39.5575,40,39.505,86418340,39.3025
8/23/2017,39.995,39.7675,40.1175,39.72,77596324,39.945
8/24/2017,39.8175,40.1075,40.185,39.6375,79275672,39.995
8/25/2017,39.965,39.9125,40.14,39.8175,101920252,39.8175
8/28/2017,40.3675,40.035,40.5,39.9825,103863888,39.965
8/29/2017,40.7275,40.025,40.78,40,118067640,40.3675
8/30/2017,40.8375,40.95,40.9725,40.6525,109078336,40.7275
8/31/2017,41,40.91,41.13,40.87,107140384,40.8375
9/1/2017,41.0125,41.2,41.235,40.9075,66364204,41
9/5/2017,40.52,40.9375,41.0625,40.14,118145256,41.0125
9/6/2017,40.4775,40.6775,40.7475,40.13,86606904,40.52
9/7/2017,40.315,40.5225,40.56,40.09,87714008,40.4775
9/8/2017,39.6575,40.215,40.2875,39.6325,114446140,40.315
9/11/2017,40.375,40.125,40.5125,39.9725,126323192,39.6575
9/12/2017,40.215,40.6525,40.99,39.6925,286856184,40.375
9/13/2017,39.9125,39.9675,39.99,39.4775,179629444,40.215
9/14/2017,39.57,39.7475,39.85,39.5225,95042996,39.9125
9/15/2017,39.97,39.6175,40.2425,39.5,196458408,39.57
9/18/2017,39.6675,40.0275,40.125,39.4988,113077740,39.97
9/19/2017,39.6825,39.8775,39.9425,39.61,83242528,39.6675
9/20/2017,39.0175,39.475,39.565,38.4575,211805456,39.6825
9/21/2017,38.3475,38.95,38.95,38.1875,150046644,39.0175
9/22/2017,37.9725,38.005,38.0675,37.64,186581772,38.3475
9/25/2017,37.6375,37.4975,37.9575,37.29,177549344,37.9725
9/26/2017,38.285,37.945,38.48,37.9225,146640180,37.6375
9/27/2017,38.5575,38.45,38.6797,38.385,102016908,38.285
9/28/2017,38.32,38.4725,38.57,38.175,88021820,38.5575
9/29/2017,38.53,38.3025,38.5325,38,105199240,38.32
10/2/2017,38.4525,38.565,38.6125,38.18,74795368,38.53
10/3/2017,38.62,38.5025,38.7725,38.4775,64921172,38.4525
10/4/2017,38.37,38.4075,38.465,38.115,80655000,38.62
10/5/2017,38.8475,38.545,38.86,38.5125,85135076,38.37
10/6/2017,38.825,38.7425,38.8725,38.64,69630232,38.8475
10/9/2017,38.96,38.9525,39.1825,38.8713,65051692,38.825
10/10/2017,38.975,39.0138,39.5,38.775,62468056,38.96
10/11/2017,39.1375,38.9925,39.245,38.9375,67622560,38.975
10/12/2017,39,39.0875,39.3425,38.9325,64500216,39.1375
10/13/2017,39.2475,39.1825,39.32,39.1025,65576752,39
10/16/2017,39.97,39.475,40,39.4125,96485808,39.2475
10/17/2017,40.1175,39.945,40.2175,39.8075,75989100,39.97
10/18/2017,39.94,40.105,40.1775,39.9,65496656,40.1175
10/19/2017,38.995,39.1875,39.27,38.755,170336664,39.94
10/20/2017,39.0625,39.1525,39.4375,38.99,95896584,38.995
10/23/2017,39.0425,39.2225,39.4225,38.875,87937308,39.0625
10/24/2017,39.275,39.0725,39.355,39.05,71028920,39.0425
10/25/2017,39.1025,39.2275,39.3875,38.8175,84828392,39.275
10/26/2017,39.3525,39.3075,39.4574,39.195,68001876,39.1025
10/27/2017,40.7625,39.8225,40.9,39.675,177816640,39.3525
10/30/2017,41.68,40.9725,42.0175,40.93,178803088,40.7625
10/31/2017,42.26,41.975,42.4125,41.735,144187312,41.68
11/1/2017,41.7225,42.4675,42.485,41.4025,134551048,42.26
11/2/2017,42.0275,41.91,42.125,41.32,165573492,41.7225
11/3/2017,43.125,43.5,43.565,42.78,237594524,42.0275
11/6/2017,43.5625,43.0913,43.7475,42.93,140105224,43.125
11/7/2017,43.7025,43.4775,43.8125,43.4,97445940,43.5625
11/8/2017,44.06,43.665,44.06,43.5825,97638108,43.7025
11/9/2017,43.97,43.7775,44.0238,43.285,117930384,44.06
11/10/2017,43.6675,43.7775,43.845,43.5675,100582000,43.97
11/13/2017,43.4925,43.375,43.625,43.35,67928320,43.6675
11/14/2017,42.835,43.26,43.37,42.795,99129948,43.4925
11/15/2017,42.27,42.4925,42.5799,42.095,116632280,42.835
11/16/2017,42.775,42.795,42.9675,42.575,94549936,42.27
11/17/2017,42.5375,42.76,42.8475,42.41,87598176,42.775
11/20/2017,42.495,42.5725,42.64,42.39,65049788,42.5375
11/21/2017,43.285,42.695,43.425,42.695,100525180,42.495
11/22/2017,43.74,43.34,43.75,43.2625,102355700,43.285
11/24/2017,43.7425,43.775,43.875,43.6615,56106692,43.74
11/27/2017,43.5225,43.7625,43.77,43.335,82867208,43.7425
11/28/2017,43.2675,43.575,43.7175,42.965,105715208,43.5225
11/29/2017,42.37,43.1575,43.23,41.79,166665456,43.2675
11/30/2017,42.9625,42.6075,43.035,42.11,166108872,42.37
12/1/2017,42.7625,42.4875,42.9175,42.125,159037152,42.9625
12/4/2017,42.45,43.12,43.155,42.4075,130169540,42.7625
12/5/2017,42.41,42.265,42.88,42.1,109400616,42.45
12/6/2017,42.2525,41.875,42.5512,41.615,114240000,42.41
12/7/2017,42.33,42.2575,42.61,42.2275,102693232,42.2525
12/8/2017,42.3425,42.6225,42.75,42.205,93420924,42.33
12/11/2017,43.1675,42.3,43.2225,42.1975,141095036,42.3425
12/12/2017,42.925,43.0375,43.0975,42.8653,77636920,43.1675
12/13/2017,43.0675,43.125,43.385,43,95273788,42.925
12/14/2017,43.055,43.1,43.2825,42.9125,81906164,43.0675
12/15/2017,43.4925,43.4075,43.5425,43.115,160677228,43.055
12/18/2017,44.105,43.72,44.3,43.715,117684456,43.4925
12/19/2017,43.635,43.7575,43.8475,43.5225,109745788,44.105
12/20/2017,43.5875,43.7175,43.855,43.3125,93902596,43.635
12/21/2017,43.7525,43.5425,44.005,43.525,83799584,43.5875
12/22/2017,43.7525,43.67,43.856,43.625,65397776,43.7525
12/26/2017,42.6425,42.7,42.8675,42.4198,132742144,43.7525
12/27/2017,42.65,42.525,42.695,42.4275,85992852,42.6425
12/28/2017,42.77,42.75,42.9625,42.62,65920748,42.65
12/29/2017,42.3075,42.63,42.6475,42.305,103999688,42.77
1/2/2018,43.065,42.54,43.075,42.315,102223736,42.3075
1/3/2018,43.0575,43.1325,43.6375,42.99,118071596,43.065
1/4/2018,43.2575,43.135,43.3675,43.02,89738388,43.0575
1/5/2018,43.75,43.36,43.8425,43.2625,94640072,43.2575
1/8/2018,43.5875,43.5875,43.9025,43.4825,82271064,43.75
1/9/2018,43.5825,43.6375,43.765,43.3525,86335988,43.5875
1/10/2018,43.5725,43.29,43.575,43.25,95839580,43.5825
1/11/2018,43.82,43.6475,43.8722,43.6225,74670916,43.5725
1/12/2018,44.2725,44.045,44.34,43.9125,101672320,43.82
1/16/2018,44.0475,44.475,44.8475,44.035,118263788,44.2725
1/17/2018,44.775,44.0375,44.8125,43.7675,137547344,44.0475
1/18/2018,44.815,44.8425,45.025,44.5625,124773408,44.775
1/19/2018,44.615,44.6525,44.895,44.3525,129700268,44.815
1/22/2018,44.25,44.325,44.445,44.1504,108434204,44.615
1/23/2018,44.26,44.325,44.86,44.205,130756584,44.25
1/24/2018,43.555,44.3125,44.325,43.3,204420360,44.26
1/25/2018,42.7775,43.6263,43.7375,42.6325,166116016,43.555
1/26/2018,42.8775,43,43,42.515,156572044,42.7775
1/29/2018,41.99,42.54,42.54,41.7675,202561624,42.8775
1/30/2018,41.7425,41.3813,41.8425,41.175,184192740,41.99
1/31/2018,41.8575,41.7175,42.1104,41.625,129915720,41.7425
2/1/2018,41.945,41.7913,42.155,41.69,188923148,41.8575
2/2/2018,40.125,41.5,41.7,40.025,346375300,41.945
2/5/2018,39.1225,39.775,40.97,39,290954088,40.125
2/6/2018,40.7575,38.7075,40.93,38.5,272975352,39.1225
2/7/2018,39.885,40.7713,40.85,39.7671,206434320,40.7575
2/8/2018,38.7875,40.0725,40.25,38.7575,217562064,39.885
2/9/2018,39.1025,39.2675,39.4725,37.56,282690432,38.7875
2/12/2018,40.6775,39.625,40.9725,39.3775,243278156,39.1025
2/13/2018,41.085,40.4875,41.1875,40.4125,130196652,40.6775
2/14/2018,41.8425,40.7612,41.885,40.72,162579732,41.085
2/15/2018,43.2475,42.4475,43.2725,42.25,204588684,41.8425
2/16/2018,43.1075,43.09,43.705,42.9425,160704364,43.2475
2/20/2018,42.9625,43.0125,43.565,42.855,135722160,43.1075
2/21/2018,42.7675,43.2075,43.53,42.7525,149886492,42.9625
2/22/2018,43.125,42.95,43.4875,42.9275,123967760,42.7675
2/23/2018,43.875,43.4175,43.9125,43.385,135249440,43.125
2/26/2018,44.7425,44.0875,44.8475,44.0525,152648696,43.875
2/27/2018,44.5975,44.775,45.12,44.54,155712500,44.7425
2/28/2018,44.53,44.815,45.1538,44.5125,151128552,44.5975
3/1/2018,43.75,44.635,44.9438,43.165,195207880,44.53
3/2/2018,44.0525,43.2,44.075,43.1125,153815800,43.75
3/5/2018,44.205,43.8025,44.435,43.63,113605464,44.0525
3/6/2018,44.1675,44.4775,44.5625,44.0325,95154024,44.205
3/7/2018,43.7575,43.735,43.9625,43.5675,126813848,44.1675
3/8/2018,44.235,43.87,44.28,43.7675,95096428,43.7575
3/9/2018,44.995,44.49,45,44.3475,128740648,44.235
3/12/2018,45.43,45.0725,45.5975,45.0525,128828324,44.995
3/13/2018,44.9925,45.6475,45.875,44.81,126774116,45.43
3/14/2018,44.61,45.08,45.13,44.4525,117473424,44.9925
3/15/2018,44.6625,44.625,45.06,44.5175,90975192,44.61
3/16/2018,44.505,44.6625,44.78,44.405,157618752,44.6625
3/19/2018,43.825,44.33,44.3675,43.415,133787084,44.505
3/20/2018,43.81,43.81,44.2,43.735,78597400,43.825
3/21/2018,42.8175,43.76,43.7725,42.815,148219740,43.81
3/22/2018,42.2125,42.5,43.17,42.15,165963068,42.8175
3/23/2018,41.235,42.0975,42.48,41.235,164115136,42.2125
3/26/2018,43.1925,42.0175,43.275,41.61,150164944,41.235
3/27/2018,42.085,43.42,43.7875,41.73,163690316,43.1925
3/28/2018,41.62,41.8125,42.505,41.2975,166674180,42.085
3/29/2018,41.945,41.9513,42.9375,41.725,153594020,41.62
4/2/2018,41.67,41.97,42.235,41.1175,150347164,41.945
4/3/2018,42.0975,41.91,42.1864,41.22,121112184,41.67
4/4/2018,42.9025,41.22,43.0025,41.1925,138421956,42.0975
4/5/2018,43.2,43.145,43.5576,43.02,107732788,42.9025
4/6/2018,42.095,42.7425,43.12,42.05,140021160,43.2
4/9/2018,42.5125,42.47,43.2725,42.4613,116070872,42.095
4/10/2018,43.3125,43.25,43.5,42.8825,114456964,42.5125
4/11/2018,43.11,43.0575,43.4808,42.925,89726560,43.3125
4/12/2018,43.535,43.3525,43.75,43.26,91557140,43.11
4/13/2018,43.6825,43.695,43.96,43.4625,100497020,43.535
4/16/2018,43.955,43.7575,44.0475,43.7075,86313680,43.6825
4/17/2018,44.56,44.1225,44.7341,44.1025,106421768,43.955
4/18/2018,44.46,44.4525,44.705,44.22,83018152,44.56
4/19/2018,43.2,43.7375,43.8475,43.165,139235200,44.46
4/20/2018,41.43,42.6488,42.8046,41.3575,261964560,43.2
4/23/2018,41.31,41.7087,41.73,41.0225,146061908,41.43
4/24/2018,40.735,41.4175,41.5825,40.305,134768068,41.31
4/25/2018,40.9125,40.655,41.355,40.6025,113528336,40.735
4/26/2018,41.055,41.03,41.4325,40.8425,111852056,40.9125
4/27/2018,40.58,41,41.0825,40.1575,142623356,41.055
4/30/2018,41.315,40.5326,41.815,40.46,169709696,40.58
5/1/2018,42.275,41.6026,42.3,41.3175,214277504,41.315
5/2/2018,44.1425,43.8063,44.4375,43.45,266157484,42.275
5/3/2018,44.2225,43.97,44.375,43.6103,136272720,44.1425
5/4/2018,45.9575,44.5625,46.0625,44.5425,224805268,44.2225
5/7/2018,46.29,46.295,46.9175,46.1875,169805692,45.9575
5/8/2018,46.5125,46.2475,46.555,45.9163,113611108,46.29
5/9/2018,46.84,46.6375,46.85,46.305,92844964,46.5125
5/10/2018,47.51,46.935,47.5925,46.9125,111957156,46.84
5/11/2018,47.1475,47.3725,47.515,46.8625,104848884,47.51
5/14/2018,47.0375,47.2525,47.3825,46.965,83115088,47.1475
5/15/2018,46.61,46.695,46.7675,46.275,94780636,47.0375
5/16/2018,47.045,46.5175,47.115,46.5,76732256,46.61
5/17/2018,46.7475,47,47.2275,46.59,69176116,47.045
5/18/2018,46.5775,46.7975,46.9526,46.5325,73190912,46.7475
5/21/2018,46.9075,47,47.3175,46.7276,73603148,46.5775
5/22/2018,46.79,47.0938,47.22,46.695,60962816,46.9075
5/23/2018,47.09,46.5875,47.125,46.44,80233660,46.79
5/24/2018,47.0375,47.1925,47.21,46.5525,92935900,47.09
5/25/2018,47.145,47.0575,47.4125,46.9125,69843852,47.0375
5/29/2018,46.975,46.9,47.1875,46.7175,90056300,47.145
5/30/2018,46.875,46.93,47,46.695,74762188,46.975
5/31/2018,46.7175,46.805,47.0575,46.535,109931172,46.875
6/1/2018,47.56,46.9978,47.565,46.9375,93770040,46.7175
6/4/2018,47.9575,47.9088,48.355,47.8375,105064696,47.56
6/5/2018,48.3275,48.2663,48.485,48.09,86263852,47.9575
6/6/2018,48.495,48.4075,48.52,47.98,83734476,48.3275
6/7/2018,48.365,48.535,48.55,48.0838,85388720,48.495
6/8/2018,47.925,47.7925,48,47.4425,106627196,48.365
6/11/2018,47.8075,47.8375,47.9925,47.5525,73233840,47.925
6/12/2018,48.07,47.8463,48.1528,47.7875,67644564,47.8075
6/13/2018,47.675,48.105,48.22,47.61,86553572,48.07
6/14/2018,47.7,47.8875,47.8925,47.555,86440296,47.675
6/15/2018,47.21,47.5075,47.54,47.065,246876640,47.7
6/18/2018,47.185,46.97,47.305,46.8,73939460,47.21
6/19/2018,46.4225,46.285,46.5825,45.8625,134313820,47.185
6/20/2018,46.625,46.5875,46.8,46.4325,82514804,46.4225
6/21/2018,46.365,46.8125,47.0875,46.235,102847592,46.625
6/22/2018,46.23,46.53,46.5375,46.175,108801788,46.365
6/25/2018,45.5425,45.85,46.23,45.1825,126652384,46.23
6/26/2018,46.1075,45.7475,46.6325,45.635,98276804,45.5425
6/27/2018,46.04,46.307,46.82,46.0075,101141312,46.1075
6/28/2018,46.375,46.025,46.5525,45.95,69460940,46.04
6/29/2018,46.2775,46.5725,46.7975,45.7275,90950664,46.375
7/2/2018,46.795,45.955,46.825,45.855,70925372,46.2775
7/3/2018,45.98,46.9475,46.9875,45.885,55819224,46.795
7/5/2018,46.35,46.315,46.6025,46.07,66416992,45.98
7/6/2018,46.9925,46.355,47.1085,46.3,69940980,46.35
7/9/2018,47.645,47.375,47.67,47.325,79026536,46.9925
7/10/2018,47.5875,47.6775,47.82,47.545,63756596,47.645
7/11/2018,46.97,47.125,47.445,46.9025,75325880,47.5875
7/12/2018,47.7575,47.3825,47.8525,47.3275,72164524,46.97
7/13/2018,47.8325,47.77,47.96,47.725,50079168,47.7575
7/16/2018,47.7275,47.88,48.1625,47.6038,60172440,47.8325
7/17/2018,47.8625,47.4375,47.9675,47.3,62138092,47.7275
7/18/2018,47.6,47.945,47.95,47.4825,65573524,47.8625
7/19/2018,47.97,47.4225,48.1375,47.4225,81147008,47.6
7/20/2018,47.86,47.945,48.1075,47.5425,82824168,47.97
7/23/2018,47.9025,47.67,47.99,47.39,63957460,47.86
7/24/2018,48.25,48.1125,48.415,48.0125,74791592,47.9025
7/25/2018,48.705,48.2651,48.7125,48.1075,67321312,48.25
7/26/2018,48.5525,48.6525,48.99,48.4025,76303856,48.705
7/27/2018,47.745,48.7475,48.7975,47.525,96095888,48.5525
7/30/2018,47.4775,47.975,48.05,47.2675,84118140,47.745
7/31/2018,47.5725,47.575,48.035,47.335,157492152,47.4775
8/1/2018,50.375,49.7825,50.44,49.3275,271742864,47.5725
8/2/2018,51.8475,50.145,52.095,50.0875,249616048,50.375
8/3/2018,51.9975,51.7575,52.185,51.3701,133789584,51.8475
8/6/2018,52.2675,52,52.3125,51.7675,101701548,51.9975
8/7/2018,51.7775,52.33,52.375,51.69,102349548,52.2675
8/8/2018,51.8125,51.5125,51.9525,51.13,90101948,51.7775
8/9/2018,52.22,51.82,52.445,51.8,93970504,51.8125
8/10/2018,51.8825,51.84,52.275,51.6675,98444808,52.22
8/13/2018,52.2175,51.925,52.738,51.925,103563520,51.8825
8/14/2018,52.4375,52.5388,52.64,52.065,82992040,52.2175
8/15/2018,52.56,52.305,52.685,52.0825,115230256,52.4375
8/16/2018,53.33,52.9375,53.453,52.8675,114001468,52.56
8/17/2018,54.395,53.36,54.4875,53.29,141707988,53.33
8/20/2018,53.865,54.525,54.795,53.7775,121150780,54.395
8/21/2018,53.76,54.2,54.2975,53.5063,104639020,53.865
8/22/2018,53.7625,53.525,54.09,53.46,76072524,53.76
8/23/2018,53.8725,53.6625,54.2625,53.65,75532896,53.7625
8/24/2018,54.04,54.15,54.225,53.7775,73905424,53.8725
8/27/2018,54.485,54.2875,54.685,54.0825,82100468,54.04
8/28/2018,54.925,54.7525,55.135,54.73,91107064,54.485
8/29/2018,55.745,55.0375,55.8725,54.8525,109019216,54.925
8/30/2018,56.2575,55.8125,57.065,55.6,195175296,55.745
8/31/2018,56.9075,56.6275,57.2175,56.5,173360536,56.2575
9/4/2018,57.09,57.1025,57.295,56.6575,109560528,56.9075
9/5/2018,56.7175,57.2475,57.4175,56.275,133331840,57.09
9/6/2018,55.775,56.5575,56.8375,55.325,137159904,56.7175
9/7/2018,55.325,55.4625,56.3425,55.1775,150479240,55.775
9/10/2018,54.5825,55.2375,55.4625,54.1175,158065812,55.325
9/11/2018,55.9625,54.5025,56.0748,54.14,142996196,54.5825
9/12/2018,55.2675,56.235,56.25,54.96,197114960,55.9625
9/13/2018,56.6025,55.88,57.0875,55.6425,166825508,55.2675
9/14/2018,55.96,56.4375,56.71,55.6305,127997156,56.6025
9/17/2018,54.47,55.5375,55.7375,54.3175,148780532,55.96
9/18/2018,54.56,54.4475,55.4625,54.28,126286848,54.47
9/19/2018,54.5925,54.625,54.905,53.825,108495332,54.56
9/20/2018,55.0075,55.06,55.57,54.7875,106435176,54.5925
9/21/2018,54.415,55.195,55.34,54.3225,384986992,55.0075
9/24/2018,55.1975,54.205,55.315,54.1575,110773432,54.415
9/25/2018,55.5475,54.9375,55.705,54.925,98217516,55.1975
9/26/2018,55.105,55.25,55.9375,54.94,95938824,55.5475
9/27/2018,56.2375,55.955,56.61,55.885,120724908,55.105
9/28/2018,56.435,56.1975,56.46,56.005,91717456,56.2375
10/1/2018,56.815,56.9875,57.355,56.5875,94403208,56.435
10/2/2018,57.32,56.8125,57.5,56.6575,99152680,56.815
10/3/2018,58.0175,57.5125,58.3675,57.445,114619196,57.32
10/4/2018,56.9975,57.695,58.0875,56.6825,128168000,58.0175
10/5/2018,56.0725,56.99,57.1025,55.145,134321852,56.9975
10/8/2018,55.9425,55.5525,56.2,55.05,118655692,56.0725
10/9/2018,56.7175,55.91,56.8175,55.5616,107564116,55.9425
10/10/2018,54.09,56.365,56.5875,54.0125,167962216,56.7175
10/11/2018,53.6125,53.63,54.875,53.08,212497568,54.09
10/12/2018,55.5275,55.105,55.72,54.21,161351404,53.6125
10/15/2018,54.34,55.29,55.4575,54.3175,123164028,55.5275
10/16/2018,55.5375,54.7325,55.7475,54.1907,116735852,54.34
10/17/2018,55.2975,55.575,55.66,54.835,91541588,55.5375
10/18/2018,54.005,54.465,54.935,53.25,130325260,55.2975
10/19/2018,54.8275,54.515,55.315,54.3575,132314904,54.005
10/22/2018,55.1625,54.9475,55.84,54.735,115168328,54.8275
10/23/2018,55.6825,53.9575,55.8125,53.675,155071384,55.1625
10/24/2018,53.7725,55.65,56.0575,53.635,163700652,55.6825
10/25/2018,54.95,54.4275,55.345,54.1875,119423072,53.7725
10/26/2018,54.075,53.975,55.0475,53.1675,189033500,54.95
10/29/2018,53.06,54.7975,54.9225,51.5225,183742080,54.075
10/30/2018,53.325,52.7875,53.795,52.3175,146639960,53.06
10/31/2018,54.715,54.22,55.1125,54.155,153435732,53.325
11/1/2018,55.555,54.7625,55.59,54.2025,233292720,54.715
11/2/2018,51.87,52.3875,53.4125,51.3575,365314616,55.555
11/5/2018,50.3975,51.075,51.0975,49.5425,264654676,51.87
11/6/2018,50.9425,50.48,51.18,50.4225,127531524,50.3975
11/7/2018,52.4875,51.4925,52.515,51.0325,133697736,50.9425
11/8/2018,52.1225,52.495,52.53,51.6875,101450544,52.4875
11/9/2018,51.1175,51.3875,51.5025,50.5625,137463000,52.1225
11/12/2018,48.5425,49.75,49.9625,48.4475,204542072,51.1175
11/13/2018,48.0575,47.9075,49.295,47.8625,187531744,48.5425
11/14/2018,46.7,48.475,48.62,46.4825,243203828,48.0575
11/15/2018,47.8525,47.0975,47.9925,46.725,185915204,46.7
11/16/2018,48.3825,47.625,48.7424,47.365,147713012,47.8525
11/19/2018,46.465,47.5,47.675,46.2475,167683488,48.3825
11/20/2018,44.245,44.5925,45.3675,43.8775,271300988,46.465
11/21/2018,44.195,44.9325,45.0675,44.1375,124496840,44.245
11/23/2018,43.0725,43.735,44.1488,43.025,94495888,44.195
11/26/2018,43.655,43.56,43.7375,42.565,179994080,43.0725
11/27/2018,43.56,42.8775,43.6925,42.72,165549508,43.655
11/28/2018,45.235,44.1825,45.3225,43.7325,184250156,43.56
11/29/2018,44.8875,45.665,45.7,44.425,167079968,45.235
11/30/2018,44.645,45.0725,45.0825,44.2575,158126196,44.8875
12/3/2018,46.205,46.115,46.235,45.3025,163192008,44.645
12/4/2018,44.1725,45.2375,45.5975,44.0675,165377128,46.205
12/6/2018,43.68,42.94,43.695,42.605,172393640,44.1725
12/7/2018,42.1225,43.3725,43.6225,42.075,169126524,43.68
12/10/2018,42.4,41.25,42.5225,40.8325,248103976,42.1225
12/11/2018,42.1575,42.915,42.9475,41.75,189126660,42.4
12/12/2018,42.275,42.6,42.98,42.255,142510696,42.1575
12/13/2018,42.7375,42.6225,43.1425,42.3875,127591308,42.275
12/14/2018,41.37,42.25,42.27,41.32,162814840,42.7375
12/17/2018,40.985,41.3625,42.0875,40.6825,177151688,41.37
12/18/2018,41.5175,41.345,41.8825,41.0975,135366072,40.985
12/19/2018,40.2225,41.5,41.8625,39.7725,196189188,41.5175
12/20/2018,39.2075,40.1,40.5275,38.825,259091840,40.2225
12/21/2018,37.6825,39.215,39.54,37.4075,382977536,39.2075
12/24/2018,36.7075,37.0375,37.8875,36.6475,148676928,37.6825
12/26/2018,39.2925,37.075,39.3075,36.68,234330176,36.7075
12/27/2018,39.0375,38.96,39.1925,37.5175,212468260,39.2925
12/28/2018,39.0575,39.375,39.63,38.6375,169165696,39.0375
12/31/2018,39.435,39.6325,39.84,39.12,140013864,39.0575
1/2/2019,39.48,38.7225,39.7125,38.5575,148158948,39.435
1/3/2019,35.5475,35.995,36.43,35.5,365248780,39.48
1/4/2019,37.065,36.1325,37.1375,35.95,234428280,35.5475
1/7/2019,36.9825,37.175,37.2075,36.475,219111056,37.065
1/8/2019,37.6875,37.39,37.955,37.13,164101256,36.9825
1/9/2019,38.3275,37.8225,38.6325,37.4075,180396324,37.6875
1/10/2019,38.45,38.125,38.4925,37.715,143122680,38.3275
1/11/2019,38.0725,38.22,38.425,37.8775,108092964,38.45
1/14/2019,37.5,37.7125,37.8175,37.305,129756744,38.0725
1/15/2019,38.2675,37.5675,38.3475,37.5125,114841296,37.5
1/16/2019,38.735,38.27,38.97,38.25,122278824,38.2675
1/17/2019,38.965,38.55,39.415,38.315,119284640,38.735
1/18/2019,39.205,39.375,39.47,38.9952,135004092,38.965
1/22/2019,38.325,39.1025,39.1825,38.155,121575880,39.205
1/23/2019,38.48,38.5375,38.785,37.925,92522280,38.325
1/24/2019,38.175,38.5275,38.62,37.935,101766196,38.48
1/25/2019,39.44,38.87,39.5325,38.58,134191572,38.175
1/28/2019,39.075,38.9475,39.0825,38.415,104768232,39.44
1/29/2019,38.67,39.0625,39.5325,38.5275,166348956,39.075
1/30/2019,41.3125,40.8125,41.5375,40.0575,244439120,38.67
1/31/2019,41.61,41.5275,42.25,41.14,162958596,41.3125
2/1/2019,41.63,41.74,42.245,41.4825,130672552,41.61
2/4/2019,42.8125,41.8525,42.9138,41.82,125982328,41.63
2/5/2019,43.545,43.215,43.77,43.0875,144406512,42.8125
2/6/2019,43.56,43.6625,43.8925,43.2133,112958364,43.545
2/7/2019,42.735,43.1,43.485,42.585,126966760,43.56
2/8/2019,42.6025,42.2475,42.665,42.105,95279864,42.735
2/11/2019,42.3575,42.7625,42.8025,42.3125,83973700,42.6025
2/12/2019,42.7225,42.525,42.75,42.425,89134092,42.3575
2/13/2019,42.545,42.8475,43.12,42.48,89960932,42.7225
2/14/2019,42.7,42.4275,42.8154,42.345,87342988,42.545
2/15/2019,42.605,42.8125,42.925,42.4375,98507256,42.7
2/19/2019,42.7325,42.4275,42.86,42.3725,75891304,42.605
2/20/2019,43.0075,42.7975,43.33,42.7475,104457448,42.7325
2/21/2019,42.765,42.95,43.0925,42.575,68998680,43.0075
2/22/2019,43.2425,42.895,43.25,42.845,75652616,42.765
2/25/2019,43.5575,43.54,43.9675,43.4875,87493432,43.2425
2/26/2019,43.5825,43.4275,43.825,43.2933,68280844,43.5575
2/27/2019,43.7175,43.3025,43.75,43.1825,111341556,43.5825
2/28/2019,43.2875,43.58,43.7275,43.23,112861664,43.7175
3/1/2019,43.7425,43.57,43.7875,43.2225,103544668,43.2875
3/4/2019,43.9625,43.9225,44.4375,43.4925,109744812,43.7425
3/5/2019,43.8825,43.985,44,43.635,78949676,43.9625
3/6/2019,43.63,43.6675,43.8725,43.485,83241536,43.8825
3/7/2019,43.125,43.4675,43.61,43.005,99185496,43.63
3/8/2019,43.2275,42.58,43.2675,42.375,95997432,43.125
3/11/2019,44.725,43.8725,44.78,43.8375,128044136,43.2275
3/12/2019,45.2275,45,45.6675,44.8425,129870336,44.725
3/13/2019,45.4275,45.5625,45.825,45.23,124130096,45.2275
3/14/2019,45.9325,45.975,46.025,45.64,94318032,45.4275
3/15/2019,46.53,46.2125,46.8325,45.935,156171648,45.9325
3/18/2019,47.005,46.45,47.0975,46.4475,104879328,46.53
3/19/2019,46.6325,47.0875,47.2475,46.48,126585476,47.005
3/20/2019,47.04,46.5575,47.3725,46.1825,124140924,46.6325
3/21/2019,48.7725,47.505,49.0825,47.4525,204136948,47.04
3/22/2019,47.7625,48.835,49.4225,47.695,169630664,48.7725
3/25/2019,47.185,47.8775,47.995,46.65,175381172,47.7625
3/26/2019,46.6975,47.916,48.22,46.145,199202152,47.185
3/27/2019,47.1175,47.1875,47.44,46.6375,119393708,46.6975
3/28/2019,47.18,47.2375,47.3898,46.8825,83121452,47.1175
3/29/2019,47.4875,47.4575,47.52,47.135,94255844,47.18
4/1/2019,47.81,47.91,47.92,47.095,111447856,47.4875
4/2/2019,48.505,47.7725,48.615,47.7625,91062928,47.81
4/3/2019,48.8375,48.3125,49.125,48.2875,93087320,48.505
4/4/2019,48.9225,48.6975,49.0925,48.285,76457100,48.8375
4/5/2019,49.25,49.1125,49.275,48.9825,74106576,48.9225
4/8/2019,50.025,49.105,50.0575,49.085,103526788,49.25
4/9/2019,49.875,50.08,50.7125,49.8075,143072948,50.025
4/10/2019,50.155,49.67,50.185,49.545,86781152,49.875
4/11/2019,49.7375,50.2125,50.25,49.6108,83603232,50.155
4/12/2019,49.7175,49.8,50.035,49.0525,111042672,49.7375
4/15/2019,49.8075,49.645,49.9625,49.5025,70146584,49.7175
4/16/2019,49.8125,49.865,50.3425,49.64,102785540,49.8075
4/17/2019,50.7825,49.885,50.845,49.6525,115627120,49.8125
4/18/2019,50.965,50.78,51.0375,50.63,96783064,50.7825
4/22/2019,51.1325,50.7075,51.235,50.585,77758180,50.965
4/23/2019,51.87,51.1075,51.9375,50.975,93291964,51.1325
4/24/2019,51.79,51.84,52.12,51.7625,70162436,51.87
4/25/2019,51.32,51.7075,51.94,51.28,74172824,51.79
4/26/2019,51.075,51.225,51.25,50.53,74596408,51.32
4/29/2019,51.1525,51.1,51.4925,50.965,88818864,51.075
4/30/2019,50.1675,50.765,50.85,49.7775,186139692,51.1525
5/1/2019,52.63,52.47,53.8275,52.3075,259309312,50.1675
5/2/2019,52.2875,52.46,53.1625,52.0325,127985296,52.63
5/3/2019,52.9375,52.7225,52.96,52.5575,83569512,52.2875
5/6/2019,52.12,51.0725,52.21,50.875,129772452,52.9375
5/7/2019,50.715,51.47,51.8544,50.2063,155054792,52.12
5/8/2019,50.725,50.475,51.335,50.4375,105358016,50.715
5/9/2019,50.18,50.1,50.42,49.165,139634428,50.725
5/10/2019,49.295,49.3548,49.7125,48.1925,164834848,50.18
5/13/2019,46.43,46.9275,47.37,45.7125,229722492,49.295
5/14/2019,47.165,46.6025,47.425,46.3525,146118708,46.43
5/15/2019,47.73,46.5675,47.9375,46.505,106178872,47.165
5/16/2019,47.52,47.4775,48.1172,47.21,132125456,47.73
5/17/2019,47.25,46.7325,47.725,46.69,131516360,47.52
5/20/2019,45.7725,45.88,46.0873,45.071,154449160,47.25
5/21/2019,46.65,46.305,47,46.175,113459392,45.7725
5/22/2019,45.695,46.165,46.4275,45.6375,118994224,46.65
5/23/2019,44.915,44.95,45.135,44.4525,146118944,45.695
5/24/2019,44.7425,45.05,45.535,44.655,94858744,44.915
5/28/2019,44.5575,44.73,45.1475,44.4775,111792640,44.7425
5/29/2019,44.345,44.105,44.8375,44,113924660,44.5575
5/30/2019,44.575,44.4875,44.8075,44.1675,84873648,44.345
5/31/2019,43.7675,44.0575,44.4975,43.7475,108174336,44.575
6/3/2019,43.325,43.9,44.48,42.5675,161584276,43.7675
6/4/2019,44.91,43.86,44.9575,43.63,123871844,43.325
6/5/2019,45.635,46.07,46.2475,45.285,119093708,44.91
6/6/2019,46.305,45.77,46.3675,45.5372,90105244,45.635
6/7/2019,47.5375,46.6275,47.98,46.4425,122737572,46.305
6/10/2019,48.145,47.9525,48.8425,47.905,104883404,47.5375
6/11/2019,48.7025,48.715,49,48.4,107731528,48.145
6/12/2019,48.5475,48.4875,48.9925,48.3463,73012756,48.7025
6/13/2019,48.5375,48.675,49.1975,48.4,86698500,48.5475
6/14/2019,48.185,47.8862,48.3966,47.575,75045896,48.5375
6/17/2019,48.4725,48.225,48.74,48.0425,58676576,48.185
6/18/2019,49.6125,49.0125,50.0725,48.8025,106204016,48.4725
6/19/2019,49.4675,49.92,49.97,49.3275,84496940,49.6125
6/20/2019,49.865,50.0925,50.1525,49.5075,86055952,49.4675
6/21/2019,49.695,49.7,50.2125,49.5375,191202356,49.865
6/24/2019,49.645,49.635,50.04,49.5425,72881684,49.695
6/25/2019,48.8925,49.6075,49.815,48.8225,84281336,49.645
6/26/2019,49.95,49.4425,50.2475,49.3375,104270048,48.8925
6/27/2019,49.935,50.0725,50.3925,49.8925,83598868,49.95
6/28/2019,49.48,49.67,49.8738,49.2625,124442568,49.935
7/1/2019,50.3875,50.7925,51.1225,50.1625,109266956,49.48
7/2/2019,50.6825,50.3525,50.7831,50.34,67740868,50.3875
7/3/2019,51.1025,50.82,51.11,50.6725,45448180,50.6825
7/5/2019,51.0575,50.8375,51.27,50.725,69062072,51.1025
7/8/2019,50.005,50.2025,50.35,49.6025,101354512,51.0575
7/9/2019,50.31,49.8,50.3775,49.7025,82312060,50.005
7/10/2019,50.8075,50.4625,50.9325,50.39,71588552,50.31
7/11/2019,50.4375,50.8275,51.0975,50.4275,80767368,50.8075
7/12/2019,50.825,50.6125,51,50.55,70380848,50.4375
7/15/2019,51.3025,51.0225,51.4675,51,67789680,50.825
7/16/2019,51.125,51.1475,51.5275,50.875,67467264,51.3025
7/17/2019,50.8375,51.0125,51.2729,50.8175,56429800,51.125
7/18/2019,51.415,51,51.47,50.925,74328644,50.8375
7/19/2019,50.6475,51.4475,51.625,50.59,83717228,51.415
7/22/2019,51.805,50.9125,51.8075,50.9025,89111728,50.6475
7/23/2019,52.21,52.115,52.2275,51.8225,73420840,51.805
7/24/2019,52.1675,51.9175,52.2875,51.7925,59966268,52.21
7/25/2019,51.755,52.2225,52.31,51.6825,55638248,52.1675
7/26/2019,51.935,51.87,52.4325,51.785,70475496,51.755
7/29/2019,52.42,52.115,52.66,52.11,86693556,51.935
7/30/2019,52.195,52.19,52.54,51.8275,135742872,52.42
7/31/2019,53.26,54.105,55.3425,52.825,277125444,52.195
8/1/2019,52.1075,53.475,54.5075,51.6859,216071688,53.26
8/2/2019,51.005,51.3825,51.6075,50.4075,163448488,52.1075
8/5/2019,48.335,49.4975,49.6623,48.145,209571876,51.005
8/6/2019,49.25,49.0775,49.5168,48.51,143299148,48.335
8/7/2019,49.76,48.8525,49.89,48.455,133457600,49.25
8/8/2019,50.8575,50.05,50.8825,49.8475,108038092,49.76
8/9/2019,50.2475,50.325,50.69,49.8225,98478984,50.8575
8/12/2019,50.12,49.905,50.5129,49.7875,89927556,50.2475
8/13/2019,52.2425,50.255,53.035,50.2075,190159144,50.12
8/14/2019,50.6875,50.79,51.61,50.6467,146189772,52.2425
8/15/2019,50.435,50.865,51.285,49.9175,111533452,50.6875
8/16/2019,51.625,51.07,51.79,50.96,115254496,50.435
8/19/2019,52.5875,52.655,53.1827,52.5063,97727660,51.625
8/20/2019,52.59,52.72,53.3375,52.58,107678116,52.5875
8/21/2019,53.16,53.2475,53.4125,52.9008,86258988,52.59
8/22/2019,53.115,53.2975,53.6088,52.6875,89071276,53.16
8/23/2019,50.66,52.3575,53.0128,50.25,187531372,53.115
8/26/2019,51.6225,51.465,51.7975,51.2643,104264520,50.66
8/27/2019,51.04,51.965,52.1375,50.8825,103589376,51.6225
8/28/2019,51.3825,51.025,51.43,50.83,63830528,51.04
8/29/2019,52.2525,52.125,52.33,51.6638,84030608,51.3825
8/30/2019,52.185,52.54,52.6125,51.8,84650244,52.2525
9/3/2019,51.425,51.6075,51.745,51.055,80238296,52.185
9/4/2019,52.2975,52.0975,52.37,51.83,76867280,51.425
9/5/2019,53.32,53,53.4925,52.8775,95787936,52.2975
9/6/2019,53.315,53.5125,53.605,53.1275,77449176,53.32
9/9/2019,53.5425,53.71,54.11,52.7675,109237604,53.315
9/10/2019,54.175,53.465,54.195,52.9275,127111724,53.5425
9/11/2019,55.8975,54.5175,55.9275,54.4325,177158584,54.175
9/12/2019,55.7713,56.2,56.605,55.715,128906676,55.8975
9/13/2019,54.6875,55,55.1975,54.255,159053184,55.7713
9/16/2019,54.975,54.4325,55.0325,54.39,84632564,54.6875
9/17/2019,55.175,54.99,55.205,54.78,73545872,54.975
9/18/2019,55.6925,55.265,55.7125,54.86,102572372,55.175
9/19/2019,55.24,55.5025,55.94,55.0925,88751504,55.6925
9/20/2019,54.4325,55.345,55.64,54.3683,231908376,55.24
9/23/2019,54.68,54.7375,54.96,54.4125,77678592,54.4325
9/24/2019,54.42,55.2575,55.6225,54.2975,125737468,54.68
9/25/2019,55.2575,54.6375,55.375,54.2851,89924024,54.42
9/26/2019,54.9725,55,55.235,54.7075,76353248,55.2575
9/27/2019,54.705,55.135,55.24,54.3204,101445140,54.9725
9/30/2019,55.9925,55.225,56.145,55.1975,105274332,54.705
10/1/2019,56.1475,56.2675,57.055,56.05,144748652,55.9925
10/2/2019,54.74,55.765,55.895,54.4825,143069028,56.1475
10/3/2019,55.205,54.6075,55.24,53.783,121410744,54.74
10/4/2019,56.7525,56.41,56.8725,55.9725,139022212,55.205
10/7/2019,56.765,56.5675,57.4825,56.46,123557076,56.7525
10/8/2019,56.1,56.455,57.015,56.0825,117130800,56.765
10/9/2019,56.7575,56.7575,56.9475,56.41,76117696,56.1
10/10/2019,57.5225,56.9825,57.61,56.825,115851936,56.7575
10/11/2019,59.0525,58.2375,59.41,58.0769,167960840,57.5225
10/14/2019,58.9675,58.725,59.5336,58.6675,97653936,59.0525
10/15/2019,58.83,59.0975,59.4125,58.72,92161932,58.9675
10/16/2019,58.5925,58.3425,58.81,58.3,77146776,58.83
10/17/2019,58.82,58.7725,59.0375,58.38,69091588,58.5925
10/18/2019,59.1025,58.6475,59.395,58.5725,97508664,58.82
10/21/2019,60.1275,59.38,60.2475,59.33,89469932,59.1025
10/22/2019,59.99,60.29,60.55,59.9055,90736004,60.1275
10/23/2019,60.795,60.525,60.81,60.305,79730180,59.99
10/24/2019,60.895,61.1275,61.2,60.4513,71665020,60.795
10/25/2019,61.645,60.79,61.6825,60.72,73477184,60.895
10/28/2019,62.2625,61.855,62.3125,61.68,96572964,61.645
10/29/2019,60.8225,62.2425,62.4375,60.6425,142839468,62.2625
10/30/2019,60.815,61.19,61.325,60.3025,124522088,60.8225
10/31/2019,62.19,61.81,62.2925,59.315,139162080,60.815
11/1/2019,63.955,62.385,63.9825,62.29,151125336,62.19
11/4/2019,64.375,64.3325,64.4613,63.845,103271808,63.955
11/5/2019,64.2825,64.2625,64.5475,64.08,79897708,64.375
11/6/2019,64.31,64.1925,64.3725,63.8413,75864496,64.2825
11/7/2019,64.8575,64.685,65.0875,64.5275,94940332,64.31
11/8/2019,65.035,64.6725,65.11,64.2125,70081980,64.8575
11/11/2019,65.55,64.575,65.6175,64.57,82029836,65.035
11/12/2019,65.49,65.3875,65.6975,65.23,87388904,65.55
11/13/2019,66.1175,65.2825,66.195,65.2675,103270372,65.49
11/14/2019,65.66,65.9375,66.22,65.525,89582224,66.1175
11/15/2019,66.44,65.92,66.445,65.7525,100374664,65.66
11/18/2019,66.775,66.45,66.8575,66.0575,86803588,66.44
11/19/2019,66.5725,66.975,67,66.3482,76278388,66.775
11/20/2019,65.7975,66.385,66.5208,65.1,106439676,66.5725
11/21/2019,65.5025,65.9225,66.0013,65.295,121395112,65.7975
11/22/2019,65.445,65.6475,65.795,65.21,65325052,65.5025
11/25/2019,66.5925,65.6775,66.61,65.63,84118068,65.445
11/26/2019,66.0725,66.735,66.79,65.625,105339528,66.5925
11/27/2019,66.96,66.395,66.995,66.3275,65544488,66.0725
11/29/2019,66.8125,66.65,67,66.475,46617452,66.96
12/2/2019,66.04,66.8175,67.0625,65.8625,94774200,66.8125
12/3/2019,64.8625,64.5775,64.8825,64.0725,117509072,66.04
12/4/2019,65.435,65.2675,65.8275,65.17,67241552,64.8625
12/5/2019,66.395,65.9475,66.4725,65.6825,74645372,65.435
12/6/2019,67.6775,66.87,67.75,66.825,106189972,66.395
12/9/2019,66.73,67.5,67.7,66.2275,128730580,67.6775
12/10/2019,67.12,67.15,67.5175,66.465,90529532,66.73
12/11/2019,67.6925,67.2025,67.775,67.125,78893564,67.12
12/12/2019,67.865,66.945,68.14,66.8303,137748168,67.6925
12/13/2019,68.7875,67.865,68.825,67.7325,133731224,67.865
12/16/2019,69.965,69.25,70.1975,69.245,128324420,68.7875
12/17/2019,70.1025,69.8925,70.4425,69.7,114303192,69.965
12/18/2019,69.935,69.95,70.475,69.78,116098748,70.1025
12/19/2019,70.005,69.875,70.295,69.7375,98507788,69.935
12/20/2019,69.86,70.5575,70.6625,69.64,276130972,70.005
12/23/2019,71,70.1325,71.0625,70.0934,98711532,69.86
12/24/2019,71.0675,71.1725,71.2225,70.7299,48478856,71
12/26/2019,72.4775,71.205,72.495,71.175,93336016,71.0675
12/27/2019,72.45,72.78,73.4925,72.03,146371744,72.4775
12/30/2019,72.88,72.365,73.1725,71.305,144238456,72.45
12/31/2019,73.4125,72.4825,73.42,72.38,100990500,72.88
1/2/2020,75.0875,74.06,75.15,73.7975,135647456,73.4125
1/3/2020,74.3575,74.2875,75.145,74.125,146535512,75.0875
1/6/2020,74.95,73.4475,74.99,73.1875,118578576,74.3575
1/7/2020,74.5975,74.96,75.225,74.37,111510620,74.95
1/8/2020,75.7975,74.29,76.11,74.289,132363784,74.5975
1/9/2020,77.4075,76.8088,77.6075,76.55,170486168,75.7975
1/10/2020,77.5825,77.65,78.1675,77.0625,140869088,77.4075
1/13/2020,79.24,77.91,79.2675,77.7875,122086888,77.5825
1/14/2020,78.17,79.175,79.3925,78.0425,162613828,79.24
1/15/2020,77.835,77.9625,78.875,77.3875,121923528,78.17
1/16/2020,78.81,78.3975,78.925,78.0225,108829016,77.835
1/17/2020,79.6825,79.0675,79.685,78.75,137816468,78.81
1/21/2020,79.1425,79.2975,79.755,79,110843256,79.6825
1/22/2020,79.425,79.645,79.9975,79.3275,101832460,79.1425
1/23/2020,79.8075,79.48,79.89,78.9125,104471972,79.425
1/24/2020,79.5775,80.0625,80.8325,79.3797,146537520,79.8075
1/27/2020,77.2375,77.515,77.9425,76.22,161940020,79.5775
1/28/2020,79.4225,78.15,79.6,78.0475,162233944,77.2375
1/29/2020,81.085,81.1125,81.9625,80.345,216599712,79.4225
1/30/2020,80.9675,80.1359,81.0225,79.6875,126743232,81.085
1/31/2020,77.3775,80.2325,80.67,77.0725,199588384,80.9675
2/3/2020,77.165,76.075,78.3725,75.555,173985604,77.3775
2/4/2020,79.7125,78.8275,79.91,78.4086,136616536,77.165
2/5/2020,80.3625,80.88,81.19,79.7375,118826872,79.7125
2/6/2020,81.3025,80.6425,81.305,80.0662,105425540,80.3625
2/7/2020,80.0075,80.5925,80.85,79.5,117684048,81.3025
2/10/2020,80.3875,78.545,80.3875,78.4625,109348860,80.0075
2/11/2020,79.9025,80.9,80.975,79.6775,94323120,80.3875
2/12/2020,81.8,80.3675,81.805,80.3675,113730292,79.9025
2/13/2020,81.2175,81.0475,81.555,80.8375,94747568,81.8
2/14/2020,81.2375,81.185,81.495,80.7125,80113788,81.2175
2/18/2020,79.75,78.84,79.9375,78.6525,152762180,81.2375
2/19/2020,80.905,80,81.1425,80,93983964,79.75
2/20/2020,80.075,80.6575,81.1625,79.5525,100565956,80.905
2/21/2020,78.2625,79.655,80.1125,77.625,129705660,80.075
2/24/2020,74.545,74.315,76.045,72.3075,222195312,78.2625
2/25/2020,72.02,75.2375,75.6325,71.5325,230673456,74.545
2/26/2020,73.1625,71.6325,74.47,71.625,198713724,72.02
2/27/2020,68.38,70.275,71.5,68.24,320605524,73.1625
2/28/2020,68.34,64.315,69.6025,64.0925,426884920,68.38
3/2/2020,74.7025,70.57,75.36,69.43,341397356,68.34
3/3/2020,72.33,75.9175,76,71.45,319475408,74.7025
3/4/2020,75.685,74.11,75.85,73.2825,219178272,72.33
3/5/2020,73.23,73.88,74.8875,72.8525,187572876,75.685
3/6/2020,72.2575,70.5,72.705,70.3075,226176984,73.23
3/9/2020,66.5425,65.9375,69.5225,65.75,286744832,72.2575
3/10/2020,71.335,69.285,71.61,67.3425,285290080,66.5425
3/11/2020,68.8575,69.3475,70.305,67.965,256379880,71.335
3/12/2020,62.0575,63.985,67.5,62,418474068,68.8575
3/13/2020,69.4925,66.2225,69.98,63.2375,370732128,62.0575
3/16/2020,60.5525,60.4875,64.77,60,322423460,69.4925
3/17/2020,63.215,61.8775,64.4025,59.6,324055860,60.5525
3/18/2020,61.6675,59.9425,62.5,59.28,300233624,63.215
3/19/2020,61.195,61.8463,63.21,60.6525,271857020,61.6675
3/20/2020,57.31,61.795,62.9575,57,401693384,61.195
3/23/2020,56.0925,57.02,57.1249,53.1525,336752832,57.31
3/24/2020,61.72,59.09,61.9225,58.575,287531092,56.0925
3/25/2020,61.38,62.6875,64.5625,61.075,303602040,61.72
3/26/2020,64.61,61.63,64.67,61.59,252560676,61.38
3/27/2020,61.935,63.1875,63.9675,61.7625,204216612,64.61
3/30/2020,63.7025,62.685,63.88,62.35,167976440,61.935
3/31/2020,63.5725,63.9,65.6225,63,197002004,63.7025
4/1/2020,60.2275,61.625,62.18,59.7825,176218552,63.5725
4/2/2020,61.2325,60.085,61.2875,59.225,165933972,60.2275
4/3/2020,60.3525,60.7,61.425,59.7435,129880068,61.2325
4/6/2020,65.6175,62.725,65.7775,62.345,201820284,60.3525
4/7/2020,64.8575,67.7,67.925,64.75,202887324,65.6175
4/8/2020,66.5175,65.685,66.8425,65.3075,168895284,64.8575
4/9/2020,66.9975,67.175,67.5175,66.175,162116492,66.5175
4/13/2020,68.3125,67.0775,68.425,66.4575,131022924,66.9975
4/14/2020,71.7625,70,72.0625,69.5125,194994688,68.3125
4/15/2020,71.1075,70.6,71.5825,70.1575,131154564,71.7625
4/16/2020,71.6725,71.845,72.0494,70.5875,157125160,71.1075
4/17/2020,70.7,71.1725,71.7363,69.215,215249912,71.6725
4/20/2020,69.2325,69.4875,70.42,69.2125,130015000,70.7
4/21/2020,67.0925,69.07,69.3125,66.3575,180991572,69.2325
4/22/2020,69.025,68.4025,69.475,68.05,117057368,67.0925
4/23/2020,68.7575,68.9675,70.4375,68.7175,124814328,69.025
4/24/2020,70.7425,69.3,70.7525,69.25,126508732,68.7575
4/27/2020,70.7925,70.45,71.135,69.9875,117087572,70.7425
4/28/2020,69.645,71.27,71.4575,69.55,112004748,70.7925
4/29/2020,71.9325,71.1825,72.4175,70.9725,137280816,69.645
4/30/2020,73.45,72.49,73.6325,72.0875,183063872,71.9325
5/1/2020,72.2675,71.5625,74.75,71.4625,240616700,73.45
5/4/2020,73.29,72.2925,73.4225,71.5793,133567944,72.2675
5/5/2020,74.39,73.765,75.25,73.615,147751180,73.29
5/6/2020,75.1575,75.115,75.81,74.7175,142333752,74.39
5/7/2020,75.935,75.805,76.2925,75.4925,115215056,75.1575
5/8/2020,77.5325,76.41,77.5875,76.0725,134047940,75.935
5/11/2020,78.7525,77.025,79.2625,76.81,145946244,77.5325
5/12/2020,77.8525,79.4575,79.922,77.7275,162301052,78.7525
5/13/2020,76.9125,78.0375,78.9875,75.8025,200622556,77.8525
5/14/2020,77.385,76.1275,77.4475,75.3825,158929076,76.9125
5/15/2020,76.9275,75.0875,76.975,75.0525,166348376,77.385
5/18/2020,78.74,78.2925,79.125,77.581,135372500,76.9275
5/19/2020,78.285,78.7575,79.63,78.2525,101729540,78.74
5/20/2020,79.8075,79.17,79.88,79.05,111504860,78.285
5/21/2020,79.2125,79.665,80.2225,78.9675,102688844,79.8075
5/22/2020,79.7225,78.9425,79.8075,78.8375,81803016,79.2125
5/26/2020,79.1825,80.875,81.06,79.125,125521816,79.7225
5/27/2020,79.5275,79.035,79.6775,78.2725,112945096,79.1825
5/28/2020,79.5625,79.1925,80.86,78.9075,133796412,79.5275
5/29/2020,79.485,79.8125,80.2875,79.1175,153598128,79.5625
6/1/2020,80.4625,79.4375,80.5875,79.3025,81018612,79.485
6/2/2020,80.835,80.1863,80.86,79.7325,87642816,80.4625
6/3/2020,81.28,81.165,81.55,80.575,104491216,80.835
6/4/2020,80.58,81.0975,81.405,80.195,87560364,81.28
6/5/2020,82.875,80.8375,82.9375,80.8075,137250200,80.58
6/8/2020,83.365,82.5625,83.4,81.83,95654536,82.875
6/9/2020,85.9975,83.035,86.4025,83.0025,147712364,83.365
6/10/2020,88.21,86.975,88.6925,86.5225,166651752,85.9975
6/11/2020,83.975,87.3275,87.765,83.87,201662452,88.21
6/12/2020,84.7,86.18,86.95,83.5558,200146052,83.975
6/15/2020,85.7475,83.3125,86.42,83.145,138808920,84.7
6/16/2020,88.02,87.865,88.3,86.18,165428728,85.7475
6/17/2020,87.8975,88.7875,88.85,87.7725,114406504,88.02
6/18/2020,87.9325,87.8525,88.3625,87.305,96820384,87.8975
6/19/2020,87.43,88.6588,89.14,86.2875,264475808,87.9325
6/22/2020,89.7175,87.835,89.865,87.7875,135445264,87.43
6/23/2020,91.6325,91,93.095,90.5675,212155476,89.7175
6/24/2020,90.015,91.25,92.1975,89.63,192623396,91.6325
6/25/2020,91.21,90.175,91.25,89.3925,137522512,90.015
6/26/2020,88.4075,91.1025,91.33,88.255,205256844,91.21
6/29/2020,90.445,88.3125,90.5434,87.82,130646076,88.4075
6/30/2020,91.2,90.02,91.495,90,140223284,90.445
7/1/2020,91.0275,91.28,91.84,90.9775,110737236,91.2
7/2/2020,91.0275,91.9625,92.6175,90.91,114041468,91.0275
7/6/2020,93.4625,92.5,93.945,92.4675,118655652,91.0275
7/7/2020,93.1725,93.8525,94.655,93.0575,112424456,93.4625
7/8/2020,95.3425,94.18,95.375,94.09,117091880,93.1725
7/9/2020,95.6825,96.2625,96.3175,94.6725,125642608,95.3425
7/10/2020,95.92,95.335,95.98,94.7052,90257320,95.6825
7/13/2020,95.4775,97.265,99.955,95.2575,191649140,95.92
7/14/2020,97.0575,94.84,97.255,93.8775,170989364,95.4775
7/15/2020,97.725,98.99,99.2475,96.49,153197932,97.0575
7/16/2020,96.5225,96.5625,97.405,95.905,110577672,97.725
7/17/2020,96.3275,96.9875,97.1475,95.84,92186900,96.5225
7/20/2020,98.3575,96.4163,98.5,96.0625,90317908,96.3275
7/21/2020,97,99.1725,99.25,96.7425,103645836,98.3575
7/22/2020,97.2725,96.6925,97.975,96.6025,89001652,97
7/23/2020,92.845,96.9984,97.0775,92.0098,197004432,97.2725
7/24/2020,92.615,90.9875,92.97,89.145,185438864,92.845
7/27/2020,94.81,93.71,94.905,93.48,121214192,92.615
7/28/2020,93.2525,94.3675,94.5497,93.2475,103625500,94.81
7/29/2020,95.04,93.75,95.23,93.7125,90329256,93.2525
7/30/2020,96.19,94.1875,96.2975,93.7675,158130020,95.04
7/31/2020,106.26,102.8838,106.415,100.825,374295468,96.19
8/3/2020,108.9375,108.2,111.6364,107.8925,308151388,106.26
8/4/2020,109.665,109.1325,110.79,108.3875,172792368,108.9375
8/5/2020,110.0625,109.3775,110.3925,108.8975,121991952,109.665
8/6/2020,113.9025,110.405,114.4125,109.7975,202428900,110.0625
8/7/2020,111.1125,113.205,113.675,110.2925,198045612,113.9025
8/10/2020,112.7275,112.6,113.775,110,212403424,111.1125
8/11/2020,109.375,111.9688,112.4825,109.1067,187902376,112.7275
8/12/2020,113.01,110.4975,113.275,110.2975,165944820,109.375
8/13/2020,115.01,114.43,116.0425,113.9275,210082064,113.01
8/14/2020,114.9075,114.8288,115,113.045,165565208,115.01
8/17/2020,114.6075,116.0625,116.0875,113.9625,119561444,114.9075
8/18/2020,115.5625,114.3525,116,114.0075,105633540,114.6075
8/19/2020,115.7075,115.9833,117.1625,115.61,145538008,115.5625
8/20/2020,118.275,115.75,118.392,115.7334,126907188,115.7075
8/21/2020,124.37,119.2625,124.868,119.25,338054640,118.275
8/24/2020,125.8575,128.6975,128.785,123.9363,345937768,124.37
8/25/2020,124.825,124.6975,125.1793,123.0525,211495788,125.8575
8/26/2020,126.5225,126.1791,126.9925,125.0825,163022268,124.825
8/27/2020,125.01,127.1425,127.485,123.8325,155552384,126.5225
8/28/2020,124.8075,126.0125,126.4425,124.5775,187629916,125.01
8/31/2020,129.04,127.58,131,126,225768339,124.8075
9/1/2020,134.18,132.76,134.8,130.53,152470142,129.04
9/2/2020,131.4,137.59,137.98,127,200118991,134.18
9/3/2020,120.88,126.91,128.84,120.5,257599640,131.4
9/4/2020,120.96,120.07,123.7,110.89,332607163,120.88
9/8/2020,112.82,113.95,118.99,112.68,231366563,120.96
9/9/2020,117.32,117.26,119.14,115.26,176940455,112.82
9/10/2020,113.49,120.36,120.5,112.5,182274391,117.32
9/11/2020,112,114.57,115.23,110,180860325,113.49
9/14/2020,115.355,114.72,115.93,112.8,140150087,112
9/15/2020,115.54,118.33,118.829,113.61,184642039,115.355
9/16/2020,112.13,115.23,116,112.04,155026675,115.54
9/17/2020,110.34,109.72,112.2,108.71,178010968,112.13
9/18/2020,106.84,110.4,110.88,106.09,287104882,110.34
9/21/2020,110.08,104.54,110.19,103.1,195713815,106.84
9/22/2020,111.81,112.68,112.86,109.16,183055373,110.08
9/23/2020,107.12,111.62,112.11,106.77,150718671,111.81
9/24/2020,108.22,105.17,110.25,105,167743349,107.12
9/25/2020,112.28,108.43,112.44,107.67,149981441,108.22
9/28/2020,114.96,115.01,115.32,112.78,137672403,112.28
9/29/2020,114.09,114.55,115.31,113.57,100060526,114.96
9/30/2020,115.81,113.79,117.26,113.62,142675184,114.09
10/1/2020,116.79,117.64,117.72,115.83,116120440,115.81
10/2/2020,113.02,112.89,115.37,112.22,144711986,116.79
10/5/2020,116.5,113.91,116.65,113.55,106243839,113.02
10/6/2020,113.16,115.7,116.12,112.25,161498212,116.5
10/7/2020,115.08,114.62,115.55,114.13,96848985,113.16
10/8/2020,114.97,116.25,116.4,114.5901,83477153,115.08
10/9/2020,116.97,115.28,117,114.92,100506865,114.97
10/12/2020,124.4,120.06,125.18,119.2845,240226769,116.97
10/13/2020,121.1,125.27,125.39,119.65,262330451,124.4
10/14/2020,121.19,121,123.03,119.62,151062308,121.1
10/15/2020,120.71,118.72,121.2,118.15,112559219,121.19
10/16/2020,119.02,121.28,121.548,118.81,115393808,120.71
10/19/2020,115.98,119.96,120.419,115.66,120639337,119.02
10/20/2020,117.51,116.2,118.98,115.63,124423728,115.98
10/21/2020,116.87,116.67,118.705,116.45,89945980,117.51
10/22/2020,115.75,117.45,118.04,114.59,101987954,116.87
10/23/2020,115.04,116.39,116.55,114.28,82572645,115.75
10/26/2020,115.05,114.01,116.55,112.88,111850657,115.04
10/27/2020,116.6,115.49,117.28,114.5399,92276772,115.05
10/28/2020,111.2,115.05,115.43,111.1,143937823,116.6
10/29/2020,115.32,112.37,116.93,112.2,146129173,111.2
10/30/2020,108.86,111.06,111.99,107.72,190573476,115.32
11/2/2020,108.77,109.11,110.68,107.32,122866899,108.86
11/3/2020,110.44,109.66,111.49,108.73,107624448,108.77
11/4/2020,114.95,114.14,115.59,112.35,138235482,110.44
11/5/2020,119.03,117.95,119.62,116.8686,126387074,114.95
11/6/2020,118.69,118.32,119.2,116.13,114457922,119.03
11/9/2020,116.32,120.5,121.99,116.05,154515315,118.69
11/10/2020,115.97,115.55,117.59,114.13,138023390,116.32
11/11/2020,119.49,117.19,119.63,116.44,112294954,115.97
11/12/2020,119.21,119.62,120.53,118.57,103350674,119.49
11/13/2020,119.26,119.44,119.6717,117.87,81688586,119.21
11/16/2020,120.3,118.92,120.99,118.146,91183018,119.26
11/17/2020,119.39,119.55,120.6741,118.96,74270973,120.3
11/18/2020,118.03,118.61,119.82,118,76322111,119.39
11/19/2020,118.64,117.59,119.06,116.81,74112972,118.03
11/20/2020,117.34,118.64,118.77,117.29,73604287,118.64
11/23/2020,113.85,117.18,117.6202,113.75,127959318,117.34
11/24/2020,115.17,113.91,115.85,112.59,113874218,113.85
11/25/2020,116.03,115.55,116.75,115.17,76499234,115.17
11/27/2020,116.59,116.57,117.49,116.22,46691331,116.03
11/30/2020,119.05,116.97,120.97,116.81,169410176,116.59
12/1/2020,122.72,121.01,123.4693,120.01,128166803,119.05
12/2/2020,123.08,122.02,123.37,120.89,89004195,122.72
12/3/2020,122.94,123.52,123.78,122.21,78967630,123.08
12/4/2020,122.25,122.6,122.8608,121.52,78260421,122.94
12/7/2020,123.75,122.31,124.57,122.25,86711990,122.25
12/8/2020,124.38,124.37,124.98,123.09,82225512,123.75
12/9/2020,121.78,124.53,125.95,121,115089193,124.38
12/10/2020,123.24,120.5,123.87,120.15,81312170,121.78
12/11/2020,122.41,122.43,122.76,120.55,86939786,123.24
12/14/2020,121.78,122.6,123.35,121.54,79075988,122.41
12/15/2020,127.88,124.34,127.9,124.13,157572262,121.78
12/16/2020,127.81,127.41,128.37,126.56,98208591,127.88
12/17/2020,128.7,128.9,129.58,128.045,94359811,127.81
12/18/2020,126.655,128.96,129.1,126.12,192541496,128.7
12/21/2020,128.23,125.02,128.31,123.449,121251553,126.655
12/22/2020,131.88,131.61,134.405,129.65,169351825,128.23
12/23/2020,130.96,132.16,132.43,130.78,88223692,131.88
12/24/2020,131.97,131.32,133.46,131.1,54930064,130.96
12/28/2020,136.69,133.99,137.34,133.51,124486237,131.97
12/29/2020,134.87,138.05,138.789,134.3409,121047324,136.69
12/30/2020,133.72,135.58,135.99,133.4,96452124,134.87
12/31/2020,132.69,134.08,134.74,131.72,99116586,133.72
1/4/2021,129.41,133.52,133.6116,126.76,143301887,132.69
1/5/2021,131.01,128.89,131.74,128.43,97664898,129.41
1/6/2021,126.6,127.72,131.0499,126.382,155087970,131.01
1/7/2021,130.92,128.36,131.63,127.86,109578157,126.6
1/8/2021,132.05,132.43,132.63,130.23,105158245,130.92
1/11/2021,128.98,129.19,130.17,128.5,100620880,132.05
1/12/2021,128.8,128.5,129.69,126.86,91951145,128.98
1/13/2021,130.89,128.76,131.45,128.49,88636831,128.8
1/14/2021,128.91,130.8,131,128.76,90221755,130.89
1/15/2021,127.14,128.78,130.2242,127,111598531,128.91
1/19/2021,127.83,127.78,128.71,126.938,90757329,127.14
1/20/2021,132.03,128.66,132.49,128.55,104319489,127.83
1/21/2021,136.87,133.8,139.67,133.59,120529544,132.03
1/22/2021,139.07,136.28,139.85,135.02,114459360,136.87
1/25/2021,142.92,143.07,145.09,136.54,157611713,139.07
1/26/2021,143.16,143.6,144.3,141.37,98390555,142.92
1/27/2021,142.06,143.43,144.3,140.41,140843759,143.16
1/28/2021,137.09,139.52,141.99,136.7,142621128,142.06
1/29/2021,131.96,135.83,136.74,130.21,177523812,137.09
2/1/2021,134.14,133.75,135.38,130.93,106239823,131.96
2/2/2021,134.99,135.73,136.31,134.61,83305367,134.14
2/3/2021,133.94,135.76,135.77,133.61,89880937,134.99
2/4/2021,137.39,136.3,137.4,134.59,84183061,133.94
2/5/2021,136.76,137.35,137.42,135.86,75693830,137.39
2/8/2021,136.91,136.03,136.96,134.92,71297214,136.76
2/9/2021,136.01,136.62,137.877,135.85,76774213,136.91
2/10/2021,135.39,136.48,136.99,134.4,73046563,136.01
2/11/2021,135.13,135.9,136.39,133.77,64280029,135.39
2/12/2021,135.37,134.35,135.53,133.6921,60145130,135.13
2/16/2021,133.19,135.49,136.01,132.79,80576316,135.37
2/17/2021,130.84,131.25,132.22,129.47,98085249,133.19
2/18/2021,129.71,129.2,129.995,127.41,96856748,130.84
2/19/2021,129.87,130.24,130.71,128.8,87668834,129.71
2/22/2021,126,128.01,129.72,125.6,103916419,129.87
2/23/2021,125.86,123.76,126.71,118.39,158273022,126
2/24/2021,125.35,124.94,125.56,122.23,111039904,125.86
2/25/2021,120.99,124.68,126.4585,120.54,148199540,125.35
2/26/2021,121.26,122.59,124.85,121.2,164560394,120.99
3/1/2021,127.79,123.75,127.93,122.79,116307892,121.26
3/2/2021,125.12,128.41,128.72,125.01,102260945,127.79
3/3/2021,122.06,124.81,125.71,121.84,112966340,125.12
3/4/2021,120.13,121.75,123.6,118.62,178154975,122.06
3/5/2021,121.42,120.98,121.935,117.57,153766601,120.13
3/8/2021,116.36,120.93,121,116.21,154376610,121.42
3/9/2021,121.085,119.03,122.06,118.79,129525780,116.36
3/10/2021,119.98,121.69,122.17,119.45,111943326,121.085
3/11/2021,121.96,122.54,123.21,121.26,103026514,119.98
3/12/2021,121.03,120.4,121.17,119.16,88105050,121.96
3/15/2021,123.99,121.41,124,120.42,92590555,121.03
3/16/2021,125.57,125.7,127.22,124.715,115227936,123.99
3/17/2021,124.76,124.05,125.8599,122.336,111932636,125.57
3/18/2021,120.53,122.88,123.18,120.32,121469755,124.76
3/19/2021,119.99,119.9,121.43,119.675,185549522,120.53
3/22/2021,123.39,120.33,123.87,120.26,111912284,119.99
3/23/2021,122.54,123.33,124.24,122.14,95467142,123.39
3/24/2021,120.09,122.82,122.9,120.065,88530485,122.54
3/25/2021,120.59,119.54,121.66,119,98844681,120.09
3/26/2021,121.21,120.35,121.48,118.92,94071234,120.59
3/29/2021,121.39,121.65,122.58,120.7299,80819203,121.21
3/30/2021,119.9,120.11,120.4031,118.86,85671919,121.39
3/31/2021,122.15,121.65,123.52,121.15,118323826,119.9
4/1/2021,123,123.66,124.18,122.49,75089134,122.15
4/5/2021,125.9,123.87,126.1601,123.07,88651175,123
4/6/2021,126.21,126.5,127.13,125.65,80171253,125.9
4/7/2021,127.9,125.83,127.92,125.14,83466716,126.21
4/8/2021,130.36,128.95,130.39,128.52,88844591,127.9
4/9/2021,132.995,129.8,133.04,129.47,106686703,130.36
4/12/2021,131.24,132.52,132.85,130.63,91419983,132.995
4/13/2021,134.43,132.44,134.66,131.93,91266545,131.24
4/14/2021,132.03,134.94,135,131.655,87222782,134.43
4/15/2021,134.5,133.82,135,133.64,89347102,132.03
4/16/2021,134.16,134.3,134.67,133.28,84922386,134.5
4/19/2021,134.84,133.51,135.47,133.34,94264215,134.16
4/20/2021,133.11,135.02,135.53,131.81,94812349,134.84
4/21/2021,133.5,132.36,133.75,131.3001,68847136,133.11
4/22/2021,131.94,133.04,134.15,131.41,84566456,133.5
4/23/2021,134.32,132.16,135.12,132.16,78756779,131.94
4/26/2021,134.72,134.83,135.06,133.56,66905069,134.32
4/27/2021,134.39,135.01,135.41,134.11,66015804,134.72
4/28/2021,133.58,134.31,135.02,133.08,107760097,134.39
4/29/2021,133.48,136.47,137.07,132.45,151100953,133.58
4/30/2021,131.46,131.78,133.56,131.065,109839466,133.48
5/3/2021,132.54,132.04,134.07,131.83,75135100,131.46
5/4/2021,127.85,131.19,131.4899,126.7,137564718,132.54
5/5/2021,128.1,129.2,130.45,127.97,84000900,127.85
5/6/2021,129.74,127.89,129.75,127.13,78128334,128.1
5/7/2021,130.21,130.85,131.2582,129.475,78973273,129.74
5/10/2021,126.85,129.41,129.54,126.81,88071229,130.21
5/11/2021,125.91,123.5,126.27,122.77,126142826,126.85
5/12/2021,122.77,123.4,124.64,122.25,112172282,125.91
5/13/2021,124.97,124.58,126.15,124.26,105861339,122.77
5/14/2021,127.45,126.25,127.89,125.85,81917951,124.97
5/17/2021,126.27,126.82,126.93,125.17,74244624,127.45
5/18/2021,124.85,126.56,126.99,124.78,63342929,126.27
5/19/2021,124.69,123.16,124.915,122.86,92611989,124.85
5/20/2021,127.31,125.23,127.72,125.1,76857123,124.69
5/21/2021,125.43,127.82,128,125.21,79295436,127.31
5/24/2021,127.1,126.01,127.94,125.94,63092945,125.43
5/25/2021,126.9,127.82,128.32,126.32,72009482,127.1
5/26/2021,126.85,126.955,127.39,126.42,56575920,126.9
5/27/2021,125.28,126.44,127.64,125.08,94625601,126.85
5/28/2021,124.61,125.57,125.8,124.55,71311109,125.28
6/1/2021,124.28,125.08,125.35,123.94,67637118,124.61
6/2/2021,125.06,124.28,125.24,124.05,59278862,124.28
6/3/2021,123.54,124.68,124.85,123.13,76229170,125.06
6/4/2021,125.89,124.07,126.16,123.85,75169343,123.54
6/7/2021,125.9,126.17,126.32,124.8321,71057550,125.89
6/8/2021,126.74,126.6,128.46,126.2101,74403774,125.9
6/9/2021,127.13,127.21,127.75,126.52,56877937,126.74
6/10/2021,126.11,127.02,128.19,125.94,71186421,127.13
6/11/2021,127.35,126.53,127.44,126.1,53522373,126.11
6/14/2021,130.48,127.82,130.54,127.07,96906490,127.35
6/15/2021,129.64,129.94,130.6,129.39,62746332,130.48
6/16/2021,130.15,130.37,130.89,128.461,91815026,129.64
6/17/2021,131.79,129.8,132.55,129.65,96721669,130.15
6/18/2021,130.46,130.71,131.51,130.24,108953309,131.79
6/21/2021,132.3,130.3,132.41,129.21,79663316,130.46
6/22/2021,133.98,132.13,134.08,131.62,74783618,132.3
6/23/2021,133.7,133.77,134.32,133.23,60214200,133.98
6/24/2021,133.41,134.45,134.64,132.93,68710998,133.7
6/25/2021,133.11,133.46,133.89,132.81,70783746,133.41
6/28/2021,134.78,133.41,135.245,133.35,62111303,133.11
6/29/2021,136.33,134.8,136.49,134.35,64556081,134.78
6/30/2021,136.96,136.17,137.41,135.87,63261393,136.33
7/1/2021,137.27,136.6,137.33,135.76,52485781,136.96
7/2/2021,139.96,137.9,140,137.745,78945572,137.27
7/6/2021,142.02,140.07,143.15,140.07,108181793,139.96
7/7/2021,144.57,143.535,144.89,142.66,104911589,142.02
7/8/2021,143.24,141.58,144.06,140.665,105575458,144.57
7/9/2021,145.11,142.75,145.65,142.6522,99890800,143.24
7/12/2021,144.5,146.21,146.32,144,76299719,145.11
7/13/2021,145.64,144.03,147.46,143.63,100827099,144.5
7/14/2021,149.15,148.1,149.57,147.68,127050785,145.64
7/15/2021,148.48,149.24,150,147.09,106820297,149.15
7/16/2021,146.39,148.46,149.76,145.88,93251426,148.48
7/19/2021,142.45,143.75,144.07,141.67,121434571,146.39
7/20/2021,146.15,143.46,147.0997,142.96,96350036,142.45
7/21/2021,145.4,145.53,146.13,144.63,74993460,146.15
7/22/2021,146.8,145.935,148.195,145.81,77338156,145.4
7/23/2021,148.56,147.55,148.7177,146.92,71447416,146.8
7/26/2021,148.99,148.27,149.83,147.7,72434089,148.56
7/27/2021,146.77,149.12,149.21,145.55,104818578,148.99
7/28/2021,144.98,144.81,146.97,142.54,118931191,146.77
7/29/2021,145.64,144.685,146.55,144.58,56699475,144.98
7/30/2021,145.86,144.38,146.33,144.11,70440626,145.64
8/2/2021,145.52,146.36,146.95,145.25,62879961,145.86
8/3/2021,147.36,145.81,148.045,145.18,64786618,145.52
8/4/2021,146.95,147.27,147.79,146.28,56368271,147.36
8/5/2021,147.06,146.98,147.84,146.17,46397674,146.95
8/6/2021,146.14,146.35,147.11,145.63,54126813,147.06
8/9/2021,146.09,146.2,146.7,145.52,48908689,146.14
8/10/2021,145.6,146.44,147.71,145.3,69023081,146.09
8/11/2021,145.86,146.05,146.72,145.53,48493463,145.6
8/12/2021,148.89,146.19,149.05,145.84,73779113,145.86
8/13/2021,149.1,148.97,149.4444,148.27,59375009,148.89
8/16/2021,151.12,148.535,151.19,146.47,103558782,149.1
8/17/2021,150.19,150.23,151.68,149.09,92229735,151.12
8/18/2021,146.36,149.8,150.72,146.15,86325990,150.19
8/19/2021,146.7,145.03,148,144.5,86960310,146.36
8/20/2021,148.19,147.44,148.5,146.78,60549630,146.7
8/23/2021,149.71,148.31,150.19,147.89,60131810,148.19
8/24/2021,149.62,149.45,150.86,149.15,48606428,149.71
8/25/2021,148.36,149.81,150.32,147.8,58991297,149.62
8/26/2021,147.54,148.35,149.12,147.51,48597195,148.36
8/27/2021,148.6,147.48,148.75,146.83,55802388,147.54
8/30/2021,153.12,149,153.49,148.61,90956723,148.6
8/31/2021,151.83,152.66,152.8,151.29,86453117,153.12
9/1/2021,152.51,152.83,154.98,152.34,80313711,151.83
9/2/2021,153.65,153.87,154.72,152.4,71171317,152.51
9/3/2021,154.3,153.76,154.63,153.09,57866066,153.65
9/7/2021,156.69,154.97,157.26,154.39,82278261,154.3
9/8/2021,155.11,156.98,157.04,153.975,74420207,156.69
9/9/2021,154.07,155.49,156.11,153.95,57305730,155.11
9/10/2021,148.97,155,155.48,148.7,140893235,154.07
9/13/2021,149.55,150.63,151.42,148.75,102404329,148.97
9/14/2021,148.12,150.35,151.07,146.91,109296295,149.55
9/15/2021,149.03,148.56,149.44,146.37,83281315,148.12
9/16/2021,148.79,148.44,148.97,147.221,68034149,149.03
9/17/2021,146.06,148.82,148.82,145.76,129868824,148.79
9/20/2021,142.94,143.8,144.84,141.27,123478863,146.06
9/21/2021,143.43,143.93,144.6,142.78,75833962,142.94
9/22/2021,145.85,144.45,146.43,143.7001,76404341,143.43
9/23/2021,146.83,146.65,147.08,145.64,64838170,145.85
9/24/2021,146.92,145.66,147.4701,145.56,53477869,146.83
9/27/2021,145.37,145.47,145.96,143.82,74150729,146.92
9/28/2021,141.91,143.25,144.75,141.69,108972340,145.37
9/29/2021,142.83,142.47,144.45,142.03,74602044,141.91
9/30/2021,141.5,143.66,144.378,141.28,89056664,142.83
10/1/2021,142.65,141.9,142.92,139.1101,94639581,141.5
10/4/2021,139.14,141.76,142.21,138.27,98322008,142.65
10/5/2021,141.11,139.49,142.24,139.36,80861062,139.14
10/6/2021,142,139.47,142.15,138.37,83221119,141.11
10/7/2021,143.29,143.06,144.215,142.72,61732656,142
10/8/2021,142.9,144.03,144.1781,142.56,58773155,143.29
10/11/2021,142.81,142.27,144.81,141.81,64452219,142.9
10/12/2021,141.51,143.23,143.25,141.0401,73035859,142.81
10/13/2021,140.91,141.235,141.4,139.2,78762721,141.51
10/14/2021,143.76,142.11,143.88,141.51,69907100,140.91
10/15/2021,144.84,143.77,144.895,143.51,67940334,143.76
10/18/2021,146.55,143.445,146.84,143.16,85589175,144.84
10/19/2021,148.76,147.01,149.17,146.55,76378894,146.55
10/20/2021,149.26,148.7,149.7539,148.12,58418788,148.76
10/21/2021,149.48,148.81,149.64,147.87,61420990,149.26
10/22/2021,148.69,149.69,150.18,148.64,58883443,149.48
10/25/2021,148.64,148.68,149.37,147.6211,50720556,148.69
10/26/2021,149.32,149.33,150.84,149.0101,60893395,148.64
10/27/2021,148.85,149.36,149.73,148.49,56094929,149.32
10/28/2021,152.57,149.82,153.165,149.72,100077888,148.85
10/29/2021,149.8,147.215,149.94,146.4128,124953168,152.57
11/1/2021,148.96,148.985,149.7,147.8,74588258,149.8
11/2/2021,150.02,148.66,151.57,148.65,69121987,148.96
11/3/2021,151.49,150.39,151.97,149.82,54511534,150.02
11/4/2021,150.96,151.58,152.43,150.64,60394616,151.49
11/5/2021,151.28,151.89,152.2,150.06,65463883,150.96
11/8/2021,150.44,151.41,151.57,150.16,55020868,151.28
11/9/2021,150.81,150.2,151.428,150.0601,56787930,150.44
11/10/2021,147.92,150.02,150.13,147.85,65187092,150.81
11/11/2021,147.87,148.96,149.43,147.681,40999950,147.92
11/12/2021,149.99,148.43,150.4,147.48,63804008,147.87
11/15/2021,150,150.37,151.88,149.43,59222803,149.99
11/16/2021,151,149.94,151.488,149.34,59256210,150
11/17/2021,153.49,150.995,155,150.99,88807000,151
11/18/2021,157.87,153.71,158.67,153.05,137827673,153.49
11/19/2021,160.55,157.65,161.02,156.5328,117305597,157.87
11/22/2021,161.02,161.68,165.7,161,117467889,160.55
11/23/2021,161.41,161.12,161.8,159.0601,96041899,161.02
11/24/2021,161.94,160.75,162.14,159.64,69463623,161.41
11/26/2021,156.81,159.565,160.45,156.36,76959752,161.94
11/29/2021,160.24,159.37,161.19,158.7901,88748217,156.81
11/30/2021,165.3,159.985,165.52,159.92,174048056,160.24
12/1/2021,164.77,167.48,170.3,164.53,152423003,165.3
12/2/2021,163.76,158.735,164.2,157.8,136739174,164.77
12/3/2021,161.84,164.02,164.96,159.72,118023116,163.76
12/6/2021,165.32,164.29,167.8799,164.28,107496982,161.84
12/7/2021,171.18,169.08,171.58,168.34,120405352,165.32
12/8/2021,175.08,172.125,175.96,170.7,116998901,171.18
12/9/2021,174.56,174.91,176.75,173.92,108923739,175.08
12/10/2021,179.45,175.205,179.63,174.69,115402731,174.56
12/13/2021,175.74,181.115,182.13,175.53,153237019,179.45
12/14/2021,174.33,175.25,177.74,172.21,139380382,175.74
12/15/2021,179.3,175.11,179.5,172.3108,131063257,174.33
12/16/2021,172.26,179.28,181.14,170.75,150185843,179.3
12/17/2021,171.14,169.93,173.47,169.69,195923441,172.26
12/20/2021,169.75,168.28,170.58,167.46,107499114,171.14
12/21/2021,172.99,171.555,173.2,169.12,91185905,169.75
12/22/2021,175.64,173.04,175.86,172.15,92135303,172.99
12/23/2021,176.28,175.85,176.8499,175.27,68356567,175.64
12/27/2021,180.33,177.085,180.42,177.07,74919582,176.28
12/28/2021,179.29,180.16,181.33,178.53,79144339,180.33
12/29/2021,179.38,179.33,180.63,178.14,62348931,179.29
12/30/2021,178.2,179.47,180.57,178.09,59773014,179.38
12/31/2021,177.57,178.085,179.23,177.26,64062261,178.2
1/3/2022,182.01,177.83,182.88,177.71,104701220,177.57
1/4/2022,179.7,182.63,182.94,179.12,99310438,182.01
1/5/2022,174.92,179.61,180.17,174.64,94537602,179.7
1/6/2022,172,172.7,175.3,171.64,96903955,174.92
1/7/2022,172.17,172.89,174.14,171.03,86709147,172
1/10/2022,172.19,169.08,172.5,168.17,106765552,172.17
1/11/2022,175.08,172.32,175.18,170.82,76138312,172.19
1/12/2022,175.53,176.12,177.18,174.82,74805173,175.08
1/13/2022,172.19,175.78,176.62,171.79,84505760,175.53
1/14/2022,173.07,171.34,173.78,171.09,80440780,172.19
1/18/2022,169.8,171.51,172.54,169.405,91168729,173.07
1/19/2022,166.23,170,171.08,165.94,94814990,169.8
1/20/2022,164.51,166.98,169.68,164.18,91420515,166.23
1/21/2022,162.41,164.415,166.33,162.3,122848858,164.51
1/24/2022,161.62,160.02,162.3,154.7,162706686,162.41
1/25/2022,159.78,158.98,162.76,157.02,115798367,161.62
1/26/2022,159.69,163.5,164.3894,157.82,108275308,159.78
1/27/2022,159.22,162.45,163.84,158.28,121954638,159.69
1/28/2022,170.33,165.71,170.35,162.8,179935660,159.22
1/31/2022,174.78,170.16,175,169.51,115541590,170.33
2/1/2022,174.61,174.01,174.84,172.31,86213911,174.78
2/2/2022,175.84,174.745,175.88,173.33,84914256,174.61
2/3/2022,172.9,174.48,176.2399,172.12,89418074,175.84
2/4/2022,172.39,171.68,174.1,170.68,82465400,172.9
2/7/2022,171.66,172.86,173.9458,170.95,77251204,172.39
2/8/2022,174.83,171.73,175.35,171.43,74829217,171.66
2/9/2022,176.28,176.05,176.65,174.9,71285038,174.83
2/10/2022,172.12,174.14,175.48,171.55,90865899,176.28
2/11/2022,168.64,172.33,173.08,168.04,98670687,172.12
2/14/2022,168.88,167.37,169.58,166.56,86185530,168.64
2/15/2022,172.79,170.97,172.95,170.25,64286320,168.88
2/16/2022,172.55,171.85,173.34,170.05,61177398,172.79
2/17/2022,168.88,171.03,171.91,168.47,69589344,172.55
2/18/2022,167.3,169.82,170.5413,166.19,82772674,168.88
2/22/2022,164.32,164.98,166.69,162.15,91162758,167.3
2/23/2022,160.07,165.54,166.15,159.75,90009247,164.32
2/24/2022,162.74,152.58,162.85,152,141147540,160.07
2/25/2022,164.85,163.84,165.12,160.8738,91974222,162.74
2/28/2022,165.12,163.06,165.42,162.43,95056629,164.85
3/1/2022,163.2,164.695,166.6,161.97,83474425,165.12
3/2/2022,166.56,164.39,167.36,162.95,79724750,163.2
3/3/2022,166.23,168.47,168.91,165.55,76678441,166.56
3/4/2022,163.17,164.49,165.55,162.1,83819592,166.23
3/7/2022,159.3,163.36,165.02,159.04,96418845,163.17
3/8/2022,157.44,158.82,162.88,155.8,131148280,159.3
3/9/2022,162.95,161.475,163.41,159.41,91454905,157.44
3/10/2022,158.52,160.2,160.39,155.98,105342033,162.95
3/11/2022,154.73,158.93,159.28,154.5,96970102,158.52
3/14/2022,150.62,151.45,154.12,150.1,108732111,154.73
3/15/2022,155.09,150.9,155.57,150.38,92964302,150.62
3/16/2022,159.59,157.05,160,154.46,102300157,155.09
3/17/2022,160.62,158.61,161,157.63,75615376,159.59
3/18/2022,163.98,160.51,164.48,159.76,123511692,160.62
3/21/2022,165.38,163.51,166.35,163.015,95811352,163.98
3/22/2022,168.82,165.51,169.42,164.91,81532007,165.38
3/23/2022,170.21,167.99,172.64,167.65,98062674,168.82
3/24/2022,174.07,171.06,174.14,170.21,90131418,170.21
3/25/2022,174.72,173.88,175.28,172.75,80546156,174.07
3/28/2022,175.6,172.17,175.73,172,90371916,174.72
3/29/2022,178.96,176.69,179.01,176.34,100589440,175.6
3/30/2022,177.77,178.55,179.61,176.7,92633154,178.96
3/31/2022,174.61,177.84,178.03,174.4,103049285,177.77
4/1/2022,174.31,174.03,174.88,171.94,78751328,174.61
4/4/2022,178.44,174.57,178.49,174.44,76545983,174.31
4/5/2022,175.06,177.5,178.3,174.415,73401786,178.44
4/6/2022,171.83,172.36,173.63,170.13,89058782,175.06
4/7/2022,172.14,171.16,173.36,169.85,77594650,171.83
4/8/2022,170.09,171.78,171.78,169.2,76575508,172.14
4/11/2022,165.75,168.71,169.03,165.5,72246706,170.09
4/12/2022,167.66,168.02,169.87,166.64,79265181,165.75
4/13/2022,170.4,167.39,171.04,166.77,70618925,167.66
4/14/2022,165.29,170.62,171.27,165.04,75329376,170.4
4/18/2022,165.07,163.92,166.5984,163.57,69023941,165.29
4/19/2022,167.4,165.02,167.82,163.91,67723833,165.07
4/20/2022,167.23,168.76,168.88,166.1,67929814,167.4
4/21/2022,166.42,168.91,171.53,165.91,87227768,167.23
4/22/2022,161.79,166.46,167.8699,161.5,84882424,166.42
4/25/2022,162.88,161.12,163.17,158.46,96046376,161.79
4/26/2022,156.8,162.25,162.34,156.72,95623240,162.88
4/27/2022,156.57,155.91,159.79,155.38,88063191,156.8
4/28/2022,163.64,159.25,164.515,158.93,130216792,156.57
4/29/2022,157.65,161.84,166.2,157.25,131747571,163.64
5/2/2022,157.96,156.71,158.23,153.27,123055265,157.65
5/3/2022,159.48,158.15,160.71,156.32,88966526,157.96
5/4/2022,166.02,159.67,166.48,159.26,108256503,159.48
5/5/2022,156.77,163.85,164.08,154.95,130525275,166.02
5/6/2022,157.28,156.01,159.44,154.18,116124647,156.77
5/9/2022,152.06,154.925,155.83,151.49,131577921,157.28
5/10/2022,154.51,155.52,156.74,152.93,115366736,152.06
5/11/2022,146.5,153.5,155.45,145.81,142689825,154.51
5/12/2022,142.56,142.77,146.2,138.8,182602041,146.5
5/13/2022,147.11,144.59,148.105,143.11,113990852,142.56
5/16/2022,145.54,145.55,147.5199,144.18,86643781,147.11
5/17/2022,149.24,148.86,149.77,146.68,78336254,145.54
5/18/2022,140.82,146.85,147.3601,139.9,109742890,149.24
5/19/2022,137.35,139.88,141.66,136.6,136095640,140.82
5/20/2022,137.59,139.09,140.7,132.61,137426125,137.35
5/23/2022,143.11,137.79,143.26,137.65,117726265,137.59
5/24/2022,140.36,140.805,141.97,137.33,104132746,143.11
5/25/2022,140.52,138.43,141.785,138.34,92482696,140.36
5/26/2022,143.78,137.39,144.34,137.14,90601548,140.52
5/27/2022,149.64,145.39,149.68,145.26,90978503,143.78
5/31/2022,148.84,149.07,150.66,146.84,103718416,149.64
6/1/2022,148.71,149.9,151.74,147.68,74286635,148.84
6/2/2022,151.21,147.83,151.27,146.86,72348055,148.71
6/3/2022,145.38,146.9,147.97,144.46,88570289,151.21
6/6/2022,146.14,147.03,148.5689,144.9,71598380,145.38
6/7/2022,148.71,144.345,149,144.1,67808150,146.14
6/8/2022,147.96,148.58,149.8697,147.46,53950201,148.71
6/9/2022,142.64,147.08,147.95,142.53,69472976,147.96
6/10/2022,137.13,140.28,140.76,137.06,91566637,142.64
6/13/2022,131.88,132.87,135.2,131.44,122207099,137.13
6/14/2022,132.76,133.13,133.89,131.48,84784326,131.88
6/15/2022,135.43,134.29,137.34,132.16,91532972,132.76
6/16/2022,130.06,132.08,132.39,129.04,107961508,135.43
6/17/2022,131.56,130.065,133.079,129.81,134520290,130.06
6/21/2022,135.87,133.42,137.06,133.32,81000488,131.56
6/22/2022,135.35,134.79,137.76,133.91,73409234,135.87
6/23/2022,138.27,136.82,138.59,135.63,72433768,135.35
6/24/2022,141.66,139.9,141.91,139.77,89116837,138.27
6/27/2022,141.66,142.695,143.49,140.965,70207908,141.66
6/28/2022,137.44,142.13,143.422,137.325,67315328,141.66
6/29/2022,139.23,137.46,140.67,136.67,66242411,137.44
6/30/2022,136.72,137.25,138.37,133.7737,98964467,139.23
7/1/2022,138.93,136.04,139.04,135.66,71051552,136.72
7/5/2022,141.56,137.77,141.61,136.93,73429641,138.93
7/6/2022,142.92,141.355,144.12,141.08,74064254,141.56
7/7/2022,146.35,143.29,146.55,143.28,66253709,142.92
7/8/2022,147.04,145.265,147.55,145,64547798,146.35
7/11/2022,144.87,145.67,146.64,143.78,63305113,147.04
7/12/2022,145.86,145.76,148.45,145.05,77588759,144.87
7/13/2022,145.49,142.99,146.45,142.1201,71185560,145.86
7/14/2022,148.47,144.08,148.95,143.25,78140744,145.49
7/15/2022,150.17,149.78,150.86,148.2,76259931,148.47
7/18/2022,147.07,150.74,151.57,146.7,81420868,150.17
7/19/2022,151,147.92,151.23,146.91,82982367,147.07
7/20/2022,153.04,151.12,153.72,150.37,64823413,151
7/21/2022,155.35,154.5,155.57,151.94,65086636,153.04
7/22/2022,154.09,155.39,156.28,153.41,66675408,155.35
7/25/2022,152.95,154.01,155.04,152.28,53623945,154.09
7/26/2022,151.6,152.265,153.085,150.8,55138691,152.95
7/27/2022,156.79,152.58,157.33,152.16,78620688,151.6
7/28/2022,157.35,156.98,157.64,154.41,81378731,156.79
7/29/2022,162.51,161.24,163.63,159.5,101786860,157.35
8/1/2022,161.51,161.01,163.59,160.89,67829379,162.51
8/2/2022,160.01,160.1,162.41,159.63,59907025,161.51
8/3/2022,166.13,160.84,166.59,160.75,82507488,160.01
8/4/2022,165.81,166.005,167.19,164.43,55474144,166.13
8/5/2022,165.35,163.21,165.85,163,56696985,165.81
8/8/2022,164.87,166.37,167.81,164.2,60362338,165.35
8/9/2022,164.92,164.02,165.82,163.25,63135503,164.87
8/10/2022,169.24,167.68,169.34,166.9,70170540,164.92
8/11/2022,168.49,170.06,170.99,168.19,57149159,169.24
8/12/2022,172.1,169.82,172.17,169.4,68039382,168.49
8/15/2022,173.19,171.52,173.39,171.345,54091694,172.1
8/16/2022,173.03,172.78,173.71,171.6618,56377050,173.19
8/17/2022,174.55,172.77,176.15,172.57,79542037,173.03
8/18/2022,174.15,173.75,174.9,173.12,62290075,174.55
8/19/2022,171.52,173.03,173.74,171.3101,70346295,174.15
8/22/2022,167.57,169.69,169.86,167.135,69026809,171.52
8/23/2022,167.23,167.08,168.71,166.65,54147079,167.57
8/24/2022,167.53,167.32,168.11,166.245,53841524,167.23
8/25/2022,170.03,168.78,170.14,168.35,51218209,167.53
8/26/2022,163.62,170.57,171.05,163.56,78960980,170.03
8/29/2022,161.38,161.145,162.9,159.82,73313953,163.62
8/30/2022,158.91,162.13,162.56,157.72,77906197,161.38
8/31/2022,157.22,160.305,160.58,157.14,87991091,158.91
9/1/2022,157.96,156.64,158.42,154.67,74229896,157.22
9/2/2022,155.81,159.75,160.362,154.965,76957768,157.96
9/6/2022,154.53,156.47,157.09,153.69,73714843,155.81
9/7/2022,155.96,154.825,156.67,153.61,87449574,154.53
9/8/2022,154.46,154.64,156.36,152.68,84923847,155.96
9/9/2022,157.37,155.47,157.82,154.75,68081006,154.46
9/12/2022,163.43,159.59,164.26,159.3,104955962,157.37
9/13/2022,153.84,159.9,160.54,153.37,122656614,163.43
9/14/2022,155.31,154.785,157.1,153.6106,87965409,153.84
9/15/2022,152.37,154.65,155.24,151.38,90481110,155.31
9/16/2022,150.7,151.21,151.35,148.37,162278841,152.37
9/19/2022,154.48,149.31,154.56,149.1,81474246,150.7
9/20/2022,156.9,153.4,158.08,153.08,107689796,154.48
9/21/2022,153.72,157.34,158.74,153.6,101696790,156.9
9/22/2022,152.74,152.38,154.47,150.91,86652542,153.72
9/23/2022,150.43,151.19,151.47,148.56,96029909,152.74
9/26/2022,150.77,149.66,153.7701,149.64,93339409,150.43
9/27/2022,151.76,152.74,154.72,149.945,84442741,150.77
9/28/2022,149.84,147.64,150.6414,144.84,146691387,151.76
9/29/2022,142.48,146.1,146.72,140.68,128138237,149.84
9/30/2022,138.2,141.28,143.1,138,124925274,142.48
10/3/2022,142.45,138.21,143.07,137.685,114311663,138.2
10/4/2022,146.1,145.03,146.22,144.26,87830064,142.45
10/5/2022,146.4,144.075,147.38,143.01,79470968,146.1
10/6/2022,145.43,145.81,147.54,145.22,68402169,146.4
10/7/2022,140.09,142.54,143.1,139.445,85925559,145.43
10/10/2022,140.42,140.42,141.89,138.5729,74899002,140.09
10/11/2022,138.98,139.9,141.35,138.22,77033672,140.42
10/12/2022,138.34,139.13,140.36,138.16,70433744,138.98
10/13/2022,142.99,134.99,143.59,134.37,113223975,138.34
10/14/2022,138.38,144.31,144.52,138.19,88597969,142.99
10/17/2022,142.41,141.065,142.9,140.27,85250939,138.38
10/18/2022,143.75,145.49,146.7,140.61,99136610,142.41
10/19/2022,143.86,141.69,144.9492,141.5,61758340,143.75
10/20/2022,143.39,143.02,145.89,142.65,64521989,143.86
10/21/2022,147.27,142.87,147.8479,142.649,86548609,143.39
10/24/2022,149.45,147.185,150.23,146,75981918,147.27
10/25/2022,152.34,150.09,152.49,149.36,74732290,149.45
10/26/2022,149.35,150.96,151.99,148.04,88436172,152.34
10/27/2022,144.8,148.07,149.046,144.13,109180150,149.35
10/28/2022,155.74,148.2,157.5,147.82,164762371,144.8
10/31/2022,153.34,153.155,154.24,151.92,97943171,155.74
11/1/2022,150.65,155.08,155.45,149.13,80379345,153.34
11/2/2022,145.03,148.945,152.17,145,93604623,150.65
11/3/2022,138.88,142.06,142.8,138.75,97918516,145.03
11/4/2022,138.38,142.09,142.67,134.38,140814796,138.88
11/7/2022,138.92,137.11,139.145,135.671,83374628,138.38
11/8/2022,139.5,140.41,141.43,137.49,89908477,138.92
11/9/2022,134.87,138.5,138.55,134.5933,74917794,139.5
11/10/2022,146.87,141.24,146.87,139.5,118854028,134.87
11/11/2022,149.7,145.82,150.01,144.37,93979665,146.87
11/14/2022,148.28,148.97,150.28,147.43,73374114,149.7
11/15/2022,150.04,152.215,153.59,148.5613,89868332,148.28
11/16/2022,148.79,149.13,149.87,147.29,64218266,150.04
11/17/2022,150.72,146.43,151.48,146.15,80389400,148.79
11/18/2022,151.29,152.305,152.7,149.97,74829573,150.72
11/21/2022,148.01,150.16,150.37,147.715,58724070,151.29
11/22/2022,150.18,148.13,150.42,146.925,51804132,148.01
11/23/2022,151.07,149.45,151.83,149.34,58301395,150.18
11/25/2022,148.11,148.305,148.88,147.12,35195860,151.07
11/28/2022,144.22,145.14,146.64,143.38,69346522,148.11
11/29/2022,141.17,144.29,144.81,140.355,83763803,144.22
11/30/2022,148.03,141.395,148.72,140.55,111380880,141.17
12/1/2022,148.31,148.21,149.13,146.61,71250416,148.03
12/2/2022,147.81,145.96,148,145.65,65447446,148.31
12/5/2022,146.63,147.77,150.9199,145.77,68826442,147.81
12/6/2022,142.91,147.075,147.3,141.92,64727186,146.63
12/7/2022,140.94,142.19,143.37,140,69721094,142.91
12/8/2022,142.65,142.36,143.52,141.1,62128338,140.94
12/9/2022,142.16,142.34,145.57,140.9,76097011,142.65
12/12/2022,144.49,142.7,144.5,141.06,70462654,142.16
12/13/2022,145.47,149.5,149.9692,144.24,93886161,144.49
12/14/2022,143.21,145.35,146.655,141.16,82291182,145.47
12/15/2022,136.5,141.11,141.8,136.025,98931907,143.21
12/16/2022,134.51,136.685,137.65,133.73,160156900,136.5
12/19/2022,132.37,135.11,135.2,131.32,79592614,134.51
12/20/2022,132.3,131.39,133.25,129.89,77432819,132.37
12/21/2022,135.45,132.98,136.81,132.75,85927993,132.3
12/22/2022,132.23,134.352,134.56,130.3,77852108,135.45
12/23/2022,131.86,130.92,132.415,129.64,63814893,132.23
12/27/2022,130.03,131.38,131.41,128.72,69007830,131.86
12/28/2022,126.04,129.67,131.0275,125.87,85438391,130.03
12/29/2022,129.61,127.99,130.4814,127.73,75703710,126.04
12/30/2022,129.93,128.41,129.95,127.43,77034209,129.61
1/3/2023,125.07,130.28,130.9,124.17,112117471,129.93
1/4/2023,126.36,126.89,128.6557,125.08,89113633,125.07
1/5/2023,125.02,127.13,127.77,124.76,80962708,126.36
1/6/2023,129.62,126.01,130.29,124.89,87754715,125.02
1/9/2023,130.15,130.465,133.41,129.89,70790813,129.62
1/10/2023,130.73,130.26,131.2636,128.12,63896155,130.15
1/11/2023,133.49,131.25,133.51,130.46,69458949,130.73
1/12/2023,133.41,133.88,134.26,131.44,71379648,133.49
1/13/2023,134.76,132.03,134.92,131.66,57809719,133.41
1/17/2023,135.94,134.83,137.29,134.13,63646627,134.76
1/18/2023,135.21,136.815,138.61,135.03,69672800,135.94
1/19/2023,135.27,134.08,136.25,133.77,58280413,135.21
1/20/2023,137.87,135.28,138.02,134.22,80223626,135.27
1/23/2023,141.11,138.12,143.315,137.9,81760313,137.87
1/24/2023,142.53,140.305,143.16,140.3,66435142,141.11
1/25/2023,141.86,140.89,142.43,138.81,65799349,142.53
1/26/2023,143.96,143.17,144.25,141.9,54105068,141.86
1/27/2023,145.93,143.155,147.23,143.08,70555843,143.96
1/30/2023,143,144.955,145.55,142.85,64015274,145.93
1/31/2023,144.29,142.7,144.34,142.28,65874459,143
2/1/2023,145.43,143.97,146.61,141.32,77663633,144.29
2/2/2023,150.82,148.9,151.18,148.17,118338980,145.43
2/3/2023,154.5,148.03,157.38,147.83,154357337,150.82
2/6/2023,151.73,152.575,153.1,150.78,69858306,154.5
2/7/2023,154.65,150.64,155.23,150.64,83322551,151.73
2/8/2023,151.92,153.88,154.58,151.168,64120079,154.65
2/9/2023,150.87,153.775,154.33,150.42,56007143,151.92
2/10/2023,151.01,149.46,151.3401,149.22,57450708,150.87
2/13/2023,153.85,150.952,154.26,150.92,62199013,151.01
2/14/2023,153.2,152.12,153.77,150.86,61707573,153.85
2/15/2023,155.33,153.11,155.5,152.88,65669252,153.2
2/16/2023,153.71,153.51,156.33,153.3475,68167942,155.33
2/17/2023,152.55,152.35,153,150.85,59144118,153.71
2/21/2023,148.48,150.2,151.3,148.405,58867230,152.55
2/22/2023,148.91,148.87,149.95,147.16,51011305,148.48
2/23/2023,149.4,150.09,150.34,147.24,48394249,148.91
2/24/2023,146.71,147.11,147.19,145.7202,55469606,149.4
2/27/2023,147.92,147.71,149.17,147.45,44998470,146.71
2/28/2023,147.41,147.05,149.08,146.83,50546998,147.92
3/1/2023,145.31,146.83,147.2285,145.01,55478991,147.41
3/2/2023,145.91,144.38,146.71,143.9,52279761,145.31
3/3/2023,151.03,148.045,151.11,147.33,70732297,145.91
3/6/2023,153.83,153.785,156.3,153.46,87558028,151.03
3/7/2023,151.6,153.7,154.0299,151.13,56182028,153.83
3/8/2023,152.87,152.81,153.47,151.83,47204791,151.6
3/9/2023,150.59,153.559,154.535,150.225,53833582,152.87
3/10/2023,148.5,150.21,150.94,147.6096,68572400,150.59
3/13/2023,150.47,147.805,153.14,147.7,84457122,148.5
3/14/2023,152.59,151.28,153.4,150.1,73695893,150.47
3/15/2023,152.99,151.19,153.245,149.92,77167866,152.59
3/16/2023,155.85,152.16,156.46,151.64,76254419,152.99
3/17/2023,155,156.08,156.74,154.28,98944633,155.85
3/20/2023,157.4,155.07,157.82,154.15,73641415,155
3/21/2023,159.28,157.32,159.4,156.54,73938285,157.4
3/22/2023,157.83,159.3,162.14,157.81,75701811,159.28
3/23/2023,158.93,158.83,161.5501,157.68,67622060,157.83
3/24/2023,160.25,158.86,160.34,157.85,59256343,158.93
3/27/2023,158.28,159.94,160.77,157.87,52390266,160.25
3/28/2023,157.65,157.97,158.49,155.98,45992152,158.28
3/29/2023,160.77,159.37,161.05,159.35,51305691,157.65
3/30/2023,162.36,161.53,162.47,161.271,49501689,160.77
3/31/2023,164.9,162.44,165,161.91,68749792,162.36
4/3/2023,166.17,164.27,166.29,164.22,56976187,164.9
4/4/2023,165.63,166.595,166.84,165.11,46278295,166.17
4/5/2023,163.76,164.74,165.05,161.8,51511744,165.63
4/6/2023,164.66,162.43,164.9584,162,45390123,163.76
4/10/2023,162.03,161.42,162.03,160.08,47716882,164.66
4/11/2023,160.8,162.35,162.36,160.51,47644217,162.03
4/12/2023,160.1,161.22,162.06,159.78,50133062,160.8
4/13/2023,165.56,161.63,165.8,161.42,68445649,160.1
4/14/2023,165.21,164.59,166.32,163.82,49386480,165.56
4/17/2023,165.23,165.09,165.39,164.03,41516217,165.21
4/18/2023,166.47,166.1,167.41,165.65,49923008,165.23
4/19/2023,167.63,165.8,168.16,165.54,47720166,166.47
4/20/2023,166.65,166.09,167.87,165.56,52456377,167.63
4/21/2023,165.02,165.05,166.4521,164.49,58337341,166.65
4/24/2023,165.33,165,165.6,163.89,41949581,165.02
4/25/2023,163.77,165.19,166.305,163.73,48714063,165.33
4/26/2023,163.76,163.055,165.28,162.8,45498796,163.77
4/27/2023,168.41,165.19,168.56,165.19,64902329,163.76
4/28/2023,169.68,168.49,169.85,167.8801,55275851,168.41
5/1/2023,169.59,169.28,170.45,168.64,52472936,169.68
5/2/2023,168.54,170.09,170.35,167.54,48425696,169.59
5/3/2023,167.45,169.5,170.92,167.16,65136018,168.54
5/4/2023,165.79,164.89,167.04,164.31,81235427,167.45
5/5/2023,173.57,170.975,174.3,170.76,113453171,165.79
5/8/2023,173.5,172.48,173.85,172.11,55962793,173.57
5/9/2023,171.77,173.05,173.54,171.6,45326874,173.5
5/10/2023,173.555,173.02,174.03,171.9,53724501,171.77
5/11/2023,173.75,173.85,174.59,172.17,49514676,173.555
5/12/2023,172.57,173.62,174.06,171,45533138,173.75
5/15/2023,172.07,173.16,173.21,171.47,37266659,172.57
5/16/2023,172.07,171.99,173.1383,171.7991,42110293,172.07
5/17/2023,172.69,171.71,172.925,170.4201,57951604,172.07
5/18/2023,175.05,173,175.24,172.58,65496657,172.69
5/19/2023,175.16,176.39,176.39,174.94,55809475,175.05
5/22/2023,174.2,173.98,174.71,173.45,43570932,175.16
5/23/2023,171.56,173.13,173.3794,171.275,50747263,174.2
5/24/2023,171.84,171.09,172.4183,170.52,45143488,171.56
5/25/2023,172.99,172.41,173.895,171.69,56058258,171.84
5/26/2023,175.43,173.32,175.77,173.11,54834975,172.99
5/30/2023,177.3,176.96,178.99,176.57,55964401,175.43
5/31/2023,177.25,177.325,179.35,176.76,99625288,177.3
6/1/2023,180.09,177.7,180.12,176.9306,68901809,177.25
6/2/2023,180.95,181.03,181.78,179.26,61996913,180.09
6/5/2023,179.58,182.63,184.951,178.035,121946497,180.95
6/6/2023,179.21,179.965,180.12,177.43,64848374,179.58
6/7/2023,177.82,178.44,181.21,177.32,61944615,179.21
6/8/2023,180.57,177.895,180.84,177.46,50214881,177.82
6/9/2023,180.96,181.5,182.23,180.63,48899973,180.57
6/12/2023,183.79,181.27,183.89,180.97,54754995,180.96
6/13/2023,183.31,182.8,184.15,182.44,54929129,183.79
6/14/2023,183.95,183.37,184.39,182.02,57462882,183.31
6/15/2023,186.01,183.96,186.52,183.78,65433166,183.95
6/16/2023,184.92,186.73,186.99,184.27,101256225,186.01
6/20/2023,185.01,184.41,186.1,184.41,49799092,184.92
6/21/2023,183.96,184.9,185.41,182.5901,49515697,185.01
6/22/2023,187,183.74,187.045,183.67,51245327,183.96
6/23/2023,186.68,185.55,187.56,185.01,53116996,187
6/26/2023,185.27,186.83,188.05,185.23,48088661,186.68
6/27/2023,188.06,185.89,188.39,185.67,50730846,185.27
6/28/2023,189.25,187.93,189.9,187.6,51216801,188.06
6/29/2023,189.59,189.08,190.07,188.94,46347308,189.25
6/30/2023,193.97,191.63,194.48,191.26,85213216,189.59
7/3/2023,192.46,193.78,193.88,191.76,31458198,193.97
7/5/2023,191.33,191.565,192.98,190.62,46920261,192.46
7/6/2023,191.81,189.84,192.02,189.2,45156009,191.33
7/7/2023,190.68,191.41,192.67,190.24,46814998,191.81
7/10/2023,188.61,189.26,189.99,187.035,59922163,190.68
7/11/2023,188.08,189.16,189.3,186.6,46638119,188.61
7/12/2023,189.77,189.68,191.7,188.47,60750248,188.08
7/13/2023,190.54,190.5,191.19,189.78,41342338,189.77
7/14/2023,190.69,190.23,191.1799,189.63,41616242,190.54
7/17/2023,193.99,191.9,194.32,191.81,50520159,190.69
7/18/2023,193.73,193.35,194.33,192.415,48353774,193.99
7/19/2023,195.1,193.1,198.23,192.65,80507323,193.73
7/20/2023,193.13,195.09,196.47,192.495,59581196,195.1
7/21/2023,191.94,194.1,194.97,191.23,71951683,193.13
7/24/2023,192.75,193.41,194.91,192.25,45505097,191.94
7/25/2023,193.62,193.33,194.44,192.915,37283201,192.75
7/26/2023,194.5,193.67,195.64,193.32,47471868,193.62
7/27/2023,193.22,196.02,197.2,192.55,47460180,194.5
7/28/2023,195.83,194.67,196.626,194.14,48291443,193.22
7/31/2023,196.45,196.06,196.49,195.26,38824113,195.83
8/1/2023,195.605,196.235,196.73,195.28,35281426,196.45
8/2/2023,192.58,195.04,195.18,191.8507,50389327,195.605
8/3/2023,191.17,191.57,192.37,190.69,62243282,192.58
8/4/2023,181.99,185.52,187.38,181.92,115956841,191.17
8/7/2023,178.85,182.13,183.13,177.35,97576069,181.99
8/8/2023,179.8,179.69,180.27,177.58,67823003,178.85
8/9/2023,178.19,180.87,180.93,177.01,60378492,179.8
8/10/2023,177.97,179.48,180.75,177.6,54686851,178.19
8/11/2023,177.79,177.32,178.62,176.55,52036672,177.97
8/14/2023,179.46,177.97,179.69,177.305,43675627,177.79
8/15/2023,177.45,178.88,179.48,177.05,43622593,179.46
8/16/2023,176.57,177.13,178.54,176.5,46964857,177.45
8/17/2023,174,177.14,177.5054,173.48,66062882,176.57
8/18/2023,174.49,172.3,175.1,171.96,61172150,174
8/21/2023,175.84,175.07,176.13,173.735,46311879,174.49
8/22/2023,177.23,177.06,177.68,176.25,42084245,175.84
8/23/2023,181.12,178.52,181.55,178.325,52722752,177.23
8/24/2023,176.38,180.674,181.104,176.01,54945798,181.12
8/25/2023,178.61,177.38,179.15,175.82,51449594,176.38
8/28/2023,180.19,180.09,180.59,178.545,43820697,178.61
8/29/2023,184.12,179.695,184.9,179.5,53003948,180.19
8/30/2023,187.65,184.94,187.85,184.74,60813888,184.12
8/31/2023,187.87,187.84,189.12,187.48,60794467,187.65
9/1/2023,189.46,189.485,189.92,188.28,45766503,187.87
9/5/2023,189.7,188.28,189.98,187.61,45280027,189.46
9/6/2023,182.91,188.4,188.85,181.47,81755816,189.7
9/7/2023,177.56,175.18,178.21,173.54,112488803,182.91
9/8/2023,178.18,178.35,180.239,177.79,65602066,177.56
9/11/2023,179.36,180.07,180.3,177.34,58953052,178.18
9/12/2023,176.3,179.49,180.13,174.82,90370192,179.36
9/13/2023,174.21,176.51,177.3,173.98,84267928,176.3
9/14/2023,175.74,174,176.1,173.58,60895757,174.21
9/15/2023,175.01,176.48,176.495,173.82,109259461,175.74
9/18/2023,177.97,176.48,179.38,176.17,67257573,175.01
9/19/2023,179.07,177.52,179.63,177.13,51826941,177.97
9/20/2023,175.49,179.26,179.695,175.4,58436181,179.07
9/21/2023,173.93,174.55,176.3,173.86,63149116,175.49
9/22/2023,174.79,174.67,177.079,174.05,56725385,173.93
9/25/2023,176.08,174.2,176.97,174.15,46172740,174.79
9/26/2023,171.96,174.82,175.2,171.66,64588945,176.08
9/27/2023,170.43,172.62,173.04,169.05,66921808,171.96
9/28/2023,170.69,169.34,172.03,167.62,56294419,170.43
9/29/2023,171.21,172.02,173.07,170.341,51861083,170.69
10/2/2023,173.75,171.22,174.3,170.93,52164535,171.21
10/3/2023,172.4,172.255,173.63,170.82,49594613,173.75
10/4/2023,173.66,171.09,174.21,170.97,53020286,172.4
10/5/2023,174.91,173.79,175.45,172.68,48527918,173.66
10/6/2023,177.49,173.8,177.99,173.18,57266675,174.91
10/9/2023,178.99,176.81,179.05,175.8,42390772,177.49
10/10/2023,178.39,178.1,179.72,177.95,43698019,178.99
10/11/2023,179.8,178.2,179.85,177.6,47551098,178.39
10/12/2023,180.71,180.07,182.34,179.04,56743119,179.8
10/13/2023,178.85,181.42,181.93,178.14,51456082,180.71
10/16/2023,178.72,176.75,179.075,176.51,52516984,178.85
10/17/2023,177.15,176.645,178.42,174.8,57549350,178.72
10/18/2023,175.84,175.58,177.575,175.11,54764375,177.15
10/19/2023,175.46,176.04,177.84,175.19,59302863,175.84
10/20/2023,172.88,175.31,175.42,172.64,64244028,175.46
10/23/2023,173,170.91,174.01,169.93,55980109,172.88
10/24/2023,173.44,173.05,173.67,171.45,43816644,173
10/25/2023,171.1,171.88,173.06,170.65,57156962,173.44
10/26/2023,166.89,170.37,171.3775,165.67,70625258,171.1
10/27/2023,168.22,166.91,168.96,166.83,58499129,166.89
10/30/2023,170.29,169.02,171.17,168.87,51130955,168.22
10/31/2023,170.77,169.35,170.9,167.9,44846017,170.29
11/1/2023,173.97,171,174.23,170.12,56934906,170.77
11/2/2023,177.57,175.52,177.78,175.46,77334752,173.97
11/3/2023,176.65,174.24,176.82,173.35,79829246,177.57
11/6/2023,179.23,176.38,179.43,176.21,63841310,176.65
11/7/2023,181.82,179.18,182.44,178.97,70529966,179.23
11/8/2023,182.89,182.35,183.45,181.59,49340282,181.82
11/9/2023,182.41,182.96,184.12,181.81,53763540,182.89
11/10/2023,186.4,183.97,186.565,183.53,66177922,182.41
11/13/2023,184.8,185.82,186.03,184.21,43627519,186.4
11/14/2023,187.44,187.7,188.11,186.3,60108378,184.8
11/15/2023,188.01,187.845,189.5,187.78,53790499,187.44
11/16/2023,189.71,189.57,190.96,188.65,54412915,188.01
11/17/2023,189.69,190.25,190.38,188.57,50941404,189.71
11/20/2023,191.45,189.89,191.905,189.88,46538614,189.69
11/21/2023,190.64,191.41,191.52,189.74,38134485,191.45
11/22/2023,191.31,191.49,192.93,190.825,39630011,190.64
11/24/2023,189.97,190.87,190.9,189.25,24048344,191.31
11/27/2023,189.79,189.92,190.67,188.9,40552609,189.97
11/28/2023,190.4,189.78,191.08,189.4,38415419,189.79
11/29/2023,189.37,190.9,192.09,188.97,43014224,190.4
11/30/2023,189.95,189.84,190.32,188.19,48794366,189.37
12/1/2023,191.24,190.33,191.56,189.23,45704823,189.95
12/4/2023,189.43,189.98,190.05,187.4511,43389519,191.24
12/5/2023,193.42,190.21,194.4,190.18,66628398,189.43
12/6/2023,192.32,194.45,194.76,192.11,41089737,193.42
12/7/2023,194.27,193.63,195,193.59,47477655,192.32
12/8/2023,195.71,194.2,195.99,193.67,53406358,194.27
12/11/2023,193.18,193.11,193.49,191.42,60943699,195.71
12/12/2023,194.71,193.08,194.72,191.721,52696900,193.18
12/13/2023,197.96,195.09,198,194.85,70404183,194.71
12/14/2023,198.11,198.02,199.62,196.16,66831572,197.96
12/15/2023,197.57,197.53,198.3999,197,128538401,198.11
12/18/2023,195.89,196.09,196.63,194.39,55751861,197.57
12/19/2023,196.94,196.16,196.95,195.89,40714051,195.89
12/20/2023,194.83,196.9,197.68,194.83,52242815,196.94
12/21/2023,194.68,196.1,197.08,193.5,46482549,194.83
12/22/2023,193.6,195.18,195.41,192.97,37149570,194.68
12/26/2023,193.05,193.61,193.89,192.83,28919310,193.6
12/27/2023,193.15,192.49,193.5,191.09,48087681,193.05
12/28/2023,193.58,194.14,194.66,193.17,34049898,193.15
12/29/2023,192.53,193.9,194.4,191.725,42672148,193.58
1/2/2024,185.64,187.15,188.44,183.885,82488674,192.53
1/3/2024,184.25,184.22,185.88,183.43,58414460,185.64
1/4/2024,181.91,182.15,183.0872,180.88,71983570,184.25
1/5/2024,181.18,181.99,182.76,180.17,62379661,181.91
1/8/2024,185.56,182.085,185.6,181.5,59144470,181.18
1/9/2024,185.14,183.92,185.15,182.73,42841809,185.56
1/10/2024,186.19,184.35,186.4,183.92,46792908,185.14
1/11/2024,185.59,186.54,187.05,183.62,49128408,186.19
1/12/2024,185.92,186.06,186.74,185.19,40477782,185.59
1/16/2024,183.63,182.16,184.26,180.934,65603041,185.92
1/17/2024,182.68,181.27,182.93,180.3,47317433,183.63
1/18/2024,188.63,186.09,189.14,185.83,78005754,182.68
1/19/2024,191.56,189.33,191.95,188.82,68902985,188.63
1/22/2024,193.89,192.3,195.33,192.26,60133852,191.56
1/23/2024,195.18,195.02,195.75,193.8299,42355590,193.89
1/24/2024,194.5,195.42,196.38,194.34,53631316,195.18
1/25/2024,194.17,195.22,196.2675,193.1125,54822126,194.5
1/26/2024,192.42,194.27,194.76,191.94,44594011,194.17
1/29/2024,191.73,192.01,192.2,189.58,47145622,192.42
1/30/2024,188.04,190.94,191.8,187.47,55859370,191.73
1/31/2024,184.4,187.04,187.095,184.35,55467803,188.04
2/1/2024,186.86,183.985,186.95,183.82,64885408,184.4
2/2/2024,185.85,179.86,187.33,179.25,102551680,186.86
2/5/2024,187.68,188.15,189.25,185.84,69668820,185.85
2/6/2024,189.3,186.86,189.31,186.7695,43490759,187.68
2/7/2024,189.41,190.64,191.05,188.61,53438955,189.3
2/8/2024,188.32,189.385,189.535,187.35,40962046,189.41
2/9/2024,188.85,188.65,189.99,188,45155216,188.32
2/12/2024,187.15,188.415,188.67,186.79,41781934,188.85
2/13/2024,185.04,185.77,186.21,183.5128,56529529,187.15
2/14/2024,184.15,185.32,185.53,182.44,54630517,185.04
2/15/2024,183.86,183.55,184.49,181.35,65434496,184.15
2/16/2024,182.31,183.42,184.85,181.665,49752465,183.86
2/20/2024,181.56,181.79,182.43,180,53665553,182.31
2/21/2024,182.32,181.94,182.8888,180.66,41529674,181.56
2/22/2024,184.37,183.48,184.955,182.46,52292208,182.32
2/23/2024,182.52,185.01,185.04,182.23,45119677,184.37
2/26/2024,181.16,182.24,182.76,180.65,40867421,182.52
2/27/2024,182.63,181.1,183.9225,179.56,54318851,181.16
2/28/2024,181.42,182.51,183.12,180.13,48953939,182.63
2/29/2024,180.75,181.27,182.57,179.53,136682597,181.42
3/1/2024,179.66,179.55,180.53,177.38,73563082,180.75
3/4/2024,175.1,176.15,176.9,173.79,81510101,179.66
3/5/2024,170.12,170.76,172.04,169.62,95132355,175.1
3/6/2024,169.12,171.06,171.24,168.68,68587707,170.12
3/7/2024,169,169.15,170.73,168.49,71765061,169.12
3/8/2024,170.73,169,173.7,168.94,76267041,169
3/11/2024,172.75,172.94,174.38,172.05,60139473,170.73
3/12/2024,173.23,173.15,174.03,171.01,59825372,172.75
3/13/2024,171.13,172.77,173.185,170.76,52488692,173.23
3/14/2024,173,172.91,174.3078,172.05,72913507,171.13
3/15/2024,172.62,171.17,172.62,170.285,121752699,173
3/18/2024,173.72,175.57,177.71,173.52,75604184,172.62
3/19/2024,176.08,174.34,176.605,173.03,55215244,173.72
3/20/2024,178.67,175.72,178.67,175.09,53423102,176.08
3/21/2024,171.37,177.05,177.49,170.84,106181270,178.67
3/22/2024,172.28,171.76,173.05,170.06,71160138,171.37
3/25/2024,170.85,170.565,171.94,169.45,54288328,172.28
3/26/2024,169.71,170,171.42,169.58,57388449,170.85
3/27/2024,173.31,170.41,173.6,170.11,60273265,169.71
3/28/2024,171.48,171.75,172.23,170.51,65672690,173.31
4/1/2024,170.03,171.19,171.25,169.475,46240500,171.48
4/2/2024,168.84,169.08,169.34,168.2302,49329481,170.03
4/3/2024,169.65,168.79,170.68,168.58,47691715,168.84
4/4/2024,168.82,170.29,171.92,168.82,53704386,169.65
4/5/2024,169.58,169.59,170.39,168.95,42104826,168.82
4/8/2024,168.45,169.03,169.2,168.24,37425513,169.58
4/9/2024,169.67,168.7,170.08,168.35,42451209,168.45
4/10/2024,167.78,168.8,169.09,167.11,49709336,169.67
4/11/2024,175.04,168.34,175.46,168.16,91070275,167.78
4/12/2024,176.55,174.26,178.36,174.21,101670886,175.04
4/15/2024,172.69,175.36,176.63,172.5,73531773,176.55
4/16/2024,169.38,171.75,173.76,168.27,73711235,172.69
4/17/2024,168,169.61,170.65,168,50901210,169.38
4/18/2024,167.04,168.03,168.64,166.55,43122903,168
4/19/2024,165,166.21,166.4,164.075,68149377,167.04
4/22/2024,165.84,165.515,167.26,164.77,48116443,165
4/23/2024,166.9,165.35,167.05,164.92,49537761,165.84
4/24/2024,169.02,166.54,169.3,166.21,48251835,166.9
4/25/2024,169.89,169.525,170.61,168.1511,50558329,169.02
4/26/2024,169.3,169.88,171.34,169.18,44838354,169.89
4/29/2024,173.5,173.37,176.03,173.1,68169419,169.3
4/30/2024,170.33,173.33,174.99,170,65934776,173.5
5/1/2024,169.3,169.58,172.705,169.11,50383147,170.33
5/2/2024,173.03,172.51,173.415,170.89,94214915,169.3
5/3/2024,183.38,186.645,187,182.66,163224109,173.03
5/6/2024,181.71,182.354,184.2,180.42,78569667,183.38
5/7/2024,182.4,183.45,184.9,181.32,77305771,181.71
5/8/2024,182.74,182.85,183.07,181.45,45057087,182.4
5/9/2024,184.57,182.56,184.66,182.11,48982972,182.74
5/10/2024,183.05,184.9,185.09,182.13,50759496,184.57
5/13/2024,186.28,185.435,187.1,184.62,72044809,183.05
5/14/2024,187.43,187.51,188.3,186.29,52393619,186.28
5/15/2024,189.72,187.91,190.65,187.37,70399988,187.43
5/16/2024,189.84,190.47,191.095,189.6601,52845230,189.72
5/17/2024,189.87,189.51,190.81,189.18,41282925,189.84
5/20/2024,191.04,189.325,191.9199,189.01,44361275,189.87
5/21/2024,192.35,191.09,192.73,190.9201,42309401,191.04
5/22/2024,190.9,192.265,192.8231,190.27,34648547,192.35
5/23/2024,186.88,190.98,191,186.625,51005924,190.9
5/24/2024,189.98,188.82,190.58,188.0404,36326975,186.88
5/28/2024,189.99,191.51,193,189.1,52280051,189.98
5/29/2024,190.29,189.61,192.247,189.51,53068016,189.99
5/30/2024,191.29,190.76,192.18,190.63,49947941,190.29
5/31/2024,192.25,191.44,192.57,189.91,75158277,191.29
6/3/2024,194.03,192.9,194.99,192.52,50080539,192.25
6/4/2024,194.35,194.635,195.32,193.0342,47471445,194.03
6/5/2024,195.87,195.4,196.9,194.87,54156785,194.35
6/6/2024,194.48,195.685,196.5,194.17,41181753,195.87
6/7/2024,196.89,194.65,196.94,194.14,53103912,194.48
6/10/2024,193.12,196.9,197.3,192.15,97262077,196.89
6/11/2024,207.15,193.65,207.16,193.63,172373296,193.12
6/12/2024,213.07,207.37,220.2,206.9,198134293,207.15
6/13/2024,214.24,214.74,216.75,211.6,97862729,213.07
6/14/2024,212.49,213.85,215.17,211.3,70122748,214.24
6/17/2024,216.67,213.37,218.95,212.72,93728300,212.49
6/18/2024,214.29,217.59,218.63,213,79943254,216.67
6/20/2024,209.68,213.93,214.24,208.85,86172451,214.29
6/21/2024,207.49,210.39,211.89,207.11,246421353,209.68
6/24/2024,208.14,207.72,212.7,206.59,80727006,207.49
6/25/2024,209.07,209.15,211.38,208.61,56713868,208.14
6/26/2024,213.25,211.5,214.86,210.64,66213186,209.07
6/27/2024,214.1,214.69,215.7395,212.35,49772707,213.25
6/28/2024,210.62,215.77,216.07,210.3,82542718,214.1
7/1/2024,216.75,212.09,217.51,211.92,60402929,210.62
7/2/2024,220.27,216.15,220.38,215.1,58046178,216.75
7/3/2024,221.55,220,221.55,219.03,37369801,220.27
7/5/2024,226.34,221.65,226.45,221.65,60412408,221.55
7/8/2024,227.82,227.09,227.85,223.25,59085861,226.34
7/9/2024,228.68,227.93,229.4,226.3721,48169822,227.82
7/10/2024,232.98,229.3,233.08,229.25,62627687,228.68
7/11/2024,227.57,231.39,232.39,225.77,64710617,232.98
7/12/2024,230.54,228.92,232.64,228.68,53046527,227.57
7/15/2024,234.4,236.48,237.23,233.09,62631252,230.54
7/16/2024,234.82,235,236.27,232.33,43234278,234.4
7/17/2024,228.88,229.45,231.4599,226.64,57345884,234.82
7/18/2024,224.18,230.28,230.44,222.27,66034585,228.88
7/19/2024,224.31,224.82,226.8,223.275,49151453,224.18
7/22/2024,223.96,227.01,227.78,223.09,48201835,224.31
7/23/2024,225.01,224.365,226.94,222.68,39960260,223.96
7/24/2024,218.54,224,224.8,217.13,61777576,225.01
7/25/2024,217.49,218.93,220.85,214.62,51391199,218.54
7/26/2024,217.96,218.7,219.49,216.01,41601345,217.49
7/29/2024,218.24,216.96,219.3,215.75,36311778,217.96
7/30/2024,218.8,219.19,220.325,216.12,41643840,218.24
7/31/2024,222.08,221.44,223.82,220.63,50036262,218.8
8/1/2024,218.36,224.37,224.48,217.02,62500996,222.08
8/2/2024,219.86,219.15,225.6,217.71,105568560,218.36
8/5/2024,209.27,199.09,213.5,196,119548589,219.86
8/6/2024,207.23,205.3,209.99,201.07,69660488,209.27
8/7/2024,209.82,206.9,213.64,206.39,63516417,207.23
8/8/2024,213.31,213.11,214.2,208.83,47161149,209.82
8/9/2024,216.24,212.1,216.78,211.97,42201646,213.31
8/12/2024,217.53,216.07,219.5099,215.6,38028092,216.24
8/13/2024,221.27,219.01,221.89,219.01,44155331,217.53
8/14/2024,221.72,220.57,223.03,219.7,41960574,221.27
8/15/2024,224.72,224.6,225.35,222.76,46414013,221.72
8/16/2024,226.05,223.92,226.8271,223.6501,44340240,224.72
8/19/2024,225.89,225.72,225.99,223.04,40687813,226.05
8/20/2024,226.51,225.77,227.17,225.45,30299033,225.89
8/21/2024,226.4,226.52,227.98,225.05,34765480,226.51
8/22/2024,224.53,227.79,228.34,223.9,43695321,226.4
8/23/2024,226.84,225.6589,228.22,224.33,38677250,224.53
8/26/2024,227.18,226.76,227.28,223.8905,30602208,226.84
8/27/2024,228.03,225.995,228.85,224.89,35934559,227.18
8/28/2024,226.49,227.92,229.86,225.68,38052167,228.03
8/29/2024,229.79,230.1,232.92,228.88,51906297,226.49
8/30/2024,229,230.19,230.4,227.48,52990770,229.79
9/3/2024,222.77,228.55,229,221.17,50190574,229
9/4/2024,220.85,221.66,221.78,217.48,43840196,222.77
9/5/2024,222.38,221.625,225.48,221.52,36615398,220.85
9/6/2024,220.82,223.95,225.24,219.77,48423011,222.38
9/9/2024,220.91,220.82,221.27,216.71,67179965,220.82
9/10/2024,220.11,218.92,221.48,216.73,51591033,220.91
9/11/2024,222.66,221.455,223.09,217.89,44587072,220.11
9/12/2024,222.77,222.5,223.55,219.82,37498225,222.66
9/13/2024,222.5,223.58,224.04,221.91,36766619,222.77
9/16/2024,216.32,216.54,217.22,213.92,59357427,222.5
9/17/2024,216.79,215.75,216.9,214.5,45519339,216.32
9/18/2024,220.69,217.55,222.71,217.54,59894928,216.79
9/19/2024,228.87,224.99,229.82,224.63,66781315,220.69
9/20/2024,228.2,229.97,233.09,227.62,318679888,228.87
9/23/2024,226.47,227.34,229.45,225.81,54146023,228.2
9/24/2024,227.37,228.645,229.35,225.73,43556068,226.47
9/25/2024,226.37,224.93,227.29,224.02,42308715,227.37
9/26/2024,227.52,227.3,228.5,225.41,36636707,226.37
9/27/2024,227.79,228.46,229.52,227.3,34025967,227.52
9/30/2024,233,230.04,233,229.65,54793391,227.79
10/1/2024,226.21,229.52,229.65,223.74,63285048,233
10/2/2024,226.78,225.89,227.37,223.02,32880605,226.21
10/3/2024,225.67,225.14,226.805,223.32,34044158,226.78
10/4/2024,226.8,227.9,228,224.13,37345098,225.67
10/7/2024,221.69,224.5,225.69,221.33,39505354,226.8
10/8/2024,225.77,224.3,225.98,223.25,31855693,221.69
10/9/2024,229.54,225.23,229.75,224.83,33591091,225.77
10/10/2024,229.04,227.78,229.5,227.17,28183544,229.54
10/11/2024,227.55,229.3,229.41,227.34,31759188,229.04
10/14/2024,231.3,228.7,231.73,228.6,39882085,227.55
10/15/2024,233.85,233.61,237.49,232.37,64751367,231.3
10/16/2024,231.78,231.6,232.12,229.84,34082240,233.85
10/17/2024,232.15,233.43,233.85,230.52,32993810,231.78
10/18/2024,235,236.18,236.18,234.01,46431472,232.15
10/21/2024,236.48,234.45,236.85,234.45,36254470,235
10/22/2024,235.86,233.885,236.22,232.6,38846578,236.48
10/23/2024,230.76,234.08,235.144,227.76,52286979,235.86
10/24/2024,230.57,229.98,230.82,228.41,31109503,230.76
10/25/2024,231.41,229.74,233.22,229.57,38802304,230.57
10/28/2024,233.4,233.32,234.73,232.55,36087134,231.41
10/29/2024,233.67,233.1,234.325,232.32,35417247,233.4
10/30/2024,230.1,232.61,233.47,229.55,47070907,233.67
10/31/2024,225.91,229.34,229.83,225.37,64370086,230.1
11/1/2024,222.91,220.965,225.35,220.27,65276741,225.91
11/4/2024,222.01,220.99,222.79,219.71,44944468,222.91
11/5/2024,223.45,221.795,223.95,221.14,28111338,222.01
11/6/2024,222.72,222.61,226.065,221.19,54561121,223.45
11/7/2024,227.48,224.625,227.875,224.57,42137691,222.72
11/8/2024,226.96,227.17,228.66,226.405,38328824,227.48
11/11/2024,224.23,225,225.7,221.5,42005602,226.96
11/12/2024,224.23,224.55,225.59,223.355,40398299,224.23
11/13/2024,225.12,224.01,226.65,222.76,48566217,224.23
11/14/2024,228.22,225.02,228.87,225,44923941,225.12
11/15/2024,225,226.4,226.92,224.27,47923696,228.22
11/18/2024,228.02,225.25,229.74,225.17,44686020,225
11/19/2024,228.28,226.98,230.16,226.66,36211774,228.02
11/20/2024,229,228.06,229.93,225.89,35169566,228.28
11/21/2024,228.52,228.88,230.155,225.7103,42108327,229
11/22/2024,229.87,228.06,230.7199,228.06,38168252,228.52
11/25/2024,232.87,231.46,233.245,229.74,90152832,229.87
11/26/2024,235.06,233.33,235.57,233.33,45986189,232.87
11/27/2024,234.93,234.465,235.69,233.8101,33498439,235.06
11/29/2024,237.33,234.805,237.81,233.97,28481377,234.93
12/2/2024,239.59,237.27,240.79,237.16,48137103,237.33
12/3/2024,242.65,239.81,242.76,238.9,38861017,239.59
12/4/2024,243.01,242.87,244.11,241.25,44383935,242.65
12/5/2024,243.04,243.99,244.54,242.13,40033878,243.01
12/6/2024,242.84,242.905,244.63,242.08,36870619,243.04
12/9/2024,246.75,241.83,247.24,241.75,44649232,242.84
12/10/2024,247.77,246.89,248.21,245.34,36914806,246.75
12/11/2024,246.49,247.96,250.8,246.2601,45205814,247.77
12/12/2024,247.96,246.89,248.74,245.68,32777532,246.49
12/13/2024,248.13,247.815,249.2902,246.24,33155290,247.96
12/16/2024,251.04,247.99,251.38,247.65,51694753,248.13
12/17/2024,253.48,250.08,253.83,249.78,51356360,251.04
12/18/2024,248.05,252.16,254.28,247.74,56774101,253.48
12/19/2024,249.79,247.5,252,247.0949,60882264,248.05
12/20/2024,254.49,248.04,255,245.69,147495267,249.79
12/23/2024,255.27,254.77,255.65,253.45,40858774,254.49
12/24/2024,258.2,255.49,258.21,255.29,23234705,255.27
12/26/2024,259.02,258.19,260.1,257.63,27262983,258.2
12/27/2024,255.59,257.83,258.7,253.06,42355321,259.02
12/30/2024,252.2,252.23,253.5,250.75,35557542,255.59
12/31/2024,250.42,252.44,253.28,249.43,39480718,252.2
1/2/2025,243.85,248.93,249.1,241.8201,55740731,250.42
1/3/2025,243.36,243.36,244.18,241.89,40244114,243.85
1/6/2025,245,244.31,247.33,243.2,45045571,243.36
1/7/2025,242.21,242.98,245.55,241.35,40855960,245
1/8/2025,242.7,241.92,243.7123,240.05,37628940,242.21
1/10/2025,236.85,240.01,240.16,233,61710856,242.7
1/13/2025,234.4,233.53,234.67,229.72,49630725,236.85
1/14/2025,233.28,234.75,236.12,232.472,39435294,234.4
1/15/2025,237.87,234.635,238.96,234.43,39831969,233.28
1/16/2025,228.26,237.35,238.01,228.03,71759052,237.87
1/17/2025,229.98,232.115,232.29,228.48,68488301,228.26
1/21/2025,222.64,224,224.42,219.38,98070429,229.98
1/22/2025,223.83,219.79,224.12,219.79,64126500,222.64
1/23/2025,223.66,224.74,227.03,222.3,60234760,223.83
1/24/2025,222.78,224.78,225.63,221.41,54697907,223.66
1/27/2025,229.86,224.02,232.15,223.98,94863418,222.78
1/28/2025,238.26,230.85,240.19,230.81,75707569,229.86
1/29/2025,239.36,234.12,239.855,234.01,45486100,238.26
1/30/2025,237.59,238.665,240.79,237.21,55658279,239.36
1/31/2025,236,247.19,247.19,233.44,101075128,237.59
2/3/2025,228.01,229.99,231.83,225.7,73063301,236
2/4/2025,232.8,227.25,233.13,226.65,45067301,228.01
2/5/2025,232.47,228.53,232.67,228.27,39664989,232.8
2/6/2025,233.22,231.285,233.8,230.425,29925349,232.47
2/7/2025,227.63,232.6,234,227.26,39707224,233.22
2/10/2025,227.65,229.57,230.585,227.2,33115645,227.63
2/11/2025,232.62,228.2,235.23,228.13,53718362,227.65
2/12/2025,236.87,231.2,236.96,230.68,45243292,232.62
2/13/2025,241.53,236.91,242.3399,235.57,53614054,236.87
2/14/2025,244.6,241.25,245.55,240.99,40896227,241.53
2/18/2025,244.47,244.15,245.18,241.84,48822491,244.6
2/19/2025,244.87,244.66,246.01,243.1604,32204215,244.47
2/20/2025,245.83,244.94,246.78,244.29,32316907,244.87
2/21/2025,245.55,245.95,248.69,245.22,53197431,245.83
2/24/2025,247.1,244.925,248.86,244.42,51326396,245.55
2/25/2025,247.04,248,250,244.91,48013272,247.1
2/26/2025,240.36,244.33,244.98,239.13,44433564,247.04
2/27/2025,237.3,239.41,242.46,237.06,41153639,240.36
2/28/2025,241.84,236.95,242.09,230.2,56833360,237.3
3/3/2025,238.03,241.79,244.0272,236.112,47183985,241.84
3/4/2025,235.93,237.705,240.07,234.68,53798062,238.03
3/5/2025,235.74,235.42,236.55,229.23,47227643,235.93
3/6/2025,235.33,234.435,237.86,233.1581,45170419,235.74
3/7/2025,239.07,235.105,241.37,234.76,46273565,235.33
3/10/2025,227.48,235.54,236.16,224.22,72071197,239.07
3/11/2025,220.84,223.805,225.8399,217.45,76137410,227.48
3/12/2025,216.98,220.14,221.75,214.91,62547467,220.84
3/13/2025,209.68,215.95,216.8394,208.42,61368330,216.98
3/14/2025,213.49,211.25,213.95,209.58,60107582,209.68
3/17/2025,214,213.31,215.22,209.97,48073426,213.49
3/18/2025,212.69,214.16,215.15,211.49,42432426,214
3/19/2025,215.24,214.22,218.76,213.75,54385391,212.69
3/20/2025,214.1,213.99,217.4899,212.22,48862947,215.24
3/21/2025,218.27,211.56,218.84,211.28,94127768,214.1
3/24/2025,220.73,221,221.48,218.58,44299483,218.27
3/25/2025,223.75,220.77,224.1,220.08,34493583,220.73
3/26/2025,221.53,223.51,225.02,220.47,34532656,223.75
3/27/2025,223.85,221.39,224.99,220.5601,37094774,221.53
3/28/2025,217.9,221.67,223.81,217.68,39818617,223.85
3/31/2025,222.13,217.005,225.62,216.23,65299321,217.9
4/1/2025,223.19,219.805,223.68,218.9,36412740,222.13
4/2/2025,223.89,221.315,225.19,221.02,35905904,223.19
4/3/2025,203.19,205.54,207.49,201.25,103419006,223.89
4/4/2025,188.38,193.89,199.88,187.34,125910913,203.19
4/7/2025,181.46,177.2,194.15,174.62,160466286,188.38
4/8/2025,172.42,186.7,190.335,169.2101,120859491,181.46
4/9/2025,198.85,171.95,200.61,171.89,184395885,172.42
4/10/2025,190.42,189.065,194.7799,183,121879981,198.85
4/11/2025,198.15,186.1,199.54,186.06,87435915,190.42
4/14/2025,202.52,211.44,212.94,201.1621,101352911,198.15
4/15/2025,202.14,201.855,203.51,199.8,51343872,202.52
4/16/2025,194.27,198.36,200.7,192.37,59732423,202.14
4/17/2025,196.98,197.2,198.8335,194.42,52164675,194.27
4/21/2025,193.16,193.265,193.8,189.8112,46742537,196.98
4/22/2025,199.74,196.12,201.59,195.97,52976371,193.16
4/23/2025,204.6,206,208,202.799,52929165,199.74
4/24/2025,208.37,204.89,208.8299,202.94,47310989,204.6
4/25/2025,209.28,206.365,209.75,206.2,38222258,208.37
4/28/2025,210.14,210,211.5,207.46,38743074,209.28
4/29/2025,211.21,208.693,212.24,208.37,36827633,210.14
4/30/2025,212.5,209.3,213.58,206.6705,52286454,211.21
5/1/2025,213.32,209.08,214.56,208.9,57365675,212.5
5/2/2025,205.35,206.09,206.99,202.16,101010621,213.32
5/5/2025,198.89,203.1,204.1,198.21,69018452,205.35
5/6/2025,198.51,198.21,200.65,197.02,51216482,198.89
5/7/2025,196.25,199.17,199.44,193.25,68616943,198.51
5/8/2025,197.49,197.72,200.05,194.6796,50478872,196.25
5/9/2025,198.53,199,200.5399,197.535,36453923,197.49
5/12/2025,210.79,210.97,211.2679,206.75,63775814,198.53
5/13/2025,212.93,210.43,213.4,209,51909332,210.79
5/14/2025,212.33,212.43,213.94,210.5801,49325825,212.93
5/15/2025,211.45,210.95,212.96,209.54,45029473,212.33
5/16/2025,211.26,212.36,212.57,209.77,54737850,211.45
5/19/2025,208.78,207.91,209.48,204.26,46140527,211.26
5/20/2025,206.86,207.67,208.47,205.03,42496635,208.78
5/21/2025,202.09,205.17,207.04,200.71,59211774,206.86
5/22/2025,201.36,200.71,202.75,199.7,46742407,202.09
5/23/2025,195.27,193.665,197.7,193.46,78432918,201.36
5/27/2025,200.21,198.3,200.74,197.43,56288475,195.27
5/28/2025,200.42,200.59,202.73,199.9,45339678,200.21
5/29/2025,199.95,203.575,203.81,198.51,51477938,200.42
5/30/2025,200.85,199.37,201.96,196.78,70819942,199.95
6/2/2025,201.7,200.28,202.13,200.12,35423294,200.85
6/3/2025,203.27,201.35,203.77,200.955,46381567,201.7
6/4/2025,202.82,202.91,206.24,202.1,43603985,203.27
6/5/2025,200.63,203.5,204.75,200.15,55221235,202.82
6/6/2025,203.92,203,205.7,202.05,46607693,200.63
6/9/2025,201.45,204.39,206,200.02,72862557,203.92
6/10/2025,202.67,200.6,204.35,200.57,54672608,201.45
6/11/2025,198.78,203.5,204.5,198.41,60989857,202.67
6/12/2025,199.2,199.08,199.68,197.3601,43904635,198.78
6/13/2025,196.45,199.73,200.37,195.7,51447349,199.2
6/16/2025,198.42,197.3,198.685,196.5636,43020691,196.45
6/17/2025,195.64,197.2,198.39,195.21,38856152,198.42
6/18/2025,196.58,195.94,197.57,195.07,45394689,195.64
6/20/2025,201,198.235,201.7,196.855,96813542,196.58
6/23/2025,201.5,201.625,202.3,198.96,55814272,201
6/24/2025,200.3,202.59,203.44,200.2,54064033,201.5
6/25/2025,201.56,201.45,203.67,200.6201,39525730,200.3
6/26/2025,201,201.43,202.64,199.46,50799121,201.56
6/27/2025,201.08,201.89,203.22,200,73188571,201
6/30/2025,205.17,202.01,207.39,199.2607,91912816,201.08
7/1/2025,207.82,206.665,210.1865,206.1401,78788867,205.17
7/2/2025,212.44,208.91,213.34,208.14,67941811,207.82
7/3/2025,213.55,212.145,214.65,211.8101,34955836,212.44
7/7/2025,209.95,212.68,216.23,208.8,50228984,213.55
7/8/2025,210.01,210.1,211.43,208.45,42848928,209.95
7/9/2025,211.14,209.53,211.33,207.22,48749367,210.01
7/10/2025,212.41,210.505,213.48,210.03,44443635,211.14
7/11/2025,211.16,210.565,212.13,209.86,39765812,212.41
7/14/2025,208.62,209.925,210.91,207.54,38840111,211.16
7/15/2025,209.11,209.22,211.89,208.92,42296339,208.62
7/16/2025,210.16,210.295,212.4,208.64,47490532,209.11
7/17/2025,210.02,210.57,211.8,209.59,48068141,210.16
7/18/2025,211.18,210.87,211.79,209.7045,48974591,210.02
7/21/2025,212.48,212.1,215.78,211.63,51377434,211.18
7/22/2025,214.4,213.14,214.95,212.2301,46404072,212.48
7/23/2025,214.15,215,215.15,212.41,46989301,214.4
7/24/2025,213.76,213.9,215.69,213.53,46022620,214.15
7/25/2025,213.88,214.7,215.24,213.4,40268781,213.76
7/28/2025,214.05,214.03,214.845,213.06,37858017,213.88
7/29/2025,211.27,214.175,214.81,210.82,51411723,214.05
7/30/2025,209.05,211.895,212.39,207.72,45512514,211.27
7/31/2025,207.57,208.49,209.84,207.16,80698431,209.05
8/1/2025,202.38,210.865,213.58,201.5,104434473,207.57
8/4/2025,203.35,204.505,207.88,201.675,75109298,202.38
8/5/2025,202.92,203.4,205.34,202.16,44155079,203.35
8/6/2025,213.25,205.63,215.38,205.59,108483103,202.92
8/7/2025,220.03,218.875,220.85,216.58,90224834,213.25
8/8/2025,229.35,220.83,231,219.25,113853967,220.03
8/11/2025,227.18,227.92,229.56,224.76,61806132,229.35
8/12/2025,229.65,228.005,230.8,227.07,55672301,227.18
8/13/2025,233.33,231.07,235,230.43,69878546,229.65
8/14/2025,232.78,234.055,235.12,230.85,51916275,233.33
8/15/2025,231.59,234,234.28,229.335,56038657,232.78
8/18/2025,230.89,231.7,233.12,230.11,37476188,231.59
8/19/2025,230.56,231.275,232.87,229.35,39402564,230.89
8/20/2025,226.01,229.98,230.47,225.77,42263865,230.56
8/21/2025,224.9,226.27,226.52,223.7804,30621249,226.01
8/22/2025,227.76,226.17,229.09,225.41,42477811,224.9
8/25/2025,227.16,226.48,229.3,226.23,30983133,227.76
8/26/2025,229.31,226.87,229.49,224.69,54575107,227.16
8/27/2025,230.49,228.61,230.9,228.26,31259513,229.31
8/28/2025,232.56,230.82,233.41,229.335,38074700,230.49
8/29/2025,232.14,232.51,233.38,231.37,39418437,232.56
9/2/2025,229.72,229.25,230.85,226.97,44075638,232.14
9/3/2025,238.47,237.21,238.85,234.36,66427835,229.72
9/4/2025,239.78,238.45,239.8999,236.74,47549429,238.47
9/5/2025,239.69,239.995,241.32,238.4901,54870397,239.78
9/8/2025,237.88,239.3,240.15,236.34,48999495,239.69
9/9/2025,234.35,237,238.7805,233.36,66313918,237.88
9/10/2025,226.79,232.185,232.42,225.95,83440810,234.35
9/11/2025,230.03,226.875,230.45,226.65,50208578,226.79
9/12/2025,234.07,229.22,234.51,229.02,55824216,230.03
9/15/2025,236.7,237,238.19,235.03,42699524,234.07
9/16/2025,238.15,237.175,241.22,236.3235,63421099,236.7
9/17/2025,238.99,238.97,240.1,237.7301,46508017,238.15
9/18/2025,237.88,239.97,241.2,236.65,44249576,238.99
9/19/2025,245.5,241.225,246.3,240.2106,163741314,237.88
9/22/2025,256.08,248.3,256.64,248.12,105517416,245.5
9/23/2025,254.43,255.875,257.34,253.58,60275187,256.08
9/24/2025,252.31,255.22,255.74,251.04,42303710,254.43
9/25/2025,256.87,253.205,257.17,251.712,55202075,252.31
9/26/2025,255.46,254.095,257.6,253.78,46076258,256.87
9/29/2025,254.43,254.56,255,253.01,40127687,255.46
9/30/2025,254.63,254.855,255.919,253.11,37704259,254.43
10/1/2025,255.45,255.04,258.79,254.93,48713940,254.63
10/2/2025,257.13,256.575,258.18,254.15,42630239,255.45
10/3/2025,258.02,254.665,259.24,253.95,49155614,257.13
10/6/2025,256.69,257.99,259.07,255.05,44664118,258.02
10/7/2025,256.48,256.805,257.4,255.43,31955776,256.69
10/8/2025,258.06,256.52,258.52,256.11,36496895,256.48
10/9/2025,254.04,257.805,258,253.14,38322012,258.06
10/10/2025,245.27,254.94,256.38,244,61999098,254.04
10/13/2025,247.66,249.38,249.69,245.56,38142942,245.27
10/14/2025,247.77,246.6,248.845,244.7,35477986,247.66
10/15/2025,249.34,249.485,251.82,247.47,33893611,247.77
10/16/2025,247.45,248.25,249.04,245.13,39776974,249.34
10/17/2025,252.29,248.02,253.38,247.27,49146961,247.45
10/20/2025,262.24,255.885,264.375,255.63,90483029,252.29
10/21/2025,262.77,261.88,265.29,261.83,46695948,262.24
10/22/2025,258.45,262.65,262.85,255.43,45015254,262.77
10/23/2025,259.58,259.94,260.62,258.0101,32754941,258.45
10/24/2025,262.82,261.19,264.13,259.18,38253717,259.58
10/27/2025,268.81,264.88,269.12,264.6501,44888152,262.82
10/28/2025,269,268.985,269.89,268.15,41534759,268.81
10/29/2025,269.7,269.275,271.41,267.11,51086742,269
10/30/2025,271.4,271.99,274.14,268.48,69886534,269.7
10/31/2025,270.37,276.99,277.32,269.16,86167123,271.4
11/3/2025,269.05,270.42,270.85,266.25,50194583,270.37
11/4/2025,270.04,268.325,271.486,267.615,49274846,269.05
11/5/2025,270.14,268.61,271.7,266.93,43683072,270.04
11/6/2025,269.77,267.89,273.4,267.89,51204045,270.14
11/7/2025,268.47,269.795,272.29,266.77,48227365,269.77
11/10/2025,269.43,268.96,273.73,267.455,41312412,268.47
11/11/2025,275.25,269.81,275.91,269.8,46208318,269.43
11/12/2025,273.47,275,275.73,271.7,48397982,275.25
11/13/2025,272.95,274.11,276.699,272.09,49602794,273.47
11/14/2025,272.41,271.05,275.96,269.6,47431331,272.95
11/17/2025,267.46,268.815,270.49,265.73,45018260,272.41
11/18/2025,267.44,269.99,270.71,265.32,45677278,267.46
11/19/2025,268.56,265.525,272.21,265.5,40424492,267.44
11/20/2025,266.25,270.83,275.43,265.92,45823568,268.56
11/21/2025,271.49,265.95,273.33,265.67,59030832,266.25
11/24/2025,275.92,270.9,277,270.9,65585796,271.49
11/25/2025,276.97,275.27,280.38,275.25,46914220,275.92
11/26/2025,277.55,276.96,279.53,276.63,33431423,276.97
11/28/2025,278.85,277.26,279,275.9865,20135620,277.55
12/1/2025,283.1,278.01,283.42,276.14,46587722,278.85
12/2/2025,286.19,283,287.4,282.6301,53669532,283.1
12/3/2025,284.15,286.2,288.62,283.3,43538687,286.19
12/4/2025,280.7,284.095,284.73,278.59,43989056,284.15
12/5/2025,278.78,280.54,281.14,278.05,47265845,280.7
12/8/2025,277.89,278.13,279.6693,276.15,38211832,278.78
12/9/2025,277.18,278.16,280.03,276.92,32193256,277.89
12/10/2025,278.78,277.75,279.75,276.44,33038318,277.18
12/11/2025,278.03,279.095,279.59,273.81,33247986,278.78
12/12/2025,278.28,277.9,279.22,276.82,39532887,278.03
12/15/2025,274.11,280.15,280.15,272.84,50409078,278.28
12/16/2025,274.61,272.82,275.5,271.79,37648628,274.11
12/17/2025,271.84,275.01,276.16,271.64,50138743,274.61
12/18/2025,272.19,273.605,273.63,266.95,51630721,271.84
12/19/2025,273.67,272.145,274.6,269.9,144632048,272.19
12/22/2025,270.97,272.86,273.88,270.505,36571827,273.67
12/23/2025,272.36,270.84,272.5,269.56,29641999,270.97
12/24/2025,273.81,272.34,275.43,272.195,17910574,272.36
12/26/2025,273.4,274.16,275.37,272.86,21521802,273.81
12/29/2025,273.76,272.69,274.36,272.35,23715213,273.4
12/30/2025,273.08,272.81,274.08,272.28,22139617,273.76
12/31/2025,271.86,273.06,273.68,271.75,27293639,273.08
1/2/2026,271.01,272.255,277.84,269,37838054,271.86
1/5/2026,267.26,270.64,271.51,266.14,45647190,271.01
1/6/2026,262.36,267,267.55,262.12,52352090,267.26
1/7/2026,260.33,263.2,263.68,259.81,48309804,262.36
1/8/2026,259.04,257.02,259.29,255.7,50419337,260.33
1/9/2026,259.37,259.075,260.21,256.22,39996967,259.04
1/12/2026,260.25,259.16,261.3,256.8,45263767,259.37
1/13/2026,261.05,258.72,261.81,258.39,45730847,260.25
1/14/2026,259.96,259.49,261.82,256.71,40019421,261.05
1/15/2026,258.21,260.65,261.04,257.05,39388564,259.96
1/16/2026,255.53,257.9,258.9,254.93,72142773,258.21
1/20/2026,246.7,252.73,254.79,243.42,80267517,255.53
1/21/2026,247.65,248.7,251.56,245.18,54641725,246.7
1/22/2026,248.35,249.2,251,248.15,39708340,247.65
1/23/2026,248.04,247.32,249.41,244.68,41688982,248.35
1/26/2026,255.41,251.48,256.56,249.8,55969234,248.04
1/27/2026,258.27,259.17,261.95,258.21,49648271,255.41
1/28/2026,256.44,257.65,258.855,254.51,41287971,258.27
1/29/2026,258.28,258,259.65,254.41,67253009,256.44
1/30/2026,259.48,255.165,261.8999,252.18,92443408,258.28
2/2/2026,270.01,260.03,270.49,259.205,73913425,259.48
2/3/2026,269.48,269.2,271.875,267.61,64394655,270.01
2/4/2026,276.49,272.285,278.95,272.285,90545710,269.48
2/5/2026,275.91,278.13,279.5,273.23,52977441,276.49
2/6/2026,278.12,277.12,280.905,276.925,50453414,275.91
2/9/2026,274.62,277.905,278.2,271.7,44623396,278.12
2/10/2026,273.68,274.885,275.37,272.94,34376898,274.62
2/11/2026,275.5,274.695,280.18,274.45,51931283,273.68
