Dates,PX_LAST,PX_OPEN,PX_HIGH,PX_LOW,PX_VOLUME,PX_CLOSE_1D
7/28/1980,7.125,7.0625,7.125,7.0469,572800,#N/A N/A
7/29/1980,7.2031,7.1719,7.2188,7.1406,400000,7.125
7/30/1980,7.2656,7.3125,7.3438,7.2656,359200,7.2031
7/31/1980,7.375,7.2344,7.375,7.2344,478400,7.2656
8/1/1980,7.2344,7.3125,7.3125,7.2344,1004800,7.375
8/4/1980,7.2813,7.2031,7.2813,7.125,324800,7.2344
8/5/1980,7.2656,7.3125,7.3125,7.25,298400,7.2813
8/6/1980,7.2031,7.2656,7.2656,7.1875,632800,7.2656
8/7/1980,7.2344,7.2344,7.2344,7.1719,488000,7.2031
8/8/1980,7.2188,7.25,7.2656,7.2031,468000,7.2344
8/11/1980,7.2344,7.25,7.2656,7.2188,589600,7.2188
8/12/1980,7.1719,7.25,7.2656,7.1719,590400,7.2344
8/13/1980,7.1563,7.1563,7.2188,7.1406,444000,7.1719
8/14/1980,7.3125,7.1719,7.3125,7.1719,464000,7.1563
8/15/1980,7.3906,7.2813,7.4219,7.2813,530400,7.3125
8/18/1980,7.3125,7.375,7.375,7.2813,358400,7.3906
8/19/1980,7.2188,7.2188,7.25,7.2031,579200,7.3125
8/20/1980,7.1875,7.2188,7.2344,7.1875,486400,7.2188
8/21/1980,7.1094,7.1875,7.1875,7.0156,2728000,7.1875
8/22/1980,7.0781,7.125,7.1563,7.0469,1069600,7.1094
8/25/1980,6.9688,7.0469,7.0469,6.9531,808800,7.0781
8/26/1980,6.8594,6.9688,6.9688,6.7969,456000,6.9688
8/27/1980,6.7656,6.8281,6.8281,6.7188,1464000,6.8594
8/28/1980,6.625,6.7031,6.7656,6.625,647200,6.7656
8/29/1980,6.625,6.625,6.6875,6.5938,708000,6.625
9/2/1980,6.6094,6.6094,6.6406,6.5625,1053600,6.625
9/3/1980,6.7031,6.625,6.7031,6.625,1076000,6.6094
9/4/1980,6.7031,6.6875,6.7969,6.6719,1132000,6.7031
9/5/1980,6.6094,6.6719,6.6875,6.6094,440000,6.7031
9/8/1980,6.5781,6.625,6.625,6.5625,507200,6.6094
9/9/1980,6.6875,6.5625,6.6875,6.5156,954400,6.5781
9/10/1980,6.5938,6.6719,6.6719,6.5469,679200,6.6875
9/11/1980,6.6406,6.5938,6.6719,6.5938,479200,6.5938
9/12/1980,6.7031,6.6719,6.7344,6.6563,391200,6.6406
9/15/1980,6.7813,6.6875,6.7813,6.6563,388800,6.7031
9/16/1980,6.9063,6.7969,6.9844,6.7656,860800,6.7813
9/17/1980,7.0156,6.9688,7.0313,6.9531,479200,6.9063
9/18/1980,7.0781,7.0469,7.0938,7.0156,521600,7.0156
9/19/1980,7.2188,7.125,7.2188,7.1094,852800,7.0781
9/22/1980,7.25,7.2031,7.2813,7.1875,564800,7.2188
9/23/1980,7.1406,7.2813,7.3125,7.1406,616800,7.25
9/24/1980,7.0938,7.0938,7.2031,7.0781,828800,7.1406
9/25/1980,7.0469,7.0938,7.1094,7.0313,1563200,7.0938
9/26/1980,6.9531,6.9688,6.9688,6.8594,1299200,7.0469
9/29/1980,6.8906,6.9063,6.9063,6.8438,334400,6.9531
9/30/1980,6.9844,6.875,7,6.875,417600,6.8906
10/1/1980,7.0625,7,7.0625,6.9844,565600,6.9844
10/2/1980,7.1875,7.0469,7.1875,7.0469,684800,7.0625
10/3/1980,7.2344,7.1875,7.25,7.1563,454400,7.1875
10/6/1980,7.2969,7.2188,7.2969,7.125,345600,7.2344
10/7/1980,7.3281,7.3125,7.3594,7.25,599200,7.2969
10/8/1980,7.3906,7.2656,7.4531,7.2656,981600,7.3281
10/9/1980,7.4844,7.375,7.5313,7.2813,1123200,7.3906
10/10/1980,7.4063,7.4844,7.4844,7.4063,516000,7.4844
10/13/1980,7.4531,7.4063,7.4531,7.375,464800,7.4063
10/14/1980,7.2969,7.3438,7.4063,7.2969,436800,7.4531
10/15/1980,7.3125,7.2813,7.3438,7.2656,759200,7.2969
10/16/1980,7.2344,7.3125,7.3906,7.2344,581600,7.3125
10/17/1980,7.125,7.2188,7.2344,7.0938,765600,7.2344
10/20/1980,7.1875,7.125,7.1875,7.0781,262400,7.125
10/21/1980,7.1094,7.125,7.1875,7.0469,1087200,7.1875
10/22/1980,7.0469,7.1094,7.1094,7.0313,900000,7.1094
10/23/1980,6.9844,7.0469,7.0469,6.9219,606400,7.0469
10/24/1980,7,6.9375,7.0313,6.9219,316800,6.9844
10/27/1980,7.0156,7,7.0469,6.9844,360800,7
10/28/1980,7.0781,7.0156,7.1094,7.0156,488800,7.0156
10/29/1980,7.1719,7.0781,7.2188,7.0781,408800,7.0781
10/30/1980,7.0781,7.1406,7.1406,7.0469,368000,7.1719
10/31/1980,7.1406,7.0313,7.1563,7.0156,359200,7.0781
11/3/1980,7.1719,7.1094,7.2031,7.0938,503200,7.1406
11/5/1980,7.2969,7.4688,7.4688,7.2969,1234400,7.1719
11/6/1980,7.25,7.3125,7.3125,7.2188,1241600,7.2969
11/7/1980,7.25,7.25,7.3125,7.25,864000,7.25
11/10/1980,7.25,7.25,7.2969,7.2188,503200,7.25
11/11/1980,7.25,7.2813,7.2813,7.25,379200,7.25
11/12/1980,7.2656,7.2813,7.3438,7.2656,387200,7.25
11/13/1980,7.3906,7.375,7.4219,7.2969,768000,7.2656
11/14/1980,7.5,7.4688,7.5469,7.4375,761600,7.3906
11/17/1980,7.4844,7.4688,7.5313,7.4219,539200,7.5
11/18/1980,7.6094,7.5938,8.9844,7.5313,816000,7.4844
11/19/1980,7.7031,7.7188,7.75,7.6719,913600,7.6094
11/20/1980,7.9219,7.6875,7.9219,7.6563,999200,7.7031
11/21/1980,8,7.9688,8,7.9531,603200,7.9219
11/24/1980,7.9219,7.9531,7.9531,7.875,716000,8
11/25/1980,7.8281,7.9063,7.9531,7.8281,610400,7.9219
11/26/1980,7.8438,7.8281,7.8594,7.7813,649600,7.8281
11/28/1980,7.8438,7.875,7.875,7.7656,425600,7.8438
12/1/1980,7.7656,7.8281,7.8438,7.75,447200,7.8438
12/2/1980,7.6875,7.6875,7.7344,7.6563,960800,7.7656
12/3/1980,7.6875,7.6875,7.75,7.6875,784800,7.6875
12/4/1980,7.6875,7.6563,7.7344,7.6406,860800,7.6875
12/5/1980,7.6719,7.6563,7.7813,7.6563,848800,7.6875
12/8/1980,7.5,7.5625,7.5781,7.5,1227200,7.6719
12/9/1980,7.4063,7.5,7.5,7.375,1125600,7.5
12/10/1980,7.2813,7.3906,7.4219,7.2656,343200,7.4063
12/11/1980,7.1094,7.2188,7.2344,7.0625,1018400,7.2813
12/12/1980,7.3438,#N/A N/A,7.3594,7.1406,507200,7.1094
12/15/1980,7.375,#N/A N/A,7.3906,7.3438,570400,7.3438
12/16/1980,7.3281,#N/A N/A,7.3594,7.3281,452800,7.375
12/17/1980,7.3125,#N/A N/A,7.375,7.3125,673600,7.3281
12/18/1980,7.2813,#N/A N/A,7.3594,7.2344,579200,7.3125
12/19/1980,7.1719,#N/A N/A,7.2813,7.1406,327200,7.2813
12/22/1980,7.2188,#N/A N/A,7.2188,7.0469,500800,7.1719
12/23/1980,7.1875,#N/A N/A,7.2969,7.1875,476000,7.2188
12/24/1980,7.0156,#N/A N/A,7.2188,7,762400,7.1875
12/26/1980,7.125,#N/A N/A,7.125,7.0156,46400,7.0156
12/29/1980,7.1406,7.125,7.1563,7.0938,472000,7.125
12/30/1980,7.125,7.125,7.1563,7.0938,192800,7.1406
12/31/1980,7.25,7.125,7.25,7.125,204800,7.125
1/2/1981,7.25,7.25,7.2656,7.25,435200,7.25
1/5/1981,7.375,7.2656,7.4219,7.2656,531200,7.25
1/6/1981,7.3438,7.4063,7.4219,7.3125,683200,7.375
1/7/1981,7.3125,7.2188,7.375,7.1406,934400,7.3438
1/8/1981,7.2656,7.3281,7.3594,7.25,526400,7.3125
1/9/1981,7.3125,7.25,7.3438,7.25,732000,7.2656
1/12/1981,7.375,7.3125,7.3906,7.3125,572800,7.3125
1/13/1981,7.2813,7.3594,7.4063,7.25,740800,7.375
1/14/1981,7.1875,7.1875,7.2188,7.1875,344000,7.2813
1/15/1981,7.1406,7.1875,7.2031,7.125,701600,7.1875
1/16/1981,7.1563,7.1563,7.1875,7.125,464800,7.1406
1/19/1981,7.125,7.1563,7.1719,7.125,272800,7.1563
1/20/1981,7,7.125,7.1406,7,561600,7.125
1/21/1981,6.9688,7,7.0156,6.9375,829600,7
1/22/1981,6.9219,6.9688,6.9688,6.8906,1068800,6.9688
1/23/1981,6.9219,6.8906,6.9688,6.875,720800,6.9219
1/26/1981,6.9531,6.9531,6.9688,6.9063,215200,6.9219
1/27/1981,7.0156,6.9531,7.0469,6.9531,423200,6.9531
1/28/1981,7,7,7.0156,6.9844,300800,7.0156
1/29/1981,6.9219,6.9688,6.9844,6.8906,423200,7
1/30/1981,6.9375,6.8906,6.9688,6.8906,210400,6.9219
2/2/1981,6.875,6.9219,6.9531,6.875,495200,6.9375
2/3/1981,6.875,6.8594,6.8906,6.8281,475200,6.875
2/4/1981,6.8438,6.9063,6.9063,6.8281,424800,6.875
2/5/1981,6.875,6.8594,6.9219,6.8594,531200,6.8438
2/6/1981,6.9844,6.875,6.9844,6.8438,854400,6.875
2/9/1981,6.9219,6.8906,6.9375,6.875,315200,6.9844
2/10/1981,6.9219,6.8906,6.9375,6.8906,464800,6.9219
2/11/1981,6.8906,6.9063,6.9375,6.8906,504800,6.9219
2/12/1981,6.9688,6.9063,7,6.9063,451200,6.8906
2/13/1981,7.0156,6.9688,7.0313,6.9688,302400,6.9688
2/17/1981,7.0938,7.0781,7.1719,7.0781,1083200,7.0156
2/18/1981,7.25,7.1406,7.2656,7.1406,850400,7.0938
2/19/1981,7.2344,7.2813,7.2969,7.2031,1571200,7.25
2/20/1981,7.2344,7.2188,7.2813,7.2188,1441600,7.2344
2/23/1981,7.3281,7.2344,7.3281,7.2344,726400,7.2344
2/24/1981,7.5781,7.3594,7.5938,7.3594,1254400,7.3281
2/25/1981,7.7031,7.7188,7.7344,7.625,1141600,7.5781
2/26/1981,8.0313,7.75,8.125,7.75,1612000,7.7031
2/27/1981,8.0313,8.0156,8.0313,7.9375,1042400,8.0313
3/2/1981,8,7.9688,8.0156,7.9688,837600,8.0313
3/3/1981,7.9688,8.0156,8.0625,7.9688,1106400,8
3/4/1981,8.0156,7.9688,8.0156,7.9688,438400,7.9688
3/5/1981,8.0156,8.0156,8.0938,7.9844,831200,8.0156
3/6/1981,8.0156,8.0469,8.0625,8,781600,8.0156
3/9/1981,8.0156,8.0156,8.0469,7.9844,632000,8.0156
3/10/1981,7.9844,7.9844,8.0625,7.9688,1648800,8.0156
3/11/1981,7.9844,7.9844,8.0625,7.9531,1484000,7.9844
3/12/1981,8.0313,7.9688,8.0313,7.9531,591200,7.9844
3/13/1981,8,8.0625,8.0625,7.9688,908000,8.0313
3/16/1981,8.4688,8.0156,8.4844,8.0156,819200,8
3/17/1981,8.3125,8.4844,8.5,8.25,1252800,8.4688
3/18/1981,8.4219,8.3438,8.4688,8.2969,1027200,8.3125
3/19/1981,8.375,8.3906,8.4375,8.375,429600,8.4219
3/20/1981,8.3438,8.375,8.375,8.3438,720800,8.375
3/23/1981,8.3125,8.3438,8.375,8.2813,544000,8.3438
3/24/1981,8.2188,8.3125,8.375,8.2031,925600,8.3125
3/25/1981,8.2188,8.1875,8.2188,8.1563,455200,8.2188
3/26/1981,8.1875,8.2188,8.25,8.1875,820000,8.2188
3/27/1981,8.1094,8.1719,8.2813,8.1094,575200,8.1875
3/30/1981,8.0469,8.0625,8.1094,8.0156,719200,8.1094
3/31/1981,8.0781,8.0938,8.1094,8.0781,389600,8.0469
4/1/1981,8.0313,8.0625,8.0781,8.0156,340800,8.0781
4/2/1981,8,8.0625,8.0781,7.9063,509600,8.0313
4/3/1981,7.75,7.9531,7.9531,7.75,1174400,8
4/6/1981,7.7031,7.7188,7.7188,7.6406,192800,7.75
4/7/1981,7.7813,7.6875,7.8281,7.6719,839200,7.7031
4/8/1981,8.1875,7.75,8.1875,7.7031,1450400,7.7813
4/9/1981,8.5625,8.1719,8.6563,8.1719,1284800,8.1875
4/10/1981,8.6094,8.5625,8.6875,8.5,821600,8.5625
4/13/1981,8.4844,8.5313,8.5313,8.4375,979200,8.6094
4/14/1981,8.4219,8.4844,8.5,8.3906,520800,8.4844
4/15/1981,8.4063,8.3906,8.4219,8.3281,832800,8.4219
4/16/1981,8.4688,8.4219,8.4688,8.4063,578400,8.4063
4/20/1981,8.5469,8.4844,8.5781,8.4375,588800,8.4688
4/21/1981,8.5313,8.5781,8.625,8.5313,604800,8.5469
4/22/1981,8.7188,8.5625,8.7188,8.5625,1481600,8.5313
4/23/1981,9.0156,8.7344,9.1563,8.7188,1959200,8.7188
4/24/1981,9.0938,9.0781,9.125,9,999200,9.0156
4/27/1981,9,9.1094,9.125,9,452800,9.0938
4/28/1981,8.9531,9,9.0625,8.9531,908000,9
4/29/1981,8.8906,8.9063,8.9375,8.8594,708800,8.9531
4/30/1981,8.9844,8.9063,8.9844,8.9063,770400,8.8906
5/1/1981,8.9375,8.9844,9.0313,8.9063,521600,8.9844
5/4/1981,8.7969,8.9063,8.9219,8.7344,608800,8.9375
5/5/1981,8.7031,8.7813,8.7969,8.7031,746400,8.7969
5/6/1981,8.6875,8.8125,8.8125,8.6719,1202400,8.7031
5/7/1981,8.7031,8.6719,8.7031,8.6563,722400,8.6875
5/8/1981,8.7031,8.6719,8.7031,8.6719,560800,8.7031
5/11/1981,8.6406,8.6875,8.7188,8.6406,632000,8.7031
5/12/1981,8.6406,8.625,8.6563,8.6094,517600,8.6406
5/13/1981,8.6719,8.6719,8.7344,8.6563,1089600,8.6406
5/14/1981,8.75,8.7031,8.7656,8.7031,362400,8.6719
5/15/1981,8.7188,8.7813,8.7969,8.7188,976800,8.75
5/18/1981,8.7188,8.7344,8.7344,8.6875,643200,8.7188
5/19/1981,8.6406,8.6719,8.6875,8.5625,724800,8.7188
5/20/1981,8.7188,8.6875,8.7344,8.6563,670400,8.6406
5/21/1981,8.5,8.7344,8.7344,8.5,668000,8.7188
5/22/1981,8.5,8.5313,8.5469,8.4375,304000,8.5
5/26/1981,8.4063,8.5,8.5,8.4063,764800,8.5
5/27/1981,8.4531,8.4375,8.5,8.4375,720800,8.4063
5/28/1981,8.4688,8.4844,8.5156,8.4531,459200,8.4531
5/29/1981,8.5,8.4531,8.5156,8.4375,488000,8.4688
6/1/1981,8.75,8.625,8.8125,8.625,1380000,8.5
6/2/1981,8.7031,8.75,8.75,8.6719,749600,8.75
6/3/1981,8.5781,8.6719,8.6719,8.5469,294400,8.7031
6/4/1981,8.5938,8.625,8.625,8.5313,827200,8.5781
6/5/1981,8.7188,8.5625,8.7344,8.5625,709600,8.5938
6/8/1981,8.7031,8.75,8.75,8.6875,375200,8.7188
6/9/1981,8.5469,8.7188,8.7188,8.5469,306400,8.7031
6/10/1981,8.5,8.5469,8.5625,8.5,289600,8.5469
6/11/1981,8.5781,8.5156,8.5781,8.5156,201600,8.5
6/12/1981,8.6563,8.6094,8.6875,8.6094,1076000,8.5781
6/15/1981,8.7031,8.6406,8.7813,8.6406,1077600,8.6563
6/16/1981,8.7188,8.6875,8.7188,8.6719,512000,8.7031
6/17/1981,8.6875,8.7031,8.7188,8.6406,544000,8.7188
6/18/1981,8.7969,8.7188,8.7969,8.7188,472000,8.6875
6/19/1981,8.5313,8.75,8.75,8.5313,671200,8.7969
6/22/1981,8.2188,8.5469,8.5469,8.2188,393600,8.5313
6/23/1981,8.2344,8.2188,8.2344,8.0781,725600,8.2188
6/24/1981,8.2188,8.2344,8.2969,8.2031,744000,8.2344
6/25/1981,8.2188,8.2344,8.3125,8.2188,243200,8.2188
6/26/1981,8.0938,8.2188,8.2188,8.0781,344800,8.2188
6/29/1981,8.0938,8.0938,8.2031,8.0781,294400,8.0938
6/30/1981,8.2031,8.0938,8.2344,8.0938,582400,8.0938
7/1/1981,8.2188,8.2188,8.25,8.1563,661600,8.2031
7/2/1981,8.1563,8.2188,8.2188,8.125,436800,8.2188
7/6/1981,8.0469,8.125,8.125,8.0469,484000,8.1563
7/7/1981,7.9688,8.0469,8.0938,7.9063,532000,8.0469
7/8/1981,7.8438,7.9063,7.9219,7.7813,840800,7.9688
7/9/1981,7.8125,7.8125,7.8281,7.6719,715200,7.8438
7/10/1981,7.875,7.8281,7.9063,7.7813,614400,7.8125
7/13/1981,7.8281,7.8438,7.875,7.7969,261600,7.875
7/14/1981,7.7969,7.7813,7.7969,7.75,178400,7.8281
7/15/1981,7.8281,7.7813,7.8594,7.7656,355200,7.7969
7/16/1981,7.9219,7.875,7.9219,7.8594,402400,7.8281
7/17/1981,7.9063,7.9531,7.9688,7.8906,936800,7.9219
7/20/1981,7.7188,7.875,7.9063,7.7031,298400,7.9063
7/21/1981,7.7969,7.7031,7.8125,7.7031,294400,7.7188
7/22/1981,7.7813,7.8125,7.8125,7.7813,401600,7.7969
7/23/1981,7.7188,7.75,7.7656,7.7188,386400,7.7813
7/24/1981,7.6406,7.7344,7.7344,7.6406,425600,7.7188
7/27/1981,7.6406,7.6406,7.6719,7.6406,300800,7.6406
7/28/1981,7.7031,7.6563,7.7188,7.6406,276800,7.6406
7/29/1981,7.7656,7.7188,7.7656,7.7188,346400,7.7031
7/30/1981,7.7969,7.7656,7.8125,7.75,325600,7.7656
7/31/1981,7.8125,7.8125,7.8281,7.7813,902400,7.7969
8/3/1981,7.8125,7.8125,7.8125,7.7969,263200,7.8125
8/4/1981,7.8125,7.8125,7.8125,7.7813,320800,7.8125
8/5/1981,7.8594,7.7969,7.8594,7.7969,896000,7.8125
8/6/1981,7.9375,7.8438,7.9688,7.8438,575200,7.8594
8/7/1981,7.9531,7.9375,7.9531,7.9063,664800,7.9375
8/10/1981,7.9844,7.9844,8,7.9531,491200,7.9531
8/11/1981,8,7.9688,8,7.9688,163200,7.9844
8/12/1981,8.0625,8.0156,8.1094,8.0156,192000,8
8/13/1981,8.0313,8.0469,8.0781,8.0156,160800,8.0625
8/14/1981,7.9063,8.0469,8.0781,7.9063,294400,8.0313
8/17/1981,7.8594,7.875,7.8906,7.8594,447200,7.9063
8/18/1981,7.7969,7.8438,7.8438,7.7813,794400,7.8594
8/19/1981,7.8125,7.7813,7.8125,7.7813,165600,7.7969
8/20/1981,7.8125,7.7969,7.8594,7.7969,232800,7.8125
8/21/1981,7.6563,7.8125,7.8281,7.6563,345600,7.8125
8/24/1981,7.5156,7.625,7.625,7.5,322400,7.6563
8/25/1981,7.5469,7.5,7.5469,7.4688,520800,7.5156
8/26/1981,7.4375,7.5625,7.5625,7.4375,589600,7.5469
8/27/1981,7.2969,7.4219,7.4219,7.2813,678400,7.4375
8/28/1981,7.2813,7.3281,7.3438,7.2813,1002400,7.2969
8/31/1981,7.2656,7.3125,7.3281,7.2656,595200,7.2813
9/1/1981,7.2188,7.2031,7.2344,7.1719,476000,7.2656
9/2/1981,7.2344,7.2188,7.2813,7.2188,582400,7.2188
9/3/1981,7.2031,7.25,7.2969,7.2031,572800,7.2344
9/4/1981,7.1875,7.2031,7.2188,7.1719,678400,7.2031
9/8/1981,7.1875,7.2031,7.2031,7.1563,528000,7.1875
9/9/1981,7.2344,7.2031,7.25,7.1875,430400,7.1875
9/10/1981,7.1875,7.2344,7.25,7.1875,543200,7.2344
9/11/1981,7.2969,7.2031,7.2969,7.2031,345600,7.1875
9/14/1981,7.3125,7.2813,7.3438,7.2656,251200,7.2969
9/15/1981,7.3438,7.3438,7.3906,7.3281,291200,7.3125
9/16/1981,7.25,7.3281,7.3281,7.2344,655200,7.3438
9/17/1981,7.25,7.25,7.2969,7.25,420000,7.25
9/18/1981,7.0313,7.25,7.25,7.0313,910400,7.25
9/21/1981,7.0938,7.0469,7.1563,7.0469,824800,7.0313
9/22/1981,6.9375,7.0938,7.0938,6.9375,333600,7.0938
9/23/1981,6.8594,6.9063,6.9063,6.6563,879200,6.9375
9/24/1981,6.8438,6.9219,6.9219,6.8438,285600,6.8594
9/25/1981,6.7656,6.8125,6.8125,6.7188,421600,6.8438
9/28/1981,6.75,6.75,6.7813,6.6875,921600,6.7656
9/29/1981,6.7031,6.7813,6.7969,6.7031,411200,6.75
9/30/1981,6.7031,6.6875,6.75,6.6875,260000,6.7031
10/1/1981,6.7188,6.6875,6.7344,6.6719,1769600,6.7031
10/2/1981,6.7969,6.7188,6.7969,6.7188,839200,6.7188
10/5/1981,6.7813,6.8281,6.8438,6.7656,776000,6.7969
10/6/1981,6.7813,6.7656,6.8281,6.6875,308000,6.7813
10/7/1981,6.875,6.7969,6.875,6.7969,340000,6.7813
10/8/1981,6.9531,6.9063,7.0469,6.9063,819200,6.875
10/9/1981,6.8594,6.9531,6.9531,6.8594,924000,6.9531
10/12/1981,6.8438,6.8281,6.8594,6.8125,630400,6.8594
10/13/1981,6.9688,6.875,6.9688,6.875,370400,6.8438
10/14/1981,6.9219,7,7.0156,6.9219,256800,6.9688
10/15/1981,6.8594,6.9375,6.9375,6.8594,352000,6.9219
10/16/1981,6.7969,6.8594,6.8906,6.7969,709600,6.8594
10/19/1981,6.7344,6.7969,6.7969,6.7344,684000,6.7969
10/20/1981,6.6406,6.6563,6.6563,6.6094,1494400,6.7344
10/21/1981,6.625,6.625,6.625,6.5781,740800,6.6406
10/22/1981,6.5156,6.5781,6.5938,6.5,349600,6.625
10/23/1981,6.25,6.5,6.5,6.2188,1303200,6.5156
10/26/1981,6.25,6.2344,6.2656,6.2031,1449600,6.25
10/27/1981,6.3438,6.2656,6.4063,6.25,1455200,6.25
10/28/1981,6.4219,6.3438,6.5,6.3438,647200,6.3438
10/29/1981,6.25,6.3906,6.3906,6.25,608800,6.4219
10/30/1981,6.2813,6.2344,6.3125,6.2188,308800,6.25
11/2/1981,6.5156,6.4219,6.5156,6.4219,808800,6.2813
11/3/1981,6.5156,6.5625,6.5625,6.4688,1081600,6.5156
11/4/1981,6.5156,6.5313,6.5469,6.5,590400,6.5156
11/5/1981,6.6094,6.5625,6.6563,6.5469,1501600,6.5156
11/6/1981,6.5938,6.6094,6.625,6.5781,385600,6.6094
11/9/1981,6.6406,6.5938,6.6406,6.5938,552000,6.5938
11/10/1981,6.6719,6.6406,6.7031,6.6406,847200,6.6406
11/11/1981,6.7969,6.6875,6.7969,6.6875,427200,6.6719
11/12/1981,6.7813,6.8125,6.8281,6.7813,1120800,6.7969
11/13/1981,6.7031,6.7656,6.7656,6.7031,720800,6.7813
11/16/1981,6.6406,6.6875,6.6875,6.625,484000,6.7031
11/17/1981,6.5156,6.6563,6.6563,6.5,1615200,6.6406
11/18/1981,6.4688,6.5156,6.5156,6.4688,780000,6.5156
11/19/1981,6.4531,6.4531,6.4688,6.4219,518400,6.4688
11/20/1981,6.5,6.5,6.5781,6.5,932000,6.4531
11/23/1981,6.5,6.5,6.5313,6.5,556800,6.5
11/24/1981,6.5469,6.5,6.5625,6.5,444800,6.5
11/25/1981,6.7656,6.5938,6.7656,6.5938,728000,6.5469
11/27/1981,6.875,6.7969,6.8906,6.7969,904800,6.7656
11/30/1981,7.125,6.9219,7.125,6.9219,992000,6.875
12/1/1981,7.1719,7.1406,7.1875,7.0938,1143200,7.125
12/2/1981,7.125,7.1719,7.1719,7.0938,676800,7.1719
12/3/1981,7.0781,7.125,7.125,7.0625,288800,7.125
12/4/1981,6.9531,7.1094,7.125,6.9375,913600,7.0781
12/7/1981,6.9063,6.9531,6.9531,6.875,695200,6.9531
12/8/1981,6.9375,6.8906,6.9375,6.8594,541600,6.9063
12/9/1981,7.0469,6.9688,7.0938,6.9531,518400,6.9375
12/10/1981,7.125,7.0469,7.1719,7.0469,476000,7.0469
12/11/1981,7.0781,7.125,7.125,7.0625,428800,7.125
12/14/1981,6.9688,7.0469,7.0469,6.9688,402400,7.0781
12/15/1981,7.0313,6.9688,7.0313,6.9688,666400,6.9688
12/16/1981,6.9688,7.0156,7.0469,6.9688,559200,7.0313
12/17/1981,7,6.9688,7,6.9531,380000,6.9688
12/18/1981,7.125,7,7.125,6.9844,688000,7
12/21/1981,7.0625,7.125,7.125,7.0469,246400,7.125
12/22/1981,7.0625,7.0625,7.0781,7.0469,684800,7.0625
12/23/1981,6.9375,7.0469,7.0469,6.9219,384800,7.0625
12/24/1981,7.0313,6.9375,7.0469,6.9219,442400,6.9375
12/28/1981,7.0938,7.0156,7.125,7.0156,312000,7.0313
12/29/1981,7.0625,7.0625,7.0781,7.0313,372800,7.0938
12/30/1981,7.0156,7,7.0156,6.9531,517600,7.0625
12/31/1981,6.9375,6.9844,7,6.9375,218400,7.0156
1/4/1982,6.7969,6.875,6.9063,6.7813,1277600,6.9375
1/5/1982,6.75,6.7813,6.7813,6.7188,671200,6.7969
1/6/1982,6.7344,6.7813,6.7813,6.6719,964800,6.75
1/7/1982,6.7656,6.75,6.7969,6.7188,360000,6.7344
1/8/1982,6.8125,6.8281,6.9063,6.7969,540000,6.7656
1/11/1982,6.6406,6.8125,6.8125,6.6406,632000,6.8125
1/12/1982,6.6875,6.6406,6.6875,6.6094,439200,6.6406
1/13/1982,6.6094,6.6719,6.7188,6.6094,646400,6.6875
1/14/1982,6.375,6.5156,6.5156,6.375,1094400,6.6094
1/15/1982,6.4688,6.4063,6.4688,6.3906,265600,6.375
1/18/1982,6.4688,6.4375,6.4844,6.375,396800,6.4688
1/19/1982,6.4844,6.5,6.5469,6.4844,1143200,6.4688
1/20/1982,6.3594,6.4844,6.4844,6.3594,985600,6.4844
1/21/1982,6.25,6.3438,6.3438,6.25,1530400,6.3594
1/22/1982,6.0781,6.25,6.25,6.0781,2256800,6.25
1/25/1982,6.0469,6.0625,6.0625,5.9844,940800,6.0781
1/26/1982,6,6.0469,6.0781,6,896000,6.0469
1/27/1982,6.0625,6.0156,6.0625,5.9844,837600,6
1/28/1982,6.3438,6.0625,6.3438,6.0625,1241600,6.0625
1/29/1982,6.5625,6.5625,6.5781,6.5156,1329600,6.3438
2/1/1982,6.4844,6.5313,6.5469,6.4375,582400,6.5625
2/2/1982,6.5,6.4531,6.5469,6.4531,383200,6.4844
2/3/1982,6.4531,6.4844,6.5469,6.4375,424800,6.5
2/4/1982,6.3906,6.4063,6.4375,6.3906,352800,6.4531
2/5/1982,6.4219,6.3906,6.4375,6.3906,352000,6.3906
2/8/1982,5.9375,6.3594,6.3594,5.9375,1204000,6.4219
2/9/1982,6.0781,6,6.1563,6,680800,5.9375
2/10/1982,6.2344,6.0938,6.25,6.0938,530400,6.0781
2/11/1982,6.2188,6.2188,6.25,6.1719,730400,6.2344
2/12/1982,6.2031,6.2031,6.25,6.2031,228800,6.2188
2/16/1982,6.2031,6.1406,6.2188,6.0938,951200,6.2031
2/17/1982,6.2188,6.2031,6.2344,6.1875,330400,6.2031
2/18/1982,6.1875,6.2344,6.2344,6.1406,639200,6.2188
2/19/1982,6,6.1563,6.1563,6,1660000,6.1875
2/22/1982,6.0313,6.0938,6.1406,6.0313,726400,6
2/23/1982,5.9531,6.0469,6.0469,5.9375,1004800,6.0313
2/24/1982,6,5.9531,6,5.9219,905600,5.9531
2/25/1982,6,6,6.0313,6,428000,6
2/26/1982,5.8906,6,6.0313,5.8906,975200,6
3/1/1982,5.9688,5.9063,5.9844,5.875,622400,5.8906
3/2/1982,5.9688,6,6.0156,5.9688,364800,5.9688
3/3/1982,5.9219,5.9375,5.9531,5.8906,248000,5.9688
3/4/1982,5.8438,5.9375,5.9531,5.8125,986400,5.9219
3/5/1982,5.7656,5.8281,5.8281,5.75,862400,5.8438
3/8/1982,5.7344,5.7969,5.8281,5.7031,478400,5.7656
3/9/1982,5.8438,5.6875,5.875,5.6875,1946400,5.7344
3/10/1982,5.9531,5.8906,5.9844,5.875,487200,5.8438
3/11/1982,5.9375,5.9688,6,5.9375,644000,5.9531
3/12/1982,5.9531,5.9375,5.9531,5.875,908800,5.9375
3/15/1982,5.9688,5.9375,5.9844,5.9063,284000,5.9531
3/16/1982,6,6,6.0156,5.9375,703200,5.9688
3/17/1982,5.9844,6.0313,6.0313,5.9844,374400,6
3/18/1982,6.0313,5.9844,6.0313,5.9688,654400,5.9844
3/19/1982,6.0156,6.0156,6.0313,5.9844,498400,6.0313
3/22/1982,6.0625,6.0313,6.1094,6.0156,2057600,6.0156
3/23/1982,6.2344,6.0938,6.2813,6.0938,1280800,6.0625
3/24/1982,6.2031,6.2031,6.2188,6.1719,252000,6.2344
3/25/1982,6.2188,6.2031,6.2188,6.1719,468800,6.2031
3/26/1982,6.0313,6.2188,6.2188,6.0156,794400,6.2188
3/29/1982,6.0469,6,6.0625,5.9531,1153600,6.0313
3/30/1982,6.0156,6.0469,6.0625,6,484000,6.0469
3/31/1982,6.0469,6.0469,6.0625,6.0156,428800,6.0156
4/1/1982,6.0938,6.0469,6.1094,6.0156,1252800,6.0469
4/2/1982,6.2188,6.125,6.2188,6.125,1244000,6.0938
4/5/1982,6.0938,6.2188,6.2188,6.0938,453600,6.2188
4/6/1982,6.0469,6.0938,6.0938,6.0469,525600,6.0938
4/7/1982,6.0469,6.0469,6.1094,6.0469,866400,6.0469
4/8/1982,6.0313,6.0781,6.0781,6.0313,585600,6.0469
4/12/1982,6.0156,6.0313,6.0625,6,863200,6.0313
4/13/1982,6.0781,6.0156,6.0938,6.0156,628800,6.0156
4/14/1982,5.9531,6.0625,6.0938,5.9219,925600,6.0781
4/15/1982,5.8125,5.9219,5.9219,5.7969,2323200,5.9531
4/16/1982,5.8281,5.7969,5.8594,5.7656,1735200,5.8125
4/19/1982,5.8125,5.8281,5.875,5.8125,1288000,5.8281
4/20/1982,5.5938,5.7188,5.7188,5.5625,2552000,5.8125
4/21/1982,5.625,5.5781,5.625,5.5469,1178400,5.5938
4/22/1982,5.7188,5.6406,5.7344,5.625,1492800,5.625
4/23/1982,5.7969,5.7344,5.8125,5.7344,823200,5.7188
4/26/1982,5.9219,5.8125,5.9688,5.8125,879200,5.7969
4/27/1982,5.8438,5.9219,5.9531,5.8281,1033600,5.9219
4/28/1982,5.7969,5.8438,5.8438,5.7188,594400,5.8438
4/29/1982,5.7188,5.75,5.75,5.6719,668800,5.7969
4/30/1982,5.7344,5.7344,5.75,5.6875,418400,5.7188
5/3/1982,5.625,5.7344,5.7344,5.625,701600,5.7344
5/4/1982,5.3125,5.625,5.6563,5.2969,2384800,5.625
5/5/1982,5.4219,5.3438,5.4531,5.2969,1840000,5.3125
5/6/1982,5.4531,5.4688,5.5625,5.4375,1327200,5.4219
5/7/1982,5.5,5.4219,5.5313,5.4219,1173600,5.4531
5/10/1982,5.5156,5.5156,5.5469,5.5,622400,5.5
5/11/1982,5.4688,5.5156,5.5313,5.4688,1471200,5.5156
5/12/1982,5.4688,5.4688,5.5469,5.4531,1379200,5.4688
5/13/1982,5.4063,5.5,5.5469,5.375,2309600,5.4688
5/14/1982,5.1875,5.375,5.375,5.1875,2540000,5.4063
5/17/1982,5.0313,5.1719,5.1719,5,1804800,5.1875
5/18/1982,5.0781,5,5.0781,4.9688,874400,5.0313
5/19/1982,5,5.0625,5.0781,4.9844,876800,5.0781
5/20/1982,5.0313,5.0156,5.1094,5,948000,5
5/21/1982,5.0625,5.0313,5.0625,4.9844,686400,5.0313
5/24/1982,5.0469,5.0469,5.0469,5,982400,5.0625
5/25/1982,4.9219,5,5.0156,4.9219,1521600,5.0469
5/26/1982,4.9063,4.8906,4.9219,4.875,1213600,4.9219
5/27/1982,4.8281,4.9219,4.9219,4.8125,2445600,4.9063
5/28/1982,4.5938,4.8125,4.8281,4.5625,2556800,4.8281
6/1/1982,4.6563,4.625,4.7031,4.6094,754400,4.5938
6/2/1982,4.7031,4.625,4.7188,4.5938,1340000,4.6563
6/3/1982,4.7656,4.75,4.7813,4.75,944800,4.7031
6/4/1982,4.625,4.7344,4.7344,4.6094,1222400,4.7656
6/7/1982,4.6719,4.6094,4.7188,4.5938,731200,4.625
6/8/1982,4.7031,4.6719,4.7188,4.6719,725600,4.6719
6/9/1982,4.7656,4.7031,4.7813,4.6875,632000,4.7031
6/10/1982,4.75,4.7656,4.7656,4.7188,696000,4.7656
6/11/1982,4.7813,4.7813,4.8125,4.75,3135200,4.75
6/14/1982,4.7031,4.7813,4.7813,4.6875,1689600,4.7813
6/15/1982,4.6875,4.7344,4.7344,4.6719,796000,4.7031
6/16/1982,4.5,4.6875,4.6875,4.5,4107200,4.6875
6/17/1982,4.3594,4.4688,4.4688,4.3438,1772000,4.5
6/18/1982,4.3438,4.3438,4.3438,4.3125,950400,4.3594
6/21/1982,4.4063,4.3438,4.4531,4.3125,1191200,4.3438
6/22/1982,4.5,4.4375,4.5156,4.4219,1288000,4.4063
6/23/1982,4.6563,4.5156,4.6563,4.5156,739200,4.5
6/24/1982,4.6875,4.6719,4.7031,4.6719,594400,4.6563
6/25/1982,4.6563,4.6719,4.6875,4.6406,830400,4.6875
6/28/1982,4.6875,4.6563,4.6875,4.6406,1604000,4.6563
6/29/1982,4.6406,4.6875,4.6875,4.6406,572000,4.6875
6/30/1982,4.6406,4.6719,4.7188,4.5938,1987200,4.6406
7/1/1982,4.6563,4.625,4.6875,4.625,831200,4.6406
7/2/1982,4.7188,4.6563,4.7188,4.6094,1118400,4.6563
7/6/1982,4.6875,4.7188,4.7188,4.6563,824000,4.7188
7/7/1982,4.6875,4.6875,4.7031,4.6719,1153600,4.6875
7/8/1982,4.6406,4.6563,4.6719,4.625,1147200,4.6875
7/9/1982,4.4844,4.625,4.6406,4.3281,2709600,4.6406
7/12/1982,4.6094,4.4844,4.6094,4.4844,1607200,4.4844
7/13/1982,4.6719,4.6094,4.6719,4.5938,1061600,4.6094
7/14/1982,4.6406,4.625,4.6563,4.625,1662400,4.6719
7/15/1982,4.7188,4.6563,4.7344,4.6563,1463200,4.6406
7/16/1982,4.6563,4.6875,4.7031,4.6406,903200,4.7188
7/19/1982,4.5781,4.6875,4.7188,4.5625,776000,4.6563
7/20/1982,4.5938,4.5625,4.6094,4.5625,629600,4.5781
7/21/1982,4.625,4.5938,4.6719,4.5938,1173600,4.5938
7/22/1982,4.7969,4.625,4.875,4.625,1677600,4.625
7/23/1982,4.7344,4.8125,4.875,4.7344,1283200,4.7969
7/26/1982,4.7031,4.7188,4.7344,4.6875,715200,4.7344
7/27/1982,4.7656,4.7031,4.7656,4.7031,420000,4.7031
7/28/1982,4.5938,4.75,4.7656,4.5313,988800,4.7656
7/29/1982,4.5938,4.5625,4.6094,4.5469,641600,4.5938
7/30/1982,4.5781,4.5938,4.6094,4.5625,268000,4.5938
8/2/1982,4.5938,4.6406,4.6406,4.5781,828800,4.5781
8/3/1982,4.4375,4.5781,4.5781,4.4375,749600,4.5938
8/4/1982,4.4375,4.4531,4.4531,4.375,1609600,4.4375
8/5/1982,4.4688,4.4375,4.4844,4.4219,485600,4.4375
8/6/1982,4.4688,4.5,4.5,4.4688,466400,4.4688
8/9/1982,4.4531,4.4375,4.4688,4.3906,773600,4.4688
8/10/1982,4.4219,4.4844,4.5156,4.4219,1609600,4.4531
8/11/1982,4.4063,4.4219,4.4531,4.4063,1175200,4.4219
8/12/1982,4.3438,4.4375,4.4531,4.3438,904800,4.4063
8/13/1982,4.4375,4.3438,4.4375,4.3438,645600,4.3438
8/16/1982,4.5,4.4375,4.5469,4.4375,1031200,4.4375
8/17/1982,4.75,4.5313,4.75,4.5313,1024800,4.5
8/18/1982,4.7344,4.8125,4.9375,4.7188,2349600,4.75
8/19/1982,4.6563,4.7031,4.75,4.6094,3718400,4.7344
8/20/1982,4.875,4.6719,4.8906,4.6719,1727200,4.6563
8/23/1982,4.9531,4.875,4.9844,4.8594,3587200,4.875
8/24/1982,4.875,4.9844,5,4.875,2544800,4.9531
8/25/1982,4.8438,4.8906,4.9844,4.8438,2042400,4.875
8/26/1982,4.8125,4.8125,4.8594,4.75,3598400,4.8438
8/27/1982,4.7188,4.8125,4.8594,4.7188,2816800,4.8125
8/30/1982,4.7969,4.6875,4.7969,4.6719,1680000,4.7188
8/31/1982,5.0313,4.8125,5.0469,4.8125,2230400,4.7969
9/1/1982,4.9375,5.0625,5.0781,4.9375,1432800,5.0313
9/2/1982,5.0156,4.9063,5.0313,4.9063,2110400,4.9375
9/3/1982,5.1719,5.2344,5.2813,5.0938,3597600,5.0156
9/7/1982,5.125,5.1406,5.1719,5.0938,1038400,5.1719
9/8/1982,5.125,5.1406,5.1563,5.1094,580000,5.125
9/9/1982,5.2344,5.1094,5.2813,5.1094,2492000,5.125
9/10/1982,5.2031,5.2188,5.2344,5.1563,1297600,5.2344
9/13/1982,5.2813,5.1875,5.3281,5.1719,1199200,5.2031
9/14/1982,5.2813,5.3125,5.3594,5.2656,1480800,5.2813
9/15/1982,5.3438,5.25,5.3438,5.2344,935200,5.2813
9/16/1982,5.2656,5.3281,5.3594,5.25,1145600,5.3438
9/17/1982,5.1406,5.25,5.25,5.1406,962400,5.2656
9/20/1982,5.0469,5.125,5.125,5.0313,503200,5.1406
9/21/1982,5.0781,5.0625,5.125,5.0469,1008000,5.0469
9/22/1982,5.1563,5.1094,5.25,5.1094,1173600,5.0781
9/23/1982,4.9844,5.0781,5.0938,4.9531,738400,5.1563
9/24/1982,4.9375,4.9531,4.9688,4.9063,1151200,4.9844
9/27/1982,4.9219,4.9688,4.9688,4.875,567200,4.9375
9/28/1982,4.875,4.9219,4.9688,4.875,718400,4.9219
9/29/1982,4.3438,4.6563,4.6563,4.2813,4732800,4.875
9/30/1982,4.2188,4.3125,4.3125,4.1875,4860000,4.3438
10/1/1982,4.2656,4.1875,4.2813,4.1406,2016800,4.2188
10/4/1982,4.1875,4.2344,4.25,4.1719,1564800,4.2656
10/5/1982,4.1875,4.1875,4.25,4.1875,1231200,4.1875
10/6/1982,4.2344,4.2031,4.25,4.1406,2594400,4.1875
10/7/1982,4.2656,4.3125,4.375,4.25,3307200,4.2344
10/8/1982,4.3438,4.2969,4.3438,4.2656,3820800,4.2656
10/11/1982,4.5938,4.375,4.6094,4.375,5067200,4.3438
10/12/1982,4.7344,4.6875,4.8281,4.6875,4179200,4.5938
10/13/1982,4.9375,4.7344,5.0313,4.7188,6034400,4.7344
10/14/1982,4.8906,4.9375,5.0938,4.875,3781600,4.9375
10/15/1982,4.8594,4.8594,4.9063,4.7813,2000000,4.8906
10/18/1982,4.9063,4.875,4.9688,4.8594,1356000,4.8594
10/19/1982,4.8906,4.8594,4.9375,4.8594,1783200,4.9063
10/20/1982,4.9375,4.8906,4.9375,4.875,860800,4.8906
10/21/1982,4.9219,4.9219,4.9531,4.8281,1144000,4.9375
10/22/1982,4.9219,4.9063,4.9531,4.8594,1368800,4.9219
10/25/1982,4.7188,4.8281,4.9375,4.7188,1237600,4.9219
10/26/1982,4.7344,4.6875,4.7656,4.6719,1233600,4.7188
10/27/1982,4.7188,4.7031,4.7813,4.6875,1376800,4.7344
10/28/1982,4.6875,4.7031,4.75,4.6875,1368800,4.7188
10/29/1982,4.7188,4.6875,4.75,4.6406,1052800,4.6875
11/1/1982,4.6875,4.7031,4.7188,4.6406,1495200,4.7188
11/2/1982,4.7031,4.7031,4.7656,4.6719,1545600,4.6875
11/3/1982,4.9531,4.6719,4.9688,4.6719,3002400,4.7031
11/4/1982,5.0625,4.9688,5.2813,4.9375,3524800,4.9531
11/5/1982,5.125,5.0313,5.125,5,1720800,5.0625
11/8/1982,5.3125,5.125,5.3906,5.0781,1759200,5.125
11/9/1982,5.625,5.3125,5.7813,5.3125,3396800,5.3125
11/10/1982,5.5313,5.6875,5.7969,5.5,4987200,5.625
11/11/1982,5.6094,5.4375,5.6094,5.375,2072800,5.5313
11/12/1982,5.6406,5.6563,5.7969,5.625,2348800,5.6094
11/15/1982,5.5,5.5625,5.5781,5.4688,2237600,5.6406
11/16/1982,5.3594,5.3438,5.4063,5.25,1832000,5.5
11/17/1982,5.2813,5.3906,5.4531,5.2344,1386400,5.3594
11/18/1982,5.3125,5.2656,5.3906,5.25,1130400,5.2813
11/19/1982,5.3125,5.3125,5.3906,5.2813,1112800,5.3125
11/22/1982,5.1094,5.3281,5.3438,5.1094,1929600,5.3125
11/23/1982,5.0469,5.125,5.1563,5.0313,1580000,5.1094
11/24/1982,4.9688,5,5.0156,4.9219,1869600,5.0469
11/26/1982,4.9688,5,5.0156,4.9688,553600,4.9688
11/29/1982,4.8906,4.9688,4.9688,4.8438,812000,4.9688
11/30/1982,4.9063,4.875,4.9844,4.875,2821600,4.8906
12/1/1982,4.875,4.8906,4.9375,4.8281,1653600,4.9063
12/2/1982,4.9531,4.9063,4.9844,4.875,2056800,4.875
12/3/1982,4.9688,4.9844,5.0469,4.9531,1906400,4.9531
12/6/1982,4.875,4.9375,4.9375,4.6875,1843200,4.9688
12/7/1982,4.875,4.8906,5.0313,4.8438,2084800,4.875
12/8/1982,4.7813,4.875,4.8906,4.7813,1498400,4.875
12/9/1982,4.6719,4.7188,4.7188,4.6406,1442400,4.7813
12/10/1982,4.6406,4.6406,4.6875,4.6406,1396800,4.6719
12/13/1982,4.7031,4.7188,4.75,4.6875,1425600,4.6406
12/14/1982,4.7188,4.8125,4.9219,4.7031,2952000,4.7031
12/15/1982,4.6094,4.7188,4.7188,4.5938,1531200,4.7188
12/16/1982,4.6406,4.6094,4.7969,4.5781,1624000,4.6094
12/17/1982,4.75,4.6719,4.7813,4.6563,1204000,4.6406
12/20/1982,4.7031,4.7813,4.8594,4.7031,1289600,4.75
12/21/1982,4.7813,4.7188,4.8125,4.7188,2160000,4.7031
12/22/1982,4.7031,4.8438,4.8594,4.6875,1436800,4.7813
12/23/1982,4.75,4.7344,4.7813,4.7188,1154400,4.7031
12/27/1982,4.9219,4.7656,4.9219,4.7656,1716000,4.75
12/28/1982,4.9531,4.9531,5.0469,4.9375,1688000,4.9219
12/29/1982,5.0938,4.9844,5.2031,4.9844,2185600,4.9531
12/30/1982,5,5.1094,5.1563,5,1025600,5.0938
12/31/1982,5.0156,5,5.0625,4.9844,712800,5
1/3/1983,5.0781,5.0781,5.1406,5.0625,736000,5.0156
1/4/1983,5.0781,5.0781,5.0938,5,1417600,5.0781
1/5/1983,5.3125,5.0938,5.4063,5.0938,4223200,5.0781
1/6/1983,5.6719,5.3594,5.75,5.3594,5636800,5.3125
1/7/1983,5.8438,5.6719,6.0781,5.6563,4279200,5.6719
1/10/1983,5.9688,5.8125,6,5.75,2647200,5.8438
1/11/1983,5.8125,5.875,5.8906,5.7188,2718400,5.9688
1/12/1983,5.8906,5.8594,6,5.8281,3594400,5.8125
1/13/1983,5.8594,5.875,5.9688,5.8438,2132800,5.8906
1/14/1983,5.7813,5.8125,5.875,5.75,1490400,5.8594
1/17/1983,5.7344,5.8125,5.8438,5.7031,1230400,5.7813
1/18/1983,5.6875,5.7344,5.7813,5.6406,1186400,5.7344
1/19/1983,5.5156,5.6875,5.7031,5.4375,2192000,5.6875
1/20/1983,5.5469,5.5313,5.5781,5.4219,2182400,5.5156
1/21/1983,5.5156,5.5469,5.5469,5.4063,1196800,5.5469
1/24/1983,5.3906,5.4063,5.4063,5.2969,2336800,5.5156
1/25/1983,5.3438,5.375,5.4219,5.25,1698400,5.3906
1/26/1983,5.1094,5.3906,5.3906,5.0781,1404800,5.3438
1/27/1983,5.3594,5.1406,5.4375,5.1406,1064800,5.1094
1/28/1983,5.3438,5.4375,5.5156,5.3125,2843200,5.3594
1/31/1983,5.3438,5.3438,5.3594,5.2656,722400,5.3438
2/1/1983,5.25,5.3438,5.4063,5.2188,2014400,5.3438
2/2/1983,5.1719,5.2344,5.2344,5.125,1784800,5.25
2/3/1983,5.2188,5.2188,5.2656,5.1875,1773600,5.1719
2/4/1983,5.3438,5.2188,5.3906,5.2188,1316000,5.2188
2/7/1983,5.6094,5.4063,5.6563,5.4063,1511200,5.3438
2/8/1983,5.5781,5.5938,5.6406,5.5625,1224800,5.6094
2/9/1983,5.6094,5.5938,5.6406,5.5625,1844000,5.5781
2/10/1983,5.6719,5.6719,5.6719,5.6094,1503200,5.6094
2/11/1983,5.6875,5.7188,5.7344,5.6563,955200,5.6719
2/14/1983,5.7813,5.7031,5.8125,5.6875,1432800,5.6875
2/15/1983,5.7969,5.7969,5.8281,5.7656,1669600,5.7813
2/16/1983,5.7188,5.7969,5.8125,5.7031,1603200,5.7969
2/17/1983,5.6406,5.7188,5.7188,5.5781,1473600,5.7188
2/18/1983,5.6094,5.6875,5.6875,5.5938,2113600,5.6406
2/22/1983,5.5781,5.625,5.6406,5.5781,1468000,5.6094
2/23/1983,5.5313,5.5,5.5469,5.4688,886400,5.5781
2/24/1983,5.6406,5.5781,5.6875,5.5781,1114400,5.5313
2/25/1983,5.625,5.7188,5.75,5.6094,2268800,5.6406
2/28/1983,5.5313,5.6094,5.6094,5.5156,1103200,5.625
3/1/1983,5.625,5.5625,5.6563,5.5469,2692800,5.5313
3/2/1983,5.5781,5.5938,5.5938,5.4375,2152800,5.625
3/3/1983,5.6094,5.5781,5.6406,5.5469,3214400,5.5781
3/4/1983,5.5781,5.6094,5.6094,5.5313,1200800,5.6094
3/7/1983,5.5781,5.5938,5.5938,5.5313,928800,5.5781
3/8/1983,5.4688,5.5781,5.5781,5.4688,1755200,5.5781
3/9/1983,5.5313,5.4688,5.5313,5.4531,1156000,5.4688
3/10/1983,5.4063,5.5469,5.5469,5.4063,1439200,5.5313
3/11/1983,5.3281,5.375,5.3906,5.3281,1163200,5.4063
3/14/1983,5.2813,5.3281,5.3281,5.2344,1672000,5.3281
3/15/1983,5.2188,5.25,5.2656,5.1719,1244000,5.2813
3/16/1983,5.0313,5.2344,5.2344,5.0156,1954400,5.2188
3/17/1983,5.0156,5.0313,5.0469,5,1260000,5.0313
3/18/1983,5,5.0156,5.0781,5,1902400,5.0156
3/21/1983,5.1875,5.0156,5.1875,5.0156,1275200,5
3/22/1983,5.2656,5.2188,5.3125,5.2031,805600,5.1875
3/23/1983,5.625,5.2969,5.6563,5.2969,3158400,5.2656
3/24/1983,5.6094,5.6563,5.7031,5.5625,2029600,5.625
3/25/1983,5.6094,5.5781,5.6406,5.5781,2412000,5.6094
3/28/1983,5.5313,5.5938,5.5938,5.4531,1272000,5.6094
3/29/1983,5.4063,5.5,5.5625,5.3906,1052800,5.5313
3/30/1983,5.4375,5.3906,5.4688,5.3906,1458400,5.4063
3/31/1983,5.3281,5.4688,5.5,5.3125,1397600,5.4375
4/4/1983,5.3438,5.3281,5.4063,5.3125,692000,5.3281
4/5/1983,5.2813,5.3281,5.3906,5.2656,1179200,5.3438
4/6/1983,5.125,5.2344,5.25,5.0781,2959200,5.2813
4/7/1983,4.9844,5,5.0313,4.9375,4329600,5.125
4/8/1983,4.9688,4.9688,4.9844,4.9375,2314400,4.9844
4/11/1983,5.0469,5,5.1094,5,2144000,4.9688
4/12/1983,4.9688,5.0625,5.0625,4.9375,1708800,5.0469
4/13/1983,5.0625,5,5.0938,4.9844,2310400,4.9688
4/14/1983,5.3438,5.0938,5.3594,5.0938,2983200,5.0625
4/15/1983,5.4531,5.3594,5.5625,5.3125,1736800,5.3438
4/18/1983,5.5,5.3906,5.5625,5.3125,2020000,5.4531
4/19/1983,5.5156,5.5156,5.625,5.4688,3612000,5.5
4/20/1983,5.6563,5.5313,5.6875,5.5313,3205600,5.5156
4/21/1983,5.75,5.7031,5.875,5.7031,4831200,5.6563
4/22/1983,5.75,5.7813,5.8281,5.6719,3676800,5.75
4/25/1983,5.7031,5.7813,5.7813,5.6719,2050400,5.75
4/26/1983,5.6094,5.6875,5.7031,5.5156,1635200,5.7031
4/27/1983,5.6094,5.625,5.6406,5.5781,1300800,5.6094
4/28/1983,5.6875,5.5938,5.7188,5.5781,1391200,5.6094
4/29/1983,5.8125,5.6875,5.8594,5.6875,961600,5.6875
5/2/1983,5.7656,5.8594,5.8906,5.75,1708000,5.8125
5/3/1983,5.7344,5.7656,5.7813,5.7031,2213600,5.7656
5/4/1983,5.7656,5.75,5.7969,5.7344,1536800,5.7344
5/5/1983,5.8594,5.7813,5.8594,5.7813,1433600,5.7656
5/6/1983,6.125,5.8594,6.1875,5.8594,2148800,5.8594
5/9/1983,6.0938,6.0625,6.1719,6,1149600,6.125
5/10/1983,6.1094,6.0625,6.1406,6.0625,1636000,6.0938
5/11/1983,6.0156,6.1094,6.125,6,1456000,6.1094
5/12/1983,5.9063,6.0156,6.0156,5.875,1115200,6.0156
5/13/1983,5.8906,5.875,5.8906,5.875,3965600,5.9063
5/16/1983,5.7813,5.8125,5.875,5.7813,5484800,5.8906
5/17/1983,5.8125,5.7813,5.8125,5.75,1715200,5.7813
5/18/1983,5.7656,5.7813,5.8594,5.75,2181600,5.8125
5/19/1983,5.7031,5.7813,5.8281,5.6875,1702400,5.7656
5/20/1983,5.6563,5.6719,5.6875,5.5781,1819200,5.7031
5/23/1983,5.5781,5.5625,5.6719,5.5625,3458400,5.6563
5/24/1983,5.7344,5.5938,5.7344,5.5625,3871200,5.5781
5/25/1983,5.7969,5.7656,5.8281,5.7188,2380000,5.7344
5/26/1983,5.9219,5.8594,5.9531,5.8125,3021600,5.7969
5/27/1983,5.9375,5.9219,6,5.9219,1528000,5.9219
5/31/1983,5.8438,5.9063,5.9844,5.8125,1420800,5.9375
6/1/1983,5.8906,5.8594,5.9063,5.8125,1056000,5.8438
6/2/1983,5.875,5.8906,5.9063,5.8281,1036000,5.8906
6/3/1983,5.875,5.875,5.8906,5.8438,1088000,5.875
6/6/1983,5.8438,5.8594,5.875,5.7813,761600,5.875
6/7/1983,5.7969,5.8438,5.9063,5.7813,1476000,5.8438
6/8/1983,5.7188,5.7969,5.7969,5.7188,1120000,5.7969
6/9/1983,5.7656,5.75,5.7969,5.6875,489600,5.7188
6/10/1983,5.7031,5.7969,5.8125,5.6719,1664800,5.7656
6/13/1983,5.7813,5.7344,5.8281,5.6875,3388000,5.7031
6/14/1983,5.7813,5.8125,5.8906,5.7656,2406400,5.7813
6/15/1983,5.9531,5.7813,5.9531,5.75,3198400,5.7813
6/16/1983,6.0625,6.0313,6.125,6.0313,2640000,5.9531
6/17/1983,5.9688,6.0781,6.0781,5.9375,1701600,6.0625
6/20/1983,5.9375,6,6,5.9375,748000,5.9688
6/21/1983,5.8906,5.9375,5.9375,5.8438,1119200,5.9375
6/22/1983,5.8125,5.9219,5.9219,5.8125,2806400,5.8906
6/23/1983,5.8438,5.8125,5.8594,5.7969,1178400,5.8125
6/24/1983,5.875,5.8594,5.8906,5.8281,1481600,5.8438
6/27/1983,5.8438,5.875,5.875,5.7813,1107200,5.875
6/28/1983,5.7813,5.8281,5.8906,5.7656,1285600,5.8438
6/29/1983,5.7969,5.7813,5.8281,5.7656,852000,5.7813
6/30/1983,5.9063,5.8438,5.9063,5.7656,1284000,5.7969
7/1/1983,5.8594,5.875,5.875,5.7813,1001600,5.9063
7/5/1983,5.7813,5.8125,5.8281,5.7344,2399200,5.8594
7/6/1983,5.7656,5.7656,5.7969,5.7188,2016800,5.7813
7/7/1983,5.75,5.7344,5.7813,5.7031,778400,5.7656
7/8/1983,5.75,5.7188,5.7813,5.7188,437600,5.75
7/11/1983,5.6406,5.6875,5.7031,5.6094,1744800,5.75
7/12/1983,5.5625,5.625,5.6875,5.5469,2317600,5.6406
7/13/1983,5.6094,5.5625,5.6406,5.5625,814400,5.5625
7/14/1983,5.6406,5.5938,5.7031,5.5938,1033600,5.6094
7/15/1983,5.5469,5.6563,5.6563,5.5313,1078400,5.6406
7/18/1983,5.4531,5.5313,5.5313,5.4063,1302400,5.5469
7/19/1983,5.5469,5.5,5.5781,5.4844,1205600,5.4531
7/20/1983,5.5625,5.6094,5.625,5.5,3195200,5.5469
7/21/1983,5.5313,5.5781,5.5938,5.4531,2560000,5.5625
7/22/1983,5.6094,5.5156,5.625,5.4531,1604800,5.5313
7/25/1983,5.5938,5.5781,5.6094,5.5156,743200,5.6094
7/26/1983,5.5781,5.5625,5.5938,5.5313,1160800,5.5938
7/27/1983,5.4844,5.625,5.625,5.4688,1048800,5.5781
7/28/1983,5.5156,5.4844,5.5313,5.4531,802400,5.4844
7/29/1983,5.5,5.5,5.5625,5.4688,550400,5.5156
8/1/1983,5.4688,5.4844,5.5156,5.4688,668800,5.5
8/2/1983,5.5313,5.4531,5.5938,5.4219,976800,5.4688
8/3/1983,5.5156,5.5313,5.5469,5.4063,2652000,5.5313
8/4/1983,5.2969,5.5156,5.5313,5.2656,3344000,5.5156
8/5/1983,5.2031,5.2969,5.3125,5.1875,5078400,5.2969
8/8/1983,5.0781,5.0938,5.1094,5.0156,2020800,5.2031
8/9/1983,5.2031,5.0781,5.2031,5.0469,969600,5.0781
8/10/1983,5.2031,5.125,5.2031,5.125,1247200,5.2031
8/11/1983,4.9844,5.2031,5.2031,4.9063,4849600,5.2031
8/12/1983,5.0313,4.9844,5.0469,4.8906,2419200,4.9844
8/15/1983,5,5.1563,5.2031,4.9844,4734400,5.0313
8/16/1983,4.7813,4.875,4.875,4.7813,6952800,5
8/17/1983,4.7344,4.7813,4.8281,4.7031,3980800,4.7813
8/18/1983,4.6875,4.7344,4.75,4.6719,3856000,4.7344
8/19/1983,4.6875,4.7188,4.75,4.6719,2955200,4.6875
8/22/1983,4.9531,4.9063,4.9531,4.8281,4096800,4.6875
8/23/1983,5.0156,5.0156,5.0781,4.9531,2944800,4.9531
8/24/1983,5.0156,5.0625,5.1094,4.9844,2568800,5.0156
8/25/1983,5,5.0313,5.0781,4.9531,3384800,5.0156
8/26/1983,4.9844,4.9844,5,4.9219,2066400,5
8/29/1983,4.9219,4.9688,4.9688,4.8125,2115200,4.9844
8/30/1983,4.8594,4.9219,4.9375,4.8125,4498400,4.9219
8/31/1983,4.9063,4.8438,4.9219,4.8125,1397600,4.8594
9/1/1983,4.9844,4.9375,4.9844,4.9063,1744000,4.9063
9/2/1983,5,4.9844,5.0156,4.9219,1672000,4.9844
9/6/1983,5,5.0938,5.0938,4.9688,4553600,5
9/7/1983,5.0313,5.0469,5.1094,5.0156,3188000,5
9/8/1983,5.1875,5.0313,5.1875,5,1746400,5.0313
9/9/1983,5.1875,5.1875,5.5781,5.1406,854400,5.1875
9/12/1983,5.25,5.4063,5.4375,5.2188,2540800,5.1875
9/13/1983,5.1875,5.25,5.2656,5.1875,1156000,5.25
9/14/1983,5.2031,5.2188,5.25,5.1875,1027200,5.1875
9/15/1983,5.2344,5.2344,5.2813,5.2031,819200,5.2031
9/16/1983,5.4063,5.2656,5.4531,5.25,1229600,5.2344
9/19/1983,5.5156,5.4375,5.5625,5.3906,1609600,5.4063
9/20/1983,5.5938,5.5625,5.6406,5.5469,1483200,5.5156
9/21/1983,5.5938,5.5625,5.625,5.5156,1468000,5.5938
9/22/1983,5.6875,5.5781,5.7344,5.5781,3552000,5.5938
9/23/1983,5.7031,5.6875,5.75,5.5156,3642400,5.6875
9/26/1983,5.7344,5.7344,5.7813,5.6563,2567200,5.7031
9/27/1983,5.625,5.7344,5.75,5.5938,2679200,5.7344
9/28/1983,5.5156,5.5781,5.5781,5.4844,1558400,5.625
9/29/1983,5.4688,5.5156,5.5469,5.4375,489600,5.5156
9/30/1983,5.4531,5.4844,5.4844,5.4063,507200,5.4688
10/3/1983,5.4531,5.4063,5.4531,5.375,966400,5.4531
10/4/1983,5.4531,5.4688,5.4844,5.4219,731200,5.4531
10/5/1983,5.5313,5.4531,5.5313,5.4219,1250400,5.4531
10/6/1983,5.6406,5.5469,5.6406,5.5313,1780000,5.5313
10/7/1983,5.5781,5.6563,5.7031,5.5625,1913600,5.6406
10/10/1983,5.5313,5.5156,5.5313,5.4688,652000,5.5781
10/11/1983,5.375,5.5,5.5,5.3594,1013600,5.5313
10/12/1983,5.375,5.3438,5.4063,5.3281,666400,5.375
10/13/1983,5.4063,5.3594,5.4063,5.3281,2435200,5.375
10/14/1983,5.3906,5.3906,5.4063,5.3438,1068000,5.4063
10/17/1983,5.4063,5.4063,5.4531,5.375,540800,5.3906
10/18/1983,5.3125,5.3281,5.4219,5.2813,1211200,5.4063
10/19/1983,5.375,5.2813,5.4375,5.2656,1534400,5.3125
10/20/1983,5.2813,5.3438,5.3594,5.2656,705600,5.375
10/21/1983,5.1563,5.2656,5.2656,5.0938,1476000,5.2813
10/24/1983,5.0781,5.125,5.1406,5.0469,828800,5.1563
10/25/1983,5.1875,5.1563,5.1875,5.0781,1357600,5.0781
10/26/1983,5.1094,5.1875,5.1875,5.0938,808000,5.1875
10/27/1983,4.9531,5.1406,5.1406,4.9375,2366400,5.1094
10/28/1983,4.9531,4.9844,4.9844,4.8906,1020800,4.9531
10/31/1983,4.8906,4.9531,4.9531,4.8438,2611200,4.9531
11/1/1983,4.875,4.9063,4.9219,4.8438,3066400,4.8906
11/2/1983,5.0938,4.9063,5.1094,4.9063,2856000,4.875
11/3/1983,5.0781,5.125,5.1406,5.0781,1344000,5.0938
11/4/1983,5.2188,5.0781,5.2188,5.0313,1184000,5.0781
11/7/1983,5.4063,5.2813,5.4375,5.2813,2104800,5.2188
11/8/1983,5.3125,5.4063,5.4063,5.2813,1619200,5.4063
11/9/1983,5.375,5.3125,5.4375,5.2969,1207200,5.3125
11/10/1983,5.4375,5.4063,5.4688,5.4063,1102400,5.375
11/11/1983,5.5,5.4531,5.5156,5.4375,888800,5.4375
11/14/1983,5.4531,5.5156,5.5469,5.4375,1722400,5.5
11/15/1983,5.3438,5.4375,5.4375,5.2656,1552800,5.4531
11/16/1983,5.3438,5.375,5.3906,5.3125,1009600,5.3438
11/17/1983,5.4688,5.375,5.4844,5.2969,3701600,5.3438
11/18/1983,5.4063,5.4375,5.4375,5.3438,1098400,5.4688
11/21/1983,5.5,5.3125,5.5,5.3125,3096000,5.4063
11/22/1983,5.5,5.5313,5.5313,5.4688,2688800,5.5
11/23/1983,5.4844,5.4844,5.5,5.4531,1944800,5.5
11/25/1983,5.5469,5.5156,5.5469,5.5,1280800,5.4844
11/28/1983,5.4844,5.5313,5.5469,5.4688,1642400,5.5469
11/29/1983,5.5469,5.5,5.5469,5.4844,1155200,5.4844
11/30/1983,5.5938,5.5625,5.625,5.5156,2271200,5.5469
12/1/1983,5.5625,5.5781,5.6406,5.5469,1651200,5.5938
12/2/1983,5.6719,5.5625,5.6875,5.5469,1451200,5.5625
12/5/1983,5.7656,5.6563,5.8125,5.625,2247200,5.6719
12/6/1983,5.7969,5.8125,5.875,5.7969,2259200,5.7656
12/7/1983,5.9688,5.7969,5.9688,5.7969,3550400,5.7969
12/8/1983,6.0156,5.9531,6.0938,5.9375,4588800,5.9688
12/9/1983,5.9375,5.9688,5.9688,5.9063,2382400,6.0156
12/12/1983,5.8594,5.9375,5.9375,5.8281,1173600,5.9375
12/13/1983,5.9688,5.8594,6,5.8438,2517600,5.8594
12/14/1983,5.9375,5.9688,6,5.9219,1179200,5.9688
12/15/1983,5.9375,5.9375,5.9531,5.9219,2280800,5.9375
12/16/1983,5.875,5.9063,5.9063,5.7969,2064800,5.9375
12/19/1983,5.9688,5.875,6.0313,5.875,1256800,5.875
12/20/1983,5.9531,5.9375,6.0313,5.9219,1276000,5.9688
12/21/1983,5.9844,5.9219,6.0156,5.8906,2216000,5.9531
12/22/1983,6.0469,6,6.0625,6,2510400,5.9844
12/23/1983,6.0313,6.0313,6.0469,6.0156,1348800,6.0469
12/27/1983,6.0625,6.0313,6.0625,6.0156,880000,6.0313
12/28/1983,5.9219,6.0469,6.0625,5.9219,794400,6.0625
12/29/1983,5.9219,5.9531,5.9531,5.8906,872000,5.9219
12/30/1983,5.9063,5.9063,5.9688,5.8906,669600,5.9219
1/3/1984,5.7344,5.8906,5.8906,5.7344,1042400,5.9063
1/4/1984,6.0938,5.75,6.0938,5.75,2516000,5.7344
1/5/1984,6.125,6.2188,6.2344,6.0938,3994400,6.0938
1/6/1984,6.0781,6.0938,6.125,6.0469,1853600,6.125
1/9/1984,6.1406,6.0781,6.1875,6.0625,2581600,6.0781
1/10/1984,6.1719,6.1094,6.2656,6.1094,2710400,6.1406
1/11/1984,6.1719,6.125,6.2188,6.125,1858400,6.1719
1/12/1984,6.2656,6.1719,6.3125,6.1719,2403200,6.1719
1/13/1984,6.2969,6.2813,6.3438,6.25,3139200,6.2656
1/16/1984,6.2188,6.2656,6.2969,6.1563,3152000,6.2969
1/17/1984,6.2188,6.2188,6.2344,6.1719,1148000,6.2188
1/18/1984,6.1563,6.2031,6.2344,6.0156,4583200,6.2188
1/19/1984,6.0156,6.1563,6.1875,6.0156,2153600,6.1563
1/20/1984,6.0938,6.0469,6.1094,5.9063,4487200,6.0156
1/23/1984,6.1094,6.0781,6.1719,6.0313,2400800,6.0938
1/24/1984,6.125,6.1094,6.2188,6.1094,3474400,6.1094
1/25/1984,6.1406,6.1563,6.25,6.1406,3543200,6.125
1/26/1984,6.1406,6.25,6.2656,6.1094,2643200,6.1406
1/27/1984,6.125,6.1406,6.1406,6.0469,1498400,6.1406
1/30/1984,5.9688,6.125,6.1406,5.9531,1537600,6.125
1/31/1984,6.0469,6,6.0938,5.9531,1294400,5.9688
2/1/1984,5.9219,6.0469,6.125,5.9219,2438400,6.0469
2/2/1984,6.0781,5.9375,6.0938,5.9375,2800000,5.9219
2/3/1984,5.9375,6.0469,6.0938,5.9375,2480800,6.0781
2/6/1984,5.8281,5.7969,5.9063,5.7813,1804000,5.9375
2/7/1984,5.875,5.75,5.875,5.7031,3761600,5.8281
2/8/1984,5.6563,5.875,5.875,5.6094,4138400,5.875
2/9/1984,5.5938,5.6563,5.7344,5.5938,3448000,5.6563
2/10/1984,5.6094,5.6094,5.6563,5.5938,1344000,5.5938
2/13/1984,5.6406,5.5625,5.6563,5.5625,1903200,5.6094
2/14/1984,5.7813,5.6406,5.7813,5.6406,1441600,5.6406
2/15/1984,5.75,5.875,5.875,5.7344,3499200,5.7813
2/16/1984,5.7656,5.7344,5.7656,5.7031,932000,5.75
2/17/1984,5.6406,5.7656,5.7656,5.6406,1169600,5.7656
2/21/1984,5.5625,5.6406,5.6719,5.5469,549600,5.6406
2/22/1984,5.6094,5.625,5.6719,5.5469,1625600,5.5625
2/23/1984,5.6563,5.6563,5.6875,5.5781,2625600,5.6094
2/24/1984,5.875,5.625,5.875,5.625,2709600,5.6563
2/27/1984,5.7969,5.8438,5.8438,5.75,1388800,5.875
2/28/1984,5.6406,5.7813,5.7813,5.5781,1858400,5.7969
2/29/1984,5.6719,5.6406,5.7188,5.625,1298400,5.6406
3/1/1984,5.5781,5.625,5.7344,5.5781,1680800,5.6719
3/2/1984,5.6719,5.5781,5.7188,5.5781,1371200,5.5781
3/5/1984,5.6406,5.6875,5.6875,5.625,1443200,5.6719
3/6/1984,5.7656,5.6406,5.8125,5.6406,1369600,5.6406
3/7/1984,5.7656,5.7656,5.7813,5.7188,1364000,5.7656
3/8/1984,5.7031,5.75,5.75,5.6875,1834400,5.7656
3/9/1984,5.6875,5.7031,5.7188,5.6563,1324000,5.7031
3/12/1984,6.0625,5.7188,6.0938,5.7188,3299200,5.6875
3/13/1984,6.0313,6.0625,6.1094,6.0313,2577600,6.0625
3/14/1984,6.125,6.0625,6.1875,6.0313,3114400,6.0313
3/15/1984,6.0469,6.0938,6.1406,6.0313,1132800,6.125
3/16/1984,6.1875,6.2188,6.2344,6.125,5571200,6.0469
3/19/1984,6.2188,6.1406,6.2188,6.125,1404000,6.1875
3/20/1984,6.25,6.2188,6.25,6.2031,2974400,6.2188
3/21/1984,6.2656,6.25,6.2969,6.2031,1928800,6.25
3/22/1984,6.1406,6.2344,6.2344,6.0938,1688800,6.2656
3/23/1984,6.1719,6.1094,6.1719,6.0781,2867200,6.1406
3/26/1984,6.2656,6.2188,6.3438,6.2031,4644000,6.1719
3/27/1984,6.25,6.25,6.2969,6.2344,1435200,6.2656
3/28/1984,6.5625,6.2344,6.5625,6.2344,4538400,6.25
3/29/1984,6.5781,6.5625,6.5938,6.5,2960000,6.5625
3/30/1984,6.4063,6.5625,6.5625,6.3594,1508800,6.5781
4/2/1984,6.4063,6.4219,6.4531,6.3125,1817600,6.4063
4/3/1984,6.3594,6.4063,6.4063,6.3438,1687200,6.4063
4/4/1984,6.4219,6.375,6.4531,6.375,934400,6.3594
4/5/1984,6.3281,6.4063,6.4375,6.3281,1296000,6.4219
4/6/1984,6.4063,6.3281,6.4375,6.3281,2636800,6.3281
4/9/1984,6.2031,6.4063,6.4063,6.2031,2318400,6.4063
4/10/1984,6.2656,6.2031,6.3281,6.2031,2069600,6.2031
4/11/1984,5.75,6.2813,6.2969,5.75,10356800,6.2656
4/12/1984,5.8594,5.75,5.8594,5.6094,12210400,5.75
4/13/1984,5.75,5.8594,5.9219,5.6875,4112000,5.8594
4/16/1984,5.7188,5.6875,5.7188,5.6563,1592000,5.75
4/17/1984,5.8281,5.7344,5.8438,5.7188,2934400,5.7188
4/18/1984,5.8281,5.8125,5.875,5.8125,1533600,5.8281
4/19/1984,5.8594,5.8281,5.9063,5.8281,2348000,5.8281
4/23/1984,5.875,5.8906,5.9375,5.875,1366400,5.8594
4/24/1984,6,5.8906,6.0469,5.875,2441600,5.875
4/25/1984,6.1406,6,6.1406,6,3027200,6
4/26/1984,6.1094,6.1563,6.1875,6.1094,3445600,6.1406
4/27/1984,5.9219,6.1094,6.1094,5.9219,1456000,6.1094
4/30/1984,5.875,5.9219,5.9375,5.7969,3899200,5.9219
5/1/1984,5.8125,5.8594,5.9063,5.7813,1900000,5.875
5/2/1984,5.7969,5.7813,5.8281,5.7656,2726400,5.8125
5/3/1984,5.75,5.7969,5.7969,5.7188,1508800,5.7969
5/4/1984,5.75,5.7344,5.8125,5.7188,3210400,5.75
5/7/1984,5.8125,5.7656,5.8281,5.7656,1585600,5.75
5/8/1984,5.9219,5.8125,5.9219,5.8125,2069600,5.8125
5/9/1984,5.8438,5.9219,5.9219,5.8281,1445600,5.9219
5/10/1984,5.8438,5.875,5.9063,5.7969,2415200,5.8438
5/11/1984,5.75,5.8281,5.8438,5.7031,1990400,5.8438
5/14/1984,5.6406,5.75,5.75,5.6406,2040800,5.75
5/15/1984,5.625,5.6406,5.6719,5.5781,3185600,5.6406
5/16/1984,5.6406,5.625,5.6719,5.5938,2017600,5.625
5/17/1984,5.5469,5.5625,5.5938,5.4844,2908000,5.6406
5/18/1984,5.5469,5.5625,5.5781,5.5,2035200,5.5469
5/21/1984,5.3438,5.5469,5.5469,5.3438,1826400,5.5469
5/22/1984,5.2031,5.2813,5.3125,5.1875,3040800,5.3438
5/23/1984,5.2031,5.2031,5.25,5.1875,2128800,5.2031
5/24/1984,5.125,5.2031,5.2344,5.0625,1597600,5.2031
5/25/1984,5.1094,5.0938,5.2031,5.0625,1345600,5.125
5/29/1984,4.9844,5.1406,5.1563,4.9375,965600,5.1094
5/30/1984,5.0781,4.9844,5.125,4.9063,2218400,4.9844
5/31/1984,5.0938,5.0781,5.1094,5,1207200,5.0781
6/1/1984,5.2344,5.125,5.2344,5.125,1345600,5.0938
6/4/1984,5.3125,5.2344,5.3281,5.2344,2378400,5.2344
6/5/1984,5.3594,5.3125,5.3594,5.2969,1889600,5.3125
6/6/1984,5.2969,5.3438,5.3906,5.2813,1779200,5.3594
6/7/1984,5.1875,5.3125,5.3125,5.1719,3600000,5.2969
6/8/1984,5,5.1719,5.1875,5,1892000,5.1875
6/11/1984,4.9531,5.0156,5.0469,4.9531,2770400,5
6/12/1984,4.8906,4.9688,4.9844,4.8906,2779200,4.9531
6/13/1984,4.9063,4.9063,4.9375,4.875,1693600,4.8906
6/14/1984,4.9219,4.9219,4.9531,4.8594,813600,4.9063
6/15/1984,4.875,4.9063,5,4.875,2523200,4.9219
6/18/1984,4.9063,4.9063,4.9063,4.8125,4403200,4.875
6/19/1984,4.875,4.9219,4.9375,4.8438,1071200,4.9063
6/20/1984,4.7969,4.8281,4.8594,4.7188,2067200,4.875
6/21/1984,4.8438,4.8281,4.8906,4.7656,3048800,4.7969
6/22/1984,4.7813,4.8438,4.8594,4.7031,1876000,4.8438
6/25/1984,4.625,4.7813,4.7813,4.6094,3448000,4.7813
6/26/1984,4.5,4.6406,4.6406,4.5,4836000,4.625
6/27/1984,4.4531,4.5469,4.5625,4.4063,3037600,4.5
6/28/1984,4.625,4.4531,4.6719,4.4375,1780000,4.4531
6/29/1984,4.6875,4.6719,4.7344,4.6563,1584800,4.625
7/2/1984,4.6094,4.7344,4.7344,4.5781,1837600,4.6875
7/3/1984,4.6875,4.6094,4.6875,4.6094,811200,4.6094
7/5/1984,4.6719,4.7344,4.75,4.6563,1312800,4.6875
7/6/1984,4.6094,4.6563,4.6719,4.6094,1331200,4.6719
7/9/1984,4.8125,4.5781,4.8125,4.5156,1192000,4.6094
7/10/1984,4.75,4.8125,4.8125,4.7031,1372800,4.8125
7/11/1984,4.6406,4.7188,4.7188,4.6406,670400,4.75
7/12/1984,4.625,4.6406,4.6719,4.6094,1041600,4.6406
7/13/1984,4.6563,4.6563,4.6719,4.625,1077600,4.625
7/16/1984,4.7031,4.6563,4.7188,4.5938,1416000,4.6563
7/17/1984,4.6875,4.6875,4.6875,4.6406,840800,4.7031
7/18/1984,4.5469,4.6563,4.6563,4.5,628800,4.6875
7/19/1984,4.5156,4.5625,4.5625,4.5,516000,4.5469
7/20/1984,4.3125,4.5,4.5156,4.2813,1646400,4.5156
7/23/1984,4.3438,4.2813,4.3438,4.2188,2009600,4.3125
7/24/1984,4.2813,4.4063,4.4063,4.2656,818400,4.3438
7/25/1984,4.2344,4.25,4.3438,4.2344,2826400,4.2813
7/26/1984,4.2656,4.25,4.2813,4.1875,5225600,4.2344
7/27/1984,4.2813,4.2656,4.2813,4.2344,1864000,4.2656
7/30/1984,4.2344,4.2969,4.3125,4.2344,1176000,4.2813
7/31/1984,4.2969,4.2344,4.3281,4.2344,1247200,4.2344
8/1/1984,4.4531,4.3438,4.4688,4.3438,1666400,4.2969
8/2/1984,4.7813,4.4844,4.7969,4.4844,4544800,4.4531
8/3/1984,4.875,5,5.0313,4.8594,5188800,4.7813
8/6/1984,4.8125,4.875,4.9688,4.7656,2111200,4.875
8/7/1984,4.5938,4.75,4.8281,4.5938,1891200,4.8125
8/8/1984,4.4844,4.6563,4.6719,4.375,1268800,4.5938
8/9/1984,4.8281,4.4844,4.9063,4.4844,3123200,4.4844
8/10/1984,4.875,5,5.0156,4.8438,2259200,4.8281
8/13/1984,4.875,4.8594,4.8906,4.7969,1017600,4.875
8/14/1984,4.7344,4.9219,4.9219,4.7188,1219200,4.875
8/15/1984,4.7031,4.7188,4.7969,4.6875,1451200,4.7344
8/16/1984,4.7969,4.6875,4.8281,4.6719,1846400,4.7031
8/17/1984,4.75,4.8281,4.8594,4.7188,712000,4.7969
8/20/1984,4.8281,4.7656,4.8281,4.7656,869600,4.75
8/21/1984,4.9063,4.8438,4.9219,4.8438,2089600,4.8281
8/22/1984,4.9063,4.9375,4.9531,4.875,2405600,4.9063
8/23/1984,4.8906,4.9063,4.9375,4.875,928000,4.9063
8/24/1984,4.875,4.9063,4.9063,4.8438,586400,4.8906
8/27/1984,5,4.8906,5,4.8594,617600,4.875
8/28/1984,4.9375,5,5,4.8906,993600,5
8/29/1984,4.8594,4.9219,4.9375,4.8594,2697600,4.9375
8/30/1984,4.8594,4.875,4.9063,4.8438,824000,4.8594
8/31/1984,4.8594,4.8906,4.8906,4.8438,494400,4.8594
9/4/1984,4.9063,4.875,4.9219,4.875,712800,4.8594
9/5/1984,4.7813,4.875,4.875,4.7656,1655200,4.9063
9/6/1984,4.7813,4.7656,4.7813,4.75,1716800,4.7813
9/7/1984,4.6094,4.7656,4.7813,4.5938,1919200,4.7813
9/10/1984,4.625,4.5781,4.6406,4.5156,1652000,4.6094
9/11/1984,4.6563,4.6563,4.7188,4.625,1115200,4.625
9/12/1984,4.8125,4.6563,4.8125,4.6563,974400,4.6563
9/13/1984,4.9219,4.8438,4.9219,4.7969,1099200,4.8125
9/14/1984,4.3125,4.3125,4.3438,4.25,13062400,4.9219
9/17/1984,4.3438,4.3438,4.3906,4.3281,4425600,4.3125
9/18/1984,4.3125,4.3438,4.3438,4.2969,3052000,4.3438
9/19/1984,4.25,4.3125,4.3281,4.25,4512000,4.3125
9/20/1984,4.2813,4.25,4.2969,4.2344,4232800,4.25
9/21/1984,4.3438,4.2813,4.5469,4.2813,6680800,4.2813
9/24/1984,4.4375,4.3594,4.4531,4.3594,1770400,4.3438
9/25/1984,4.3906,4.4688,4.4844,4.3906,2055200,4.4375
9/26/1984,4.4219,4.3906,4.4688,4.3906,1481600,4.3906
9/27/1984,4.4531,4.4531,4.4688,4.4375,1174400,4.4219
9/28/1984,4.375,4.4531,4.4531,4.3281,1941600,4.4531
10/1/1984,4.3438,4.3438,4.3594,4.3125,1498400,4.375
10/2/1984,4.3438,4.3594,4.375,4.3125,1947200,4.3438
10/3/1984,4.2969,4.3281,4.3281,4.2813,1876000,4.3438
10/4/1984,4.25,4.2813,4.3125,4.2188,4064800,4.2969
10/5/1984,3.9531,4.25,4.25,3.8906,8420800,4.25
10/8/1984,3.9063,3.9375,3.9375,3.8281,3567200,3.9531
10/9/1984,3.8438,3.9063,3.9375,3.8281,3687200,3.9063
10/10/1984,4.0781,3.8594,4.1094,3.625,5532800,3.8438
10/11/1984,3.9375,4,4.0156,3.875,5710400,4.0781
10/12/1984,3.8594,#N/A N/A,3.9688,3.8281,4603200,3.9375
10/15/1984,3.8594,#N/A N/A,3.9063,3.8438,2568800,3.8594
10/16/1984,3.7656,#N/A N/A,3.8594,3.75,3094400,3.8594
10/17/1984,3.7188,#N/A N/A,3.7656,3.6563,3480800,3.7656
10/18/1984,4,#N/A N/A,4,3.6719,5104800,3.7188
10/19/1984,4.0156,#N/A N/A,4.2188,3.9688,10078400,4
10/22/1984,3.9844,#N/A N/A,4.0469,3.9688,1824800,4.0156
10/23/1984,4.0156,#N/A N/A,4.0156,3.9688,1612800,3.9844
10/24/1984,4.0938,#N/A N/A,4.1094,4,2892000,4.0156
10/25/1984,3.9688,#N/A N/A,4.125,3.9531,2245600,4.0938
10/26/1984,3.875,#N/A N/A,3.9688,3.8281,4584800,3.9688
10/29/1984,3.875,3.8594,3.9063,3.8438,1700000,3.875
10/30/1984,3.8438,#N/A N/A,3.8594,3.8125,1486400,3.875
10/31/1984,3.875,#N/A N/A,3.875,3.8281,1008000,3.8438
11/1/1984,3.8594,#N/A N/A,3.9063,3.8438,2469600,3.875
11/2/1984,3.9844,#N/A N/A,4.0469,3.875,3368000,3.8594
11/5/1984,4.0938,#N/A N/A,4.0938,3.9844,3049600,3.9844
11/6/1984,4.1719,#N/A N/A,4.1719,4.0781,4427200,4.0938
11/7/1984,4.2188,#N/A N/A,4.25,4.1406,2608800,4.1719
11/8/1984,4.2188,#N/A N/A,4.2813,4.2031,2616000,4.2188
11/9/1984,4.1719,#N/A N/A,4.2656,4.1719,880000,4.2188
11/12/1984,4.1719,#N/A N/A,4.2031,4.1406,898400,4.1719
11/13/1984,4.1563,#N/A N/A,4.2031,4.1406,933600,4.1719
11/14/1984,4.1406,#N/A N/A,4.1719,4.0781,1168000,4.1563
11/15/1984,4.0625,#N/A N/A,4.1094,4.0313,1718400,4.1406
11/16/1984,4.0156,#N/A N/A,4.0938,4.0156,1070400,4.0625
11/19/1984,3.9219,4.0313,4.0313,3.9219,1232000,4.0156
11/20/1984,3.9219,3.9219,3.9531,3.9063,1059200,3.9219
11/21/1984,3.8594,3.9063,3.9063,3.7969,2195200,3.9219
11/23/1984,3.8594,3.875,3.875,3.8438,2404000,3.8594
11/26/1984,3.8906,3.8594,3.9375,3.8281,2872000,3.8594
11/27/1984,3.9531,3.9063,3.9844,3.8906,1268800,3.8906
11/28/1984,3.8906,3.9531,3.9688,3.8594,1335200,3.9531
11/29/1984,3.875,3.9063,3.9375,3.8594,1757600,3.8906
11/30/1984,3.8594,3.875,3.8906,3.8125,1695200,3.875
12/3/1984,3.7969,3.8438,3.8594,3.7656,1809600,3.8594
12/4/1984,3.7969,3.8281,3.8438,3.7813,1556000,3.7969
12/5/1984,3.7344,3.8125,3.8125,3.7031,1295200,3.7969
12/6/1984,3.8281,3.7344,3.8281,3.7031,2182400,3.7344
12/7/1984,3.7813,3.8281,3.8281,3.7656,981600,3.8281
12/10/1984,3.7344,3.75,3.7813,3.7031,1088800,3.7813
12/11/1984,3.75,3.75,3.7656,3.7188,802400,3.7344
12/12/1984,3.7188,3.75,3.75,3.6406,1265600,3.75
12/13/1984,3.5781,3.7188,3.7188,3.5469,2271200,3.7188
12/14/1984,3.6094,3.5938,3.6563,3.5781,2973600,3.5781
12/17/1984,3.6875,3.5938,3.7344,3.5938,2724800,3.6094
12/18/1984,3.8594,3.75,3.8594,3.75,6269600,3.6875
12/19/1984,3.875,3.875,3.9063,3.8438,2528800,3.8594
12/20/1984,3.7656,3.875,3.875,3.75,1238400,3.875
12/21/1984,3.6875,3.75,3.7656,3.625,1798400,3.7656
12/24/1984,3.8594,3.6875,3.8594,3.6719,2708800,3.6875
12/26/1984,3.7969,3.8594,3.875,3.7969,1914400,3.8594
12/27/1984,3.8281,3.8438,3.8594,3.7969,2879200,3.7969
12/28/1984,3.875,3.8281,3.875,3.8281,2751200,3.8281
12/31/1984,3.875,3.8594,3.9219,3.8438,2172800,3.875
1/2/1985,3.875,3.875,3.8906,3.8438,1180800,3.875
1/3/1985,3.8594,3.8594,3.9063,3.8438,1972000,3.875
1/4/1985,3.875,3.8438,3.875,3.8438,1180800,3.8594
1/7/1985,3.8438,3.9063,3.9531,3.8438,2008000,3.875
1/8/1985,3.75,3.8438,3.875,3.75,1854400,3.8438
1/9/1985,3.8125,3.75,3.8281,3.75,1042400,3.75
1/10/1985,3.75,3.7969,3.7969,3.7188,2642400,3.8125
1/11/1985,3.6719,3.75,3.75,3.6563,1860000,3.75
1/14/1985,3.7344,3.6563,3.75,3.625,2863200,3.6719
1/15/1985,3.75,3.7656,3.7813,3.6875,2012000,3.7344
1/16/1985,3.75,3.7656,3.7813,3.7188,4868800,3.75
1/17/1985,3.8125,3.7813,3.8281,3.75,1796800,3.75
1/18/1985,3.7969,3.8125,3.8125,3.6875,4954400,3.8125
1/21/1985,4,3.7969,4.0156,3.7969,2388800,3.7969
1/22/1985,4.0313,4.0625,4.0781,3.9219,3184000,4
1/23/1985,4.1563,4.0313,4.1875,4.0313,4084800,4.0313
1/24/1985,4.1875,4.1563,4.3125,4.1406,2698400,4.1563
1/25/1985,4.2031,4.1875,4.25,4.1719,1488000,4.1875
1/28/1985,4.1719,4.2188,4.2344,4.1563,1528000,4.2031
1/29/1985,4.2813,4.2031,4.2813,4.1875,2579200,4.1719
1/30/1985,4.2188,4.2969,4.3125,4.1719,2970400,4.2813
1/31/1985,4.1719,4.1875,4.2188,4.1563,2156000,4.2188
2/1/1985,4.2031,4.1875,4.2188,4.1563,1059200,4.1719
2/4/1985,4.2031,4.1875,4.2344,4.1719,1399200,4.2031
2/5/1985,4.1406,4.2031,4.2188,4.1094,1562400,4.2031
2/6/1985,4.1406,4.1719,4.1719,4.1094,988000,4.1406
2/7/1985,4.1563,4.125,4.1719,4.1094,1504000,4.1406
2/8/1985,4.3281,4.2188,4.3281,4.1563,2283200,4.1563
2/11/1985,4.2188,4.3125,4.3125,4.1875,1764800,4.3281
2/12/1985,4.0781,4.2031,4.2031,4.0781,1604000,4.2188
2/13/1985,4.0938,4.0938,4.1406,4.0625,1465600,4.0781
2/14/1985,4.0313,4.0781,4.1094,4.0313,1999200,4.0938
2/15/1985,4,4.0625,4.0781,3.9844,1547200,4.0313
2/19/1985,3.9688,3.9844,3.9844,3.9375,960000,4
2/20/1985,3.9844,3.9688,4.0625,3.9375,1710400,3.9688
2/21/1985,3.9219,3.9688,3.9688,3.9219,2565600,3.9844
2/22/1985,3.9844,3.9531,4.0313,3.9375,1609600,3.9219
2/25/1985,4,3.9531,4.0313,3.9375,1429600,3.9844
2/26/1985,4.125,4.0156,4.125,4,2027200,4
2/27/1985,4.0938,4.125,4.125,4.0625,1815200,4.125
2/28/1985,4.1094,4.0781,4.1094,4.0781,997600,4.0938
3/1/1985,4.0938,4.0938,4.1406,4.0781,2133600,4.1094
3/4/1985,4.0313,4.0938,4.0938,4.0156,1028000,4.0938
3/5/1985,4.0313,4.0469,4.0469,4,884800,4.0313
3/6/1985,3.9688,4.0156,4.0156,3.9531,1097600,4.0313
3/7/1985,3.8594,3.9375,3.9688,3.8438,1924000,3.9688
3/8/1985,3.9375,3.8906,3.9688,3.875,1194400,3.8594
3/11/1985,3.9219,3.9688,3.9688,3.9219,662400,3.9375
3/12/1985,3.9219,3.9219,3.9688,3.9063,1356000,3.9219
3/13/1985,3.8906,3.9375,3.9375,3.8438,942400,3.9219
3/14/1985,3.8906,3.875,3.9063,3.875,494400,3.8906
3/15/1985,3.8281,3.8906,3.8906,3.8281,1693600,3.8906
3/18/1985,3.6719,3.8438,3.8438,3.6719,1736000,3.8281
3/19/1985,3.7188,3.6719,3.75,3.625,2697600,3.6719
3/20/1985,3.75,3.7344,3.7656,3.7188,4013600,3.7188
3/21/1985,3.7188,3.75,3.75,3.7031,920000,3.75
3/22/1985,3.75,3.7188,3.7813,3.7031,2747200,3.7188
3/25/1985,3.7656,3.7656,3.7813,3.7344,1016800,3.75
3/26/1985,3.8281,3.7656,3.8438,3.75,602400,3.7656
3/27/1985,3.9063,3.8594,3.9063,3.8438,1144000,3.8281
3/28/1985,3.9531,3.8906,4,3.8906,2058400,3.9063
3/29/1985,4.0156,3.9375,4.0156,3.9375,1075200,3.9531
4/1/1985,4.1094,4.0781,4.125,4.0156,1041600,4.0156
4/2/1985,4.0938,4.1094,4.1406,4.0781,1632800,4.1094
4/3/1985,4,4.0938,4.0938,3.9531,1053600,4.0938
4/4/1985,3.9531,4,4,3.9375,959200,4
4/8/1985,3.9531,3.9531,3.9844,3.9219,876800,3.9531
4/9/1985,3.8438,3.9531,3.9531,3.8281,2126400,3.9531
4/10/1985,3.8125,3.8281,3.8438,3.75,1731200,3.8438
4/11/1985,3.9844,3.8906,4,3.875,2472000,3.8125
4/12/1985,3.9844,4,4.0156,3.9531,552000,3.9844
4/15/1985,4.0313,4.0156,4.0625,4,1972000,3.9844
4/16/1985,4.0938,4.0781,4.1406,4.0156,4111200,4.0313
4/17/1985,4.1406,4.0938,4.1719,3.9688,4517600,4.0938
4/18/1985,4.0938,4.1563,4.1563,4.0625,1774400,4.1406
4/19/1985,4.0781,4.0781,4.125,4.0625,1332000,4.0938
4/22/1985,4.0781,4.1094,4.1094,4.0781,1048800,4.0781
4/23/1985,4.1094,4.0938,4.1094,4.0625,1257600,4.0781
4/24/1985,4.1094,4.0938,4.1094,4.0781,996800,4.1094
4/25/1985,4.0938,4.1094,4.125,4.0781,1230400,4.1094
4/26/1985,4.0938,4.0938,4.125,4.0938,1638400,4.0938
4/29/1985,4.0938,4.0781,4.1094,4.0469,733600,4.0938
4/30/1985,3.9531,4.0938,4.0938,3.9531,1225600,4.0938
5/1/1985,3.9219,3.9688,3.9688,3.9063,1500000,3.9531
5/2/1985,3.8906,3.9063,3.9219,3.875,669600,3.9219
5/3/1985,3.875,3.8906,3.8906,3.8438,2264000,3.8906
5/6/1985,3.8594,3.9219,3.9375,3.8438,1525600,3.875
5/7/1985,3.8906,3.8594,3.9063,3.8438,2597600,3.8594
5/8/1985,3.9063,3.9063,3.9375,3.8906,914400,3.8906
5/9/1985,3.9219,3.9063,3.9375,3.8906,1522400,3.9063
5/10/1985,4.0625,3.9375,4.0781,3.9219,1762400,3.9219
5/13/1985,4.0938,4.0938,4.1094,4.0781,948800,4.0625
5/14/1985,4.0781,4.125,4.1406,4.0625,1260800,4.0938
5/15/1985,4.0781,4.0938,4.1094,4.0313,1204000,4.0781
5/16/1985,4.0781,4.0938,4.0938,4.0469,688800,4.0781
5/17/1985,4.2344,4.1563,4.2344,4.0469,6963200,4.0781
5/20/1985,4.3281,4.2969,4.3438,4.2656,3351200,4.2344
5/21/1985,4.375,4.3281,4.4219,4.3125,4822400,4.3281
5/22/1985,4.3281,4.3438,4.3438,4.3125,1617600,4.375
5/23/1985,4.2969,4.2969,4.3438,4.2813,1123200,4.3281
5/24/1985,4.3281,4.3281,4.3438,4.2969,1196000,4.2969
5/28/1985,4.3438,4.3281,4.375,4.3125,1246400,4.3281
5/29/1985,4.3438,4.3594,4.3594,4.3125,905600,4.3438
5/30/1985,4.3125,4.3594,4.3594,4.2969,1735200,4.3438
5/31/1985,4.3281,4.3125,4.3594,4.2969,1889600,4.3125
6/3/1985,4.3906,4.3906,4.3906,4.3438,1591200,4.3281
6/4/1985,4.4688,4.4219,4.5,4.4219,3568800,4.3906
6/5/1985,4.4219,4.5,4.5,4.4219,3457600,4.4688
6/6/1985,4.3125,4.4063,4.4063,4.3125,5049600,4.4219
6/7/1985,4.25,4.3125,4.3125,4.25,2058400,4.3125
6/10/1985,4.25,4.2344,4.25,4.2188,971200,4.25
6/11/1985,4.2188,4.2656,4.2656,4.2188,785600,4.25
6/12/1985,4.2031,4.2188,4.2188,4.1875,939200,4.2188
6/13/1985,4.1875,4.2344,4.2344,4.1719,724000,4.2031
6/14/1985,4.2188,4.2344,4.2344,4.1875,1597600,4.1875
6/17/1985,4.1875,4.2188,4.2188,4.1875,450400,4.2188
6/18/1985,4.2031,4.1875,4.2344,4.1875,1808000,4.1875
6/19/1985,4.2031,4.2188,4.2188,4.1875,1334400,4.2031
6/20/1985,4.1875,4.1875,4.2344,4.1563,1621600,4.2031
6/21/1985,4.2344,4.1719,4.2344,4.1563,2183200,4.1875
6/24/1985,4.2031,4.2031,4.2031,4.1719,1528000,4.2344
6/25/1985,4.1875,4.2188,4.2344,4.1719,2897600,4.2031
6/26/1985,4.125,4.1719,4.1719,4.125,853600,4.1875
6/27/1985,4.1563,4.125,4.1563,4.125,1289600,4.125
6/28/1985,4.1406,4.1406,4.1563,4.0938,933600,4.1563
7/1/1985,4.2031,4.1563,4.2188,4.1406,1926400,4.1406
7/2/1985,4.2656,4.2031,4.2813,4.2031,1040000,4.2031
7/3/1985,4.3125,4.2969,4.3438,4.2813,1853600,4.2656
7/5/1985,4.4375,4.3281,4.4375,4.3281,1424000,4.3125
7/8/1985,4.4063,4.4219,4.4219,4.375,1394400,4.4375
7/9/1985,4.4688,4.4063,4.5313,4.4063,3412000,4.4063
7/10/1985,4.6875,4.5,4.7031,4.4688,9497600,4.4688
7/11/1985,4.5938,4.6875,4.6875,4.5469,5133600,4.6875
7/12/1985,4.5938,4.5781,4.6094,4.5625,2881600,4.5938
7/15/1985,4.5625,4.6094,4.6094,4.5625,1136800,4.5938
7/16/1985,4.5469,4.5625,4.5625,4.4688,2212000,4.5625
7/17/1985,4.5156,4.5469,4.5469,4.4844,1834400,4.5469
7/18/1985,4.5313,4.5156,4.5938,4.5,3250400,4.5156
7/19/1985,4.5625,4.5313,4.5625,4.5313,642400,4.5313
7/22/1985,4.5781,4.5781,4.5781,4.5313,706400,4.5625
7/23/1985,4.625,4.5781,4.6719,4.5781,4596000,4.5781
7/24/1985,4.6719,4.6563,4.6719,4.625,3004800,4.625
7/25/1985,4.7188,4.6875,4.7813,4.6719,2813600,4.6719
7/26/1985,4.7656,4.7188,4.7813,4.7031,2597600,4.7188
7/29/1985,4.625,4.75,4.75,4.6094,1024000,4.7656
7/30/1985,4.5,4.5938,4.6094,4.4375,1671200,4.625
7/31/1985,4.6094,4.5469,4.6094,4.5469,2411200,4.5
8/1/1985,4.7188,4.6875,4.7344,4.6719,1712000,4.6094
8/2/1985,4.6563,4.6875,4.7031,4.6563,1278400,4.7188
8/5/1985,4.5938,4.6875,4.6875,4.5781,478400,4.6563
8/6/1985,4.4531,4.5938,4.5938,4.4375,1088800,4.5938
8/7/1985,4.5313,4.4688,4.5313,4.4531,3567200,4.4531
8/8/1985,4.5,4.5469,4.5938,4.4844,1701600,4.5313
8/9/1985,4.4844,4.5156,4.5156,4.4531,730400,4.5
8/12/1985,4.4844,4.4844,4.5,4.4531,1236000,4.4844
8/13/1985,4.4531,4.4844,4.4844,4.4375,2248000,4.4844
8/14/1985,4.4688,4.4688,4.5156,4.4531,801600,4.4531
8/15/1985,4.4844,4.5,4.5,4.4531,448000,4.4688
8/16/1985,4.4531,4.4688,4.4844,4.4375,1946400,4.4844
8/19/1985,4.5,4.4531,4.5156,4.4531,698400,4.4531
8/20/1985,4.5,4.5156,4.5313,4.4688,1249600,4.5
8/21/1985,4.5938,4.5156,4.5938,4.5,1329600,4.5
8/22/1985,4.5156,4.5938,4.5938,4.5156,588800,4.5938
8/23/1985,4.5156,4.5,4.5156,4.4688,2163200,4.5156
8/26/1985,4.5313,4.5313,4.5469,4.5,1370400,4.5156
8/27/1985,4.5469,4.5313,4.5625,4.5313,457600,4.5313
8/28/1985,4.5313,4.5313,4.5469,4.5156,1025600,4.5469
8/29/1985,4.5156,4.5313,4.5469,4.5,839200,4.5313
8/30/1985,4.5,4.5469,4.5469,4.5,873600,4.5156
9/3/1985,4.4375,4.5156,4.5156,4.4219,1036000,4.5
9/4/1985,4.4531,4.4375,4.4688,4.4375,652000,4.4375
9/5/1985,4.4688,4.4844,4.4844,4.4531,633600,4.4531
9/6/1985,4.5156,4.4688,4.5156,4.4531,574400,4.4688
9/9/1985,4.625,4.5469,4.625,4.5313,2108800,4.5156
9/10/1985,4.5,4.5938,4.6094,4.5,848000,4.625
9/11/1985,4.4219,4.5313,4.5313,4.3594,976800,4.5
9/12/1985,4.2344,4.4219,4.4219,4.2344,1884000,4.4219
9/13/1985,4.1875,4.25,4.2656,4.125,988800,4.2344
9/16/1985,4.2188,4.1875,4.2344,4.1875,604800,4.1875
9/17/1985,4.2969,4.2031,4.2969,4.2031,969600,4.2188
9/18/1985,4.2656,4.2656,4.2813,4.2344,957600,4.2969
9/19/1985,4.3438,4.3125,4.3594,4.2969,462400,4.2656
9/20/1985,4.2656,4.375,4.375,4.2656,1375200,4.3438
9/23/1985,4.5313,4.4688,4.5313,4.4375,3416000,4.2656
9/24/1985,4.5156,4.5313,4.5781,4.5,2530400,4.5313
9/25/1985,4.4063,4.5156,4.5156,4.3906,1166400,4.5156
9/26/1985,4.4531,4.375,4.4531,4.375,1014400,4.4063
9/27/1985,4.4531,4.375,4.4531,4.375,1014400,4.4063
9/30/1985,4.4219,4.4375,4.4688,4.4063,1244000,4.4531
10/1/1985,4.5469,4.4375,4.5469,4.3906,1232800,4.4219
10/2/1985,4.5625,4.5781,4.5938,4.5469,2293600,4.5469
10/3/1985,4.5469,4.5156,4.5781,4.5156,1982400,4.5625
10/4/1985,4.4688,4.5469,4.5469,4.4688,1228800,4.5469
10/7/1985,4.4375,4.4531,4.5,4.4219,795200,4.4688
10/8/1985,4.4531,4.4375,4.4844,4.4063,872000,4.4375
10/9/1985,4.5313,4.4531,4.5469,4.4531,1154400,4.4531
10/10/1985,4.5625,4.5469,4.5781,4.5313,647200,4.5313
10/11/1985,4.6094,4.5469,4.625,4.5156,1523200,4.5625
10/14/1985,4.5938,4.6406,4.6406,4.5625,1380800,4.6094
10/15/1985,4.6094,4.625,4.6406,4.5781,2554400,4.5938
10/16/1985,4.5781,4.6094,4.7031,4.5,3584000,4.6094
10/17/1985,4.4531,4.6094,4.6094,4.4531,3624000,4.5781
10/18/1985,4.375,4.4688,4.4688,4.375,803200,4.4531
10/21/1985,4.3438,4.3594,4.375,4.3125,772000,4.375
10/22/1985,4.3438,4.3438,4.3906,4.3281,1426400,4.3438
10/23/1985,4.2969,4.3438,4.3594,4.2969,532800,4.3438
10/24/1985,4.3906,4.3281,4.4063,4.3281,1235200,4.2969
10/25/1985,4.3594,4.3594,4.3594,4.2969,383200,4.3906
10/28/1985,4.3438,4.3594,4.3594,4.3281,252000,4.3594
10/29/1985,4.375,4.375,4.3906,4.3281,1523200,4.3438
10/30/1985,4.4063,4.4063,4.4219,4.375,1866400,4.375
10/31/1985,4.4375,4.4219,4.4375,4.3906,1646400,4.4063
11/1/1985,4.5,4.4219,4.5156,4.4063,2577600,4.4375
11/4/1985,4.5625,4.5156,4.5625,4.4844,2100000,4.5
11/5/1985,4.5313,4.5469,4.5625,4.5,1381600,4.5625
11/6/1985,4.4688,4.5313,4.5469,4.4531,2616800,4.5313
11/7/1985,4.5469,4.4688,4.5469,4.4531,3857600,4.4688
11/8/1985,4.7188,4.5625,4.7344,4.5156,4726400,4.5469
11/11/1985,4.7813,4.7344,4.7969,4.7031,3135200,4.7188
11/12/1985,4.7344,4.7969,4.7969,4.7188,2632800,4.7813
11/13/1985,4.625,4.7344,4.7344,4.6094,2330400,4.7344
11/14/1985,4.7031,4.6406,4.7188,4.625,1504000,4.625
11/15/1985,4.7969,4.7031,4.8906,4.7031,3732800,4.7031
11/18/1985,4.7813,4.7656,4.7969,4.7031,1915200,4.7969
11/19/1985,4.875,4.8281,4.9219,4.8125,5688800,4.7813
11/20/1985,4.8125,4.8594,4.875,4.7969,2840000,4.875
11/21/1985,4.8281,4.8125,4.8906,4.7813,3320800,4.8125
11/22/1985,4.9531,4.8594,4.9844,4.8438,4380000,4.8281
11/25/1985,4.9844,4.9688,5,4.9219,2071200,4.9531
11/26/1985,4.9531,4.9844,4.9844,4.9531,1592800,4.9844
11/27/1985,4.9844,4.9531,5.0156,4.9531,3660800,4.9531
11/29/1985,4.9844,4.9844,4.9844,4.9063,2138400,4.9844
12/2/1985,4.9531,4.9844,5,4.9375,1392000,4.9844
12/3/1985,4.9688,4.9531,5.0156,4.9375,1520000,4.9531
12/4/1985,5.0938,5,5.1094,5,5692000,4.9688
12/5/1985,5.0156,5.1094,5.125,5.0156,3347200,5.0938
12/6/1985,5,4.9844,5.0156,4.9219,2065600,5.0156
12/9/1985,5.0313,5.0313,5.0781,5.0156,2286400,5
12/10/1985,5.0625,5.0313,5.1094,5,2573600,5.0313
12/11/1985,5.1094,5.0625,5.1094,5.0625,2554400,5.0625
12/12/1985,5.1719,5.1094,5.1875,5.1094,4208800,5.1094
12/13/1985,5.2969,5.1875,5.2969,5.1719,4763200,5.1719
12/16/1985,5.3594,5.3125,5.3906,5.25,4887200,5.2969
12/17/1985,5.3438,5.375,5.3906,5.3438,3770400,5.3594
12/18/1985,5.3125,5.3438,5.3438,5.3125,1382400,5.3438
12/19/1985,5.2656,5.3125,5.3281,5.25,2468800,5.3125
12/20/1985,5.2344,5.2813,5.2969,5.0625,2986400,5.2656
12/23/1985,5,5.2344,5.2344,4.9688,2582400,5.2344
12/24/1985,4.9688,5.0313,5.0313,4.9531,2493600,5
12/26/1985,4.9688,4.9688,4.9844,4.9531,944800,4.9688
12/27/1985,5.1563,4.9688,5.1563,4.9688,2073600,4.9688
12/30/1985,5.2344,5.1875,5.2344,5.1719,2283200,5.1563
12/31/1985,5.25,5.25,5.2969,5.2031,979200,5.2344
1/2/1986,5.1875,5.25,5.25,5.1563,865600,5.25
1/3/1986,5.1875,5.1875,5.25,5.1719,925600,5.1875
1/6/1986,5.2344,5.2188,5.2344,5.1875,772000,5.1875
1/7/1986,5.25,5.25,5.3906,5.25,2422400,5.2344
1/8/1986,4.9688,5.2969,5.3438,4.9063,2477600,5.25
1/9/1986,5.0469,4.9688,5.0938,4.9375,4045600,4.9688
1/10/1986,5.1406,5.0938,5.2188,5.0781,2022400,5.0469
1/13/1986,5.2031,5.125,5.2031,5.125,1553600,5.1406
1/14/1986,5.3125,5.25,5.3125,5.2344,1900800,5.2031
1/15/1986,5.375,5.3438,5.4063,5.3125,1578400,5.3125
1/16/1986,5.2969,5.3906,5.3906,5.2969,1553600,5.375
1/17/1986,5.3906,5.3438,5.4531,5.3438,2200000,5.2969
1/20/1986,5.375,5.4063,5.4688,5.3594,3844800,5.3906
1/21/1986,5.4063,5.4063,5.5156,5.375,3157600,5.375
1/22/1986,5.3906,5.4531,5.4688,5.3906,2371200,5.4063
1/23/1986,5.4375,5.3906,5.4531,5.3906,1319200,5.3906
1/24/1986,5.5781,5.4688,5.5938,5.4375,3592800,5.4375
1/27/1986,5.6563,5.5938,5.6875,5.5625,3672000,5.5781
1/28/1986,5.7031,5.6563,5.7188,5.6406,1700800,5.6563
1/29/1986,5.8594,5.7188,5.875,5.7031,5414400,5.7031
1/30/1986,5.7031,5.8281,5.8594,5.6563,2885600,5.8594
1/31/1986,5.7188,5.7188,5.7969,5.7031,4423200,5.7031
2/3/1986,5.8438,5.7188,5.8594,5.7031,2825600,5.7188
2/4/1986,5.7188,5.8906,5.9063,5.6094,6975200,5.8438
2/5/1986,5.75,5.7344,5.75,5.6563,2116800,5.7188
2/6/1986,5.875,5.7656,5.8906,5.75,4155200,5.75
2/7/1986,5.9844,5.875,5.9844,5.8438,3704800,5.875
2/10/1986,6.0781,5.9844,6.0781,5.9688,2754400,5.9844
2/11/1986,6.125,6.0781,6.125,6.0313,3137600,6.0781
2/12/1986,6.2031,6.1406,6.2344,6.1094,2777600,6.125
2/13/1986,6.2188,6.2344,6.2656,6.1875,7156800,6.2031
2/14/1986,6.2031,6.2031,6.2344,6.1719,3719200,6.2188
2/18/1986,6.1094,6.1875,6.1875,6.0938,3053600,6.2031
2/19/1986,6,6.1406,6.1406,6,2330400,6.1094
2/20/1986,6,5.9844,6.0313,5.9531,2962400,6
2/21/1986,6.0938,6.0313,6.1094,6.0156,4652000,6
2/24/1986,6.0938,6.0781,6.1094,6.0313,1782400,6.0938
2/25/1986,6,6.0625,6.0781,5.9219,2102400,6.0938
2/26/1986,6.0625,5.9688,6.0938,5.9688,3966400,6
2/27/1986,6.25,6.0938,6.25,6.0781,4664800,6.0625
2/28/1986,6.3438,6.3438,6.3906,6.2813,7045600,6.25
3/3/1986,6.3438,6.3281,6.3906,6.3125,3374400,6.3438
3/4/1986,6.625,6.375,6.6563,6.3594,8955200,6.3438
3/5/1986,6.4844,6.5938,6.6094,6.4063,4914400,6.625
3/6/1986,6.4844,6.5469,6.5938,6.4844,2438400,6.4844
3/7/1986,6.3438,6.4844,6.4844,6.2969,1860000,6.4844
3/10/1986,6.2813,6.3594,6.3594,6.2656,855200,6.3438
3/11/1986,6.5,6.2813,6.5625,6.2656,6468000,6.2813
3/12/1986,6.4531,6.5469,6.5625,6.4219,2990400,6.5
3/13/1986,6.375,6.4063,6.4531,6.3125,2235200,6.4531
3/14/1986,6.4531,6.3906,6.4688,6.3281,3682400,6.375
3/17/1986,6.2656,6.4063,6.4531,6.25,2048000,6.4531
3/18/1986,6.5313,6.2813,6.5469,6.2656,3685600,6.2656
3/19/1986,6.4375,6.5313,6.5313,6.4219,2637600,6.5313
3/20/1986,6.6094,6.4688,6.6094,6.4375,1802400,6.4375
3/21/1986,6.4375,6.625,6.7031,6.4375,4316000,6.6094
3/24/1986,6.6563,6.5,6.6563,6.4375,2916000,6.4375
3/25/1986,6.5625,6.625,6.625,6.5469,1317600,6.6563
3/26/1986,6.5313,6.5469,6.6563,6.5,1476800,6.5625
3/27/1986,6.625,6.5781,6.6875,6.5625,2825600,6.5313
3/31/1986,6.5781,6.5625,6.6094,6.5156,1516000,6.625
4/1/1986,6.5156,6.5938,6.5938,6.4063,2750400,6.5781
4/2/1986,6.4688,6.4688,6.4688,6.4219,2404000,6.5156
4/3/1986,6.4219,6.4688,6.5313,6.3906,2286400,6.4688
4/4/1986,6.1875,6.4219,6.4688,6.1719,3313600,6.4219
4/7/1986,6.125,6.1406,6.1563,5.9375,3268800,6.1875
4/8/1986,6.125,6.1563,6.1719,6.0469,4991200,6.125
4/9/1986,6.2344,6.2188,6.3125,6.1719,4370400,6.125
4/10/1986,6.3125,6.2813,6.3281,6.2344,1847200,6.2344
4/11/1986,6.2031,6.3281,6.3281,6.1875,1923200,6.3125
4/14/1986,6.2031,6.1875,6.2188,6.1563,1108800,6.2031
4/15/1986,6.125,6.1719,6.2344,6.0938,3154400,6.2031
4/16/1986,6.4219,6.25,6.5156,6.2188,3726400,6.125
4/17/1986,6.6406,6.5,6.7188,6.4688,3472800,6.4219
4/18/1986,6.625,6.6406,6.6563,6.5938,1704000,6.6406
4/21/1986,6.6094,6.5938,6.6563,6.5625,1083200,6.625
4/22/1986,6.5313,6.6094,6.6094,6.5,1372800,6.6094
4/23/1986,6.5938,6.5156,6.625,6.5,1904800,6.5313
4/24/1986,6.7656,6.625,6.7813,6.6094,4016000,6.5938
4/25/1986,6.9063,6.7813,6.9219,6.75,4845600,6.7656
4/28/1986,6.9063,6.8906,6.9219,6.8438,3441600,6.9063
4/29/1986,6.8125,6.9063,6.9219,6.7813,2428800,6.9063
4/30/1986,6.625,6.8438,6.8438,6.5938,2744800,6.8125
5/1/1986,6.625,6.6094,6.6563,6.5313,2027200,6.625
5/2/1986,6.5,6.6875,6.7031,6.5,1922400,6.625
5/5/1986,6.4688,6.5,6.5469,6.4531,1512800,6.5
5/6/1986,6.4375,6.4844,6.4844,6.3594,986400,6.4688
5/7/1986,6.3906,6.4219,6.4531,6.3438,3865600,6.4375
5/8/1986,6.4375,6.4219,6.5,6.4219,2095200,6.3906
5/9/1986,6.5156,6.4531,6.5313,6.4375,1656000,6.4375
5/12/1986,6.5156,6.5781,6.5781,6.4844,1860000,6.5156
5/13/1986,6.4219,6.4844,6.5156,6.3906,1015200,6.5156
5/14/1986,6.4063,6.4375,6.4375,6.3594,2014400,6.4219
5/15/1986,6.2656,6.4219,6.4375,6.2188,2532000,6.4063
5/16/1986,6.25,6.2188,6.2656,6.2031,4626400,6.2656
5/19/1986,6.375,6.375,6.375,6.2813,2721600,6.25
5/20/1986,6.375,6.3438,6.375,6.2344,3326400,6.375
5/21/1986,6.5156,6.375,6.5156,6.375,2994400,6.375
5/22/1986,6.6094,6.5313,6.6094,6.5156,1912000,6.5156
5/23/1986,6.7344,6.5781,6.75,6.5781,4208800,6.6094
5/27/1986,6.8438,6.7031,6.8438,6.7031,2784800,6.7344
5/28/1986,6.875,6.8438,6.8906,6.8281,3674400,6.8438
5/29/1986,6.8594,6.8125,6.8594,6.7656,2797600,6.875
5/30/1986,6.7813,6.8125,6.8281,6.7031,3256000,6.8594
6/2/1986,6.6719,6.75,6.75,6.6094,1305600,6.7813
6/3/1986,6.6094,6.625,6.6406,6.5625,1376000,6.6719
6/4/1986,6.5781,6.625,6.6406,6.5625,1404800,6.6094
6/5/1986,6.6094,6.5469,6.6094,6.5156,2019200,6.5781
6/6/1986,6.5781,6.5938,6.6406,6.5781,1260000,6.6094
6/9/1986,6.5,6.5938,6.5938,6.4531,1991200,6.5781
6/10/1986,6.4219,6.4844,6.4844,6.375,1712000,6.5
6/11/1986,6.4219,6.4219,6.4375,6.375,786400,6.4219
6/12/1986,6.3125,6.4219,6.4219,6.2656,2353600,6.4219
6/13/1986,6.5,6.3438,6.5625,6.3438,3404000,6.3125
6/16/1986,6.4531,6.5469,6.6094,6.4531,1188800,6.5
6/17/1986,6.5,6.4688,6.5,6.3594,1946400,6.4531
6/18/1986,6.5156,6.5,6.5625,6.4219,1789600,6.5
6/19/1986,6.375,6.4844,6.5156,6.375,3632800,6.5156
6/20/1986,6.3906,6.3438,6.3906,6.2969,1725600,6.375
6/23/1986,6.2656,6.3125,6.4844,6.25,1908000,6.3906
6/24/1986,6.2031,6.2813,6.2813,6.2031,2100800,6.2656
6/25/1986,6.2188,6.25,6.2969,6.1875,3181600,6.2031
6/26/1986,6.1719,6.25,6.2813,6.1563,3015200,6.2188
6/27/1986,6.1563,6.1875,6.2031,6.1094,2704000,6.1719
6/30/1986,6.2188,6.1875,6.2344,6.1406,1171200,6.1563
7/1/1986,6.25,6.2031,6.25,6.1719,2658400,6.2188
7/2/1986,6.3438,6.2813,6.375,6.25,6544800,6.25
7/3/1986,6.5,6.3438,6.6094,6.3438,5883200,6.3438
7/7/1986,6.3281,6.5,6.5156,6.3281,4491200,6.5
7/8/1986,6.3594,6.2813,6.3594,6.2656,1986400,6.3281
7/9/1986,6.375,6.3438,6.3906,6.3281,3425600,6.3594
7/10/1986,6.3125,6.3438,6.4063,6.2969,4775200,6.375
7/11/1986,6.125,6.3594,6.3594,6.1094,10520000,6.3125
7/14/1986,5.8438,6.0938,6.0938,5.7813,2717600,6.125
7/15/1986,5.5313,5.6875,5.8125,5.5156,4432800,5.8438
7/16/1986,5.5313,5.5,5.5938,5.4844,5484000,5.5313
7/17/1986,5.7031,5.5469,5.7031,5.5469,3179200,5.5313
7/18/1986,5.7656,5.7344,5.8125,5.7031,2854400,5.7031
7/21/1986,5.7656,5.7813,5.7813,5.6875,2542400,5.7656
7/22/1986,5.7031,5.75,5.7813,5.7031,2225600,5.7656
7/23/1986,5.6563,5.7031,5.7188,5.625,2248800,5.7031
7/24/1986,5.7031,5.6719,5.7031,5.6094,1522400,5.6563
7/25/1986,5.6719,5.6875,5.7031,5.6406,1784800,5.7031
7/28/1986,5.5625,5.6875,5.7031,5.5313,1200000,5.6719
7/29/1986,5.4063,5.5625,5.5625,5.375,3156000,5.5625
7/30/1986,5.2656,5.3438,5.3594,5.125,4888000,5.4063
7/31/1986,5.5781,5.375,5.6563,5.375,5350400,5.2656
8/1/1986,5.6719,5.5469,5.75,5.5313,2479200,5.5781
8/4/1986,5.7344,5.6563,5.7656,5.625,2012800,5.6719
8/5/1986,5.7031,5.7188,5.7344,5.6094,2126400,5.7344
8/6/1986,5.5938,5.5781,5.6406,5.5781,1676800,5.7031
8/7/1986,5.7969,5.5938,5.8438,5.5938,2264800,5.5938
8/8/1986,5.7656,5.7969,5.9063,5.75,2697600,5.7969
8/11/1986,5.8438,5.7656,5.8594,5.7656,1703200,5.7656
8/12/1986,5.8594,5.8438,5.875,5.7813,3203200,5.8438
8/13/1986,5.8906,5.8906,5.9219,5.8281,2172800,5.8594
8/14/1986,5.7813,5.9219,5.9375,5.7188,2133600,5.8906
8/15/1986,5.625,5.7188,5.7188,5.5938,2652000,5.7813
8/18/1986,5.6406,5.625,5.6719,5.5938,2355200,5.625
8/19/1986,5.6406,5.6563,5.6719,5.625,1648000,5.6406
8/20/1986,5.75,5.6563,5.7656,5.6406,1864000,5.6406
8/21/1986,5.9063,5.7656,5.9063,5.7344,2559200,5.75
8/22/1986,5.9219,5.9063,5.9531,5.875,1356000,5.9063
8/25/1986,6.0156,5.9375,6.0313,5.9219,2348800,5.9219
8/26/1986,6.2031,6.0625,6.2344,6.0469,2298400,6.0156
8/27/1986,6.2031,6.2344,6.2344,6.1719,1821600,6.2031
8/28/1986,6.2344,6.1719,6.2344,6.1094,2031200,6.2031
8/29/1986,6.2344,6.25,6.2969,6.2188,1566400,6.2344
9/2/1986,6.25,6.25,6.375,6.25,2039200,6.2344
9/3/1986,6.2813,6.2344,6.3125,6.2031,1950400,6.25
9/4/1986,6.3125,6.2969,6.3281,6.2344,2254400,6.2813
9/5/1986,6.2344,6.3125,6.4219,6.2188,4101600,6.3125
9/8/1986,6.1406,6.2031,6.2344,6.125,2184000,6.2344
9/9/1986,6.2188,6.1406,6.25,6.1406,2604000,6.1406
9/10/1986,6.2188,6.25,6.2656,6.1875,3568000,6.2188
9/11/1986,5.8438,6.125,6.1406,5.7813,7408800,6.2188
9/12/1986,5.8281,5.875,5.8906,5.6875,3977600,5.8438
9/15/1986,5.875,5.875,5.9063,5.8125,3070400,5.8281
9/16/1986,5.8906,5.8438,5.8906,5.7969,2100800,5.875
9/17/1986,5.8906,5.8906,5.9219,5.8438,890400,5.8906
9/18/1986,5.75,5.8906,5.9063,5.7344,2053600,5.8906
9/19/1986,5.5625,5.6875,5.6875,5.5313,2631200,5.75
9/22/1986,5.6406,5.5938,5.6406,5.5469,1695200,5.5625
9/23/1986,5.7188,5.6719,5.75,5.625,1928800,5.6406
9/24/1986,5.0781,5.0625,5.1563,5.0313,26107200,5.7188
9/25/1986,4.9688,5,5.0625,4.9375,8326400,5.0781
9/26/1986,4.8438,4.9375,4.9688,4.8125,3548800,4.9688
9/29/1986,4.6875,4.8594,4.8594,4.6406,3869600,4.8438
9/30/1986,4.7344,4.6875,4.8125,4.6406,3463200,4.6875
10/1/1986,4.8125,4.7031,4.8594,4.6875,4323200,4.7344
10/2/1986,4.6719,4.7969,4.8281,4.6719,6522400,4.8125
10/3/1986,4.6563,4.7031,4.7188,4.6406,5944000,4.6719
10/6/1986,4.6719,4.6719,4.6875,4.6563,1922400,4.6563
10/7/1986,4.6719,4.6875,4.6875,4.6406,2752000,4.6719
10/8/1986,4.6875,4.6406,4.6875,4.6406,3616800,4.6719
10/9/1986,4.75,4.6875,4.8594,4.6875,3948800,4.6875
10/10/1986,4.7344,4.75,4.7813,4.7031,1456000,4.75
10/13/1986,4.6875,4.75,4.75,4.6875,1102400,4.7344
10/14/1986,4.7188,4.6875,4.7344,4.6719,1036000,4.6875
10/15/1986,4.7031,4.6875,4.7188,4.6563,2088800,4.7188
10/16/1986,4.7344,4.6875,4.75,4.6719,3523200,4.7031
10/17/1986,4.7188,4.75,4.75,4.6406,3360800,4.7344
10/20/1986,4.6563,4.6719,4.6719,4.5781,2684000,4.7188
10/21/1986,4.6563,4.6719,4.6719,4.5938,1599200,4.6563
10/22/1986,4.5938,4.6719,4.6719,4.5781,3563200,4.6563
10/23/1986,4.625,4.5938,4.6406,4.5781,2830400,4.5938
10/24/1986,4.6094,4.625,4.625,4.5781,3884800,4.625
10/27/1986,4.625,4.6094,4.6563,4.5938,2216000,4.6094
10/28/1986,4.625,4.625,4.6406,4.6094,2110400,4.625
10/29/1986,4.7188,4.625,4.7656,4.625,2199200,4.625
10/30/1986,4.8125,4.8125,4.8125,4.7656,2021600,4.7188
10/31/1986,4.9844,4.7969,4.9844,4.7969,3648800,4.8125
11/3/1986,5.0156,4.9844,5.0156,4.9375,4227200,4.9844
11/4/1986,5,5.0156,5.0156,4.9688,1870400,5.0156
11/5/1986,4.9219,4.9844,5,4.9219,3877600,5
11/6/1986,4.9063,4.9375,4.9375,4.7813,2842400,4.9219
11/7/1986,4.8906,4.8906,4.9219,4.8594,1052000,4.9063
11/10/1986,4.8438,4.8906,4.8906,4.8281,3965600,4.8906
11/11/1986,4.8594,4.8125,4.8594,4.7813,1750400,4.8438
11/12/1986,4.7813,4.8281,4.8281,4.75,1440800,4.8594
11/13/1986,4.6563,4.8125,4.8125,4.6563,6509600,4.7813
11/14/1986,4.7969,4.6875,4.8281,4.6563,4514400,4.6563
11/17/1986,4.7344,4.7031,4.7969,4.7031,2092000,4.7969
11/18/1986,4.6875,4.75,4.7656,4.6719,2695200,4.7344
11/19/1986,4.6563,4.6563,4.6875,4.6406,4251200,4.6875
11/20/1986,4.8125,4.6875,4.8281,4.6875,2104000,4.6563
11/21/1986,4.9219,4.8281,4.9375,4.8125,2110400,4.8125
11/24/1986,4.9688,4.9531,5.0625,4.9219,3236000,4.9219
11/25/1986,4.9688,4.9688,4.9844,4.9219,2708800,4.9688
11/26/1986,4.9063,4.9531,4.9688,4.9063,1656000,4.9688
11/28/1986,4.9531,4.9375,4.9688,4.9375,1216000,4.9063
12/1/1986,4.9063,4.9531,4.9531,4.8594,2327200,4.9531
12/2/1986,4.8594,4.9219,4.9375,4.7656,3005600,4.9063
12/3/1986,5.0313,4.9063,5.1094,4.875,3661600,4.8594
12/4/1986,5.0781,5.0156,5.1563,5,2175200,5.0313
12/5/1986,5.0938,5.0625,5.1563,5.0469,2844800,5.0781
12/8/1986,5,5.0781,5.0781,4.9219,1993600,5.0938
12/9/1986,5,4.9844,5.0156,4.8906,1132800,5
12/10/1986,4.9063,4.9219,4.9844,4.8906,1682400,5
12/11/1986,4.9531,4.9219,4.9531,4.8594,1456800,4.9063
12/12/1986,4.8906,4.9219,4.9219,4.8594,1083200,4.9531
12/15/1986,4.9688,4.8906,4.9688,4.8438,1972000,4.8906
12/16/1986,5.0156,4.9375,5.0156,4.9375,3074400,4.9688
12/17/1986,4.9688,5,5.0313,4.9688,1728800,5.0156
12/18/1986,5,5.0313,5.0469,4.9688,2132800,4.9688
12/19/1986,5.2188,5.0156,5.2188,4.9375,3968000,5
12/22/1986,5.0625,5.1406,5.1406,5.0313,2005600,5.2188
12/23/1986,5.0156,5.0469,5.0781,5,2178400,5.0625
12/24/1986,5.0625,5.0313,5.0781,5.0313,757600,5.0156
12/26/1986,5.0469,5.0625,5.0781,5.0313,309600,5.0625
12/29/1986,5.0156,5.0313,5.0469,4.9688,971200,5.0469
12/30/1986,4.9688,5,5,4.9531,1515200,5.0156
12/31/1986,5.0156,5,5.0469,4.9844,1442400,4.9688
1/2/1987,5.0313,5,5.0938,4.9844,1218400,5.0156
1/5/1987,5.1719,5.0313,5.1875,5.0156,1752000,5.0313
1/6/1987,5.1719,5.1719,5.1719,5.1406,1206400,5.1719
1/7/1987,5.125,5.1719,5.2188,5.125,2188000,5.1719
1/8/1987,5.1094,5.1094,5.1094,5.0469,2195200,5.125
1/9/1987,5.2188,5.125,5.2344,5.0938,3112000,5.1094
1/12/1987,5.25,5.2344,5.2656,5.2031,2314400,5.2188
1/13/1987,5.2969,5.25,5.3281,5.2031,2230400,5.25
1/14/1987,5.375,5.3125,5.4844,5.2813,3803200,5.2969
1/15/1987,5.5156,5.4375,5.6094,5.4219,4642400,5.375
1/16/1987,5.5469,5.5,5.5469,5.4531,3828000,5.5156
1/19/1987,5.6094,5.5469,5.6094,5.5156,2083200,5.5469
1/20/1987,5.6094,5.625,5.6875,5.5625,3493600,5.6094
1/21/1987,5.5,5.5,5.5625,5.4375,2720800,5.6094
1/22/1987,5.4688,5.4844,5.5156,5.3125,5700000,5.5
1/23/1987,5.2344,5.4688,5.5,5.125,7720000,5.4688
1/26/1987,5.2188,5.1563,5.2813,5.1406,3844800,5.2344
1/27/1987,5.3438,5.25,5.4219,5.2344,2623200,5.2188
1/28/1987,5.3281,5.3594,5.4063,5.2969,1752800,5.3438
1/29/1987,5.375,5.3594,5.4688,5.3438,1888800,5.3281
1/30/1987,5.4375,5.4063,5.4531,5.3281,2845600,5.375
2/2/1987,5.5625,5.4063,5.625,5.4063,3381600,5.4375
2/3/1987,5.7813,5.6875,5.8594,5.6719,5892000,5.5625
2/4/1987,5.7969,5.75,5.8125,5.7031,2350400,5.7813
2/5/1987,5.9063,5.8281,5.9063,5.8125,7890400,5.7969
2/6/1987,5.8281,5.9063,5.9219,5.8125,3001600,5.9063
2/9/1987,5.7656,5.8281,5.8281,5.75,808000,5.8281
2/10/1987,5.7188,5.7344,5.7344,5.6563,2004000,5.7656
2/11/1987,5.7969,5.6875,5.7969,5.6875,2377600,5.7188
2/12/1987,5.8125,5.8281,5.8281,5.75,2710400,5.7969
2/13/1987,5.9219,5.8125,5.9375,5.7969,2876800,5.8125
2/17/1987,6.0156,5.9375,6.0469,5.9219,4298400,5.9219
2/18/1987,5.9844,6.0625,6.0781,5.8906,2323200,6.0156
2/19/1987,5.9531,6,6.0156,5.9375,1596000,5.9844
2/20/1987,5.8594,5.9219,5.9219,5.8438,1971200,5.9531
2/23/1987,5.8125,5.8281,5.8438,5.6094,1835200,5.8594
2/24/1987,5.6875,5.7969,5.8438,5.6719,2582400,5.8125
2/25/1987,5.7813,5.6719,5.8125,5.6406,2534400,5.6875
2/26/1987,5.75,5.7969,5.7969,5.6875,1793600,5.7813
2/27/1987,5.7344,5.6719,5.7969,5.6563,2080000,5.75
3/2/1987,5.7344,5.7813,5.7969,5.6875,1812000,5.7344
3/3/1987,5.6563,5.7031,5.7188,5.6563,1312000,5.7344
3/4/1987,5.7188,5.7031,5.7344,5.6875,3424000,5.6563
3/5/1987,5.6563,5.7344,5.7344,5.6406,2956800,5.7188
3/6/1987,5.6563,5.5938,5.6719,5.5781,3068000,5.6563
3/9/1987,5.7188,5.6875,5.7344,5.6406,2535200,5.6563
3/10/1987,5.875,5.8125,5.8906,5.75,9677600,5.7188
3/11/1987,5.875,5.9531,5.9531,5.8438,4449600,5.875
3/12/1987,5.8438,5.8594,5.9063,5.8125,2903200,5.875
3/13/1987,5.8438,5.8438,5.8438,5.7969,944000,5.8438
3/16/1987,5.7813,5.8125,5.8281,5.7813,1228000,5.8438
3/17/1987,5.7969,5.7813,5.8281,5.7188,2318400,5.7813
3/18/1987,5.7188,5.8281,5.8281,5.6719,2095200,5.7969
3/19/1987,5.8281,5.7813,5.8281,5.7656,2856800,5.7188
3/20/1987,5.8906,5.8125,5.8906,5.8125,3525600,5.8281
3/23/1987,6,5.8906,6.0313,5.8594,3774400,5.8906
3/24/1987,6,6,6.0469,6,5354400,6
3/25/1987,5.9844,5.9844,6.0313,5.9844,1534400,6
3/26/1987,6.0156,6,6.0625,6,1428800,5.9844
3/27/1987,5.9844,6.0625,6.1719,5.9844,1969600,6.0156
3/30/1987,5.9688,5.875,5.9844,5.8281,2401600,5.9844
3/31/1987,6.0313,5.9688,6.0469,5.9688,2514400,5.9688
4/1/1987,6.0625,5.9844,6.0625,5.9688,2427200,6.0313
4/2/1987,6.0469,6.0781,6.1094,6,2436800,6.0625
4/3/1987,6.25,6.0781,6.25,6.0625,4361600,6.0469
4/6/1987,6.3281,6.3281,6.3438,6.2969,3037600,6.25
4/7/1987,6.3438,6.4063,6.5469,6.3125,5931200,6.3281
4/8/1987,6.2188,6.3125,6.3125,6.1719,2125600,6.3438
4/9/1987,5.9688,6.125,6.1563,5.9688,4612800,6.2188
4/10/1987,5.9688,5.9531,6.0469,5.9375,6176800,5.9688
4/13/1987,5.875,5.9531,5.9531,5.8594,1405600,5.9688
4/14/1987,5.8125,5.875,5.875,5.6719,3308000,5.875
4/15/1987,5.875,5.8594,5.8906,5.8125,3305600,5.8125
4/16/1987,5.9063,5.9063,5.9375,5.8906,1793600,5.875
4/20/1987,5.8438,5.9219,5.9219,5.8281,910400,5.9063
4/21/1987,6.0781,5.8438,6.0781,5.7813,4292800,5.8438
4/22/1987,5.9531,6.0781,6.0781,5.9063,2008000,6.0781
4/23/1987,5.9063,5.9375,5.9688,5.7813,1324000,5.9531
4/24/1987,5.8281,5.9063,5.9063,5.75,1488000,5.9063
4/27/1987,5.7031,5.8281,5.8438,5.6094,5864000,5.8281
4/28/1987,5.7031,5.7188,5.75,5.7031,1572000,5.7031
4/29/1987,5.8906,5.8125,5.9063,5.7813,1870400,5.7031
4/30/1987,6.0156,5.8906,6.0156,5.875,2212000,5.8906
5/1/1987,6.0625,6,6.0938,6,2348800,6.0156
5/4/1987,6.0938,6.0781,6.1094,6.0469,1662400,6.0625
5/5/1987,6.3125,6.125,6.3125,6.1094,6358400,6.0938
5/6/1987,6.6094,6.3125,6.6719,6.2969,9624800,6.3125
5/7/1987,6.8906,6.8125,7.125,6.7813,14479200,6.6094
5/8/1987,7.0938,7,7.125,6.8906,9262400,6.8906
5/11/1987,7.0938,7.1094,7.1563,7.0781,7892800,7.0938
5/12/1987,7.0313,6.9375,7.1406,6.9219,5012800,7.0938
5/13/1987,6.9375,7.0156,7.0625,6.8438,2720800,7.0313
5/14/1987,6.7813,6.9531,6.9531,6.7813,1869600,6.9375
5/15/1987,6.7813,6.7813,6.7969,6.7188,3612000,6.7813
5/18/1987,6.75,6.6875,6.7656,6.6563,2164800,6.7813
5/19/1987,6.625,6.75,6.7969,6.5469,2497600,6.75
5/20/1987,6.375,6.5469,6.5469,6.3438,2672800,6.625
5/21/1987,6.4063,6.4375,6.4844,6.3906,3044000,6.375
5/22/1987,6.4375,6.4688,6.5469,6.3906,1647200,6.4063
5/26/1987,6.6094,6.4844,6.6094,6.4688,1748000,6.4375
5/27/1987,6.7344,6.6719,6.75,6.6719,2587200,6.6094
5/28/1987,6.7344,6.6875,6.8281,6.6563,1740800,6.7344
5/29/1987,6.4844,6.7344,6.75,6.4375,1372000,6.7344
6/1/1987,6.6094,6.5313,6.6875,6.5313,2272000,6.4844
6/2/1987,6.6094,6.5938,6.7031,6.5156,1150400,6.6094
6/3/1987,6.6094,6.6406,6.6563,6.5938,2484000,6.6094
6/4/1987,6.625,6.6094,6.6719,6.5469,2203200,6.6094
6/5/1987,6.5313,6.5938,6.5938,6.5156,373600,6.625
6/8/1987,6.6406,6.4844,6.6563,6.4844,2632000,6.5313
6/9/1987,6.7344,6.6563,6.7344,6.6406,2408000,6.6406
6/10/1987,6.6875,6.7344,6.8438,6.5,2989600,6.7344
6/11/1987,6.7656,6.7188,6.7813,6.7031,2111200,6.6875
6/12/1987,6.8438,6.8125,6.8594,6.7656,1517600,6.7656
6/15/1987,6.7344,6.8125,6.8281,6.7188,2475200,6.8438
6/16/1987,6.7813,6.7031,6.7969,6.6875,1847200,6.7344
6/17/1987,6.8125,6.8125,6.8594,6.7813,3063200,6.7813
6/18/1987,6.7656,6.75,6.7656,6.6875,1280800,6.8125
6/19/1987,6.875,6.7813,6.9219,6.7656,3007200,6.7656
6/22/1987,6.9219,6.9063,6.9375,6.8594,2363200,6.875
6/23/1987,6.9063,6.9219,6.9375,6.875,1643200,6.9219
6/24/1987,6.8594,6.8125,6.8906,6.8125,1165600,6.9063
6/25/1987,7,6.9219,7,6.8906,2531200,6.8594
6/26/1987,6.9531,6.9844,7,6.9531,3240800,7
6/29/1987,6.7969,6.9219,6.9375,6.7344,1836800,6.9531
6/30/1987,6.6875,6.75,6.7969,6.6875,1380000,6.7969
7/1/1987,6.5781,6.7031,6.7031,6.5469,1808800,6.6875
7/2/1987,6.5938,6.6406,6.6719,6.5625,2197600,6.5781
7/6/1987,6.4844,6.625,6.625,6.3906,2257600,6.5938
7/7/1987,6.4688,6.4688,6.5781,6.4531,6180000,6.4844
7/8/1987,6.6563,6.4375,6.6719,6.4063,4943200,6.4688
7/9/1987,6.8281,6.6563,6.8438,6.6563,2452000,6.6563
7/10/1987,7.2813,6.9375,7.3438,6.875,9586400,6.8281
7/13/1987,7.4844,7.4219,7.5,7.4063,10236800,7.2813
7/14/1987,7.5156,7.4688,7.625,7.375,5979200,7.4844
7/15/1987,7.375,7.4375,7.5156,7.3438,4092000,7.5156
7/16/1987,7.4688,7.375,7.4688,7.3594,4301600,7.375
7/17/1987,7.875,7.5625,7.9063,7.5469,6289600,7.4688
7/20/1987,7.7813,7.8438,7.8438,7.6875,2980800,7.875
7/21/1987,7.6875,7.7188,7.7969,7.6875,3280000,7.7813
7/22/1987,7.8438,7.6563,7.875,7.6563,4660000,7.6875
7/23/1987,7.8438,7.8438,7.8594,7.7969,3453600,7.8438
7/24/1987,7.875,7.8281,7.875,7.8125,1394400,7.8438
7/27/1987,8.0938,7.8594,8.1094,7.8438,4386400,7.875
7/28/1987,8.1406,8.125,8.1875,8.0313,5774400,8.0938
7/29/1987,8.0781,8.1406,8.1563,8.0625,3815200,8.1406
7/30/1987,8.125,8.1094,8.2344,8.0781,4213600,8.0781
7/31/1987,8.1094,8.1406,8.1406,8.0938,2407200,8.125
8/3/1987,8.0938,8,8.125,7.9531,4690400,8.1094
8/4/1987,7.9688,8.0781,8.0938,7.9375,4918400,8.0938
8/5/1987,7.9844,8.0469,8.0625,7.9688,4514400,7.9688
8/6/1987,8.0313,8,8.0313,7.9688,2624000,7.9844
8/7/1987,8.1719,8,8.2188,7.9844,5540000,8.0313
8/10/1987,8.1875,8.125,8.2031,8.1094,3525600,8.1719
8/11/1987,8.1875,8.2344,8.2344,8.1719,3158400,8.1875
8/12/1987,8.2969,8.1875,8.3906,8.1875,5308000,8.1875
8/13/1987,8.2813,8.2969,8.3125,8.25,2924800,8.2969
8/14/1987,8.1875,8.2813,8.2969,8.0938,6008800,8.2813
8/17/1987,8.3125,8.1563,8.3125,8.1563,3884000,8.1875
8/18/1987,8.125,8.25,8.2813,8.0469,3345600,8.3125
8/19/1987,8.0781,8.1094,8.125,7.9531,4685600,8.125
8/20/1987,8.1875,8.0781,8.2188,8.0313,3110400,8.0781
8/21/1987,8.3125,8.2188,8.3438,8.2031,2472000,8.1875
8/24/1987,8.1875,8.2813,8.2969,8.1719,2106400,8.3125
8/25/1987,8.1875,8.2188,8.2344,8.1563,2014400,8.1875
8/26/1987,8.0938,8.2188,8.2188,8.0313,2746400,8.1875
8/27/1987,7.8281,8.0313,8.0938,7.7813,3338400,8.0938
8/28/1987,7.75,7.8125,7.8281,7.7188,3196000,7.8281
8/31/1987,7.7344,7.7344,7.7813,7.6875,3680800,7.75
9/1/1987,7.6875,7.75,7.8438,7.6875,2230400,7.7344
9/2/1987,7.6406,7.6406,7.6563,7.5313,3325600,7.6875
9/3/1987,7.5938,7.6875,7.7031,7.5625,3142400,7.6406
9/4/1987,7.7031,7.6094,7.7344,7.6094,3428000,7.5938
9/8/1987,8.0625,7.6719,8.0781,7.6719,4069600,7.7031
9/9/1987,8.2188,8.0781,8.2188,7.9688,7144000,8.0625
9/10/1987,8.4375,8.3125,8.4844,8.2969,7272000,8.2188
9/11/1987,8.625,8.5,8.6406,8.4844,6943200,8.4375
9/14/1987,8.6563,8.75,8.7969,8.5625,4608800,8.625
9/15/1987,8.4531,8.5938,8.6094,8.4375,2451200,8.6563
9/16/1987,8.3438,8.375,8.4063,8.2813,3607200,8.4531
9/17/1987,8.3125,8.4219,8.4219,8.2344,2646400,8.3438
9/18/1987,8.4844,8.3438,8.5,8.3438,4756800,8.3125
9/21/1987,8.5156,8.5156,8.6094,8.4844,4398400,8.4844
9/22/1987,8.6563,8.5156,8.6563,8.4219,7494400,8.5156
9/23/1987,8.9219,8.7188,8.9219,8.7031,9124000,8.6563
9/24/1987,9.1719,8.9531,9.3438,8.9375,8145600,8.9219
9/25/1987,9.0313,9.125,9.125,9,2395200,9.1719
9/28/1987,9.125,9.0469,9.1719,9.0156,2978400,9.0313
9/29/1987,9.1406,9.125,9.2188,9.0469,2235200,9.125
9/30/1987,9.1875,9.0781,9.2031,9.0781,5043200,9.1406
10/1/1987,9.2188,9.1875,9.2188,9.1406,2823200,9.1875
10/2/1987,9.1719,9.2188,9.2188,9.1719,3195200,9.2188
10/5/1987,9.2344,9.2031,9.2344,9.1719,2528800,9.1719
10/6/1987,8.9688,9.2188,9.2188,8.8906,2541600,9.2344
10/7/1987,8.8594,8.9844,9,8.8125,3940800,8.9688
10/8/1987,8.8125,8.9063,8.9219,8.75,3648800,8.8594
10/9/1987,8.7031,8.8125,8.8438,8.6875,1836000,8.8125
10/12/1987,8.5156,8.7031,8.7031,8.4688,2563200,8.7031
10/13/1987,8.75,8.6563,8.8125,8.6406,3434400,8.5156
10/14/1987,8.5625,8.75,8.9844,8.5313,12179200,8.75
10/15/1987,8.4375,8.5625,8.6563,8.4219,5212000,8.5625
10/16/1987,8.0938,8.5781,8.5781,7.8594,7574400,8.4375
10/19/1987,6.3438,7.625,7.8438,6.25,10978400,8.0938
10/20/1987,5.7969,6.625,7.4531,5.3906,13100000,6.3438
10/21/1987,6.6406,6.4375,6.6875,6.2188,7826400,5.7969
10/22/1987,6.25,5.875,6.5,5.875,7572000,6.6406
10/23/1987,6.0156,6.1563,6.4063,6,4751200,6.25
10/26/1987,5.25,6,6,5.1875,4298400,6.0156
10/27/1987,5.5,5.4375,5.5469,5.2969,5244800,5.25
10/28/1987,5.5625,5.2813,5.625,5.1406,8078400,5.5
10/29/1987,5.9375,5.6563,5.9688,5.625,11535200,5.5625
10/30/1987,6.2188,6.25,6.3281,6.1875,8265600,5.9375
11/2/1987,6.3438,6.2188,6.375,6.1875,5335200,6.2188
11/3/1987,6.375,6.3281,6.5,6.25,6616800,6.3438
11/4/1987,6.4531,6.3906,6.5625,6.375,5404000,6.375
11/5/1987,6.9063,6.4063,7,6.4063,6086400,6.4531
11/6/1987,6.7656,6.875,6.9375,6.6875,5208000,6.9063
11/9/1987,6.7344,6.6875,6.7813,6.5625,4929600,6.7656
11/10/1987,6.6563,6.6406,6.8594,6.5938,4998400,6.7344
11/11/1987,6.9219,6.8438,7.25,6.7969,3173600,6.6563
11/12/1987,7.2031,7.1875,7.4219,7.1094,8367200,6.9219
11/13/1987,7.2344,7.25,7.2969,7.1719,4415200,7.2031
11/16/1987,7.125,7.3281,7.3281,7.0781,4132000,7.2344
11/17/1987,7.0313,7.0938,7.0938,6.9531,4664000,7.125
11/18/1987,7.1094,7.0625,7.125,7,4819200,7.0313
11/19/1987,7,7.0781,7.1563,6.8906,4333600,7.1094
11/20/1987,7.1875,6.9063,7.2188,6.9063,3259200,7
11/23/1987,7.3281,7.1563,7.375,7.1406,2824800,7.1875
11/24/1987,7.5,7.4375,7.5469,7.4375,4832800,7.3281
11/25/1987,7.625,7.5313,7.6563,7.5313,3846400,7.5
11/27/1987,7.4844,7.5938,7.625,7.4688,1737600,7.625
11/30/1987,7.0938,7.2188,7.25,6.8438,6565600,7.4844
12/1/1987,6.9844,7.1875,7.2031,6.9063,2595200,7.0938
12/2/1987,7.0469,7,7.0469,6.9531,2893600,6.9844
12/3/1987,6.875,7.0469,7.0469,6.8281,2311200,7.0469
12/4/1987,6.6719,6.75,6.8125,6.625,4024000,6.875
12/7/1987,6.9688,6.7188,6.9844,6.7188,2949600,6.6719
12/8/1987,7.1563,6.9688,7.1563,6.8438,4193600,6.9688
12/9/1987,7.4375,7,7.4375,7,7446400,7.1563
12/10/1987,7.375,7.2188,7.6563,7.2031,9919200,7.4375
12/11/1987,7.2813,7.3906,7.4375,7.25,1858400,7.375
12/14/1987,7.5,7.3125,7.5938,7.2813,3931200,7.2813
12/15/1987,7.5,7.5625,7.6719,7.5,5790400,7.5
12/16/1987,7.6719,7.5938,7.6875,7.5469,3852000,7.5
12/17/1987,7.625,7.6875,7.7344,7.5938,4114400,7.6719
12/18/1987,7.7813,7.6563,7.7813,7.6406,4580000,7.625
12/21/1987,7.7344,7.7656,7.8281,7.7188,1782400,7.7813
12/22/1987,7.7188,7.75,7.8125,7.7031,3879200,7.7344
12/23/1987,7.7656,7.75,7.7969,7.7188,2640800,7.7188
12/24/1987,7.7188,7.7813,7.8125,7.7031,1261600,7.7656
12/28/1987,7.5781,7.5625,7.5781,7.4688,1863200,7.7188
12/29/1987,7.5156,7.5625,7.625,7.5156,1099200,7.5781
12/30/1987,7.5938,7.5,7.625,7.5,2294400,7.5156
12/31/1987,7.75,7.625,7.75,7.5625,1484000,7.5938
1/4/1988,7.8281,7.75,7.8594,7.625,5838400,7.75
1/5/1988,8.0313,7.9688,8.0938,7.9375,6368800,7.8281
1/6/1988,8.2344,8.1563,8.2656,8.125,8048800,8.0313
1/7/1988,8.1563,8.125,8.1719,8.0938,2030400,8.2344
1/8/1988,7.625,8.1719,8.1719,7.5625,5022400,8.1563
1/11/1988,7.5313,7.75,7.7813,7.4375,4544800,7.625
1/12/1988,7.5313,7.5313,7.5313,7.2813,3736800,7.5313
1/13/1988,7.4531,7.5156,7.5469,7.4375,5371200,7.5313
1/14/1988,7.4844,7.5,7.5625,7.4375,3628000,7.4531
1/15/1988,7.7344,7.6563,7.7344,7.5781,6036800,7.4844
1/18/1988,7.8125,7.7031,7.8281,7.7031,2009600,7.7344
1/19/1988,7.75,7.7813,7.8281,7.6875,2129600,7.8125
1/20/1988,7.3125,7.6563,7.7031,7.25,5877600,7.75
1/21/1988,7.0938,7.3125,7.3125,6.9844,8250400,7.3125
1/22/1988,7.2344,7.1875,7.25,7.1406,3519200,7.0938
1/25/1988,7.3125,7.25,7.375,7.2344,2192800,7.2344
1/26/1988,7.2031,7.2969,7.3281,7.1875,2200800,7.3125
1/27/1988,7.0938,7.2031,7.25,7,3091200,7.2031
1/28/1988,7.1563,7.1875,7.25,7.125,2462400,7.0938
1/29/1988,7.2813,7.25,7.2969,7.2031,3355200,7.1563
2/1/1988,7.2969,7.375,7.4219,7.2969,3613600,7.2813
2/2/1988,7.1875,7.3125,7.3125,7.1719,4093600,7.2969
2/3/1988,7.2813,7.1875,7.4063,7.1563,3675200,7.1875
2/4/1988,7.2969,7.2813,7.3438,7.2344,2880000,7.2813
2/5/1988,7.4063,7.3281,7.4688,7.3281,2739200,7.2969
2/8/1988,7.2656,7.375,7.375,7.25,1696000,7.4063
2/9/1988,7.3125,7.2969,7.3281,7.25,1387200,7.2656
2/10/1988,7.4844,7.3438,7.5313,7.3438,4784000,7.3125
2/11/1988,7.5313,7.4844,7.5781,7.4688,3032000,7.4844
2/12/1988,7.5313,7.5625,7.6875,7.5156,3284000,7.5313
2/16/1988,7.7031,7.5938,7.7188,7.5,1852800,7.5313
2/17/1988,7.6563,7.7344,7.7344,7.6563,3195200,7.7031
2/18/1988,7.7031,7.6563,7.7813,7.6563,2378400,7.6563
2/19/1988,7.75,7.7188,7.8438,7.7031,2111200,7.7031
2/22/1988,7.9375,7.8125,7.9688,7.7813,4040000,7.75
2/23/1988,8.0156,7.9844,8.0938,7.9688,4026400,7.9375
2/24/1988,8.0313,8.0469,8.0781,8,1698400,8.0156
2/25/1988,8.0313,8.0625,8.1094,8,2316800,8.0313
2/26/1988,8,8.0469,8.0781,8,1488000,8.0313
2/29/1988,8.125,8,8.125,7.9844,2352000,8
3/1/1988,8.2344,8.125,8.2344,8.0469,4396800,8.125
3/2/1988,8.125,8.2969,8.3125,8.0625,3022400,8.2344
3/3/1988,8.1406,8.125,8.1563,8.0938,2661600,8.125
3/4/1988,8,8.1406,8.2031,7.9375,6757600,8.1406
3/7/1988,8.0781,8.0313,8.1094,7.9844,1342400,8
3/8/1988,8.0938,8.0781,8.1406,8.0625,1739200,8.0781
3/9/1988,8.1875,8.0938,8.2031,8.0625,2737600,8.0938
3/10/1988,7.9063,8.1563,8.1563,7.9063,2385600,8.1875
3/11/1988,7.9375,7.9375,7.9688,7.7813,1283200,7.9063
3/14/1988,8.0938,7.9844,8.0938,7.9688,1508000,7.9375
3/15/1988,8.0781,8.0938,8.0938,8.0313,1080800,8.0938
3/16/1988,8.1875,8.1094,8.2188,8.0938,1949600,8.0781
3/17/1988,8.375,8.2656,8.4063,8.2188,4540000,8.1875
3/18/1988,8.4063,8.4531,8.4531,8.3125,3250400,8.375
3/21/1988,8.1875,8.3438,8.3438,8.1406,2544800,8.4063
3/22/1988,8.125,8.1875,8.2188,8.0938,1578400,8.1875
3/23/1988,8.0781,8.2188,8.2344,8.0781,1432800,8.125
3/24/1988,7.9688,8,8.0156,7.8125,3856000,8.0781
3/25/1988,7.8125,7.9688,7.9688,7.7969,2194400,7.9688
3/28/1988,7.75,7.6563,7.7656,7.6563,2293600,7.8125
3/29/1988,7.8906,7.9375,7.9375,7.8281,2432800,7.75
3/30/1988,7.7031,7.875,7.9375,7.6875,2266400,7.8906
3/31/1988,7.7969,7.6406,7.7969,7.6094,1727200,7.7031
4/4/1988,7.7188,7.7813,7.8281,7.6719,786400,7.7969
4/5/1988,7.8594,7.8438,7.8594,7.7344,1547200,7.7188
4/6/1988,8,7.8906,8.0469,7.7969,2144000,7.8594
4/7/1988,8.0938,8.0313,8.1406,8,1548800,8
4/8/1988,8.1719,8.125,8.1719,8.0156,1644800,8.0938
4/11/1988,8.2344,8.2188,8.2344,8.1563,1548800,8.1719
4/12/1988,8.3906,8.2188,8.4063,8.2031,3313600,8.2344
4/13/1988,8.1563,8.4688,8.5625,8.0625,7928800,8.3906
4/14/1988,7.8438,8.0625,8.0625,7.8438,5086400,8.1563
4/15/1988,7.7188,7.875,7.875,7.625,5369600,7.8438
4/18/1988,7.7656,7.6563,7.7656,7.6406,1594400,7.7188
4/19/1988,7.7969,7.7656,7.9219,7.7656,1828800,7.7656
4/20/1988,7.6719,7.75,7.7813,7.5938,3430400,7.7969
4/21/1988,7.6719,7.6875,7.7969,7.6563,3626400,7.6719
4/22/1988,7.8594,7.8594,7.8594,7.7969,1922400,7.6719
4/25/1988,7.8906,7.8125,7.9219,7.7969,2558400,7.8594
4/26/1988,7.9688,7.9219,7.9844,7.8906,1438400,7.8906
4/27/1988,7.8906,7.9531,7.9531,7.7969,1516800,7.9688
4/28/1988,7.9688,7.8125,7.9844,7.75,1354400,7.8906
4/29/1988,7.8438,7.9375,7.9531,7.8125,1523200,7.9688
5/2/1988,7.7813,7.7969,7.8125,7.75,932000,7.8438
5/3/1988,7.8281,7.7969,7.8594,7.7813,1065600,7.7813
5/4/1988,7.8125,7.8125,7.8594,7.7813,1562400,7.8281
5/5/1988,7.7656,7.7969,7.875,7.7031,1732800,7.8125
5/6/1988,7.7188,7.75,7.8125,7.7031,1703200,7.7656
5/9/1988,7.5,7.7031,7.7031,7.5,1998400,7.7188
5/10/1988,7.5,7.4844,7.5625,7.4688,3126400,7.5
5/11/1988,7.3594,7.4375,7.4531,7.2969,3446400,7.5
5/12/1988,7.4531,7.375,7.4688,7.3438,2128000,7.3594
5/13/1988,7.5781,7.4844,7.5781,7.4688,1621600,7.4531
5/16/1988,7.8438,7.6094,7.8438,7.6094,2651200,7.5781
5/17/1988,7.9688,7.9219,7.9688,7.8438,5916000,7.8438
5/18/1988,7.7813,7.9375,7.9531,7.6719,3640000,7.9688
5/19/1988,7.625,7.7344,7.7344,7.5625,2344000,7.7813
5/20/1988,7.6719,7.6563,7.6719,7.5625,2200800,7.625
5/23/1988,7.5156,7.6719,7.6719,7.5,1469600,7.6719
5/24/1988,7.5469,7.5313,7.5625,7.5,3173600,7.5156
5/25/1988,7.5,7.5625,7.6406,7.4844,3165600,7.5469
5/26/1988,7.5781,7.5625,7.5938,7.5313,2183200,7.5
5/27/1988,7.5313,7.5625,7.5938,7.4844,949600,7.5781
5/31/1988,7.75,7.5313,7.8438,7.5156,1696800,7.5313
6/1/1988,7.9219,7.7969,7.9844,7.7969,3436000,7.75
6/2/1988,7.875,7.9375,7.9531,7.8594,2213600,7.9219
6/3/1988,7.9688,7.875,7.9844,7.875,2128000,7.875
6/6/1988,8.0156,7.9844,8.0313,7.9531,1532000,7.9688
6/7/1988,7.9063,7.9844,8,7.8281,1946400,8.0156
6/8/1988,8.0938,7.9219,8.1094,7.9219,2664000,7.9063
6/9/1988,8,8.0781,8.1406,7.9844,1945600,8.0938
6/10/1988,8.0313,7.9688,8.1094,7.9688,2188000,8
6/13/1988,8.0625,8.0156,8.125,8,2226400,8.0313
6/14/1988,8.2031,8.125,8.2656,8.0938,8560800,8.0625
6/15/1988,8.2344,8.25,8.25,8.1719,2026400,8.2031
6/16/1988,8.2188,8.1719,8.2188,8.1406,2680800,8.2344
6/17/1988,8.2344,8.1406,8.2344,8.1406,5486400,8.2188
6/20/1988,8.25,8.2031,8.3438,8.1875,4552000,8.2344
6/21/1988,8.2969,8.2813,8.3438,8.25,3628800,8.25
6/22/1988,8.5469,8.4219,8.5469,8.4063,3092000,8.2969
6/23/1988,8.4844,8.5313,8.5313,8.4063,1972000,8.5469
6/24/1988,8.2969,8.4844,8.4844,8.2969,1386400,8.4844
6/27/1988,8.2344,8.3438,8.3438,8.1719,2156000,8.2969
6/28/1988,8.2813,8.2031,8.3281,8.1406,2014400,8.2344
6/29/1988,8.2656,8.3125,8.3281,8.1875,1729600,8.2813
6/30/1988,8.4688,8.2969,8.4688,8.2656,1624000,8.2656
7/1/1988,8.3125,8.4688,8.4688,8.2969,2318400,8.4688
7/5/1988,8.3594,8.3281,8.4063,8.2813,1469600,8.3125
7/6/1988,8.3906,8.3594,8.4688,8.3438,1680000,8.3594
7/7/1988,8.3438,8.3594,8.375,8.3125,1879200,8.3906
7/8/1988,8.3281,8.3125,8.3594,8.3125,1114400,8.3438
7/11/1988,8.3125,8.3125,8.3438,8.2969,1394400,8.3281
7/12/1988,8.0469,8.25,8.3125,7.9531,5881600,8.3125
7/13/1988,8.0469,8.0469,8.0938,8,3756000,8.0469
7/14/1988,8.0156,8.0156,8.0781,8.0156,2993600,8.0469
7/15/1988,8.0313,8.0313,8.1094,8,1510400,8.0156
7/18/1988,7.9375,8,8,7.8438,2645600,8.0313
7/19/1988,7.7969,7.875,7.9063,7.7344,3771200,7.9375
7/20/1988,7.7656,7.8438,7.8594,7.75,2012000,7.7969
7/21/1988,7.7344,7.8125,7.8125,7.7031,1632000,7.7656
7/22/1988,7.625,7.6875,7.7188,7.5781,3063200,7.7344
7/25/1988,7.75,7.6875,7.7656,7.6875,3640800,7.625
7/26/1988,7.7656,7.7344,7.7813,7.6563,2306400,7.75
7/27/1988,7.7344,7.7656,7.7969,7.7031,2164800,7.7656
7/28/1988,7.7188,7.7188,7.7969,7.6875,1412800,7.7344
7/29/1988,7.7813,7.75,7.7969,7.7031,1833600,7.7188
8/1/1988,7.8125,7.8125,7.8281,7.7969,2537600,7.7813
8/2/1988,7.875,7.8438,7.8906,7.8125,1671200,7.8125
8/3/1988,7.8125,7.8594,7.8906,7.8125,3060800,7.875
8/4/1988,7.8906,7.875,7.9219,7.7969,1973600,7.8125
8/5/1988,7.875,7.9063,7.9219,7.8594,1533600,7.8906
8/8/1988,7.8438,7.8906,7.9063,7.8281,1044800,7.875
8/9/1988,7.625,7.875,7.875,7.5781,2840800,7.8438
8/10/1988,7.4063,7.5938,7.6094,7.2656,5865600,7.625
8/11/1988,7.3594,7.3906,7.4219,7.2188,4185600,7.4063
8/12/1988,7.3594,7.3594,7.4063,7.2813,2657600,7.3594
8/15/1988,7.2188,7.3281,7.3281,7.2031,1516000,7.3594
8/16/1988,7.1719,7.1719,7.25,7.125,3951200,7.2188
8/17/1988,6.9219,7.1719,7.1719,6.8281,6424800,7.1719
8/18/1988,6.9219,6.9688,7.0781,6.9063,5463200,6.9219
8/19/1988,6.875,6.9063,6.9219,6.8438,2699200,6.9219
8/22/1988,6.875,6.8281,6.9063,6.7656,3570400,6.875
8/23/1988,6.9063,6.875,6.9063,6.8594,2102400,6.875
8/24/1988,7.0313,6.9063,7.0625,6.9063,3184800,6.9063
8/25/1988,7.125,7.0313,7.125,7,1843200,7.0313
8/26/1988,7.0625,7.0938,7.1094,7.0313,1709600,7.125
8/29/1988,7.125,7.125,7.1406,7.0781,1132800,7.0625
8/30/1988,7.1094,7.125,7.125,7.0938,1021600,7.125
8/31/1988,6.9531,7.1094,7.1094,6.9063,3609600,7.1094
9/1/1988,6.7656,6.9375,6.9375,6.7344,4997600,6.9531
9/2/1988,6.8906,6.8281,6.9063,6.8125,4843200,6.7656
9/6/1988,6.9688,6.9688,7.0313,6.9531,3356000,6.8906
9/7/1988,7.0313,7.0469,7.0781,6.9844,2460000,6.9688
9/8/1988,7.0469,7,7.0781,6.9844,1521600,7.0313
9/9/1988,7.0938,7.0625,7.1094,7.0156,1656800,7.0469
9/12/1988,7.0156,7.0625,7.0781,7.0156,1033600,7.0938
9/13/1988,7.1719,7,7.1719,7,2175200,7.0156
9/14/1988,7.125,7.2344,7.2656,7.0938,4174400,7.1719
9/15/1988,7.0156,7.0938,7.1094,7.0156,1271200,7.125
9/16/1988,7.0625,7,7.0625,7,2465600,7.0156
9/19/1988,7.0156,7.0313,7.0469,6.9375,2270400,7.0625
9/20/1988,7,6.9844,7.0469,6.9688,1959200,7.0156
9/21/1988,7.0156,7.0313,7.0469,6.9688,2830400,7
9/22/1988,7.0469,7.0156,7.0781,6.9688,1643200,7.0156
9/23/1988,7.0469,7.0156,7.0781,7,2257600,7.0469
9/26/1988,6.9688,7.0313,7.0469,6.9688,1516000,7.0469
9/27/1988,7.0313,7,7.0313,6.9844,1127200,6.9688
9/28/1988,7.0156,6.9688,7.0313,6.9688,2218400,7.0313
9/29/1988,7.1563,7.0469,7.1719,7,3293600,7.0156
9/30/1988,7.1875,7.1406,7.25,7.1406,2517600,7.1563
10/3/1988,7.25,7.2188,7.2813,7.1406,2123200,7.1875
10/4/1988,7.25,7.2813,7.2813,7.2188,2506400,7.25
10/5/1988,7.2188,7.25,7.2656,7.125,2379200,7.25
10/6/1988,7.3281,7.2188,7.3281,7.1719,3372000,7.2188
10/7/1988,7.4844,7.3906,7.5,7.3438,3181600,7.3281
10/10/1988,7.5156,7.5,7.5625,7.4844,1193600,7.4844
10/11/1988,7.5156,7.5156,7.5156,7.4688,1528000,7.5156
10/12/1988,7.375,7.4375,7.4375,7.3281,1984800,7.5156
10/13/1988,7.3906,7.3594,7.4219,7.3594,1704000,7.375
10/14/1988,7.375,7.3906,7.4219,7.2969,2544000,7.3906
10/17/1988,7.375,7.4063,7.4063,7.2813,1696000,7.375
10/18/1988,7.3594,7.3125,7.375,7.2969,1559200,7.375
10/19/1988,7.3438,7.3438,7.3906,7.2656,3736000,7.3594
10/20/1988,7.6563,7.3281,7.6875,7.3125,8912800,7.3438
10/21/1988,7.9531,7.6406,7.9531,7.625,5787200,7.6563
10/24/1988,7.9375,7.9375,8.0156,7.9063,4462400,7.9531
10/25/1988,7.9063,7.9063,7.9531,7.8906,2549600,7.9375
10/26/1988,7.7969,7.9063,7.9219,7.7969,2352800,7.9063
10/27/1988,7.7344,7.75,7.75,7.6719,4280800,7.7969
10/28/1988,7.7813,7.7344,7.8281,7.7344,2118400,7.7344
10/31/1988,7.7188,7.7656,7.7813,7.7031,1884000,7.7813
11/1/1988,7.6563,7.7188,7.7188,7.6406,1588000,7.7188
11/2/1988,7.6406,7.6719,7.6719,7.5938,1247200,7.6563
11/3/1988,7.7188,7.6406,7.75,7.6406,1684800,7.6406
11/4/1988,7.6563,7.6719,7.7031,7.6406,1198400,7.7188
11/7/1988,7.5313,7.5781,7.5781,7.4844,1221600,7.6563
11/8/1988,7.625,7.5313,7.6563,7.5313,2235200,7.5313
11/9/1988,7.5781,7.5938,7.6094,7.5625,1672000,7.625
11/10/1988,7.625,7.5938,7.6406,7.5938,1400000,7.5781
11/11/1988,7.5156,7.6094,7.6094,7.4844,1460000,7.625
11/14/1988,7.5781,7.5156,7.625,7.5156,2436800,7.5156
11/15/1988,7.5625,7.5625,7.5781,7.5313,1434400,7.5781
11/16/1988,7.5,7.5313,7.5781,7.4375,2296000,7.5625
11/17/1988,7.6406,7.5781,7.6719,7.5625,4149600,7.5
11/18/1988,7.8281,7.6406,7.8281,7.6406,2044800,7.6406
11/21/1988,7.7188,7.7813,7.8125,7.6875,1427200,7.8281
11/22/1988,7.75,7.7031,7.7813,7.6719,1000000,7.7188
11/23/1988,7.9688,7.75,8,7.75,2211200,7.75
11/25/1988,7.9219,7.9688,7.9688,7.875,1519200,7.9688
11/28/1988,7.9844,7.9063,8,7.9063,3048000,7.9219
11/29/1988,8.0313,8.0156,8.0938,8.0156,2291200,7.9844
11/30/1988,7.9219,8.0313,8.0625,7.9219,2966400,8.0313
12/1/1988,7.8281,7.9063,7.9219,7.7969,1776800,7.9219
12/2/1988,7.7344,7.7969,7.8125,7.7031,2534400,7.8281
12/5/1988,7.9844,7.75,8,7.7344,4863200,7.7344
12/6/1988,8.0156,8,8.0313,7.9375,2345600,7.9844
12/7/1988,7.9688,8,8.0156,7.9531,1839200,8.0156
12/8/1988,7.9219,7.9531,7.9844,7.9219,3196800,7.9688
12/9/1988,7.8594,7.9063,7.9688,7.8438,837600,7.9219
12/12/1988,7.9063,7.875,7.9375,7.875,984800,7.8594
12/13/1988,7.7969,7.8906,7.9063,7.7813,1046400,7.9063
12/14/1988,7.8125,7.7813,7.8594,7.7344,2334400,7.7969
12/15/1988,7.75,7.7813,7.8125,7.7344,840800,7.8125
12/16/1988,7.7344,7.7188,7.75,7.6406,3328000,7.75
12/19/1988,7.8281,7.75,7.875,7.7344,2849600,7.7344
12/20/1988,7.9219,7.8438,7.9531,7.8438,4241600,7.8281
12/21/1988,7.9844,7.9063,8,7.8906,1935200,7.9219
12/22/1988,7.9219,7.9688,7.9844,7.9063,984000,7.9844
12/23/1988,7.9375,7.9219,7.9688,7.9219,776000,7.9219
12/27/1988,7.9531,7.9375,7.9844,7.9375,594400,7.9375
12/28/1988,7.9375,7.9375,7.9688,7.9219,596000,7.9531
12/29/1988,8,7.9063,8.0313,7.9063,1058400,7.9375
12/30/1988,7.9531,8,8.0469,7.9531,1333600,8
1/3/1989,7.9688,7.9375,7.9688,7.8906,2310400,7.9531
1/4/1989,8.1094,7.9688,8.1094,7.9688,5031200,7.9688
1/5/1989,8.2344,8.1406,8.25,8.125,4021600,8.1094
1/6/1989,8.3125,8.2344,8.3281,8.2344,3068800,8.2344
1/9/1989,8.3281,8.3281,8.375,8.3281,2604000,8.3125
1/10/1989,8.375,8.3594,8.4375,8.3125,3888000,8.3281
1/11/1989,8.4219,8.3438,8.4219,8.3438,2368800,8.375
1/12/1989,8.4219,8.3906,8.4688,8.375,4320000,8.4219
1/13/1989,8.4375,8.4375,8.4688,8.4063,3982400,8.4219
1/16/1989,8.4219,8.4844,8.5156,8.3906,2618400,8.4375
1/17/1989,8.3594,8.4063,8.4219,8.3438,2636800,8.4219
1/18/1989,8.4688,8.3594,8.4688,8.2813,2478400,8.3594
1/19/1989,7.6406,8.5,8.625,7.5,33612800,8.4688
1/20/1989,7.4844,7.6563,7.7344,7.4063,30322400,7.6406
1/23/1989,7.4375,7.5,7.5469,7.375,12180000,7.4844
1/24/1989,7.5156,7.4531,7.5156,7.4375,10424000,7.4375
1/25/1989,7.4844,7.5313,7.5469,7.4531,5034400,7.5156
1/26/1989,7.5,7.4063,7.5156,7.4063,8960800,7.4844
1/27/1989,7.5781,7.5313,7.6406,7.4844,9501600,7.5
1/30/1989,7.5938,7.6094,7.625,7.5625,5336800,7.5781
1/31/1989,7.7344,7.5938,7.7344,7.5625,5461600,7.5938
2/1/1989,7.6719,7.7344,7.7344,7.6563,2952800,7.7344
2/2/1989,7.7031,7.7031,7.7344,7.6563,3164000,7.6719
2/3/1989,7.6875,7.625,7.7031,7.625,2808000,7.7031
2/6/1989,7.6563,7.6875,7.75,7.625,2664000,7.6875
2/7/1989,7.6875,7.6719,7.7344,7.6563,4568000,7.6563
2/8/1989,7.6875,7.7344,7.7344,7.6875,3676800,7.6875
2/9/1989,7.625,7.6563,7.6719,7.5781,3313600,7.6875
2/10/1989,7.4688,7.5313,7.5625,7.4531,5139200,7.625
2/13/1989,7.4688,7.4375,7.4688,7.4375,4748000,7.4688
2/14/1989,7.4219,7.5,7.5,7.4219,3391200,7.4688
2/15/1989,7.3594,7.4375,7.4375,7.3438,3964000,7.4219
2/16/1989,7.4063,7.375,7.4063,7.3594,3679200,7.3594
2/17/1989,7.4219,7.4219,7.4688,7.4063,3760800,7.4063
2/21/1989,7.5,7.4844,7.5156,7.4844,4663200,7.4219
2/22/1989,7.4531,7.5,7.5,7.4219,4297600,7.5
2/23/1989,7.4688,7.4063,7.4688,7.375,2829600,7.4531
2/24/1989,7.375,7.4844,7.4844,7.3594,2315200,7.4688
2/27/1989,7.3594,7.375,7.4219,7.3594,2836800,7.375
2/28/1989,7.3438,7.3594,7.3906,7.3281,4524800,7.3594
3/1/1989,7.3281,7.3594,7.3594,7.3281,2257600,7.3438
3/2/1989,7.3125,7.3281,7.3438,7.2969,2790400,7.3281
3/3/1989,7.2031,7.3125,7.3125,7.2031,3860000,7.3125
3/6/1989,7.1875,7.2188,7.2188,7.1719,4720000,7.2031
3/7/1989,7.25,7.2188,7.2813,7.1875,2887200,7.1875
3/8/1989,7.2656,7.25,7.2969,7.25,3380800,7.25
3/9/1989,7.3438,7.2813,7.3438,7.2656,2336000,7.2656
3/10/1989,7.2813,7.3125,7.3438,7.25,2271200,7.3438
3/13/1989,7.2813,7.2656,7.2969,7.25,3366400,7.2813
3/14/1989,7.2813,7.2969,7.3125,7.25,3084000,7.2813
3/15/1989,7.3125,7.2969,7.3281,7.25,4424800,7.2813
3/16/1989,7.3125,7.3281,7.3594,7.3125,3244800,7.3125
3/17/1989,7.1719,7.2188,7.2188,7.1406,5661600,7.3125
3/20/1989,7.1406,7.1563,7.1563,7.1094,2340000,7.1719
3/21/1989,7.1406,7.1406,7.1563,7.0156,3601600,7.1406
3/22/1989,7.0938,7.1563,7.1563,7.0781,3163200,7.1406
3/23/1989,7.1094,7.1094,7.1563,7.1094,4400800,7.0938
3/27/1989,7.1563,7.125,7.1563,7.1094,3261600,7.1094
3/28/1989,7.125,7.1563,7.1563,7.1094,2204000,7.1563
3/29/1989,7.125,7.1094,7.1563,7.0938,1945600,7.125
3/30/1989,7.0938,7.0938,7.1094,7.0625,1903200,7.125
3/31/1989,7.1406,7.125,7.1563,7.0938,2356000,7.0938
4/3/1989,7.2656,7.1719,7.2656,7.1406,1682400,7.1406
4/4/1989,7.2969,7.25,7.3438,7.25,1689600,7.2656
4/5/1989,7.2344,7.2813,7.2969,7.2344,1775200,7.2969
4/6/1989,7.1875,7.2188,7.2188,7.1406,1738400,7.2344
4/7/1989,7.2188,7.1563,7.2344,7.125,5447200,7.1875
4/10/1989,7.2969,7.2031,7.3125,7.1719,3428800,7.2188
4/11/1989,7.4375,7.2969,7.4531,7.2969,2444800,7.2969
4/12/1989,7.4531,7.4844,7.5625,7.4375,3844800,7.4375
4/13/1989,7.375,7.4688,7.4688,7.3281,2209600,7.4531
4/14/1989,7.375,7.3906,7.4219,7.3438,2572000,7.375
4/17/1989,7.3438,7.375,7.375,7.3438,2368000,7.375
4/18/1989,7.3594,7.3281,7.4219,7.3281,2946400,7.3438
4/19/1989,7.4063,7.3906,7.4063,7.3594,3564000,7.3594
4/20/1989,7.5625,7.5938,7.6406,7.5,8949600,7.4063
4/21/1989,7.5469,7.5781,7.6094,7.5313,2960000,7.5625
4/24/1989,7.5781,7.5781,7.5938,7.5625,1894400,7.5469
4/25/1989,7.4844,7.5781,7.5781,7.4844,2118400,7.5781
4/26/1989,7.5313,7.5,7.5469,7.4844,1972800,7.4844
4/27/1989,7.5625,7.5625,7.5938,7.5156,2906400,7.5313
4/28/1989,7.5469,7.6094,7.625,7.5313,2466400,7.5625
5/1/1989,7.5313,7.5313,7.5625,7.5,1039200,7.5469
5/2/1989,7.5625,7.5469,7.5781,7.5313,1602400,7.5313
5/3/1989,7.6406,7.5625,7.6563,7.5625,1407200,7.5625
5/4/1989,7.4688,7.5781,7.6094,7.4531,2750400,7.6406
5/5/1989,7.3906,7.5,7.5313,7.3125,3569600,7.4688
5/8/1989,7.3438,7.3594,7.3906,7.2969,2220800,7.3906
5/9/1989,7.3125,7.375,7.375,7.2969,5921600,7.3438
5/10/1989,7.3281,7.3281,7.3438,7.2969,1672000,7.3125
5/11/1989,7.4063,7.3281,7.4219,7.3281,1834400,7.3281
5/12/1989,7.625,7.5469,7.6406,7.5313,5445600,7.4063
5/15/1989,7.8125,7.625,7.8125,7.625,3232800,7.625
5/16/1989,7.7813,7.7188,7.8125,7.7188,3840000,7.8125
5/17/1989,7.9219,7.8281,7.9219,7.8281,3710400,7.7813
5/18/1989,7.8906,7.9063,7.9219,7.875,2962400,7.9219
5/19/1989,8.0313,7.8906,8.0469,7.8906,3980800,7.8906
5/22/1989,7.9844,8.0469,8.0781,7.9531,3796000,8.0313
5/23/1989,7.8281,7.9375,7.9375,7.8281,3237600,7.9844
5/24/1989,7.7656,7.8281,7.8281,7.75,2633600,7.8281
5/25/1989,7.7813,7.75,7.7969,7.7188,1288800,7.7656
5/26/1989,7.8594,7.7969,7.8594,7.7813,1850400,7.7813
5/30/1989,7.9219,7.8594,7.9375,7.8438,3349600,7.8594
5/31/1989,7.9844,7.9063,8,7.9063,2910400,7.9219
6/1/1989,7.8281,7.9063,7.9063,7.7813,5345600,7.9844
6/2/1989,7.7656,7.8438,7.8594,7.7188,11521600,7.8281
6/5/1989,7.6719,7.7344,7.7656,7.6406,3736800,7.7656
6/6/1989,7.75,7.7031,7.75,7.6875,3655200,7.6719
6/7/1989,7.75,7.7656,7.7813,7.6875,6171200,7.75
6/8/1989,7.7031,7.7344,7.7344,7.6875,4207200,7.75
6/9/1989,7.5938,7.6875,7.6875,7.5781,2803200,7.7031
6/12/1989,7.5,7.5781,7.5781,7.4531,7396800,7.5938
6/13/1989,7.4844,7.5,7.5,7.4375,2126400,7.5
6/14/1989,7.375,7.4688,7.4688,7.375,3826400,7.4844
6/15/1989,7.375,7.3906,7.4063,7.3438,3292800,7.375
6/16/1989,7.4063,7.3594,7.4219,7.3594,5057600,7.375
6/19/1989,7.375,7.4063,7.4063,7.3594,1331200,7.4063
6/20/1989,7.2969,7.375,7.3906,7.2969,4579200,7.375
6/21/1989,7.3281,7.3281,7.3281,7.2813,4503200,7.2969
6/22/1989,7.3594,7.3281,7.375,7.3281,2085600,7.3281
6/23/1989,7.4375,7.375,7.4844,7.375,4938400,7.3594
6/26/1989,7.4063,7.4219,7.4375,7.4063,1349600,7.4375
6/27/1989,7.4531,7.4375,7.4688,7.4375,2274400,7.4063
6/28/1989,7.375,7.4375,7.4375,7.3594,2381600,7.4531
6/29/1989,7.2813,7.3438,7.3594,7.2813,2861600,7.375
6/30/1989,7.25,7.2969,7.2969,7.1875,3036000,7.2813
7/3/1989,7.2656,7.2813,7.2813,7.2031,597600,7.25
7/5/1989,7.25,7.2344,7.2813,7.1875,1884000,7.2656
7/6/1989,7.2969,7.2656,7.2969,7.2656,1269600,7.25
7/7/1989,7.2969,7.2969,7.3281,7.2656,2343200,7.2969
7/10/1989,7.4063,7.2969,7.4375,7.2656,3748800,7.2969
7/11/1989,7.4844,7.4375,7.4844,7.4375,2724000,7.4063
7/12/1989,7.4531,7.4531,7.4688,7.3906,1360800,7.4844
7/13/1989,7.4531,7.4531,7.4844,7.375,2258400,7.4531
7/14/1989,7.4375,7.4375,7.4688,7.4219,2125600,7.4531
7/17/1989,7.4688,7.4375,7.5156,7.4375,2058400,7.4375
7/18/1989,7.4219,7.4688,7.4688,7.3906,3735200,7.4688
7/19/1989,7.5,7.4531,7.5,7.4375,3421600,7.4219
7/20/1989,7.5313,7.5313,7.6094,7.5313,1931200,7.5
7/21/1989,7.3594,7.5469,7.5469,7.25,6871200,7.5313
7/24/1989,7.1875,7.2656,7.2656,7.1875,5313600,7.3594
7/25/1989,7.125,7.1719,7.1719,7.1094,4619200,7.1875
7/26/1989,7.2344,7.125,7.2344,7.1094,1881600,7.125
7/27/1989,7.3438,7.2344,7.3438,7.2031,2802400,7.2344
7/28/1989,7.4063,7.4219,7.4219,7.375,2165600,7.3438
7/31/1989,7.4219,7.4063,7.4375,7.3906,1253600,7.4063
8/1/1989,7.5156,7.4531,7.5625,7.4531,5068800,7.4219
8/2/1989,7.5469,7.5313,7.5469,7.5313,2148800,7.5156
8/3/1989,7.5781,7.5469,7.5938,7.5313,2176000,7.5469
8/4/1989,7.5938,7.5781,7.7188,7.5625,3570400,7.5781
8/7/1989,7.875,7.6875,7.9375,7.6719,6588800,7.5938
8/8/1989,7.9375,7.9688,7.9844,7.875,4412000,7.875
8/9/1989,7.9688,7.9531,8.0156,7.9375,4984000,7.9375
8/10/1989,7.9844,7.9844,8,7.9531,3076000,7.9688
8/11/1989,7.9688,8,8.0469,7.9375,2563200,7.9844
8/14/1989,7.9063,7.9531,7.9688,7.8906,1452000,7.9688
8/15/1989,7.875,7.875,7.9063,7.8438,2100800,7.9063
8/16/1989,7.875,7.8906,7.9063,7.875,2332000,7.875
8/17/1989,7.8594,7.875,7.8906,7.8438,1647200,7.875
8/18/1989,7.8281,7.8281,7.8438,7.7656,1720800,7.8594
8/21/1989,7.8125,7.8125,7.8438,7.75,2123200,7.8281
8/22/1989,7.8125,7.7656,7.8281,7.75,2736800,7.8125
8/23/1989,7.875,7.8281,7.875,7.8125,2188800,7.8125
8/24/1989,8.2344,7.875,8.25,7.8281,7480800,7.875
8/25/1989,8.0625,8.2031,8.2031,8,4057600,8.2344
8/28/1989,8.1406,8.0313,8.1563,8.0156,3653600,8.0625
8/29/1989,8.0938,8.2031,8.2031,8.0313,1696000,8.1406
8/30/1989,8.0625,8.0781,8.1094,8.0313,2728000,8.0938
8/31/1989,8.0313,8.0625,8.0625,8.0156,1097600,8.0625
9/1/1989,8.1719,8.0156,8.1719,8.0156,2156000,8.0313
9/5/1989,8.1719,8.0938,8.1719,8.0938,2355200,8.1719
9/6/1989,8.0625,8.0938,8.1094,8.0313,2575200,8.1719
9/7/1989,8.0469,8.0625,8.1094,8.0469,2568000,8.0625
9/8/1989,7.9531,8.0625,8.0781,7.9219,2983200,8.0469
9/11/1989,7.9375,7.9219,7.9531,7.9063,1318400,7.9531
9/12/1989,7.9063,7.9063,7.9688,7.8906,1112000,7.9375
9/13/1989,7.8438,7.875,7.9375,7.8438,1969600,7.9063
9/14/1989,7.7969,7.8281,7.8438,7.7656,1532000,7.8438
9/15/1989,7.7969,7.7656,7.7969,7.7344,3269600,7.7969
9/18/1989,7.7188,7.7188,7.75,7.6719,3357600,7.7969
9/19/1989,7.75,7.7188,7.75,7.7031,1521600,7.7188
9/20/1989,7.7188,7.7031,7.7344,7.7031,2251200,7.75
9/21/1989,7.75,7.7344,7.7656,7.7031,2685600,7.7188
9/22/1989,7.7344,7.7344,7.75,7.6875,1440800,7.75
9/25/1989,7.6719,7.7031,7.7188,7.6719,980800,7.7344
9/26/1989,7.6094,7.6719,7.6719,7.6094,1882400,7.6719
9/27/1989,7.625,7.6094,7.6563,7.5938,1028800,7.6094
9/28/1989,7.6719,7.625,7.6875,7.625,1207200,7.625
9/29/1989,7.625,7.6719,7.7031,7.6094,1261600,7.6719
10/2/1989,7.6719,7.6406,7.6875,7.625,1104000,7.625
10/3/1989,7.6875,7.6875,7.7031,7.6563,1296800,7.6719
10/4/1989,7.6719,7.6875,7.7031,7.6406,2158400,7.6875
10/5/1989,7.7188,7.6563,7.7188,7.6563,1750400,7.6719
10/6/1989,7.7031,7.75,7.75,7.6875,1313600,7.7188
10/9/1989,7.6875,7.75,7.75,7.6563,456800,7.7031
10/10/1989,7.625,7.7031,7.7031,7.5938,1584000,7.6875
10/11/1989,7.5625,7.6094,7.625,7.5625,1780000,7.625
10/12/1989,7.5781,7.5469,7.5781,7.5313,1204000,7.5625
10/13/1989,7.2969,7.5625,7.5938,7.25,3264000,7.5781
10/16/1989,7.3594,7.3125,7.5625,7.2656,9060800,7.2969
10/17/1989,7.3125,7.2813,7.3438,7.2813,4766400,7.3594
10/18/1989,7.2656,7.3438,7.3438,7.2656,3825600,7.3125
10/19/1989,7.3281,7.25,7.3281,7.0625,9077600,7.2656
10/20/1989,7.25,7.2344,7.2813,7.2188,4017600,7.3281
10/23/1989,7.1563,7.2344,7.25,7.1406,2283200,7.25
10/24/1989,7.1719,7.1875,7.2188,7.1094,3709600,7.1563
10/25/1989,7.125,7.1406,7.1563,7.0938,1139200,7.1719
10/26/1989,7,7.125,7.125,6.9688,2584000,7.125
10/27/1989,6.9219,6.9531,6.9531,6.8281,3139200,7
10/30/1989,6.9844,7,7.0313,6.9219,3102400,6.9219
10/31/1989,7.1563,7.0313,7.1563,7.0156,2508800,6.9844
11/1/1989,7.0781,7.1406,7.1406,7.0313,2590400,7.1563
11/2/1989,6.9219,7.0469,7.0625,6.8594,1595200,7.0781
11/3/1989,6.8125,6.9531,6.9688,6.7813,2157600,6.9219
11/6/1989,6.7031,6.75,6.8125,6.6875,2137600,6.8125
11/7/1989,6.6563,6.6563,6.6875,6.6094,3984800,6.7031
11/8/1989,6.8594,6.6719,6.875,6.6719,3429600,6.6563
11/9/1989,6.8281,6.8906,6.9531,6.8125,4929600,6.8594
11/10/1989,6.875,6.8594,6.8906,6.8438,1876000,6.8281
11/13/1989,7.0156,6.875,7.0469,6.8438,4553600,6.875
11/14/1989,6.9375,7,7.0313,6.9219,1743200,7.0156
11/15/1989,7,7,7,6.875,1621600,6.9375
11/16/1989,7,7.0313,7.0469,6.9844,1400800,7
11/17/1989,7.1875,7,7.2188,6.9844,2532800,7
11/20/1989,7.1719,7.2188,7.2656,7.125,3631200,7.1875
11/21/1989,7.1875,7.1875,7.2031,7.1406,1446400,7.1719
11/22/1989,7.2813,7.2188,7.375,7.2188,2781600,7.1875
11/24/1989,7.2656,7.3125,7.3281,7.2656,984000,7.2813
11/27/1989,7.375,7.2656,7.3906,7.2656,2600000,7.2656
11/28/1989,7.375,7.3594,7.4219,7.3438,3493600,7.375
11/29/1989,7.3906,7.375,7.4219,7.3438,1289600,7.375
11/30/1989,7.3281,7.375,7.3906,7.3281,2356000,7.3906
12/1/1989,7.4688,7.3594,7.5313,7.3281,29600,7.3281
12/4/1989,7.5625,7.5,7.5938,7.4844,138400,7.4688
12/5/1989,7.4531,7.5938,7.6563,7.4375,17600,7.5625
12/6/1989,7.4219,7.4375,7.4688,7.4063,25600,7.4531
12/7/1989,7.4219,7.4063,7.4844,7.4063,28800,7.4219
12/8/1989,7.5,7.5313,7.5313,7.4688,200800,7.4219
12/11/1989,7.4844,7.4844,7.5,7.4531,191200,7.5
12/12/1989,7.5156,7.4844,7.5313,7.4688,112800,7.4844
12/13/1989,7.5625,7.5469,7.6094,7.5,72800,7.5156
12/14/1989,7.5313,7.5469,7.5625,7.5156,32000,7.5625
12/15/1989,7.5,7.5313,7.625,7.4219,171200,7.5313
12/18/1989,7.4375,7.4844,7.5156,7.375,295200,7.5
12/19/1989,7.4063,7.4375,7.4375,7.3594,92000,7.4375
12/20/1989,7.4375,7.4063,7.4375,7.375,36000,7.4063
12/21/1989,7.2031,7.2813,7.2813,7.0625,48800,7.4375
12/22/1989,6.9531,7.0625,7.1094,6.9063,12000,7.2031
12/26/1989,7.0156,6.9375,7.0156,6.8281,44000,6.9531
12/27/1989,7.0625,7.0313,7.1094,7.0313,67200,7.0156
12/28/1989,7.125,7.0625,7.1406,7.0625,86400,7.0625
12/29/1989,7.2344,7.125,7.25,7.0781,60800,7.125
1/2/1990,7.3438,7.2656,7.3594,7.2188,2910400,7.2344
1/3/1990,7.4375,7.4375,7.5156,7.4219,5712000,7.3438
1/4/1990,7.4688,7.4219,7.4844,7.4219,2397600,7.4375
1/5/1990,7.4219,7.4531,7.4688,7.3906,2043200,7.4688
1/8/1990,7.375,7.375,7.4219,7.3281,1340800,7.4219
1/9/1990,7.3281,7.375,7.4219,7.3125,2283200,7.375
1/10/1990,7.3438,7.3281,7.375,7.2969,2684800,7.3281
1/11/1990,7.3438,7.3594,7.375,7.3281,2284000,7.3438
1/12/1990,7.2188,7.3281,7.3281,7.2031,1362400,7.3438
1/15/1990,7.1875,7.2031,7.2031,7.1563,1007200,7.2188
1/16/1990,7.125,7.0938,7.1563,7.0781,2668000,7.1875
1/17/1990,6.8594,7.0313,7.0469,6.8125,7724000,7.125
1/18/1990,6.9219,6.8125,7.0313,6.6875,6468800,6.8594
1/19/1990,6.8906,6.9063,6.9219,6.8438,4531200,6.9219
1/22/1990,6.8125,6.8906,6.9063,6.7656,1825600,6.8906
1/23/1990,6.9063,6.8594,6.9375,6.7969,2964800,6.8125
1/24/1990,6.9688,6.8281,7.0313,6.7813,3203200,6.9063
1/25/1990,6.8906,7,7,6.8906,1330400,6.9688
1/26/1990,6.8594,6.8594,6.9219,6.8125,1689600,6.8906
1/29/1990,6.8281,6.8594,6.8906,6.7656,1153600,6.8594
1/30/1990,6.8125,6.8438,6.8438,6.6719,1355200,6.8281
1/31/1990,6.9219,6.8281,6.9375,6.8281,3260000,6.8125
2/1/1990,6.9375,6.9531,7,6.9375,2389600,6.9219
2/2/1990,6.9531,6.875,7.0313,6.875,1966400,6.9375
2/5/1990,6.9063,6.9531,6.9531,6.875,1725600,6.9531
2/6/1990,6.875,6.875,6.8906,6.8281,1142400,6.9063
2/7/1990,6.9063,6.8281,6.9844,6.7813,1573600,6.875
2/8/1990,7.0156,6.9063,7.0781,6.9063,3035200,6.9063
2/9/1990,6.9688,7.0156,7.0156,6.9219,940800,7.0156
2/12/1990,6.9219,6.9375,6.9375,6.875,1288000,6.9688
2/13/1990,6.9219,6.8906,6.9219,6.8281,1884800,6.9219
2/14/1990,6.9375,6.9375,6.9688,6.8906,1682400,6.9219
2/15/1990,6.9844,6.9375,7.0313,6.9219,1418400,6.9375
2/16/1990,7.0313,7,7.0781,6.9844,2558400,6.9844
2/20/1990,7,6.9688,7,6.9531,1002400,7.0313
2/21/1990,7.0938,6.875,7.1094,6.875,1913600,7
2/22/1990,7.1875,7.1094,7.2813,7.1094,3349600,7.0938
2/23/1990,7.2188,7.1563,7.25,7.1406,1857600,7.1875
2/26/1990,7.3906,7.2813,7.4219,7.2656,4646400,7.2188
2/27/1990,7.5156,7.4063,7.5625,7.3594,6055200,7.3906
2/28/1990,7.5781,7.5313,7.5781,7.5,3759200,7.5156
3/1/1990,7.5469,7.5313,7.5625,7.4844,2911200,7.5781
3/2/1990,7.7656,7.5938,7.7656,7.5469,7916800,7.5469
3/5/1990,7.7969,7.7344,7.7969,7.7188,2763200,7.7656
3/6/1990,7.8438,7.7969,7.8438,7.7188,3267200,7.7969
3/7/1990,7.7969,7.8438,7.8594,7.7813,2452000,7.8438
3/8/1990,7.7969,7.7813,7.8125,7.6563,3474400,7.7969
3/9/1990,7.75,7.7031,7.7656,7.6406,3742400,7.7969
3/12/1990,7.6563,7.6875,7.6875,7.625,2052800,7.75
3/13/1990,7.5313,7.6719,7.6719,7.4063,8483200,7.6563
3/14/1990,7.5313,7.4844,7.5313,7.4531,4519200,7.5313
3/15/1990,7.5781,7.5313,7.5938,7.5156,3153600,7.5313
3/16/1990,7.5938,7.5781,7.6094,7.5625,2744800,7.5781
3/19/1990,7.6875,7.5625,7.6875,7.5156,1945600,7.5938
3/20/1990,7.6406,7.6719,7.75,7.625,2611200,7.6875
3/21/1990,7.6094,7.6563,7.6719,7.5938,1560000,7.6406
3/22/1990,7.5781,7.5625,7.6094,7.5469,2002400,7.6094
3/23/1990,7.7031,7.6094,7.7031,7.6094,2882400,7.5781
3/26/1990,7.7344,7.7188,7.75,7.6719,2924000,7.7031
3/27/1990,7.7031,7.7031,7.7344,7.6406,1342400,7.7344
3/28/1990,7.6563,7.6875,7.7188,7.6563,1027200,7.7031
3/29/1990,7.6563,7.6406,7.6563,7.5938,778400,7.6563
3/30/1990,7.6406,7.625,7.6563,7.5938,1112000,7.6563
4/2/1990,7.5156,7.5781,7.5781,7.4844,2544000,7.6406
4/3/1990,7.6094,7.5469,7.625,7.5313,2569600,7.5156
4/4/1990,7.5781,7.5938,7.6406,7.5781,1610400,7.6094
4/5/1990,7.6406,7.5781,7.6563,7.5625,1200000,7.5781
4/6/1990,7.5313,7.5938,7.5938,7.5,1929600,7.6406
4/9/1990,7.5313,7.5156,7.5469,7.5,819200,7.5313
4/10/1990,7.5313,7.5156,7.5469,7.5,1262400,7.5313
4/11/1990,7.5313,7.5313,7.5469,7.5,903200,7.5313
4/12/1990,7.5156,7.5156,7.5469,7.4844,2324000,7.5313
4/16/1990,7.5313,7.5469,7.5781,7.5156,2777600,7.5156
4/17/1990,7.5156,7.4844,7.5156,7.4219,959200,7.5313
4/18/1990,7.4219,7.5156,7.5156,7.4219,1271200,7.5156
4/19/1990,7.4844,7.4219,7.5156,7.4063,2141600,7.4219
4/20/1990,7.5625,7.5781,7.6563,7.4688,8148000,7.4844
4/23/1990,7.5781,7.5625,7.6563,7.5469,5410400,7.5625
4/24/1990,7.6563,7.6719,7.7344,7.625,4377600,7.5781
4/25/1990,7.7813,7.6875,7.8125,7.6719,5344800,7.6563
4/26/1990,7.8125,7.7656,7.8594,7.75,4086400,7.7813
4/27/1990,7.7188,7.7813,7.7969,7.7031,2827200,7.8125
4/30/1990,7.6719,7.6875,7.7344,7.6406,1590400,7.7188
5/1/1990,7.6563,7.6875,7.7188,7.6406,1205600,7.6719
5/2/1990,7.8281,7.625,7.8281,7.625,4767200,7.6563
5/3/1990,7.8438,7.8594,7.9219,7.8281,2600000,7.8281
5/4/1990,7.8594,7.875,7.8906,7.7813,3759200,7.8438
5/7/1990,8.0469,7.875,8.0781,7.8594,3384000,7.8594
5/8/1990,8.0781,8.0625,8.0781,8,2956800,8.0469
5/9/1990,8.125,8.0781,8.1563,8.0469,5216000,8.0781
5/10/1990,7.9688,8.1094,8.125,7.9688,3237600,8.125
5/11/1990,8.2813,8.0625,8.3281,8.0625,5644800,7.9688
5/14/1990,8.4063,8.3125,8.5156,8.2969,8752000,8.2813
5/15/1990,8.3281,8.3125,8.375,8.2813,4753600,8.4063
5/16/1990,8.2031,8.3125,8.3438,8.1875,4322400,8.3281
5/17/1990,8.25,8.2031,8.2969,8.2031,6077600,8.2031
5/18/1990,8.25,8.25,8.2656,8.1719,3316800,8.25
5/21/1990,8.375,8.25,8.4063,8.2188,6319200,8.25
5/22/1990,8.4219,8.5,8.5469,8.375,8536000,8.375
5/23/1990,8.4688,8.4063,8.4844,8.3906,4380000,8.4219
5/24/1990,8.4688,8.4844,8.4844,8.3906,3849600,8.4688
5/25/1990,8.4531,8.4688,8.4688,8.4219,1559200,8.4688
5/29/1990,8.4531,8.4375,8.4531,8.4219,2933600,8.4531
5/30/1990,8.4375,8.4844,8.5,8.3906,3254400,8.4531
5/31/1990,8.3594,8.4375,8.4375,8.3594,1753600,8.4375
6/1/1990,8.3594,8.375,8.4063,8.3281,1752000,8.3594
6/4/1990,8.3906,8.3438,8.3906,8.2656,4615200,8.3594
6/5/1990,8.4688,8.4219,8.5625,8.4219,5160000,8.3906
6/6/1990,8.4531,8.4375,8.4531,8.4219,2325600,8.4688
6/7/1990,8.3906,8.4531,8.4688,8.375,1782400,8.4531
6/8/1990,8.3125,8.375,8.4063,8.2188,1494400,8.3906
6/11/1990,8.2344,8.2656,8.2969,8.2344,2165600,8.3125
6/12/1990,8.25,8.25,8.2656,8.1719,3391200,8.2344
6/13/1990,8.2188,8.2656,8.3125,8.2031,2272800,8.25
6/14/1990,8.25,8.2031,8.25,8.1563,2128800,8.2188
6/15/1990,8.2031,8.2031,8.25,8.1875,3251200,8.25
6/18/1990,8.0781,8.2031,8.2031,8.0781,3456800,8.2031
6/19/1990,8.0469,8.0781,8.1094,8.0156,3138400,8.0781
6/20/1990,8.1406,8.0469,8.1563,8.0469,3072800,8.0469
6/21/1990,8.0313,8.0469,8.0625,7.9688,5426400,8.1406
6/22/1990,7.9375,8,8.0781,7.9375,2927200,8.0313
6/25/1990,7.3125,7.6719,7.6719,7.2969,15117600,7.9375
6/26/1990,6.5625,6.4688,6.5781,6.4375,39300800,7.3125
6/27/1990,6.5313,6.5625,6.5625,6.4844,11750400,6.5625
6/28/1990,6.5469,6.5313,6.5625,6.4844,7788800,6.5313
6/29/1990,6.5781,6.5156,6.5938,6.5156,5550400,6.5469
7/2/1990,6.625,6.5781,6.6563,6.5313,7339200,6.5781
7/3/1990,6.75,6.6563,6.75,6.6406,4628800,6.625
7/5/1990,6.6875,6.7188,6.7188,6.625,2619200,6.75
7/6/1990,6.6094,6.6406,6.7344,6.5781,3207200,6.6875
7/9/1990,6.6875,6.6563,6.7031,6.625,2110400,6.6094
7/10/1990,6.6563,6.6563,6.7969,6.6563,5738400,6.6875
7/11/1990,6.7813,6.6563,6.7813,6.6563,3385600,6.6563
7/12/1990,6.7969,6.7656,6.7969,6.7188,2547200,6.7813
7/13/1990,6.5938,6.7656,6.8125,6.5781,4672000,6.7969
7/16/1990,6.6719,6.5625,6.6875,6.5625,4260000,6.5938
7/17/1990,6.5938,6.6406,6.7188,6.5469,4864800,6.6719
7/18/1990,6.5781,6.5469,6.625,6.5469,2308800,6.5938
7/19/1990,6.5625,6.5625,6.5625,6.5156,2534400,6.5781
7/20/1990,6.5625,6.5938,6.6406,6.5625,3292000,6.5625
7/23/1990,6.4844,6.5625,6.5625,6.3906,2940800,6.5625
7/24/1990,6.375,6.4688,6.5,6.3594,3568800,6.4844
7/25/1990,6.2344,6.3438,6.4063,6.0156,8115200,6.375
7/26/1990,6.125,6.2344,6.2344,6.0938,5448000,6.2344
7/27/1990,6,6.1094,6.125,5.9531,4069600,6.125
7/30/1990,6.1094,6.0156,6.1406,6,2328800,6
7/31/1990,6.1094,6.125,6.1406,6.0625,2137600,6.1094
8/1/1990,6.1563,6.125,6.1563,6.1094,1399200,6.1094
8/2/1990,5.9531,6,6,5.9375,3386400,6.1563
8/3/1990,5.8906,5.875,5.9688,5.7813,3607200,5.9531
8/6/1990,5.6563,5.6875,5.75,5.6563,2733600,5.8906
8/7/1990,5.6563,5.6875,5.7344,5.625,4390400,5.6563
8/8/1990,5.8281,5.7031,5.9375,5.6875,3464800,5.6563
8/9/1990,5.9219,5.8594,5.9219,5.8281,1673600,5.8281
8/10/1990,5.875,5.9531,5.9531,5.8438,1237600,5.9219
8/13/1990,5.8281,5.8594,5.8594,5.8125,2027200,5.875
8/14/1990,5.9219,5.8281,5.9219,5.7969,1052800,5.8281
8/15/1990,5.8438,5.8906,5.9688,5.8125,2952800,5.9219
8/16/1990,5.75,5.8125,5.8281,5.7344,1291200,5.8438
8/17/1990,5.5781,5.625,5.6563,5.5,2644800,5.75
8/20/1990,5.6563,5.5938,5.6719,5.5313,1668800,5.5781
8/21/1990,5.4844,5.5781,5.5781,5.4688,2037600,5.6563
8/22/1990,5.375,5.4844,5.5313,5.375,1578400,5.4844
8/23/1990,5.2969,5.125,5.3906,5.0938,5992000,5.375
8/24/1990,5.4844,5.375,5.4844,5.3281,1904000,5.2969
8/27/1990,5.5938,5.6563,5.7188,5.5938,2592800,5.4844
8/28/1990,5.4844,5.5781,5.625,5.4531,1252000,5.5938
8/29/1990,5.4688,5.4844,5.5469,5.4688,1880800,5.4844
8/30/1990,5.3438,5.4688,5.4688,5.3438,1199200,5.4688
8/31/1990,5.375,5.3438,5.375,5.2813,620000,5.3438
9/4/1990,5.4375,5.4063,5.4844,5.375,1190400,5.375
9/5/1990,5.5313,5.4063,5.5469,5.375,1418400,5.4375
9/6/1990,5.4375,5.5313,5.5313,5.3438,1294400,5.5313
9/7/1990,5.4844,5.4219,5.5,5.4219,847200,5.4375
9/10/1990,5.4375,5.5313,5.5938,5.4219,3515200,5.4844
9/11/1990,5.3438,5.4375,5.4375,5.3125,3550400,5.4375
9/12/1990,5.3438,5.375,5.375,5.2656,1540000,5.3438
9/13/1990,5.3438,5.3438,5.3594,5.3125,900800,5.3438
9/14/1990,5.2031,5.3125,5.3125,5.1719,2049600,5.3438
9/17/1990,5.3125,5.1719,5.3125,5.1563,1546400,5.2031
9/18/1990,5.3281,5.2656,5.3281,5.2344,871200,5.3125
9/19/1990,5.2656,5.3125,5.3281,5.2344,1204000,5.3281
9/20/1990,5.25,5.25,5.2656,5.2188,1072000,5.2656
9/21/1990,5.2344,5.2344,5.2969,5.2188,2247200,5.25
9/24/1990,5.1875,5.1719,5.2188,5.1406,2474400,5.2344
9/25/1990,5.2656,5.2188,5.2813,5.1875,1309600,5.1875
9/26/1990,5.2031,5.25,5.25,5.1563,1736000,5.2656
9/27/1990,5.2031,5.2031,5.2656,5.1406,1731200,5.2031
9/28/1990,5.2813,5.125,5.3125,5.125,2783200,5.2031
10/1/1990,5.3438,5.3125,5.4219,5.2656,1793600,5.2813
10/2/1990,5.4219,5.375,5.5313,5.375,2320000,5.3438
10/3/1990,5.5,5.4219,5.5,5.4063,2629600,5.4219
10/4/1990,5.3906,5.4844,5.5,5.3906,4704000,5.5
10/5/1990,5.2813,5.3125,5.3125,5.2344,2625600,5.3906
10/8/1990,5.25,5.3281,5.3438,5.2344,969600,5.2813
10/9/1990,4.9688,5.2344,5.2344,4.9688,4763200,5.25
10/10/1990,4.875,4.9219,4.9219,4.8438,4448800,4.9688
10/11/1990,4.8906,4.8906,4.9688,4.7813,2772000,4.875
10/12/1990,4.9531,4.9063,5,4.875,1552000,4.8906
10/15/1990,4.9844,4.9844,5.0938,4.9375,1926400,4.9531
10/16/1990,4.8438,4.8906,4.8906,4.7656,2320800,4.9844
10/17/1990,4.8125,4.8281,4.8594,4.7813,3465600,4.8438
10/18/1990,5.0469,4.9688,5.0938,4.9531,2463200,4.8125
10/19/1990,5.2813,5.0938,5.2969,5.0938,2676800,5.0469
10/22/1990,5.3281,5.2344,5.3281,5.2188,1761600,5.2813
10/23/1990,5.4063,5.3281,5.4844,5.3125,2084000,5.3281
10/24/1990,5.3281,5.375,5.4063,5.3125,1229600,5.4063
10/25/1990,5.25,5.3125,5.3125,5.2188,978400,5.3281
10/26/1990,5.0469,5.1875,5.2031,5.0313,847200,5.25
10/29/1990,5,5.0625,5.0938,5,1860800,5.0469
10/30/1990,5.0313,4.9844,5.0469,4.9375,913600,5
10/31/1990,5.0938,5.0469,5.1406,5.0313,1234400,5.0313
11/1/1990,5.0156,5.0156,5.0469,4.9531,2487200,5.0938
11/2/1990,5.1719,5,5.1875,4.9844,2397600,5.0156
11/5/1990,5.0625,5.1563,5.1719,5.0313,2248000,5.1719
11/6/1990,5.0625,5.0469,5.1563,5.0313,1444000,5.0625
11/7/1990,4.9844,5.0938,5.1094,4.9688,3255200,5.0625
11/8/1990,4.9688,4.9219,5.0625,4.875,1528000,4.9844
11/9/1990,5.1406,5,5.1563,4.9531,2678400,4.9688
11/12/1990,5.4063,5.1719,5.4219,5.1563,2640000,5.1406
11/13/1990,5.3906,5.4375,5.4375,5.3281,2504800,5.4063
11/14/1990,5.4531,5.4063,5.4688,5.3594,1023200,5.3906
11/15/1990,5.3906,5.375,5.4375,5.3438,1067200,5.4531
11/16/1990,5.375,5.4063,5.4375,5.3281,739200,5.3906
11/19/1990,5.4531,5.3906,5.4844,5.3906,2272000,5.375
11/20/1990,5.375,5.4531,5.5,5.2813,3161600,5.4531
11/21/1990,5.2969,5.3906,5.3906,5.25,2436000,5.375
11/23/1990,4.9219,5.125,5.125,4.9063,4247200,5.2969
11/26/1990,5.0156,4.9531,5.0156,4.9219,4036000,4.9219
11/27/1990,5.0781,5.0313,5.1094,5.0313,3588000,5.0156
11/28/1990,5.0469,5.0781,5.125,5.0469,2092000,5.0781
11/29/1990,5,5.0156,5.0469,4.9688,1948800,5.0469
11/30/1990,5.1406,5.0313,5.1719,5,2613600,5
12/3/1990,5.3125,5.2344,5.3438,5.2188,3143200,5.1406
12/4/1990,5.3594,5.2969,5.375,5.1875,1881600,5.3125
12/5/1990,5.5,5.3281,5.5,5.2813,1208800,5.3594
12/6/1990,5.5781,5.6094,5.7344,5.5313,2690400,5.5
12/7/1990,5.6406,5.5781,5.7031,5.5781,2260800,5.5781
12/10/1990,5.7344,5.6563,5.7813,5.6563,1817600,5.6406
12/11/1990,5.6406,5.7031,5.7031,5.6094,768000,5.7344
12/12/1990,5.7813,5.6406,5.8125,5.625,1384000,5.6406
12/13/1990,5.7188,5.6875,5.7656,5.6719,1659200,5.7813
12/14/1990,5.6719,5.6875,5.7188,5.5781,1204800,5.7188
12/17/1990,5.5781,5.625,5.6406,5.5469,954400,5.6719
12/18/1990,5.7344,5.5313,5.8125,5.5313,2716800,5.5781
12/19/1990,5.8594,5.75,5.9219,5.75,2508000,5.7344
12/20/1990,6.0156,5.7188,6.0313,5.7188,2395200,5.8594
12/21/1990,5.8906,6.0313,6.0313,5.875,2540000,6.0156
12/24/1990,5.8281,5.8281,5.8594,5.8125,821600,5.8906
12/26/1990,5.8125,5.8125,5.8438,5.7969,1209600,5.8281
12/27/1990,5.8125,5.875,5.875,5.8125,1064800,5.8125
12/28/1990,5.8281,5.8281,5.875,5.8125,1098400,5.8125
12/31/1990,5.875,5.8281,5.875,5.7188,1917600,5.8281
1/2/1991,5.8281,5.8438,5.8906,5.8281,1411200,5.875
1/3/1991,5.7344,5.8281,5.8281,5.7344,1003200,5.8281
1/4/1991,5.6406,5.7031,5.7188,5.6094,990400,5.7344
1/7/1991,5.5625,5.5938,5.5938,5.5156,1822400,5.6406
1/8/1991,5.6719,5.5625,5.6875,5.5469,1609600,5.5625
1/9/1991,5.5938,5.7188,5.7813,5.5156,2950400,5.6719
1/10/1991,5.6875,5.625,5.6875,5.5781,1009600,5.5938
1/11/1991,5.75,5.6719,5.7813,5.6719,1012800,5.6875
1/14/1991,5.7344,5.7031,5.7813,5.6875,1252800,5.75
1/15/1991,5.7344,5.7031,5.75,5.6563,1581600,5.7344
1/16/1991,5.4531,5.5938,5.6094,5.4063,6082400,5.7344
1/17/1991,5.7031,5.6094,5.7031,5.5625,3179200,5.4531
1/18/1991,5.5625,5.6875,5.7188,5.5,3467200,5.7031
1/21/1991,5.5625,5.5625,5.5625,5.5156,591200,5.5625
1/22/1991,5.3594,5.4063,5.4219,5.3438,2828800,5.5625
1/23/1991,5.4844,5.3281,5.5,5.3281,2043200,5.3594
1/24/1991,5.7813,5.6094,5.8594,5.5938,3887200,5.4844
1/25/1991,5.8438,5.8438,5.9844,5.8125,2651200,5.7813
1/28/1991,6,5.8438,6,5.8281,3550400,5.8438
1/29/1991,6.125,6,6.125,5.9844,2611200,6
1/30/1991,6.2188,6.1406,6.3125,6.125,3854400,6.125
1/31/1991,6.2188,6.2031,6.2656,6.2031,3290400,6.2188
2/1/1991,6.1719,6.1875,6.3125,6.1094,2251200,6.2188
2/4/1991,6.2656,6.1719,6.2813,6.1406,1664000,6.1719
2/5/1991,6.3594,6.375,6.375,6.3125,3164000,6.2656
2/6/1991,6.2344,6.3594,6.3594,6.2188,2236000,6.3594
2/7/1991,6.0625,6.25,6.25,6.0313,3143200,6.2344
2/8/1991,5.9844,6.0625,6.0781,5.9219,2381600,6.0625
2/11/1991,6.1094,5.9844,6.125,5.9688,5071200,5.9844
2/12/1991,6.2344,6.0313,6.25,6.0156,6367200,6.1094
2/13/1991,6.2969,6.2188,6.3281,6.2188,1629600,6.2344
2/14/1991,6.3438,6.2969,6.3906,6.2969,3534400,6.2969
2/15/1991,6.3906,6.3125,6.4063,6.2813,2853600,6.3438
2/19/1991,6.4688,6.4219,6.5156,6.4219,2751200,6.3906
2/20/1991,6.3281,6.25,6.375,6.25,4236800,6.4688
2/21/1991,6.2188,6.3438,6.4063,6.0938,4526400,6.3281
2/22/1991,6.2031,6.2031,6.2344,6.1094,4204800,6.2188
2/25/1991,6.3281,6.3594,6.3594,6.25,3442400,6.2031
2/26/1991,6.2813,6.3125,6.3438,6.2656,1956800,6.3281
2/27/1991,6.6875,6.3125,6.8594,6.2969,10696000,6.2813
2/28/1991,6.8281,6.7969,6.9844,6.7031,8106400,6.6875
3/1/1991,6.875,6.75,6.8906,6.7031,3834400,6.8281
3/4/1991,6.9375,6.9375,7.125,6.9063,6124800,6.875
3/5/1991,7.0781,7,7.1719,7,5410400,6.9375
3/6/1991,6.8594,7.2031,7.2031,6.8594,8100000,7.0781
3/7/1991,6.8438,6.8438,6.9063,6.8125,3812800,6.8594
3/8/1991,6.8438,6.9063,6.9844,6.8438,1890400,6.8438
3/11/1991,6.9375,6.8125,6.9375,6.7813,2101600,6.8438
3/12/1991,6.8125,6.9219,6.9844,6.8125,2921600,6.9375
3/13/1991,6.8594,6.7813,6.8906,6.7813,1520000,6.8125
3/14/1991,6.8438,6.9219,6.9375,6.8281,2828000,6.8594
3/15/1991,6.6719,6.8438,6.8438,6.5625,6928000,6.8438
3/18/1991,6.5156,6.6563,6.6563,6.4688,2060000,6.6719
3/19/1991,6.2969,6.4219,6.4219,6.2656,4192800,6.5156
3/20/1991,6.2656,6.2813,6.3125,6.1563,3277600,6.2969
3/21/1991,6.1719,6.2813,6.2969,6.1563,2351200,6.2656
3/22/1991,6.0313,6.1719,6.1719,5.9844,3663200,6.1719
3/25/1991,6.125,6.0156,6.1406,6.0156,2093600,6.0313
3/26/1991,6.1094,6.125,6.125,6.0625,3200800,6.125
3/27/1991,6.0781,6.125,6.1875,6.0625,2304000,6.1094
3/28/1991,5.9844,6.0781,6.2344,5.9531,1579200,6.0781
4/1/1991,5.9375,5.9688,5.9844,5.9375,1438400,5.9844
4/2/1991,6,6.0156,6.0469,5.9531,1878400,5.9375
4/3/1991,6.0625,6,6.1875,6,3258400,6
4/4/1991,6.0938,6.1563,6.1875,6.0938,2211200,6.0625
4/5/1991,5.9375,6.1094,6.1094,5.9375,2349600,6.0938
4/8/1991,6.0156,5.9375,6.0156,5.9375,1205600,5.9375
4/9/1991,5.9375,5.9844,6,5.9375,1406400,6.0156
4/10/1991,5.8594,5.9531,5.9844,5.7969,2554400,5.9375
4/11/1991,5.9063,5.8906,5.9375,5.8594,2009600,5.8594
4/12/1991,5.8594,5.9375,5.9688,5.7813,1960800,5.9063
4/15/1991,5.8594,5.8125,5.8594,5.8125,1435200,5.8594
4/16/1991,6.2031,5.875,6.2031,5.8438,2488800,5.8594
4/17/1991,6.1875,6.2031,6.2344,6.1563,2335200,6.2031
4/18/1991,6.3125,6.2031,6.3906,6.1875,3737600,6.1875
4/19/1991,6.1875,6.2188,6.2813,6.1875,1024800,6.3125
4/22/1991,6.125,6.1719,6.2344,6.0781,2327200,6.1875
4/23/1991,6.0938,6.1719,6.1875,6.0469,2043200,6.125
4/24/1991,6.0313,6.0625,6.0781,5.9375,1737600,6.0938
4/25/1991,5.9688,5.9375,6,5.9063,1717600,6.0313
4/26/1991,5.9375,5.9531,5.9688,5.875,833600,5.9688
4/29/1991,5.9219,5.9375,6.0625,5.9219,1160800,5.9375
4/30/1991,5.9531,5.8906,6,5.8906,2476000,5.9219
5/1/1991,6.0938,5.9844,6.0938,5.9844,1036800,5.9531
5/2/1991,6.1719,6.1094,6.2344,6.1094,1527200,6.0938
5/3/1991,6.2813,6.2656,6.3906,6.25,3572000,6.1719
5/6/1991,6.2188,6.2969,6.3125,6.1719,2314400,6.2813
5/7/1991,6.3438,6.3125,6.3438,6.2656,3559200,6.2188
5/8/1991,6.4375,6.3438,6.4375,6.3281,2764000,6.3438
5/9/1991,6.5313,6.4844,6.5469,6.4219,2522400,6.4375
5/10/1991,6.4844,6.5625,6.5625,6.3906,2012000,6.5313
5/13/1991,6.4219,6.4844,6.4844,6.3906,1440800,6.4844
5/14/1991,6.3281,6.375,6.3906,6.2813,1693600,6.4219
5/15/1991,6.2188,6.3281,6.3281,6.1719,1932000,6.3281
5/16/1991,6.25,6.1875,6.25,6.1719,1835200,6.2188
5/17/1991,6.25,6.2344,6.2969,6.1875,1694400,6.25
5/20/1991,6.1875,6.25,6.2813,6.1719,1069600,6.25
5/21/1991,6.0156,6.0781,6.1563,5.9844,3941600,6.1875
5/22/1991,5.8594,6.0156,6.0156,5.8438,3570400,6.0156
5/23/1991,5.7969,5.8438,6.0156,5.7188,4782400,5.8594
5/24/1991,5.7813,5.7813,5.8125,5.7656,2568800,5.7969
5/28/1991,5.9531,5.8125,5.9531,5.7813,4444800,5.7813
5/29/1991,5.9531,5.9688,6.0313,5.8906,3298400,5.9531
5/30/1991,6.1406,5.9688,6.2188,5.9688,4867200,5.9531
5/31/1991,6.4688,6.2031,6.4688,6.2031,5884800,6.1406
6/3/1991,6.6875,6.4688,6.7188,6.4531,4033600,6.4688
6/4/1991,6.6094,6.625,6.6719,6.5781,3937600,6.6875
6/5/1991,6.4844,6.5625,6.5625,6.4531,2163200,6.6094
6/6/1991,6.4531,6.4844,6.4844,6.4219,2290400,6.4844
6/7/1991,6.4844,6.4375,6.5469,6.4063,1560000,6.4531
6/10/1991,6.5156,6.5,6.5313,6.5,1092000,6.4844
6/11/1991,6.5625,6.5469,6.6094,6.5313,2225600,6.5156
6/12/1991,6.4688,6.5625,6.5625,6.4219,2360800,6.5625
6/13/1991,6.4219,6.4375,6.4688,6.4063,1194400,6.4688
6/14/1991,6.4844,6.4531,6.4844,6.4531,743200,6.4219
6/17/1991,6.4531,6.4844,6.4844,6.4219,639200,6.4844
6/18/1991,6.3594,6.4219,6.4688,6.3594,1295200,6.4531
6/19/1991,6.1875,6.2656,6.2656,6.1719,1592800,6.3594
6/20/1991,6.1563,6.1094,6.1719,6.1094,1385600,6.1875
6/21/1991,6.25,6.1719,6.25,6.1719,2070400,6.1563
6/24/1991,6.0781,6.2188,6.2188,6.0781,1020000,6.25
6/25/1991,6.1094,6.125,6.1563,6.0938,1113600,6.0781
6/26/1991,6.25,6.1406,6.25,6.1094,1304000,6.1094
6/27/1991,6.3125,6.2031,6.3125,6.2031,998400,6.25
6/28/1991,6.1719,6.2656,6.2656,6.125,1248800,6.3125
7/1/1991,6.2188,6.1406,6.2188,6.0313,1912800,6.1719
7/2/1991,6.2188,6.1875,6.2188,6.125,1833600,6.2188
7/3/1991,6.0938,6.1719,6.1719,6.0469,1220800,6.2188
7/5/1991,6.0625,6.0625,6.0938,6.0469,1010400,6.0938
7/8/1991,5.9688,6.0313,6.0469,5.9531,2148000,6.0625
7/9/1991,5.8906,5.9688,5.9688,5.8906,1787200,5.9688
7/10/1991,5.9063,5.9844,6.0313,5.8906,2309600,5.8906
7/11/1991,5.9063,5.9531,5.9844,5.9063,1409600,5.9063
7/12/1991,6,5.9375,6.0313,5.8906,981600,5.9063
7/15/1991,6.0781,6,6.0938,6,823200,6
7/16/1991,5.9531,6.0938,6.0938,5.9531,1289600,6.0781
7/17/1991,5.9688,5.9688,6.0313,5.9375,1062400,5.9531
7/18/1991,6.0469,6,6.1094,5.9844,1436000,5.9688
7/19/1991,6.1563,6.1563,6.1875,6.125,1947200,6.0469
7/22/1991,6.25,6.1563,6.2813,6.125,2231200,6.1563
7/23/1991,6.1875,6.25,6.2969,6.1875,1132800,6.25
7/24/1991,6.0781,6.2188,6.2188,6.0781,2325600,6.1875
7/25/1991,6.1875,6.0625,6.2031,5.9844,1886400,6.0781
7/26/1991,6.0938,6.2188,6.2188,6.0781,658400,6.1875
7/29/1991,6.1563,6.0625,6.1719,6.0313,1148000,6.0938
7/30/1991,6.2031,6.2188,6.2969,6.2031,2344000,6.1563
7/31/1991,6.1406,6.2031,6.2031,6.0938,1496800,6.2031
8/1/1991,6.1719,6.1406,6.1719,6.1094,1577600,6.1406
8/2/1991,6.2031,6.25,6.25,6.1875,1515200,6.1719
8/5/1991,6.0938,6.2031,6.2031,6.0938,1771200,6.2031
8/6/1991,6.125,6.1094,6.1563,6.0781,2072800,6.0938
8/7/1991,6.125,6.1563,6.1875,6.1094,1081600,6.125
8/8/1991,6.1719,6.1094,6.25,6.1094,1551200,6.125
8/9/1991,6.1094,6.2031,6.2344,6.0938,1754400,6.1719
8/12/1991,6.0781,6.0938,6.0938,6.0469,703200,6.1094
8/13/1991,5.9844,6.0625,6.0781,5.9688,1916000,6.0781
8/14/1991,5.9688,6,6.0313,5.9531,1618400,5.9844
8/15/1991,5.9219,5.9844,6,5.9219,1330400,5.9688
8/16/1991,5.8594,5.9531,5.9531,5.7969,4667200,5.9219
8/19/1991,5.5781,5.5781,5.7969,5.5625,2568800,5.8594
8/20/1991,5.7031,5.7031,5.7344,5.6563,3253600,5.5781
8/21/1991,5.8594,5.8438,5.875,5.7813,2895200,5.7031
8/22/1991,5.8906,5.8906,5.9219,5.8438,1844000,5.8594
8/23/1991,6.0313,5.8594,6.0938,5.8594,3708000,5.8906
8/26/1991,5.9688,6.0156,6.0156,5.9531,773600,6.0313
8/27/1991,5.9375,5.9688,5.9688,5.8438,2436800,5.9688
8/28/1991,6,5.9375,6.0156,5.875,1054400,5.9375
8/29/1991,5.9531,6.0156,6.0156,5.875,1780800,6
8/30/1991,5.9375,5.9688,5.9688,5.8906,1347200,5.9531
9/3/1991,5.8906,5.9219,5.9375,5.875,1626400,5.9375
9/4/1991,5.8125,5.8438,5.8594,5.8125,1552800,5.8906
9/5/1991,5.8281,5.8281,5.875,5.8125,908000,5.8125
9/6/1991,5.8438,5.8125,5.9063,5.8125,1650400,5.8281
9/9/1991,5.8125,5.8281,5.875,5.7656,888000,5.8438
9/10/1991,5.7813,5.8438,5.8594,5.7656,1105600,5.8125
9/11/1991,5.7656,5.7969,5.8281,5.7344,1285600,5.7813
9/12/1991,5.75,5.8125,5.8281,5.75,1261600,5.7656
9/13/1991,5.6563,5.7344,5.7344,5.6094,3304800,5.75
9/16/1991,5.75,5.6563,5.7969,5.6563,2196800,5.6563
9/17/1991,5.7188,5.7031,5.75,5.7031,1225600,5.75
9/18/1991,5.7344,5.7031,5.7344,5.7031,564000,5.7188
9/19/1991,5.7188,5.7344,5.7813,5.7188,1322400,5.7344
9/20/1991,5.7188,5.7188,5.7813,5.6563,2697600,5.7188
9/23/1991,5.6563,5.7031,5.7188,5.6563,1362400,5.7188
9/24/1991,5.7031,5.6563,5.7656,5.6563,1799200,5.6563
9/25/1991,5.7188,5.7188,5.7344,5.6719,1727200,5.7031
9/26/1991,5.5625,5.7031,5.7188,5.5625,1831200,5.7188
9/27/1991,5.6094,5.5469,5.6094,5.5313,1694400,5.5625
9/30/1991,5.5781,5.5938,5.625,5.5781,1120000,5.6094
10/1/1991,5.5313,5.5781,5.5781,5.5156,2029600,5.5781
10/2/1991,5.5625,5.5625,5.5938,5.5469,1736800,5.5313
10/3/1991,5.5625,5.5781,5.5781,5.5469,1251200,5.5625
10/4/1991,5.5625,5.5781,5.5938,5.5625,1088000,5.5625
10/7/1991,5.6563,5.625,5.6563,5.5938,1756000,5.5625
10/8/1991,5.7656,5.6719,5.7656,5.6719,2148000,5.6563
10/9/1991,5.625,5.7813,5.7813,5.625,1752800,5.7656
10/10/1991,5.6406,5.6563,5.6563,5.5938,1368000,5.625
10/11/1991,5.6094,5.7031,5.7031,5.5781,3491200,5.6406
10/14/1991,5.6719,5.6406,5.6719,5.625,1556000,5.6094
10/15/1991,5.6406,5.6719,5.6875,5.6094,2484000,5.6719
10/16/1991,5.7656,5.6406,5.7656,5.5313,2361600,5.6406
10/17/1991,5.9375,5.75,5.9375,5.7188,3046400,5.7656
10/18/1991,6.0781,5.875,6.0781,5.8281,4621600,5.9375
10/21/1991,6.1094,6.0938,6.1406,6.0625,5408800,6.0781
10/22/1991,6.125,6.1094,6.1719,6.0469,2635200,6.1094
10/23/1991,6.0938,6.1563,6.1563,6.0313,2052800,6.125
10/24/1991,6,6.0938,6.1094,5.9219,2189600,6.0938
10/25/1991,5.9375,6.0156,6.0313,5.875,1544000,6
10/28/1991,6,5.9688,6.0469,5.9688,2171200,5.9375
10/29/1991,5.9531,6.0313,6.0469,5.9375,2249600,6
10/30/1991,5.9688,5.9688,5.9688,5.9063,1407200,5.9531
10/31/1991,6,6,6.0625,5.9531,1546400,5.9688
11/1/1991,5.9063,6.0313,6.0625,5.8906,1553600,6
11/4/1991,6.0625,5.8125,6.0625,5.8125,1673600,5.9063
11/5/1991,6.0313,6.0625,6.0625,6,1502400,6.0625
11/6/1991,6.0156,6.0469,6.0469,6,1494400,6.0313
11/7/1991,6.0625,6.0469,6.0625,6.0313,1279200,6.0156
11/8/1991,6.0469,6.1094,6.1094,6.0156,991200,6.0625
11/11/1991,6,6.0156,6.0313,5.9844,343200,6.0469
11/12/1991,6,6.0469,6.0469,5.9531,1235200,6
11/13/1991,6,5.9531,6,5.9219,772000,6
11/14/1991,5.6094,5.6563,5.6563,5.5,9000800,6
11/15/1991,5.5156,5.6094,5.6563,5.5,3069600,5.6094
11/18/1991,5.4063,5.5313,5.5469,5.3906,2736800,5.5156
11/19/1991,5.3281,5.375,5.375,5.1406,4388800,5.4063
11/20/1991,5.2344,5.375,5.375,5.2188,2501600,5.3281
11/21/1991,5.1719,5.2344,5.2344,5.1406,3529600,5.2344
11/22/1991,5.0938,5.1563,5.1719,5.0781,2825600,5.1719
11/25/1991,4.9688,5.0625,5.0781,4.9063,4100800,5.0938
11/26/1991,4.875,5,5.0469,4.7031,5288000,4.9688
11/27/1991,4.9844,4.8906,5.0156,4.8906,2950400,4.875
11/29/1991,5.1563,5.0313,5.2188,5.0313,1904800,4.9844
12/2/1991,5.4219,5.1563,5.4531,5.1406,2951200,5.1563
12/3/1991,5.25,5.4375,5.4688,5.1563,2316800,5.4219
12/4/1991,5.2344,5.2969,5.3125,5.1875,1596800,5.25
12/5/1991,5.1406,5.2344,5.25,5.125,693600,5.2344
12/6/1991,4.9688,5.0781,5.2188,4.9688,3472800,5.1406
12/9/1991,4.9531,4.9844,5,4.9375,1554400,4.9688
12/10/1991,4.9219,4.9531,4.9844,4.9219,2887200,4.9531
12/11/1991,4.875,4.9531,4.9688,4.8125,6771200,4.9219
12/12/1991,5.0469,4.9063,5.0625,4.9063,3432800,4.875
12/13/1991,5.0625,5.0625,5.125,5.0469,3277600,5.0469
12/16/1991,5.0625,5.0625,5.0781,5.0469,2579200,5.0625
12/17/1991,5,5.0781,5.0781,4.9688,2032800,5.0625
12/18/1991,4.9375,5.0156,5.0156,4.9375,3279200,5
12/19/1991,4.875,4.9219,4.9375,4.8438,2758400,4.9375
12/20/1991,4.8906,4.9844,4.9844,4.8594,3393600,4.875
12/23/1991,5.1875,4.9219,5.2031,4.9219,2787200,4.8906
12/24/1991,5.25,5.1875,5.2969,5.1875,1563200,5.1875
12/26/1991,5.4219,5.2344,5.4375,5.2188,1235200,5.25
12/27/1991,5.3125,5.5,5.5,5.2813,1420000,5.4219
12/30/1991,5.3438,5.2188,5.3594,5.2188,2600800,5.3125
12/31/1991,5.4844,5.3438,5.5,5.2969,1780000,5.3438
1/2/1992,5.4531,5.4844,5.5625,5.3594,1799200,5.4844
1/3/1992,5.4375,5.4844,5.5625,5.4219,2748800,5.4531
1/6/1992,5.4531,5.4844,5.6094,5.4375,1587200,5.4375
1/7/1992,5.4844,5.4219,5.5,5.4219,1440800,5.4531
1/8/1992,5.4531,5.4531,5.5,5.4531,2921600,5.4844
1/9/1992,5.4531,5.4688,5.4844,5.4219,1564000,5.4531
1/10/1992,5.3906,5.4219,5.4531,5.375,1891200,5.4531
1/13/1992,5.2188,5.375,5.375,5.2188,2840000,5.3906
1/14/1992,5.3281,5.1563,5.3281,5.1563,2720800,5.2188
1/15/1992,5.6406,5.4375,5.6719,5.3906,4092000,5.3281
1/16/1992,5.8906,5.625,5.9688,5.625,6253600,5.6406
1/17/1992,5.9375,5.9219,5.9531,5.875,4531200,5.8906
1/20/1992,6.0313,5.9219,6.0469,5.8438,4936000,5.9375
1/21/1992,5.8438,5.9531,5.9531,5.7344,5636000,6.0313
1/22/1992,5.8594,5.8125,5.8906,5.7188,3180000,5.8438
1/23/1992,5.8594,5.8281,5.8906,5.7813,2755200,5.8594
1/24/1992,5.8438,5.8281,5.8906,5.8281,1332800,5.8594
1/27/1992,5.9375,5.8594,5.9375,5.8594,1634400,5.8438
1/28/1992,5.8438,5.9375,5.9375,5.8125,2193600,5.9375
1/29/1992,5.7969,5.8281,5.8281,5.7813,3416000,5.8438
1/30/1992,5.8438,5.7969,5.8438,5.7813,1379200,5.7969
1/31/1992,5.8438,5.8281,5.8438,5.7813,1660800,5.8438
2/3/1992,5.8438,5.8438,5.9219,5.8281,2548800,5.8438
2/4/1992,5.9688,5.875,5.9688,5.875,3292800,5.8438
2/5/1992,6.0156,5.9375,6.0469,5.8906,4106400,5.9688
2/6/1992,6.125,6.0625,6.125,6.0625,3984000,6.0156
2/7/1992,5.9375,6.125,6.125,5.9375,3476800,6.125
2/10/1992,6.2344,5.9688,6.2344,5.9688,2770400,5.9375
2/11/1992,6.1563,6.2344,6.2344,6.1406,3962400,6.2344
2/12/1992,6.3438,6.1563,6.4063,6.1406,4196800,6.1563
2/13/1992,6.2656,6.3438,6.3906,6.2344,3148800,6.3438
2/14/1992,6.3281,6.2656,6.3594,6.2344,1676800,6.2656
2/18/1992,6.4063,6.2969,6.4375,6.2656,3243200,6.3281
2/19/1992,6.5781,6.3906,6.5938,6.3906,2980800,6.4063
2/20/1992,6.5313,6.5,6.5625,6.4531,4834400,6.5781
2/21/1992,6.3438,6.4531,6.5,6.2969,3500800,6.5313
2/24/1992,6.4375,6.3438,6.4688,6.3438,1348800,6.3438
2/25/1992,6.25,6.4063,6.4063,6.2031,3027200,6.4375
2/26/1992,6.2969,6.2656,6.3125,6.2188,2352800,6.25
2/27/1992,6.1406,6.2656,6.2969,6.1406,1726400,6.2969
2/28/1992,6.1094,6.1719,6.2344,6.0781,1676000,6.1406
3/2/1992,6.3594,6.1719,6.3594,6.1563,1295200,6.1094
3/3/1992,6.3125,6.4063,6.4844,6.2813,3111200,6.3594
3/4/1992,6.375,6.4063,6.4219,6.3281,2194400,6.3125
3/5/1992,6.2344,6.3438,6.3438,6.2188,2128800,6.375
3/6/1992,6.1875,6.1563,6.2188,6.1563,1332800,6.2344
3/9/1992,6.1406,6.1563,6.1563,6.0938,1922400,6.1875
3/10/1992,6.0313,6.1094,6.1719,6.0156,3696800,6.1406
3/11/1992,5.9688,6.0625,6.1094,5.875,3056800,6.0313
3/12/1992,5.9375,5.9531,5.9844,5.8906,2271200,5.9688
3/13/1992,6.125,6,6.125,5.9531,873600,5.9375
3/16/1992,6.0781,6.0938,6.1406,6.0781,904000,6.125
3/17/1992,6.0156,6.0625,6.0781,6.0156,1577600,6.0781
3/18/1992,6.2031,5.9844,6.2656,5.9688,1888800,6.0156
3/19/1992,6.2031,6.1719,6.2813,6.1719,1937600,6.2031
3/20/1992,6.2188,6.2188,6.2344,6.1406,1553600,6.2031
3/23/1992,6.1875,6.1875,6.1875,6.1406,648000,6.2188
3/24/1992,6.1406,6.1875,6.2031,6.1406,1316000,6.1875
3/25/1992,6.25,6.1406,6.2969,6.1406,2431200,6.1406
3/26/1992,6.3438,6.25,6.3438,6.25,1640800,6.25
3/27/1992,6.25,6.2656,6.2969,6.2344,1276800,6.3438
3/30/1992,6.2969,6.2656,6.2969,6.25,1657600,6.25
3/31/1992,6.25,6.2656,6.3125,6.25,2166400,6.2969
4/1/1992,6.1719,6.2188,6.2188,6.0938,2507200,6.25
4/2/1992,6.1563,6.1563,6.1719,6.0156,3516800,6.1719
4/3/1992,6.2656,6.1719,6.2656,6.0313,2826400,6.1563
4/6/1992,6.25,6.3125,6.3281,6.1719,3516800,6.2656
4/7/1992,6.1719,6.2813,6.2813,6.1406,2319200,6.25
4/8/1992,6,6.1563,6.1563,5.8906,2242400,6.1719
4/9/1992,6,5.9688,6.0156,5.9531,2015200,6
4/10/1992,6.0781,6.0781,6.0781,6.0313,2380800,6
4/13/1992,6.1563,6.0625,6.1719,6.0625,898400,6.0781
4/14/1992,6.1875,6.125,6.2188,6.0781,1705600,6.1563
4/15/1992,6.7344,6.4688,6.75,6.3906,10744000,6.1875
4/16/1992,6.6875,6.75,6.75,6.625,3704000,6.7344
4/20/1992,7,6.7656,7.0156,6.75,4534400,6.6875
4/21/1992,6.8438,6.9375,6.9375,6.8125,5128000,7
4/22/1992,7.0938,6.8125,7.1563,6.7969,8363200,6.8438
4/23/1992,7.0938,7.0156,7.1406,6.9844,4673600,7.0938
4/24/1992,7.0781,7.0469,7.1563,7.0156,1869600,7.0938
4/27/1992,6.9531,7,7,6.8906,2159200,7.0781
4/28/1992,6.9688,6.9375,7.0156,6.8906,2409600,6.9531
4/29/1992,7,6.9531,7.0156,6.9531,1784800,6.9688
4/30/1992,7.0156,6.9063,7.0313,6.9063,2114400,7
5/1/1992,6.9063,6.9844,7.0156,6.9063,2020800,7.0156
5/4/1992,7.0156,6.8906,7.0156,6.8906,1932800,6.9063
5/5/1992,6.6875,6.9844,6.9844,6.6875,2470400,7.0156
5/6/1992,7,6.8281,7.0313,6.7969,3553600,6.6875
5/7/1992,6.9531,7.0625,7.0625,6.9531,2048000,7
5/8/1992,6.9375,6.9531,7.0313,6.875,995200,6.9531
5/11/1992,7.1719,7,7.2344,6.9844,3412000,6.9375
5/12/1992,7.125,7.1875,7.2031,7.1094,2802400,7.1719
5/13/1992,7.0469,7.1094,7.1094,7.0313,1644800,7.125
5/14/1992,7.0625,7.0469,7.1094,7.0156,2807200,7.0469
5/15/1992,6.9375,7,7,6.9063,3433600,7.0625
5/18/1992,7,7.0156,7.0313,6.9688,1538400,6.9375
5/19/1992,7.1094,7.0469,7.1406,7.0313,3346400,7
5/20/1992,7.2344,7.125,7.2344,7.1094,2699200,7.1094
5/21/1992,7.4219,7.2344,7.4219,7.2188,4482400,7.2344
5/22/1992,7.3281,7.375,7.4063,7.2813,2259200,7.4219
5/26/1992,7.4375,7.3594,7.4688,7.3281,2611200,7.3281
5/27/1992,7.4531,7.4063,7.5,7.375,2085600,7.4375
5/28/1992,7.4531,7.4531,7.5781,7.4219,3897600,7.4531
5/29/1992,7.5469,7.4219,7.5938,7.4063,3823200,7.4531
6/1/1992,7.6563,7.5625,7.6719,7.5313,2948800,7.5469
6/2/1992,7.7188,7.7031,7.7344,7.6719,2960800,7.6563
6/3/1992,7.7031,7.7344,7.7656,7.7031,2997600,7.7188
6/4/1992,7.625,7.7031,7.7188,7.625,1196000,7.7031
6/5/1992,7.4688,7.5938,7.6094,7.4219,3882400,7.625
6/8/1992,7.4531,7.4531,7.4531,7.3594,2332000,7.4688
6/9/1992,7.4531,7.5625,7.5625,7.4063,2260800,7.4531
6/10/1992,7.3438,7.4063,7.4063,7.3125,1832000,7.4531
6/11/1992,7.0938,7.3438,7.3438,7.0313,3339200,7.3438
6/12/1992,7.0781,7.1719,7.1719,7.0156,6044800,7.0938
6/15/1992,7.0781,7.0156,7.0938,7.0156,2488800,7.0781
6/16/1992,7.0313,7.0625,7.0781,7.0313,2284000,7.0781
6/17/1992,6.7031,7.0313,7.0313,6.6875,2566400,7.0313
6/18/1992,6.7813,6.7188,6.7813,6.5938,4136000,6.7031
6/19/1992,6.8125,6.7656,6.875,6.75,1630400,6.7813
6/22/1992,6.6563,6.7969,6.7969,6.6094,2351200,6.8125
6/23/1992,6.7188,6.75,6.8594,6.7031,2250400,6.6563
6/24/1992,6.7031,6.7188,6.7813,6.7031,1571200,6.7188
6/25/1992,6.5,6.7656,6.7656,6.4844,3388800,6.7031
6/26/1992,6.4219,6.4844,6.5469,6.3125,3681600,6.5
6/29/1992,6.6094,6.5,6.625,6.5,2652000,6.4219
6/30/1992,6.7188,6.6406,6.7188,6.5938,2325600,6.6094
7/1/1992,6.5781,6.7344,6.7344,6.4219,5095200,6.7188
7/2/1992,6.5,6.6094,6.6094,6.4531,3923200,6.5781
7/6/1992,6.4219,6.5,6.5156,6.4063,3644800,6.5
7/7/1992,6.3281,6.4063,6.4219,6.3125,2881600,6.4219
7/8/1992,6.2656,6.3438,6.3438,6.1563,2643200,6.3281
7/9/1992,6.5469,6.3281,6.5469,6.3281,2164800,6.2656
7/10/1992,6.7188,6.6094,6.7344,6.5781,2140000,6.5469
7/13/1992,6.6875,6.7188,6.7344,6.6406,1297600,6.7188
7/14/1992,6.7031,6.625,6.7031,6.6094,1841600,6.6875
7/15/1992,6.875,6.7344,6.9219,6.7188,2701600,6.7031
7/16/1992,7,6.8438,7.0156,6.7969,3320000,6.875
7/17/1992,6.8438,6.9688,6.9688,6.7969,2575200,7
7/20/1992,6.7188,6.6875,6.7344,6.6563,2209600,6.8438
7/21/1992,6.6719,6.7031,6.7031,6.6406,2021600,6.7188
7/22/1992,6.5625,6.6406,6.6719,6.5625,1195200,6.6719
7/23/1992,6.5625,6.625,6.625,6.5313,1350400,6.5625
7/24/1992,6.75,6.5781,6.75,6.5625,1139200,6.5625
7/27/1992,6.8438,6.7813,6.8594,6.7813,1348000,6.75
7/28/1992,6.875,6.7969,6.8906,6.7656,2249600,6.8438
7/29/1992,6.9219,6.875,7,6.875,3088800,6.875
7/30/1992,6.9219,6.9063,6.9219,6.9063,1232000,6.9219
7/31/1992,6.9063,6.9219,6.9219,6.875,946400,6.9219
8/3/1992,6.8438,6.8906,6.9063,6.8281,1568800,6.9063
8/4/1992,6.7656,6.8125,6.8125,6.75,835200,6.8438
8/5/1992,6.7031,6.7813,6.7813,6.6875,1131200,6.7656
8/6/1992,6.6094,6.6406,6.6406,6.5781,997600,6.7031
8/7/1992,6.5938,6.6094,6.6094,6.4688,2784000,6.6094
8/10/1992,6.5469,6.5469,6.5781,6.5313,1263200,6.5938
8/11/1992,6.4531,6.5781,6.5781,6.4531,1309600,6.5469
8/12/1992,6.2656,6.4219,6.4219,6.25,3132800,6.4531
8/13/1992,6.25,6.25,6.2656,6.2031,4679200,6.2656
8/14/1992,6.2344,6.2656,6.2656,6.1563,3091200,6.25
8/17/1992,6.0313,6.1563,6.1563,5.9844,6632000,6.2344
8/18/1992,6.0781,6.0156,6.0938,5.9844,3749600,6.0313
8/19/1992,6.0625,6.125,6.1563,6.0625,3185600,6.0781
8/20/1992,5.9688,6.0781,6.0781,5.9688,2032800,6.0625
8/21/1992,5.9688,6.0313,6.0781,5.9219,2312000,5.9688
8/24/1992,5.8594,5.9531,5.9531,5.8438,1525600,5.9688
8/25/1992,5.8281,5.875,5.9688,5.8281,1940000,5.8594
8/26/1992,5.9531,5.8438,5.9688,5.8281,2792000,5.8281
8/27/1992,6.0313,6,6.0469,5.9844,2213600,5.9531
8/28/1992,6.0469,6.0625,6.0625,6.0313,1503200,6.0313
8/31/1992,6.0313,6.0781,6.0781,6,1112800,6.0469
9/1/1992,6.0313,6.0156,6.0313,5.9688,974400,6.0313
9/2/1992,6.1094,6.0313,6.125,6.0156,1800800,6.0313
9/3/1992,6.1875,6.2188,6.3125,6.1719,2102400,6.1094
9/4/1992,6.1563,6.1563,6.2344,6.1406,1610400,6.1875
9/8/1992,5.9688,6.1563,6.1563,5.9531,1564000,6.1563
9/9/1992,6.0313,5.9688,6.0313,5.9688,1410400,5.9688
9/10/1992,6.1719,6.0469,6.1719,6.0469,2649600,6.0313
9/11/1992,6.1719,6.1875,6.2031,6.1563,1348000,6.1719
9/14/1992,6.625,6.375,6.6875,6.3281,5737600,6.1719
9/15/1992,6.5313,6.5781,6.5781,6.5,4439200,6.625
9/16/1992,6.4688,6.4844,6.5469,6.4375,7686400,6.5313
9/17/1992,6.5313,6.4844,6.5625,6.4844,3937600,6.4688
9/18/1992,6.5469,6.5313,6.5625,6.5313,3237600,6.5313
9/21/1992,6.5469,6.5469,6.5625,6.5156,1228800,6.5469
9/22/1992,6.4688,6.5313,6.5469,6.4531,1990400,6.5469
9/23/1992,6.3438,6.4375,6.4375,6.2969,2249600,6.4688
9/24/1992,6.4531,6.3906,6.4844,6.3906,1409600,6.3438
9/25/1992,6.5,6.4688,6.5781,6.4531,2027200,6.4531
9/28/1992,6.6719,6.5313,6.6719,6.5313,1293600,6.5
9/29/1992,6.5156,6.6563,6.6563,6.5,1534400,6.6719
9/30/1992,6.5156,6.5469,6.5625,6.5,1803200,6.5156
10/1/1992,6.4219,6.4844,6.5,6.3906,1593600,6.5156
10/2/1992,6.2031,6.4219,6.4219,6.1406,4053600,6.4219
10/5/1992,6.1406,6.125,6.1406,6,4610400,6.2031
10/6/1992,6.1563,6.1563,6.2031,6.1094,2371200,6.1406
10/7/1992,6.1094,6.1563,6.1875,6.0938,1951200,6.1563
10/8/1992,6.0938,6.1094,6.1719,6.0313,2714400,6.1094
10/9/1992,6.0781,6.0938,6.1875,6.0781,1720000,6.0938
10/12/1992,6.2031,6.1406,6.2031,6.0781,1544800,6.0781
10/13/1992,6.375,6.2969,6.4375,6.2813,2341600,6.2031
10/14/1992,6.4375,6.4375,6.4844,6.3906,4087200,6.375
10/15/1992,6.4531,6.4531,6.4688,6.4063,4010400,6.4375
10/16/1992,6.4063,6.4531,6.4531,6.2813,1792000,6.4531
10/19/1992,6.5781,6.3438,6.5781,6.3438,2480000,6.4063
10/20/1992,6.6719,6.6563,6.7188,6.6094,3823200,6.5781
10/21/1992,6.6094,6.6563,6.6719,6.5625,1645600,6.6719
10/22/1992,6.6875,6.7031,6.7031,6.6094,4927200,6.6094
10/23/1992,6.5313,6.4688,6.6094,6.3438,5550400,6.6875
10/26/1992,6.5,6.5313,6.5469,6.4375,3480000,6.5313
10/27/1992,6.5156,6.5313,6.5469,6.4844,1755200,6.5
10/28/1992,6.5313,6.5156,6.5781,6.4844,2140000,6.5156
10/29/1992,6.4844,6.5625,6.5781,6.3438,2895200,6.5313
10/30/1992,6.5313,6.5156,6.5469,6.4844,1512800,6.4844
11/2/1992,6.5938,6.5,6.5938,6.4531,2132000,6.5313
11/3/1992,6.7344,6.625,6.75,6.6094,3844800,6.5938
11/4/1992,6.7031,6.7813,6.875,6.6875,5312800,6.7344
11/5/1992,6.8438,6.7344,6.8438,6.7344,2192800,6.7031
11/6/1992,6.8594,6.8594,6.875,6.8125,2088800,6.8438
11/9/1992,6.8438,6.8438,6.9063,6.8281,1700800,6.8594
11/10/1992,6.75,6.8594,6.875,6.75,1386400,6.8438
11/11/1992,6.6719,6.75,6.7656,6.6563,1520000,6.75
11/12/1992,6.7188,6.6875,6.7344,6.6875,1019200,6.6719
11/13/1992,6.625,6.7344,6.7344,6.6094,1375200,6.7188
11/16/1992,6.6094,6.6563,6.6563,6.5938,1028000,6.625
11/17/1992,6.625,6.625,6.6719,6.5781,2204000,6.6094
11/18/1992,6.6563,6.6563,6.6719,6.6094,1042400,6.625
11/19/1992,6.6875,6.6875,6.7344,6.6719,3177600,6.6563
11/20/1992,6.7031,6.6875,6.75,6.6719,2460000,6.6875
11/23/1992,6.6406,6.6875,6.6875,6.6406,977600,6.7031
11/24/1992,6.75,6.6406,6.7813,6.6406,1699200,6.6406
11/25/1992,6.7344,6.7344,6.7656,6.7344,1369600,6.75
11/27/1992,6.7813,6.7344,6.8438,6.7344,926400,6.7344
11/30/1992,7.0938,6.8281,7.0938,6.8125,3067200,6.7813
12/1/1992,7.0781,7.0938,7.1094,7.0469,2609600,7.0938
12/2/1992,6.7813,6.9531,6.9531,6.7813,4752000,7.0781
12/3/1992,6.6406,6.7813,6.7813,6.6406,4324000,6.7813
12/4/1992,6.6406,6.6719,6.6719,6.5938,2655200,6.6406
12/7/1992,6.6406,6.6719,6.6719,6.625,1273600,6.6406
12/8/1992,6.75,6.6719,6.7813,6.6406,1481600,6.6406
12/9/1992,6.7813,6.7969,6.8281,6.7344,1228800,6.75
12/10/1992,6.7344,6.7969,6.8125,6.7031,1092000,6.7813
12/11/1992,6.6563,6.7188,6.7188,6.6406,709600,6.7344
12/14/1992,6.6094,6.6406,6.6563,6.6094,820800,6.6563
12/15/1992,6.6563,6.6406,6.6563,6.6094,1066400,6.6094
12/16/1992,6.6094,6.6563,6.6563,6.5781,1365600,6.6563
12/17/1992,6.6406,6.625,6.6563,6.5938,1689600,6.6094
12/18/1992,6.8125,6.7344,6.8438,6.7031,2516000,6.6406
12/21/1992,6.8125,6.8125,6.8438,6.7813,1218400,6.8125
12/22/1992,6.7813,6.8281,6.8438,6.75,1109600,6.8125
12/23/1992,6.7969,6.7813,6.8438,6.7813,916000,6.7813
12/24/1992,6.7813,6.8125,6.8281,6.7656,369600,6.7969
12/28/1992,6.7188,6.7656,6.7969,6.7031,579200,6.7813
12/29/1992,6.7969,6.75,6.8906,6.7031,3119200,6.7188
12/30/1992,6.8281,6.8438,6.8594,6.7656,1393600,6.7969
12/31/1992,6.7031,6.8281,6.8281,6.7031,795200,6.8281
1/4/1993,6.7969,6.7344,6.8125,6.7344,1392000,6.7031
1/5/1993,6.8125,6.7969,6.8594,6.7656,719200,6.7969
1/6/1993,6.9688,6.875,6.9688,6.8438,3518400,6.8125
1/7/1993,7.0625,7,7.2031,6.9688,3789600,6.9688
1/8/1993,7.125,7.0781,7.1406,7.0469,2525600,7.0625
1/11/1993,7.1406,7.0938,7.1563,7.0781,1303200,7.125
1/12/1993,7.0469,7.1406,7.1406,7.0313,1228000,7.1406
1/13/1993,6.9531,6.9844,7,6.9219,1910400,7.0469
1/14/1993,6.9375,6.9688,6.9688,6.9063,1187200,6.9531
1/15/1993,7.0938,6.9531,7.125,6.9531,1779200,6.9375
1/18/1993,7.0781,7.0781,7.0938,7.0469,2005600,7.0938
1/19/1993,7.0625,7.0625,7.125,7.0313,2134400,7.0781
1/20/1993,7,7.0781,7.1094,7,1703200,7.0625
1/21/1993,6.8125,6.9063,6.9219,6.8125,4277600,7
1/22/1993,6.9063,6.8438,6.9219,6.8125,2133600,6.8125
1/25/1993,6.8438,6.9063,7.125,6.7656,5190400,6.9063
1/26/1993,7.0313,6.9219,7.0781,6.9063,2633600,6.8438
1/27/1993,7.125,7.1094,7.1563,7.0469,2438400,7.0313
1/28/1993,7.0313,7.0938,7.1094,7.0313,867200,7.125
1/29/1993,7.0156,7.0625,7.0781,6.9688,1144000,7.0313
2/1/1993,7,7,7.0469,6.9844,932000,7.0156
2/2/1993,7.0938,7.0156,7.125,7.0156,1416800,7
2/3/1993,7.2813,7.0938,7.3125,7.0938,3037600,7.0938
2/4/1993,7.375,7.3438,7.3906,7.2344,3324000,7.2813
2/5/1993,7.4219,7.375,7.4375,7.3281,3313600,7.375
2/8/1993,7.2969,7.3438,7.3594,7.2969,1189600,7.4219
2/9/1993,7.2031,7.25,7.25,7.2031,1307200,7.2969
2/10/1993,7.0625,7.1563,7.1875,7.0156,2071200,7.2031
2/11/1993,7.1875,7.0625,7.2188,7.0625,1112000,7.0625
2/12/1993,7.1563,7.1875,7.1875,7.0781,2405600,7.1875
2/16/1993,6.9688,7.125,7.125,6.9688,3858400,7.1563
2/17/1993,6.9844,6.9844,7.0469,6.9531,2675200,6.9688
2/18/1993,7.0313,7.125,7.125,7.0156,3110400,6.9844
2/19/1993,6.9531,7.0469,7.0469,6.9375,2276000,7.0313
2/22/1993,6.9844,6.9063,7.0313,6.9063,1625600,6.9531
2/23/1993,6.9219,6.9844,7,6.9063,1938400,6.9844
2/24/1993,7.0781,6.9375,7.1094,6.9375,5100000,6.9219
2/25/1993,7.0625,7.0781,7.1406,7.0313,1560000,7.0781
2/26/1993,7.25,7.0938,7.2656,7.0938,2514400,7.0625
3/1/1993,7.2344,7.25,7.3438,7.2031,1964000,7.25
3/2/1993,7.3594,7.2344,7.3594,7.1875,1990400,7.2344
3/3/1993,7.4063,7.3594,7.4219,7.2969,2596800,7.3594
3/4/1993,7.3125,7.4063,7.4063,7.3125,1244000,7.4063
3/5/1993,7.3438,7.375,7.4063,7.3281,3344800,7.3125
3/8/1993,7.4375,7.3281,7.4531,7.3281,2450400,7.3438
3/9/1993,7.4531,7.4688,7.4688,7.4063,2798400,7.4375
3/10/1993,7.4063,7.4375,7.4531,7.3906,1620000,7.4531
3/11/1993,7.3281,7.375,7.4219,7.3125,1579200,7.4063
3/12/1993,7.2188,7.2031,7.2344,7.1094,3956800,7.3281
3/15/1993,7.25,7.2188,7.2656,7.2031,1596800,7.2188
3/16/1993,7.2031,7.2813,7.2813,7.2031,5005600,7.25
3/17/1993,7.2344,7.2188,7.2969,7.2031,1003200,7.2031
3/18/1993,7.25,7.2188,7.3281,7.2188,1567200,7.2344
3/19/1993,7.25,7.3125,7.3125,7.2188,2337600,7.25
3/22/1993,7.3125,7.2188,7.3281,7.2188,1592000,7.25
3/23/1993,7.4219,7.2969,7.4688,7.2969,2774400,7.3125
3/24/1993,7.4531,7.4531,7.4844,7.4375,2788800,7.4219
3/25/1993,7.4531,7.4531,7.4844,7.4375,1631200,7.4531
3/26/1993,7.4375,7.4844,7.5469,7.4375,2547200,7.4531
3/29/1993,7.5313,7.4531,7.5781,7.4063,2479200,7.4375
3/30/1993,7.5313,7.5313,7.5625,7.5,1378400,7.5313
3/31/1993,7.3906,7.5,7.5313,7.3906,1973600,7.5313
4/1/1993,7.3906,7.4063,7.4531,7.375,1955200,7.3906
4/2/1993,7.2969,7.3281,7.3438,7.2656,1704000,7.3906
4/5/1993,7.2656,7.3125,7.3125,7.2031,3388800,7.2969
4/6/1993,7.3594,7.3125,7.375,7.2969,2448000,7.2656
4/7/1993,7.4531,7.4219,7.5,7.4219,4337600,7.3594
4/8/1993,7.4688,7.4531,7.4688,7.4063,1941600,7.4531
4/12/1993,7.5781,7.5,7.5781,7.4844,1460000,7.4688
4/13/1993,7.6406,7.5781,7.6563,7.5625,1969600,7.5781
4/14/1993,7.6094,7.625,7.6406,7.5625,977600,7.6406
4/15/1993,7.7031,7.625,7.7188,7.5781,2017600,7.6094
4/16/1993,7.7031,7.7031,7.7344,7.6719,1708800,7.7031
4/19/1993,7.7813,7.6875,7.8438,7.6875,3861600,7.7031
4/20/1993,7.6875,7.8125,7.8125,7.6406,3188000,7.7813
4/21/1993,7.7813,7.6875,7.8281,7.6563,3272800,7.6875
4/22/1993,8.4375,8.125,8.5,8.1094,16279200,7.7813
4/23/1993,8.3594,8.375,8.4375,8.2969,10925600,8.4375
4/26/1993,8.375,8.3125,8.4219,8.3125,4387200,8.3594
4/27/1993,8.375,8.3594,8.3906,8.2656,3274400,8.375
4/28/1993,8.3906,8.3281,8.3906,8.3281,2240800,8.375
4/29/1993,8.6094,8.3594,8.6719,8.3438,8115200,8.3906
4/30/1993,8.6563,8.5781,8.6719,8.5781,4747200,8.6094
5/3/1993,8.6094,8.6563,8.6563,8.5313,4530400,8.6563
5/4/1993,8.5469,8.625,8.6406,8.5313,2713600,8.6094
5/5/1993,8.5938,8.5313,8.6563,8.5313,1577600,8.5469
5/6/1993,8.5625,8.5938,8.6094,8.5313,3562400,8.5938
5/7/1993,8.4844,8.5313,8.5469,8.3594,2712000,8.5625
5/10/1993,8.6094,8.5156,8.7188,8.5156,3393600,8.4844
5/11/1993,8.7188,8.6094,8.7188,8.5781,2147200,8.6094
5/12/1993,8.7344,8.6875,8.75,8.6406,4359200,8.7188
5/13/1993,8.7813,8.7031,8.8594,8.6719,6898400,8.7344
5/14/1993,8.6875,8.75,8.7656,8.6875,2869600,8.7813
5/17/1993,8.625,8.6875,8.6875,8.5313,2835200,8.6875
5/18/1993,8.5,8.6094,8.6406,8.4531,3900000,8.625
5/19/1993,8.5938,8.5,8.6094,8.4063,3344800,8.5
5/20/1993,8.7031,8.6406,8.7813,8.6406,5092800,8.5938
5/21/1993,8.6406,8.6406,8.6875,8.5625,3427200,8.7031
5/24/1993,8.6719,8.5938,8.7031,8.5938,4188000,8.6406
5/25/1993,8.7344,8.6875,8.7344,8.6563,4324000,8.6719
5/26/1993,8.7969,8.7344,8.8594,8.6875,5697600,8.7344
5/27/1993,9.0938,8.875,9.125,8.8594,5074400,8.7969
5/28/1993,8.9531,9.0469,9.0781,8.9375,2902400,9.0938
6/1/1993,9.2813,8.9531,9.4688,8.9219,5692800,8.9531
6/2/1993,9.3438,9.3125,9.3906,9.2813,4203200,9.2813
6/3/1993,9.25,9.3281,9.3281,9.1563,3005600,9.3438
6/4/1993,9.3438,9.2188,9.3438,9.2031,1662400,9.25
6/7/1993,9.4375,9.3281,9.4844,9.3281,5240000,9.3438
6/8/1993,9.4063,9.4063,9.4375,9.3438,3184000,9.4375
6/9/1993,9.25,9.3438,9.3906,9.25,3615200,9.4063
6/10/1993,9.3906,9.25,9.4063,9.2344,4636800,9.25
6/11/1993,9.4844,9.3906,9.5,9.375,5052800,9.3906
6/14/1993,9.7188,9.4688,9.7813,9.4063,6275200,9.4844
6/15/1993,9.7031,9.7188,9.7344,9.5781,6014400,9.7188
6/16/1993,9.6406,9.625,9.6719,9.5625,5884000,9.7031
6/17/1993,9.6719,9.625,9.6719,9.5625,3187200,9.6406
6/18/1993,9.6563,9.6719,9.7656,9.5313,4468800,9.6719
6/21/1993,9.4688,9.5938,9.6094,8.9844,9512800,9.6563
6/22/1993,9.2813,9.4688,9.4688,9.2031,3977600,9.4688
6/23/1993,9.1094,9.1719,9.2031,9.0781,3429600,9.2813
6/24/1993,9.0938,9.0781,9.1406,8.9844,2380000,9.1094
6/25/1993,9.0781,9.1094,9.3438,9.0781,1879200,9.0938
6/28/1993,9.4063,9.2813,9.4219,9.25,3161600,9.0781
6/29/1993,9.3125,9.3125,9.3438,9.2656,1513600,9.4063
6/30/1993,9.3594,9.3125,9.3594,9.2813,1680800,9.3125
7/1/1993,9.25,9.3438,9.3594,9.25,1599200,9.3594
7/2/1993,9.1406,9.25,9.25,9.0938,2179200,9.25
7/6/1993,9.1875,9.1406,9.2188,9.1094,1628000,9.1406
7/7/1993,9.3594,9.2188,9.4063,9.2031,3007200,9.1875
7/8/1993,9.3906,9.375,9.4688,9.375,2792000,9.3594
7/9/1993,9.3906,9.375,9.4219,9.3594,1802400,9.3906
7/12/1993,9.5156,9.3906,9.5469,9.3906,2362400,9.3906
7/13/1993,9.5469,9.5313,9.6094,9.5156,1306400,9.5156
7/14/1993,9.5625,9.5156,9.6094,9.5,1204000,9.5469
7/15/1993,9.6406,9.5781,9.7188,9.5156,4019200,9.5625
7/16/1993,9.75,9.7031,9.8281,9.6719,3164000,9.6406
7/19/1993,9.9531,9.8125,9.9688,9.7969,3573600,9.75
7/20/1993,9.75,9.875,9.875,9.4531,4426400,9.9531
7/21/1993,9.7813,9.625,9.8281,9.5,6084000,9.75
7/22/1993,9.7031,9.75,9.8281,9.6563,3724800,9.7813
7/23/1993,10.0313,9.5938,10.0313,9.5,7659200,9.7031
7/26/1993,9.9688,10.0313,10.0313,9.9219,4442400,10.0313
7/27/1993,9.875,10.0156,10.0313,9.8438,3019200,9.9688
7/28/1993,9.7344,9.875,9.875,9.6875,2496800,9.875
7/29/1993,9.6719,9.7188,9.7188,9.6406,2420000,9.7344
7/30/1993,9.6094,9.6563,9.6875,9.5625,1701600,9.6719
8/2/1993,9.7656,9.5781,9.8281,9.5781,3390400,9.6094
8/3/1993,9.9844,9.8906,10.0469,9.8438,4003200,9.7656
8/4/1993,9.9844,10,10.0156,9.9531,2615200,9.9844
8/5/1993,9.875,9.9688,9.9688,9.8594,1471200,9.9844
8/6/1993,9.8594,9.8906,9.9219,9.8438,929600,9.875
8/9/1993,9.9219,9.8594,9.9844,9.8281,1545600,9.8594
8/10/1993,10.0938,9.9063,10.125,9.9063,5909600,9.9219
8/11/1993,10.2969,10.1094,10.3125,10.0469,4797600,10.0938
8/12/1993,10.1719,10.25,10.25,10.0625,2612000,10.2969
8/13/1993,10.1719,10.0781,10.1719,10.0781,2137600,10.1719
8/16/1993,10.0781,10.125,10.1719,10.0781,1252800,10.1719
8/17/1993,10.0469,10.0313,10.0938,9.9844,1740000,10.0781
8/18/1993,10.1563,10.0781,10.1719,10.0781,2876000,10.0469
8/19/1993,10.1563,10.1563,10.1719,10.0938,2950400,10.1563
8/20/1993,10.0938,10.1563,10.1563,10.0625,1517600,10.1563
8/23/1993,10.0781,10,10.1406,9.9688,1615200,10.0938
8/24/1993,10.2969,10.1875,10.375,10.1563,3983200,10.0781
8/25/1993,10.3125,10.3125,10.4219,10.2656,2580800,10.2969
8/26/1993,10.2969,10.3125,10.3125,10.2188,1776800,10.3125
8/27/1993,10.2656,10.2344,10.2969,10.2344,1496000,10.2969
8/30/1993,10.2188,10.2969,10.3125,10.1875,1095200,10.2656
8/31/1993,10.2813,10.2188,10.2813,10.1875,1824000,10.2188
9/1/1993,10.25,10.25,10.2813,10.1875,1133600,10.2813
9/2/1993,10.0938,10.2344,10.2344,10.0313,1476000,10.25
9/3/1993,10,10.0313,10.0469,9.875,1777600,10.0938
9/7/1993,9.8906,10,10,9.8438,1465600,10
9/8/1993,9.8906,9.8281,10.0156,9.7813,2251200,9.8906
9/9/1993,10.0313,9.8906,10.0625,9.875,2456800,9.8906
9/10/1993,9.9688,10,10.0156,9.9531,1714400,10.0313
9/13/1993,10.0313,10,10.125,10,2816000,9.9688
9/14/1993,9.9688,9.9688,9.9844,9.9375,1600800,10.0313
9/15/1993,9.9375,9.9375,9.9844,9.875,1458400,9.9688
9/16/1993,9.9531,9.875,10,9.875,1532000,9.9375
9/17/1993,9.9844,9.9688,10.0156,9.9531,3197600,9.9531
9/20/1993,9.875,9.9844,9.9844,9.7969,868800,9.9844
9/21/1993,9.6406,9.8906,9.8906,9.375,6555200,9.875
9/22/1993,9.7188,9.6875,9.7813,9.6719,3344000,9.6406
9/23/1993,9.625,9.7188,9.7188,9.6094,3177600,9.7188
9/24/1993,9.7656,9.6094,9.8438,9.6094,1856800,9.625
9/27/1993,9.8906,9.7969,9.8906,9.7813,2549600,9.7656
9/28/1993,9.9219,9.9219,9.9219,9.8438,1304000,9.8906
9/29/1993,9.875,9.9219,10,9.8438,1392000,9.9219
9/30/1993,9.875,9.8438,9.9219,9.8125,2443200,9.875
10/1/1993,10.0313,9.8906,10.2188,9.875,6076800,9.875
10/4/1993,10.125,10.0469,10.1719,10.0156,3021600,10.0313
10/5/1993,10.0938,10.0313,10.2031,10.0313,1236000,10.125
10/6/1993,10.125,10.0938,10.1406,10.0781,1946400,10.0938
10/7/1993,10.125,10.125,10.1719,10.0938,1772000,10.125
10/8/1993,10.1406,10.1563,10.2031,10.125,1443200,10.125
10/11/1993,10.125,10.1406,10.1719,10.0781,670400,10.1406
10/12/1993,10.0469,10.125,10.125,10.0469,1113600,10.125
10/13/1993,10.125,10.0156,10.1406,10.0156,2816800,10.0469
10/14/1993,10.0625,10.0938,10.0938,10.0313,1633600,10.125
10/15/1993,10.0938,10.0469,10.0938,10,2085600,10.0625
10/18/1993,10.1406,10.0781,10.1719,10.0781,2014400,10.0938
10/19/1993,10.3125,10.125,10.3281,10.1094,1916800,10.1406
10/20/1993,10.3906,10.3125,10.4531,10.3125,3929600,10.3125
10/21/1993,10.7344,10.4688,10.75,10.4688,5994400,10.3906
10/22/1993,11.2344,10.8438,11.2813,10.8281,9672800,10.7344
10/25/1993,11.2188,11.2344,11.2813,11.0938,4525600,11.2344
10/26/1993,11.375,11.1094,11.4688,11.1094,6049600,11.2188
10/27/1993,11.2656,11.2813,11.3594,11.25,2941600,11.375
10/28/1993,11.4219,11.1875,11.4688,11.1406,5075200,11.2656
10/29/1993,11.4375,11.375,11.4531,11.3438,3135200,11.4219
11/1/1993,11.5313,11.4375,11.5313,11.3594,3162400,11.4375
11/2/1993,11.5469,11.5,11.5469,11.4063,2973600,11.5313
11/3/1993,11.375,11.6406,11.6406,11.375,4125600,11.5469
11/4/1993,11.2031,11.375,11.4844,11.2031,2352800,11.375
11/5/1993,11.25,11.2031,11.3125,10.9531,4949600,11.2031
11/8/1993,11.4219,11.2969,11.4219,11.2031,3284800,11.25
11/9/1993,11.25,11.5,11.5156,11.2344,3419200,11.4219
11/10/1993,11.3594,11.25,11.4688,11.2031,2727200,11.25
11/11/1993,11.2969,11.4063,11.4063,11.25,2155200,11.3594
11/12/1993,11.1563,11.1563,11.2969,11.0781,7355200,11.2969
11/15/1993,11.2344,11.25,11.375,11.2031,4607200,11.1563
11/16/1993,11.0938,10.8125,11.1094,10.7813,12951200,11.2344
11/17/1993,11,11.1406,11.2188,10.9063,5823200,11.0938
11/18/1993,10.7344,11,11.0313,10.7188,3636000,11
11/19/1993,10.6875,10.7656,10.8125,10.5781,3816800,10.7344
11/22/1993,10.4375,10.5313,10.5781,10.3438,4905600,10.6875
11/23/1993,10.4531,10.4375,10.4844,10.3906,4182400,10.4375
11/24/1993,10.7031,10.5,10.75,10.5,2707200,10.4531
11/26/1993,10.7031,10.7188,10.75,10.6719,888000,10.7031
11/29/1993,10.7344,10.75,10.875,10.7031,3358400,10.7031
11/30/1993,10.6563,10.7656,10.7656,10.5938,1530400,10.7344
12/1/1993,10.7344,10.7656,10.7656,10.6875,2388800,10.6563
12/2/1993,10.7656,10.7656,10.8594,10.6563,2058400,10.7344
12/3/1993,10.6875,10.7969,10.7969,10.5938,1950400,10.7656
12/6/1993,10.7344,10.7344,10.8438,10.7031,1886400,10.6875
12/7/1993,10.5,10.7656,10.8438,10.4688,4388000,10.7344
12/8/1993,10.6406,10.5469,10.6719,10.4688,3287200,10.5
12/9/1993,10.75,10.7031,10.8906,10.6719,2123200,10.6406
12/10/1993,10.7344,10.7969,10.8125,10.6563,2101600,10.75
12/13/1993,10.6875,10.7656,10.7656,10.5469,2796800,10.7344
12/14/1993,10.5938,10.6875,10.7188,10.5938,2655200,10.6875
12/15/1993,10.7031,10.625,10.875,10.5781,3092000,10.5938
12/16/1993,10.7813,10.8438,10.8906,10.7188,2631200,10.7031
12/17/1993,10.7969,10.7813,10.8281,10.7656,2609600,10.7813
12/20/1993,10.9531,10.8594,10.9531,10.8281,1489600,10.7969
12/21/1993,10.875,10.9375,10.9531,10.8281,1333600,10.9531
12/22/1993,10.9219,10.875,10.9844,10.8594,4719200,10.875
12/23/1993,10.9844,10.9219,11.0313,10.9219,1364800,10.9219
12/27/1993,11.25,11,11.3281,11,1585600,10.9844
12/28/1993,11.2813,11.2344,11.3125,11.1719,2031200,11.25
12/29/1993,11.3125,11.2969,11.3281,11.2031,2102400,11.2813
12/30/1993,11.2656,11.3125,11.3438,11.2188,1860000,11.3125
12/31/1993,11.125,11.2656,11.3281,11.125,1516800,11.2656
1/3/1994,11.1719,11.1719,11.2344,11.0938,1674400,11.125
1/4/1994,11.375,11.1719,11.4219,11.1719,2816000,11.1719
1/5/1994,11.375,11.4063,11.4531,11.3281,5288000,11.375
1/6/1994,11.4375,11.4844,11.5,11.4219,2403200,11.375
1/7/1994,11.2969,11.375,11.4219,11.25,2696800,11.4375
1/10/1994,11.3125,11.2969,11.3281,11.1406,4467200,11.2969
1/11/1994,11.3281,11.3281,11.3594,11.2813,2544800,11.3125
1/12/1994,11.3281,11.3438,11.4063,11.2344,4080800,11.3281
1/13/1994,11.3281,11.3125,11.3594,11.2656,1838400,11.3281
1/14/1994,11.3125,11.3281,11.3438,11.25,2570400,11.3281
1/17/1994,11.5625,11.2656,11.625,11.2656,3272800,11.3125
1/18/1994,11.5938,11.6094,11.7031,11.5469,3941600,11.5625
1/19/1994,11.7031,11.6094,11.9063,11.6094,4113600,11.5938
1/20/1994,11.75,11.7031,11.9531,11.7031,3836800,11.7031
1/21/1994,12.3281,12.0625,12.375,12.0469,11617600,11.75
1/24/1994,12.5313,12.4688,12.6563,12.4688,9728000,12.3281
1/25/1994,12.3281,12.4219,12.5156,12.3281,4774400,12.5313
1/26/1994,12.4063,12.3281,12.4531,12.3281,4636000,12.3281
1/27/1994,12.6875,12.4063,12.7813,12.3906,5628000,12.4063
1/28/1994,12.9531,12.875,12.9531,12.8281,4557600,12.6875
1/31/1994,13.0156,12.8594,13.1563,12.8438,5601600,12.9531
2/1/1994,13.2031,13.2031,13.2031,13.0313,5762400,13.0156
2/2/1994,13.0781,13.1563,13.1875,13.0625,3497600,13.2031
2/3/1994,13.1719,13.0781,13.1719,13.0313,2966400,13.0781
2/4/1994,12.8125,13.1094,13.1406,12.7969,4957600,13.1719
2/7/1994,13.1563,12.875,13.1563,12.8438,7628800,12.8125
2/8/1994,13.5,13.1875,13.5625,13.125,4884000,13.1563
2/9/1994,13.6094,13.5469,13.6406,13.5,4261600,13.5
2/10/1994,13.2656,13.5469,13.6719,13.2656,4655200,13.6094
2/11/1994,13.1406,13.1563,13.2656,13.1094,5272000,13.2656
2/14/1994,13.25,13.1406,13.3125,13.1094,3371200,13.1406
2/15/1994,13.4375,13.2813,13.4531,13.2188,3009600,13.25
2/16/1994,13.4219,13.4531,13.4688,13.3438,3362400,13.4375
2/17/1994,13.5938,13.4688,13.625,13.4375,4819200,13.4219
2/18/1994,13.5156,13.5469,13.5469,13.4219,4696000,13.5938
2/22/1994,13.8281,13.5156,13.8438,13.4219,6870400,13.5156
2/23/1994,13.8281,13.8438,14.0156,13.8125,5755200,13.8281
2/24/1994,13.5781,13.8125,13.8125,13.5313,5338400,13.8281
2/25/1994,13.4688,13.6406,13.6563,13.4688,3237600,13.5781
2/28/1994,13.5469,13.4844,13.6406,13.4844,2205600,13.4688
3/1/1994,13.6094,13.5781,13.6719,13.5469,3908000,13.5469
3/2/1994,14,13.375,14,13.375,4989600,13.6094
3/3/1994,14.0938,13.9688,14.4844,13.9219,6668000,14
3/4/1994,14.0156,14.0625,14.0781,13.8281,4111200,14.0938
3/7/1994,14.2656,14.0938,14.2813,13.875,3152000,14.0156
3/8/1994,14.3125,14.2656,14.3906,14.25,4997600,14.2656
3/9/1994,14.3281,14.3281,14.375,14.2656,3944000,14.3125
3/10/1994,14.375,14.3281,14.375,14.2031,3883200,14.3281
3/11/1994,14.5625,14.4375,14.5625,14.25,4863200,14.375
3/14/1994,14.625,14.5625,14.6719,14.5,3004800,14.5625
3/15/1994,14.6563,14.6406,14.6875,14.5938,2883200,14.625
3/16/1994,14.5313,14.5938,14.5938,14.4375,2299200,14.6563
3/17/1994,14.9375,14.5469,14.9375,14.5156,2504800,14.5313
3/18/1994,14.8906,15,15.0313,14.7969,9006400,14.9375
3/21/1994,14.7969,14.75,14.875,14.625,3128800,14.8906
3/22/1994,14.8438,14.8281,14.9375,14.8281,2820000,14.7969
3/23/1994,15.0938,14.875,15.1875,14.8594,4739200,14.8438
3/24/1994,14.6094,14.9375,14.9844,14.5156,6884000,15.0938
3/25/1994,14.5781,14.6406,14.7188,14.4063,3624800,14.6094
3/28/1994,14.25,14.4375,14.5,14.1719,6363200,14.5781
3/29/1994,13.8594,14.2344,14.2813,13.8125,4120800,14.25
3/30/1994,13.6875,13.75,13.9844,13.1875,9201600,13.8594
3/31/1994,14.0469,13.75,14.0781,13.5781,6145600,13.6875
4/4/1994,14.1563,13.75,14.25,13.6563,8006400,14.0469
4/5/1994,14.5313,14.5625,14.6719,14.5313,5435200,14.1563
4/6/1994,15,14.5625,15.1563,14.5625,4554400,14.5313
4/7/1994,14.8125,14.9844,15.0156,14.6563,4889600,15
4/8/1994,14.6719,14.7813,14.7813,14.4063,3837600,14.8125
4/11/1994,14.4844,14.6094,14.625,14.4375,2237600,14.6719
4/12/1994,14.3438,14.4844,14.5625,14.2031,2448000,14.4844
4/13/1994,14.1875,14.3281,14.4219,13.9375,3565600,14.3438
4/14/1994,14.0156,14.0938,14.1094,14,3649600,14.1875
4/15/1994,13.9844,13.9844,14.0156,13.875,3391200,14.0156
4/18/1994,13.8281,14.0625,14.1094,13.7656,2548800,13.9844
4/19/1994,13.5469,13.7969,13.8438,13.4688,7111200,13.8281
4/20/1994,12.9375,13.7969,13.8438,12.4688,19932000,13.5469
4/21/1994,13.3281,13.125,13.3438,12.9531,10268800,12.9375
4/22/1994,13.4844,13.3594,13.6563,13.2656,4670400,13.3281
4/25/1994,13.8906,13.5156,13.8906,13.4688,3236800,13.4844
4/26/1994,13.8281,14,14.0625,13.7813,4300000,13.8906
4/28/1994,13.6094,13.8438,13.8438,13.5469,2926400,13.8281
4/29/1994,13.7344,13.6094,13.7656,13.4531,2490400,13.6094
5/2/1994,13.8125,13.7031,13.9063,13.5313,3270400,13.7344
5/3/1994,14.0469,13.9219,14.0938,13.8594,2772000,13.8125
5/4/1994,14.0156,14.0313,14.0625,13.9375,1965600,14.0469
5/5/1994,14.0625,14.1719,14.1719,14.0313,3020000,14.0156
5/6/1994,13.5156,13.875,13.875,13.3281,6375200,14.0625
5/9/1994,13.2031,13.5156,13.5156,13.0938,4551200,13.5156
5/10/1994,13.3438,13.375,13.5,13.25,4870400,13.2031
5/11/1994,13.3906,13.5469,13.6094,13.3438,5354400,13.3438
5/12/1994,13.3125,13.5,13.6094,13.2813,2730400,13.3906
5/13/1994,13.4844,13.3125,13.5,13.125,3026400,13.3125
5/16/1994,13.7656,13.4063,13.7969,13.4063,4977600,13.4844
5/17/1994,13.9063,13.7656,14.0313,13.7344,5553600,13.7656
5/18/1994,13.8438,14,14.0156,13.6563,4385600,13.9063
5/19/1994,13.8125,13.875,13.9063,13.6563,2960000,13.8438
5/20/1994,13.7656,13.7969,13.7969,13.7344,3049600,13.8125
5/23/1994,13.8125,13.6875,13.8594,13.6875,4015200,13.7656
5/24/1994,13.5313,13.9219,13.9688,13.3594,5931200,13.8125
5/25/1994,13.5,13.4531,13.5313,13.3594,2928000,13.5313
5/26/1994,13.4375,13.5313,13.7031,13.3438,3933600,13.5
5/27/1994,13.4375,13.3438,13.4844,13.3281,2021600,13.4375
5/31/1994,13.3594,13.375,13.4688,13.2969,3901600,13.4375
6/1/1994,13.1875,13.2813,13.2813,13,4860000,13.3594
6/2/1994,13.3281,13.2188,13.3906,13.0781,3791200,13.1875
6/3/1994,13.4375,13.25,13.4375,13.2344,2946400,13.3281
6/6/1994,13.5313,13.5156,13.6094,13.4688,2200000,13.4375
6/7/1994,13.25,13.4688,13.5156,13.25,4052800,13.5313
6/8/1994,13.0469,13.25,13.2813,12.9531,5444000,13.25
6/9/1994,12.9375,13.0625,13.1094,12.9219,3006400,13.0469
6/10/1994,13.1406,12.9688,13.2031,12.9219,2157600,12.9375
6/13/1994,13.25,13.1406,13.3438,13.0938,2769600,13.1406
6/14/1994,13.6719,13.25,13.7188,13.1563,4096800,13.25
6/15/1994,13.625,13.7344,13.8594,13.5781,2329600,13.6719
6/16/1994,13.6406,13.6406,13.7188,13.5781,1735200,13.625
6/17/1994,13.5938,13.6563,13.6875,13.5781,2808800,13.6406
6/20/1994,13.2969,13.375,13.4844,13.2813,3152800,13.5938
6/21/1994,12.7656,13.1563,13.2188,12.7656,6937600,13.2969
6/22/1994,12.8281,12.875,13.0469,12.75,4534400,12.7656
6/23/1994,12.75,12.8281,12.9844,12.75,2376800,12.8281
6/24/1994,12.6406,12.7656,12.8281,12.5156,2988000,12.75
6/27/1994,13.1406,12.5625,13.1719,12.5469,3131200,12.6406
6/28/1994,13.0156,13.1406,13.2813,12.8594,4150400,13.1406
6/29/1994,12.7656,13,13.125,12.7031,2277600,13.0156
6/30/1994,12.5,12.7656,12.9375,12.5,3136800,12.7656
7/1/1994,12.5781,12.7031,12.7031,12.5,3443200,12.5
7/5/1994,12.7188,12.5156,12.8125,12.5,2411200,12.5781
7/6/1994,13.0625,12.7188,13.125,12.7188,3629600,12.7188
7/7/1994,13.0469,13.0469,13.1875,12.9688,3219200,13.0625
7/8/1994,13.2188,13.0625,13.3125,13.0156,2581600,13.0469
7/11/1994,13.4219,13.3594,13.4688,13.3281,3592000,13.2188
7/12/1994,13.6563,13.4375,13.6719,13.2969,3496800,13.4219
7/13/1994,13.625,13.875,13.8906,13.6094,6184800,13.6563
7/14/1994,13.5469,13.625,13.625,13.5469,1917600,13.625
7/15/1994,13.5469,13.5156,13.5469,13.4063,1887200,13.5469
7/18/1994,13.5625,13.5781,13.6563,13.5469,1556000,13.5469
7/19/1994,13.6406,13.5625,13.6719,13.5313,1637600,13.5625
7/20/1994,13.4531,13.6719,13.6719,13.3281,2439200,13.6406
7/21/1994,13.2969,13.375,13.5625,13.25,3930400,13.4531
7/22/1994,13.3281,13.3281,13.375,13.1719,1618400,13.2969
7/25/1994,13.3906,13.3438,13.4375,13.2656,1808000,13.3281
7/26/1994,13.5,13.4063,13.5,13.4063,1355200,13.3906
7/27/1994,13.3281,13.4688,13.4844,13.3281,1493600,13.5
7/28/1994,13.4063,13.3438,13.4219,13.3281,1430400,13.3281
7/29/1994,13.5469,13.4688,13.6094,13.3906,2139200,13.4063
8/1/1994,13.7344,13.5781,13.7344,13.5781,2276000,13.5469
8/2/1994,13.6719,13.75,13.7813,13.6563,2258400,13.7344
8/3/1994,13.5781,13.625,13.6406,13.5547,1452800,13.6719
8/4/1994,13.4531,13.5625,13.6094,13.4531,1197600,13.5781
8/5/1994,13.0938,13.2188,13.2813,13.0625,6441600,13.4531
8/8/1994,12.9531,13.0625,13.0781,12.9531,3186400,13.0938
8/9/1994,13.0156,12.9844,13.0313,12.9688,1860000,12.9531
8/10/1994,13.0625,12.9844,13.0781,12.9844,1529600,13.0156
8/11/1994,12.875,13.0625,13.1406,12.8594,3469600,13.0625
8/12/1994,13.1406,13.0313,13.1875,12.9063,3894400,12.875
8/15/1994,13.2813,13.2813,13.3281,13.2031,1991200,13.1406
8/16/1994,13.6094,13.2656,13.6406,13.2344,3776800,13.2813
8/17/1994,13.7188,13.7031,13.75,13.6094,4201600,13.6094
8/18/1994,13.4844,13.7031,13.7031,13.4688,4448800,13.7188
8/19/1994,13.4844,13.5156,13.5313,13.4375,1629600,13.4844
8/22/1994,13.4063,13.4063,13.4063,13.3281,1738400,13.4844
8/23/1994,13.9531,13.5156,14.0938,13.5156,5821600,13.4063
8/24/1994,14.2969,14.0781,14.3438,13.8594,3632000,13.9531
8/25/1994,14,14.1719,14.2969,13.9531,3914400,14.2969
8/26/1994,14.4531,14.125,14.4531,14.125,5255200,14
8/29/1994,14.4531,14.4531,14.4531,14.3125,3157600,14.4531
8/30/1994,14.4375,14.4063,14.4375,14.2031,4256000,14.4531
8/31/1994,14.4219,14.3594,14.5625,14.2656,4084000,14.4375
9/1/1994,14.2969,14.3438,14.3594,14.2188,1875200,14.4219
9/2/1994,14.1563,14.3281,14.4219,14.0938,2548800,14.2969
9/6/1994,14,14.125,14.1563,13.8125,1794400,14.1563
9/7/1994,13.7813,14,14.0313,13.5625,3177200,14
9/8/1994,13.8125,13.5625,13.875,13.5625,2020000,13.7813
9/9/1994,13.8438,13.6875,13.8438,13.6563,2030800,13.8125
9/12/1994,13.375,13.9063,13.9375,13.3438,3834400,13.8438
9/13/1994,13.4063,13.4688,13.6563,13.375,2629600,13.375
9/14/1994,13.7813,13.4375,13.8438,13.4063,1967200,13.4063
9/15/1994,14.4375,13.8438,14.4688,13.8438,3277200,13.7813
9/16/1994,14.0938,14.1875,14.375,14.0938,6142000,14.4375
9/19/1994,14.1563,14.125,14.3438,14.125,1942800,14.0938
9/20/1994,13.8438,14.1563,14.1563,13.8125,2455600,14.1563
9/21/1994,13.5313,13.9375,14,13.4375,6433200,13.8438
9/22/1994,13.5625,13.6563,13.6875,13.5313,3330000,13.5313
9/23/1994,13.5313,13.7188,13.7813,13.5,2821200,13.5625
9/26/1994,13.375,13.5938,13.5938,13.2813,3008400,13.5313
9/27/1994,13.25,13.4063,13.4688,13.1875,2374000,13.375
9/28/1994,13.6563,13.4063,13.8125,13.375,3876400,13.25
9/29/1994,13.5313,13.6875,13.6875,13.4375,3176800,13.6563
9/30/1994,13.5313,13.5313,13.8438,13.5,2158000,13.5313
10/3/1994,13.5938,13.5938,13.6563,13.3125,2021600,13.5313
10/4/1994,13.5313,13.625,13.7813,13.5313,2294000,13.5938
10/5/1994,13.3125,13.5313,13.5313,13.0938,6478800,13.5313
10/6/1994,13.1875,13.3125,13.375,13.1563,2658400,13.3125
10/7/1994,13.375,13.3125,13.5625,13.1563,2966800,13.1875
10/10/1994,13.3125,13.4375,13.5313,13.3125,1471200,13.375
10/11/1994,13.9063,13.4063,13.9375,13.4063,3049600,13.3125
10/12/1994,13.7813,13.875,13.9375,13.6875,3050800,13.9063
10/13/1994,13.8438,14.0625,14.1563,13.8125,3137200,13.7813
10/14/1994,13.875,13.8125,13.9375,13.7188,1914800,13.8438
10/17/1994,13.9063,13.8125,14.0313,13.7813,1250000,13.875
10/18/1994,13.9688,13.9063,14,13.75,1524400,13.9063
10/19/1994,14.0313,13.9375,14.1875,13.9063,2052800,13.9688
10/20/1994,13.9063,14.0625,14.125,13.8125,1633200,14.0313
10/21/1994,14.0938,13.8438,14.0938,13.7188,3850000,13.9063
10/24/1994,14.5625,14.6875,14.8125,14.4375,8795600,14.0938
10/25/1994,14.4063,14.4375,14.5625,14.1875,5456800,14.5625
10/26/1994,14.2813,14.375,14.375,14.1875,2810400,14.4063
10/27/1994,14.375,14.2813,14.4688,14.2813,2348800,14.2813
10/28/1994,14.8438,14.4375,14.9688,14.4375,4956800,14.375
10/31/1994,14.9375,14.9688,15,14.875,3515200,14.8438
11/1/1994,14.4063,14.9063,14.9375,14.4063,4489600,14.9375
11/2/1994,14.625,14.4688,14.75,14.4688,4801600,14.4063
11/3/1994,14.5313,14.6563,14.6875,14.4375,3075200,14.625
11/4/1994,14.3438,14.5,14.5313,14.3438,2060800,14.5313
11/7/1994,14.375,14.375,14.375,14.3125,2249600,14.3438
11/8/1994,14.3125,14.4375,14.4688,14.3125,5161600,14.375
11/9/1994,14.5938,14.5,14.6563,14.375,3405200,14.3125
11/10/1994,14.5625,14.6563,14.8125,14.4063,2352400,14.5938
11/11/1994,14.2813,14.4375,14.5938,14.25,1817200,14.5625
11/14/1994,14.375,14.4063,14.4688,14.3125,2067200,14.2813
11/15/1994,14.0625,14.375,14.4375,14.0313,4696000,14.375
11/16/1994,14.125,14.0313,14.125,13.9375,3713600,14.0625
11/17/1994,14.0938,14.1563,14.3125,14,3488800,14.125
11/18/1994,13.9063,14.0938,14.125,13.875,3144800,14.0938
11/21/1994,13.7188,13.9063,14.0313,13.6875,2584000,13.9063
11/22/1994,12.9063,13.6563,13.6563,12.9063,5824400,13.7188
11/23/1994,13.1563,12.875,13.2188,12.8438,6545200,12.9063
11/25/1994,13.3438,13.25,13.375,13.2188,1332400,13.1563
11/28/1994,13.5,13.3438,13.625,13.3438,4542400,13.3438
11/29/1994,13.3125,13.4688,13.5313,13.25,2625600,13.5
11/30/1994,13.5313,13.4688,13.5625,13.4375,3373600,13.3125
12/1/1994,13.1875,13.4375,13.4688,13.1875,3123600,13.5313
12/2/1994,13.3438,13.2188,13.3438,13.1563,2552400,13.1875
12/5/1994,13.4688,13.3125,13.5313,13.2813,1650000,13.3438
12/6/1994,13.2188,13.3125,13.4063,13.0938,3026000,13.4688
12/7/1994,13,13.0313,13.125,12.9375,3982800,13.2188
12/8/1994,12.9375,12.9688,13.0625,12.875,2433200,13
12/9/1994,12.7188,12.8125,12.875,12.6563,3206800,12.9375
12/12/1994,12.9063,12.8438,13,12.8438,3687600,12.7188
12/13/1994,12.8125,12.9063,13,12.7813,4472000,12.9063
12/14/1994,13.0938,12.7813,13.25,12.7813,5604800,12.8125
12/15/1994,13.3438,13.2813,13.4063,13.1875,2771200,13.0938
12/16/1994,13.3125,13.4375,13.4375,13.0938,3552000,13.3438
12/19/1994,13.0313,13.1875,13.2188,12.9375,2534000,13.3125
12/20/1994,13.0938,13.0313,13.1875,13.0313,2144800,13.0313
12/21/1994,13.375,13.25,13.4688,13.1875,2556800,13.0938
12/22/1994,13.5625,13.4688,13.5938,13.4063,1829600,13.375
12/23/1994,13.5938,13.5625,13.7188,13.5313,1210800,13.5625
12/27/1994,13.8125,13.625,13.8438,13.625,1220000,13.5938
12/28/1994,13.5625,13.5938,13.6875,13.4688,1746000,13.8125
12/29/1994,13.625,13.5625,13.625,13.4688,897200,13.5625
12/30/1994,13.7813,13.6875,13.8125,13.625,1315600,13.625
1/3/1995,13.75,13.7188,13.7813,13.6563,2124400,13.7813
1/4/1995,13.7188,13.5,13.7188,13.5,2604800,13.75
1/5/1995,13.9063,13.7188,13.9063,13.7188,2305600,13.7188
1/6/1995,14.1563,13.9063,14.3438,13.8125,3176800,13.9063
1/9/1995,14.4375,14.0625,14.4688,14.0625,3139200,14.1563
1/10/1995,14.5938,14.4375,14.7188,14.4375,3478800,14.4375
1/11/1995,14.4688,14.6563,14.6563,14.2188,2610000,14.5938
1/12/1995,14.1875,14.4375,14.4688,14.1563,2517200,14.4688
1/13/1995,14.2813,14.1563,14.3125,13.9688,2226000,14.1875
1/16/1995,14.2813,14.1875,14.3125,13.9063,3230400,14.2813
1/17/1995,14.5625,14.3125,14.625,14.2188,3481200,14.2813
1/18/1995,14.6563,14.5625,14.6563,14.5,2815600,14.5625
1/19/1995,13.6875,14.4375,14.4688,13.625,14042000,14.6563
1/20/1995,13.1563,13.5,13.5,13.0625,11550000,13.6875
1/23/1995,13.1875,13.0938,13.1875,12.9063,6229600,13.1563
1/24/1995,13.2813,13.3125,13.4375,13.2188,4505200,13.1875
1/25/1995,13.4063,13.125,13.5625,13.125,2944000,13.2813
1/26/1995,13.4375,13.4063,13.4688,13.2813,2143200,13.4063
1/27/1995,13.1875,13.6875,13.6875,13.1563,2836400,13.4375
1/30/1995,12.9063,13.0938,13.125,12.9063,2639200,13.1875
1/31/1995,12.8438,12.9688,13.0625,12.8438,4163200,12.9063
2/1/1995,12.875,12.8125,13.125,12.7813,6769600,12.8438
2/2/1995,13.0625,12.875,13.125,12.8125,2524800,12.875
2/3/1995,13.25,13.25,13.5625,13.1563,5642000,13.0625
2/6/1995,13.4375,13.25,13.4688,13.2188,2850800,13.25
2/7/1995,13.375,13.4688,13.5,13.1875,2732000,13.4375
2/8/1995,13.3125,13.4063,13.4063,13.25,1566800,13.375
2/9/1995,13.1563,13.375,13.4375,12.9688,2732000,13.3125
2/10/1995,13.2813,13.2188,13.3438,13.0938,1953200,13.1563
2/13/1995,13.3438,13.2813,13.3438,13.1875,2391200,13.2813
2/14/1995,13.4063,13.3125,13.4375,13.2813,1856000,13.3438
2/15/1995,13.3125,13.4688,13.5938,13.3125,2147200,13.4063
2/16/1995,13.3125,13.3125,13.3125,13.0625,2502000,13.3125
2/17/1995,13.0938,13.25,13.2813,13.0938,1781600,13.3125
2/21/1995,13,13.125,13.1563,12.9375,3207600,13.0938
2/22/1995,13.2188,13.0938,13.25,13.0625,3591600,13
2/23/1995,13.25,13.375,13.375,13.1875,3578400,13.2188
2/24/1995,12.9375,13.1563,13.1875,12.9063,4526000,13.25
2/27/1995,12.7813,12.8438,12.9688,12.6875,4079200,12.9375
2/28/1995,12.9063,12.75,12.9063,12.7188,2706800,12.7813
3/1/1995,12.5625,12.6563,12.7813,12.5,11540000,12.9063
3/2/1995,12.1875,12.5313,12.5625,12.125,10600800,12.5625
3/3/1995,12.25,12.1563,12.375,12.0938,5893600,12.1875
3/6/1995,12.1875,12.1563,12.2188,12.0938,5283200,12.25
3/7/1995,12.125,12.125,12.3125,12.0625,3485200,12.1875
3/8/1995,12.0938,12.125,12.25,12.0938,3064400,12.125
3/9/1995,12.2813,12.2188,12.3438,12.1875,2686800,12.0938
3/10/1995,12.4688,12.4063,12.5313,12.3438,4386800,12.2813
3/13/1995,12.1875,12.4688,12.5,12.1563,3688800,12.4688
3/14/1995,12.25,12.2813,12.4688,12.25,3888800,12.1875
3/15/1995,12.4375,12.2813,12.5,12.2813,3393600,12.25
3/16/1995,12.75,12.4375,12.8438,12.4375,4313600,12.4375
3/17/1995,12.875,12.7813,12.9688,12.7188,3884400,12.75
3/20/1995,12.7813,12.9063,12.9063,12.7188,1584000,12.875
3/21/1995,12.5938,12.5625,12.75,12.5313,6498800,12.7813
3/22/1995,12.4063,12.5625,12.5625,12.3125,5817600,12.5938
3/23/1995,12.375,12.375,12.4375,12.25,5107200,12.4063
3/24/1995,12.75,12.4375,12.75,12.4063,4978800,12.375
3/27/1995,13.0313,12.75,13.0313,12.6875,2540800,12.75
3/28/1995,12.9688,13.0938,13.0938,12.8438,1425200,13.0313
3/29/1995,13.4688,13.5,13.875,13.4063,7134000,12.9688
3/30/1995,14.0938,13.6563,14.3438,13.5625,6784800,13.4688
3/31/1995,13.875,13.875,14,13.625,3424000,14.0938
4/3/1995,14,13.875,14.0313,13.8438,2578800,13.875
4/4/1995,14.0313,14.0313,14.0313,13.8438,3283600,14
4/5/1995,13.9375,14.0625,14.0938,13.9375,2762800,14.0313
4/6/1995,14,14.0313,14.1875,13.9688,3606800,13.9375
4/7/1995,13.9688,14.0313,14.0313,13.9063,1943200,14
4/10/1995,14,13.75,14,13.75,2342800,13.9688
4/11/1995,13.7813,14,14.0625,13.7813,2776800,14
4/12/1995,13.9688,13.9688,14,13.9063,5333600,13.7813
4/13/1995,13.875,14,14,13.8125,2672800,13.9688
4/17/1995,14.0938,14.0625,14.25,14,4721600,13.875
4/18/1995,14.0938,14.3125,14.3125,14.0625,2904400,14.0938
4/19/1995,14.3438,14.125,14.375,13.7813,5455600,14.0938
4/20/1995,14.0313,14.375,14.375,14,3861600,14.3438
4/21/1995,13.9375,14.0938,14.1563,13.875,2379600,14.0313
4/24/1995,13.9375,14,14.0625,13.9063,2471600,13.9375
4/25/1995,14.0938,14,14.2188,13.9375,3268800,13.9375
4/26/1995,14.0938,14.125,14.1563,14.0156,2615600,14.0938
4/27/1995,14.1875,14.125,14.2188,14,1867600,14.0938
4/28/1995,14.625,14.25,14.625,14.1875,3802000,14.1875
5/1/1995,14.375,14.5,14.5625,14.2813,3356000,14.625
5/2/1995,14.3125,14.4063,14.4063,14.1875,1664400,14.375
5/3/1995,14.375,14.375,14.4375,14.2813,1554000,14.3125
5/4/1995,14.0938,14.4063,14.4063,14.0625,3045600,14.375
5/5/1995,13.9375,14.125,14.125,13.8125,2774400,14.0938
5/8/1995,14.1875,13.9375,14.2188,13.875,2112000,13.9375
5/9/1995,14.4688,14.4063,14.5938,14.25,3828400,14.1875
5/10/1995,14.6875,14.5,14.7188,14.375,3870800,14.4688
5/11/1995,14.75,14.75,14.9375,14.6875,3382000,14.6875
5/12/1995,15.7188,14.5625,15.7188,14.5625,9192000,14.75
5/15/1995,15.5625,15.5313,15.9688,15.5,7963200,15.7188
5/16/1995,15.5625,15.5938,15.5938,15.4063,3690800,15.5625
5/17/1995,15.6875,15.5313,15.6875,15.4688,3930000,15.5625
5/18/1995,15.2188,15.5625,15.5625,15.1563,5456400,15.6875
5/19/1995,14.9375,15.1875,15.1875,14.75,5731200,15.2188
5/22/1995,15.625,15,15.8438,15,4224400,14.9375
5/23/1995,15.0625,15.3125,15.4375,14.9375,9856800,15.625
5/24/1995,15.0625,15.0625,15.25,15.0313,4099600,15.0625
5/25/1995,14.7813,15.0625,15.125,14.6563,2792400,15.0625
5/26/1995,14.3438,14.6563,14.7188,14.25,3823200,14.7813
5/30/1995,14.5938,14.2813,14.6563,14.2813,3297200,14.3438
5/31/1995,15.0625,14.4688,15.0625,14.4375,2719200,14.5938
6/1/1995,15.125,15,15.2188,14.9375,3289200,15.0625
6/2/1995,14.8125,15,15.1563,14.7188,6353200,15.125
6/5/1995,14.9688,14.7813,15.1563,14.75,2009600,14.8125
6/6/1995,15.0313,15.0625,15.1563,15,1741200,14.9688
6/7/1995,15.1875,15,15.3438,14.9063,4624800,15.0313
6/8/1995,15.5,15.375,15.625,15.3125,4194000,15.1875
6/9/1995,15.375,15.5625,15.5625,15.25,2295200,15.5
6/12/1995,15.2188,15.4375,15.5625,15.2188,3050000,15.375
6/13/1995,15.6875,15.25,15.75,15.1875,2593600,15.2188
6/14/1995,15.8125,15.6563,15.8438,15.625,4117200,15.6875
6/15/1995,15.7188,15.75,15.7813,15.625,1780800,15.8125
6/16/1995,15.6563,15.7188,15.8438,15.6563,2511600,15.7188
6/19/1995,16.25,15.75,16.3125,15.75,1925600,15.6563
6/20/1995,16.0313,16.125,16.1875,15.9375,3342400,16.25
6/21/1995,15.6875,15.5938,15.75,15.5625,4840000,16.0313
6/22/1995,15.625,15.625,15.6563,15.5,5078800,15.6875
6/23/1995,15.6875,15.5,15.7188,15.4688,2937200,15.625
6/26/1995,15.5625,15.7188,15.7813,15.5625,2174400,15.6875
6/27/1995,15.75,15.625,15.7813,15.5625,2228400,15.5625
6/28/1995,15.5938,15.6875,15.6875,15.4375,2408800,15.75
6/29/1995,15.5625,15.5313,15.625,15.4063,1212800,15.5938
6/30/1995,16.0625,15.625,16.125,15.5938,4353200,15.5625
7/3/1995,16.0938,16.0625,16.0938,16.0313,861200,16.0625
7/5/1995,16.5,16.1563,16.5313,16.0625,4053200,16.0938
7/6/1995,17.0938,16.5625,17.125,16.4063,5032800,16.5
7/7/1995,17.75,17.0313,18.0625,17.0313,5728400,17.0938
7/10/1995,17.5625,17.7188,17.7188,17.4688,3457200,17.75
7/11/1995,17.5625,17.5,17.7188,17.5,2111200,17.5625
7/12/1995,17.9063,17.5313,17.9063,17.5,1578800,17.5625
7/13/1995,18.0938,17.8438,18.1563,17.7813,2476000,17.9063
7/14/1995,18.125,18,18.1875,17.9688,1380000,18.0938
7/17/1995,18.4688,18.0625,18.8125,18.0313,3234800,18.125
7/18/1995,17.8438,17.9375,18.0625,17.8125,2951200,18.4688
7/19/1995,17.2813,17.25,17.4375,16.6563,6454800,17.8438
7/20/1995,16.875,17.25,17.25,16.5625,7407200,17.2813
7/21/1995,16.875,16.875,17,16.7188,4312800,16.875
7/24/1995,17.25,16.8438,17.2813,16.8438,2162400,16.875
7/25/1995,17.4688,17.1875,17.5,17.0625,2363200,17.25
7/26/1995,17.4688,17.4688,17.5625,17.2813,1558400,17.4688
7/27/1995,17.5625,17.6563,17.7188,17.5313,1165200,17.4688
7/28/1995,17.3125,17.5938,17.5938,17.2813,1448000,17.5625
7/31/1995,17.5938,17.2813,17.6563,17.2188,1445200,17.3125
8/1/1995,17.0313,17.5313,17.5625,16.875,2475200,17.5938
8/2/1995,16.8125,17.25,17.4063,16.8125,2673200,17.0313
8/3/1995,17,16.5625,17.0625,16.5625,2035200,16.8125
8/4/1995,16.7813,17.125,17.125,16.75,1071200,17
8/7/1995,16.5625,16.8438,16.8438,16.5313,1995200,16.7813
8/8/1995,16.5313,16.5313,16.5938,16.3438,2300000,16.5625
8/9/1995,16.25,16.5313,16.5625,16.125,2950000,16.5313
8/10/1995,15.9063,16.0313,16.1875,15.9063,5111200,16.25
8/11/1995,15.8438,16,16,15.7813,2550800,15.9063
8/14/1995,16.5,16,16.5,16,2319600,15.8438
8/15/1995,16.4375,16.5,16.5,16.1875,2189600,16.5
8/16/1995,17,16.75,17.0313,16.6563,3944400,16.4375
8/17/1995,17.1875,16.9063,17.25,16.75,3975200,17
8/18/1995,16.9375,17,17.1563,16.9063,5903600,17.1875
8/21/1995,16.9063,16.9375,17.0313,16.875,3500800,16.9375
8/22/1995,16.6875,16.875,16.875,16.5625,2990000,16.9063
8/23/1995,16.3438,16.6563,16.6563,16.25,4591200,16.6875
8/24/1995,16.0938,16.3438,16.3438,15.9688,4195200,16.3438
8/25/1995,16.25,16.125,16.3438,16.125,2162800,16.0938
8/28/1995,16.3438,16.375,16.4375,16.1563,1484400,16.25
8/29/1995,16.75,16.375,16.75,16.375,1958400,16.3438
8/30/1995,16.6875,16.8125,16.9063,16.5938,2383600,16.75
8/31/1995,16.7813,16.75,16.9063,16.6875,1484400,16.6875
9/1/1995,17.0938,16.7188,17.0938,16.7188,1115600,16.7813
9/5/1995,17.125,17.0625,17.1875,16.9063,1696400,17.0938
9/6/1995,17.3438,17.0938,17.3438,17.0938,1868400,17.125
9/7/1995,17.3438,17.4063,17.5,17.3125,2978800,17.3438
9/8/1995,17.2813,17.375,17.4063,17.1563,1842800,17.3438
9/11/1995,17.0313,17.3438,17.3438,17,1293200,17.2813
9/12/1995,16.8438,16.9688,17,16.75,1852400,17.0313
9/13/1995,16.75,16.75,16.75,16.625,1934400,16.8438
9/14/1995,16.25,16.75,16.75,16.2188,4240400,16.75
9/15/1995,16.3125,16.3125,16.4375,16.25,3852400,16.25
9/18/1995,16.3438,16.25,16.4063,16.25,1999200,16.3125
9/19/1995,14.7188,14.5,14.9688,14.4688,19486400,16.3438
9/20/1995,14.9688,15.0313,15.0625,14.875,9081200,14.7188
9/21/1995,14.7188,14.9063,14.9375,14.7188,5068000,14.9688
9/22/1995,14.7188,14.6875,14.875,14.6563,2566400,14.7188
9/25/1995,14.5313,14.75,14.8125,14.5,1924400,14.7188
9/26/1995,14.5313,14.5,14.6875,14.5,3429600,14.5313
9/27/1995,14.0313,14.5,14.5,14.0313,5075600,14.5313
9/28/1995,14.375,14.25,14.375,14.1875,4480400,14.0313
9/29/1995,14.2188,14.3125,14.5313,14.2188,3096400,14.375
10/2/1995,13.8125,14.2188,14.25,13.7813,5115600,14.2188
10/3/1995,13.8438,14,14,13.7188,4278000,13.8125
10/4/1995,13.6875,13.8438,13.8438,13.625,5644800,13.8438
10/5/1995,13.7813,13.75,13.9063,13.6875,5118800,13.6875
10/6/1995,13.5313,13.7813,13.8125,13.5313,2690800,13.7813
10/9/1995,13.1563,13.3125,13.3438,12.9375,4963600,13.5313
10/10/1995,13.1563,12.6875,13.4063,12.6875,5307600,13.1563
10/11/1995,13.0313,13.3438,13.375,12.9063,3386400,13.1563
10/12/1995,13.3438,13.0938,13.4063,13.0938,3218800,13.0313
10/13/1995,13.875,13.3438,13.9688,13.3438,5668000,13.3438
10/16/1995,13.875,13.875,14,13.6563,3138400,13.875
10/17/1995,13.5313,13.875,13.9688,13.5,3674800,13.875
10/18/1995,12.875,13.5,13.5,12.7813,7730400,13.5313
10/19/1995,13.125,13.2188,13.2188,12.9688,4964000,12.875
10/20/1995,13.2813,13.2188,13.375,13.1875,4236000,13.125
10/23/1995,13.2188,13.375,13.375,13.1563,2256400,13.2813
10/24/1995,13.5938,13.2813,13.6875,13.2813,3166000,13.2188
10/25/1995,13.2188,13.7188,13.75,13.2188,2854000,13.5938
10/26/1995,13.4063,13.4375,13.5313,13.2813,2429600,13.2188
10/27/1995,13.6563,13.4375,13.6875,13.4063,2978800,13.4063
10/30/1995,13.75,13.7188,13.9063,13.5938,3084400,13.6563
10/31/1995,14.1875,13.9688,14.25,13.9375,3815600,13.75
11/1/1995,14.125,14.0625,14.375,14,2937600,14.1875
11/2/1995,14.3125,14.2813,14.375,14.1563,2752800,14.125
11/3/1995,14,14.4375,14.4688,13.9688,5108400,14.3125
11/6/1995,14.2813,14.0938,14.375,14,2806000,14
11/7/1995,14.2813,14.3438,14.3438,14.1563,1774400,14.2813
11/8/1995,13.875,14.0313,14.0625,13.8438,3327600,14.2813
11/9/1995,14.2188,14,14.2813,13.9688,2540000,13.875
11/10/1995,14.1563,14.1563,14.25,14.125,2154800,14.2188
11/13/1995,14.0938,14.25,14.25,13.9688,2142000,14.1563
11/14/1995,14,14.1563,14.25,14,1303200,14.0938
11/15/1995,14,14.0313,14.0938,13.7813,2278400,14
11/16/1995,13.8125,14,14,13.7813,2285600,14
11/17/1995,13.875,13.8438,14,13.8438,2664800,13.8125
11/20/1995,13.9063,14.0938,14.25,13.8438,2925600,13.875
11/21/1995,14.8438,14.2813,14.9375,14.25,6520400,13.9063
11/22/1995,14.9375,14.875,15.0313,14.5625,4496800,14.8438
11/24/1995,14.9375,14.9063,15,14.9063,1150000,14.9375
11/27/1995,15.3438,15.0313,15.4688,15.0313,3972800,14.9375
11/28/1995,15.5313,15.4375,15.5313,15.3125,2560000,15.3438
11/29/1995,15.5,15.5313,15.5938,15.25,2629600,15.5313
11/30/1995,15.3438,15.4375,15.5313,15.3125,1912000,15.5
12/1/1995,15.25,15.3438,15.4063,15.25,2207200,15.3438
12/4/1995,15.375,15.5,15.5,15.25,1774400,15.25
12/5/1995,15.625,15.375,15.7813,15.1875,3022000,15.375
12/6/1995,15.625,15.75,15.75,15.4688,1770800,15.625
12/7/1995,15.1875,15.5625,15.5625,15.1875,1622800,15.625
12/8/1995,15.2188,15.2188,15.3125,15.125,1358000,15.1875
12/11/1995,15.4375,15.1875,15.4688,15.1563,1258800,15.2188
12/12/1995,15.3125,15.375,15.5,15.3125,1448000,15.4375
12/13/1995,15.4375,15.2188,15.4688,15.1563,2878800,15.3125
12/14/1995,15.5,15.5,15.6875,15.4375,3988000,15.4375
12/15/1995,15,15.5,15.5313,14.9375,3891600,15.5
12/18/1995,14.4375,14.9375,14.9688,14.4375,5345600,15
12/19/1995,15.2188,14.4063,15.25,14.3125,4606800,14.4375
12/20/1995,15,15.25,15.25,15,3174000,15.2188
12/21/1995,15.375,15.0313,15.375,15.0313,1872800,15
12/22/1995,15.2188,15.3438,15.3438,15.0625,1458800,15.375
12/26/1995,14.8438,15.2188,15.2188,14.8125,920800,15.2188
12/27/1995,14.75,14.75,14.8438,14.7188,2015200,14.8438
12/28/1995,14.5938,14.7813,14.875,14.5313,1647200,14.75
12/29/1995,14.6875,14.6875,14.7188,14.5938,2208000,14.5938
1/2/1996,14.875,14.6563,14.9375,14.5625,4534000,14.6875
1/3/1996,15.125,14.9063,15.3125,14.8438,5097200,14.875
1/4/1996,15,15.0938,15.125,14.8438,4061600,15.125
1/5/1996,15.25,14.9375,15.3125,14.8438,2788000,15
1/8/1996,15.1875,15.25,15.2813,15.0938,1199600,15.25
1/9/1996,14.7813,15.25,15.3125,14.7813,2748400,15.1875
1/10/1996,14.625,14.75,15.1563,14.5313,4288800,14.7813
1/11/1996,14.8438,14.6875,14.875,14.6563,2499600,14.625
1/12/1996,14.625,14.9375,14.9375,14.5625,2382000,14.8438
1/15/1996,14.2188,14.5,14.5313,14.1875,3422400,14.625
1/16/1996,13.875,14.2188,14.25,13.5938,7181600,14.2188
1/17/1996,13.5625,13.8438,13.9375,13.5,6114400,13.875
1/18/1996,14.8125,14.125,15.25,14.0313,17313200,13.5625
1/19/1996,14.75,14.6563,14.9063,14.5938,7396000,14.8125
1/22/1996,15.6875,14.75,15.75,14.75,6558400,14.75
1/23/1996,15.625,15.5313,15.625,15.2813,6574400,15.6875
1/24/1996,15.5,15.5313,15.625,15.4063,2549200,15.625
1/25/1996,15.1563,15.4375,15.4688,15.0938,2800400,15.5
1/26/1996,15.5625,15.0313,15.5625,15.0313,3100000,15.1563
1/29/1996,15.9375,15.5938,15.9688,15.5625,4029200,15.5625
1/30/1996,16.0938,16.0625,16.1563,15.9063,4122400,15.9375
1/31/1996,16.0938,16.2188,16.2188,15.7813,6088400,16.0938
2/1/1996,16.0313,16,16.0938,15.8438,2006800,16.0938
2/2/1996,15.8438,16.0313,16.0625,15.6563,2576800,16.0313
2/5/1996,15.6875,15.8438,15.8438,15.4063,3753200,15.8438
2/6/1996,15.875,15.7188,15.9063,15.6875,2945600,15.6875
2/7/1996,15.9688,15.9688,16.1563,15.9063,2755200,15.875
2/8/1996,16.2813,15.9688,16.2813,15.9375,3288000,15.9688
2/9/1996,16.1563,16.25,16.4063,16.0938,4370000,16.2813
2/12/1996,16.9063,16.1563,16.9688,16.1563,5484000,16.1563
2/13/1996,16.875,16.5938,16.875,16.5313,4714800,16.9063
2/14/1996,16.75,16.7813,16.9375,16.625,2642400,16.875
2/15/1996,16.6563,16.75,16.8438,16.5938,4382400,16.75
2/16/1996,16.75,16.625,16.8125,16.4063,3848000,16.6563
2/20/1996,16.9688,16.6563,17,16.5938,3654000,16.75
2/21/1996,17.2188,17.0313,17.375,17.0313,4449200,16.9688
2/22/1996,17.5625,17.3125,17.5938,17.3125,3827600,17.2188
2/23/1996,17.5,17.875,18,17.2813,3818000,17.5625
2/26/1996,17.3125,17.4375,17.5625,17.2813,3305600,17.5
2/27/1996,17.3438,17.2813,17.4688,17.0625,2235600,17.3125
2/28/1996,16.9375,17.4063,17.5,16.875,2842000,17.3438
2/29/1996,16.6875,16.6563,16.9688,16.6563,2937600,16.9375
3/1/1996,16.875,16.8438,16.9688,16.375,2830000,16.6875
3/4/1996,16.9688,17,17.1563,16.7813,3146000,16.875
3/5/1996,16.9375,16.9063,16.9375,16.7188,3389200,16.9688
3/6/1996,16.9375,16.875,17.0938,16.7813,3079200,16.9375
3/7/1996,16.9375,16.875,17.125,16.7188,3221600,16.9375
3/8/1996,16.8125,16.5,17.125,16.4688,3876000,16.9375
3/11/1996,17.4688,16.75,17.4688,16.6563,3638800,16.8125
3/12/1996,17.5938,17.3438,17.6563,16.8438,4683200,17.4688
3/13/1996,17.6563,17.5625,17.6563,17.3125,2544000,17.5938
3/14/1996,17.7188,17.75,17.8438,17.6563,3598000,17.6563
3/15/1996,18,17.6875,18.125,17.6875,3878000,17.7188
3/18/1996,18.375,18,18.4063,17.9063,4014400,18
3/19/1996,18.0938,18.4063,18.4688,17.9375,5062400,18.375
3/20/1996,17.7188,18,18.1875,17.5625,3674000,18.0938
3/21/1996,17.5,17.6563,17.6875,17.4688,1518800,17.7188
3/22/1996,17.3125,17.5625,17.5938,17.2188,1745600,17.5
3/25/1996,17.3438,17.375,17.4375,17.1563,2327600,17.3125
3/26/1996,17.4688,17.25,17.625,17.2188,2084400,17.3438
3/27/1996,17.375,17.6875,17.6875,17.2188,1397200,17.4688
3/28/1996,17.125,17.25,17.3125,16.9063,1776800,17.375
3/29/1996,17,17.125,17.1563,16.9375,1836000,17.125
4/1/1996,16.875,17.0625,17.0625,16.75,1832400,17
4/2/1996,16.6563,16.9688,16.9688,16.4688,2808000,16.875
4/3/1996,17.0625,16.6875,17.0938,16.6563,1655600,16.6563
4/4/1996,17.1563,17.125,17.375,17.0625,1339600,17.0625
4/8/1996,16.9063,16.75,17.0625,16.75,2050400,17.1563
4/9/1996,16.6875,16.875,16.9375,16.6563,1882400,16.9063
4/10/1996,16.625,16.6875,16.9063,16.5625,1648400,16.6875
4/11/1996,17.1563,16.8125,17.1563,16.625,3116000,16.625
4/12/1996,17.5625,17.1563,17.6563,17.1563,3159600,17.1563
4/15/1996,17.9063,17.5625,17.9688,17.5313,2591200,17.5625
4/16/1996,17.625,17.875,17.875,17.4063,4186800,17.9063
4/17/1996,16.9375,17.4063,17.5,16.8438,3632800,17.625
4/18/1996,16.3438,16.5,16.75,16.1563,5103600,16.9375
4/19/1996,16.25,16.375,16.4063,16.2188,7505200,16.3438
4/22/1996,16.375,16.375,16.4375,16.2813,2652800,16.25
4/23/1996,16.3438,16.4375,16.5625,16.3438,2362000,16.375
4/24/1996,16.1875,16.4375,16.4375,16.0313,1889600,16.3438
4/25/1996,16.6563,16.125,16.6875,16.0313,2538400,16.1875
4/26/1996,16.2188,16.625,16.6563,16.2188,2229200,16.6563
4/29/1996,16.0625,16.2188,16.2188,15.9063,1796800,16.2188
4/30/1996,16.0313,16.125,16.2188,15.9375,1694800,16.0625
5/1/1996,16.1563,15.9375,16.3438,15.9063,3099200,16.0313
5/2/1996,16.1563,16.0625,16.4375,16,4316800,16.1563
5/3/1996,15.9375,16.2188,16.2813,15.8438,3529200,16.1563
5/6/1996,15.9688,15.9375,15.9688,15.75,2586000,15.9375
5/7/1996,15.7813,15.9375,15.9688,15.75,3583200,15.9688
5/8/1996,15.75,15.6563,15.8438,15.5,2446000,15.7813
5/9/1996,15.8438,15.7188,16,15.6875,2396800,15.75
5/10/1996,15.9063,16.0313,16.0313,15.875,1634400,15.8438
5/13/1996,16.0313,15.9375,16.0625,15.875,1833600,15.9063
5/14/1996,16.3125,16.1875,16.4063,16.1563,4389600,16.0313
5/15/1996,16.6875,16.4375,16.7813,16.4375,3393600,16.3125
5/16/1996,17.1875,16.6563,17.2813,16.625,3786800,16.6875
5/17/1996,17.2188,17.2188,17.3438,17.1875,2852400,17.1875
5/20/1996,16.9688,17.2188,17.3125,16.9375,2428800,17.2188
5/21/1996,17.125,17.0625,17.2188,17.0313,2910000,16.9688
5/22/1996,17.3125,17.0313,17.3438,16.9688,2563200,17.125
5/23/1996,16.9063,17.3438,17.4063,16.9063,3072000,17.3125
5/24/1996,17.0938,16.875,17.0938,16.8438,3006000,16.9063
5/28/1996,16.9375,16.9688,17.0938,16.9063,2190800,17.0938
5/29/1996,17,16.9375,17.0313,16.9375,1509600,16.9375
5/30/1996,16.5938,16.7813,16.8125,16.5,5463600,17
5/31/1996,16.4063,16.375,16.4375,16.3125,3132000,16.5938
6/3/1996,16.0938,16.3438,16.375,16.0625,2794800,16.4063
6/4/1996,16.4375,16.125,16.5,16.125,3534800,16.0938
6/5/1996,16.5313,16.4375,16.5625,16.3125,1700000,16.4375
6/6/1996,16.2188,16.4688,16.5625,16.2188,2041600,16.5313
6/7/1996,16.4063,16.0313,16.5,16.0313,2415200,16.2188
6/10/1996,16.25,16.4688,16.6563,16.2188,1575600,16.4063
6/11/1996,16.5,16.2813,16.625,16.2813,1345200,16.25
6/12/1996,16.1875,16.5,16.7188,16.1563,1739600,16.5
6/13/1996,16.1563,16.1875,16.3438,16.0625,1740000,16.1875
6/14/1996,16.3125,16.3438,16.5,16.3125,1965200,16.1563
6/17/1996,16.3438,16.375,16.4688,16.25,1398400,16.3125
6/18/1996,16.4063,16.4688,16.8438,16.375,2332400,16.3438
6/19/1996,16.5,16.3438,16.6875,16.3438,2883600,16.4063
6/20/1996,16.7813,16.5,17,16.5,2510000,16.5
6/21/1996,17.1875,16.8125,17.25,16.8125,3808800,16.7813
6/24/1996,17.3125,17.1563,17.4375,17.1563,2184400,17.1875
6/25/1996,17.0625,17.25,17.3125,16.9688,2345200,17.3125
6/26/1996,16.75,17,17.125,16.6875,2334400,17.0625
6/27/1996,16.8125,16.7813,16.9375,16.75,4665200,16.75
6/28/1996,16.9375,16.9063,16.9688,16.625,3232800,16.8125
7/1/1996,17.5,17.0313,17.5625,16.7188,3609200,16.9375
7/2/1996,17.4688,17.5,17.5,17.2188,1948800,17.5
7/3/1996,17.5313,17.4688,17.7188,17.4063,1759600,17.4688
7/5/1996,17.0938,17.5,17.5313,16.9375,1741600,17.5313
7/8/1996,17.3125,17.1563,17.4375,17.125,2392800,17.0938
7/9/1996,17.4688,17.625,17.625,17.4063,1991600,17.3125
7/10/1996,17.3125,17.5313,17.5625,17.0938,2967600,17.4688
7/11/1996,17.1875,17.3438,17.4375,17.0313,2578800,17.3125
7/12/1996,16.7813,17.125,17.1563,16.625,2359600,17.1875
7/15/1996,15.9375,16.7813,16.7813,15.9375,3540800,16.7813
7/16/1996,16.5938,16.3125,16.7813,15.6875,7524800,15.9375
7/17/1996,16.4375,16.4688,16.5938,16.2813,5973200,16.5938
7/18/1996,16.875,16.375,16.875,16.25,5464800,16.4375
7/19/1996,16.75,16.875,16.9375,16.5938,3749200,16.875
7/22/1996,16.4063,16.6875,16.6875,16.4063,4594000,16.75
7/23/1996,16.1875,16.375,16.4688,16.125,3579600,16.4063
7/24/1996,16.3438,15.75,16.375,15.7188,4344800,16.1875
7/25/1996,16.0313,16.4063,16.5,15.8125,2094800,16.3438
7/26/1996,16.5625,16.1875,16.6563,16.0938,1694000,16.0313
7/29/1996,16.25,16.375,16.4375,16.25,1650800,16.5625
7/30/1996,16.125,16.3125,16.3438,16.0625,1847600,16.25
7/31/1996,16.4688,16.1875,16.5938,16.1875,2217200,16.125
8/1/1996,16.8125,16.4688,16.9063,16.4375,2494000,16.4688
8/2/1996,17,16.8125,17,16.8125,2221600,16.8125
8/5/1996,17.2188,17.1563,17.2188,17,1372400,17
8/6/1996,17.2813,17.125,17.2813,17.0313,2540400,17.2188
8/7/1996,17.4063,17.3125,17.4375,17.25,2852400,17.2813
8/8/1996,17.4688,17.1875,17.5313,17.1875,3006400,17.4063
8/9/1996,17.4688,17.4688,17.4688,17.375,1503200,17.4688
8/12/1996,17.75,17.4688,17.75,17.4375,2911600,17.4688
8/13/1996,17.5625,17.75,17.75,17.5313,1934000,17.75
8/14/1996,17.4688,17.5938,17.5938,17.4375,1189200,17.5625
8/15/1996,17.4063,17.4688,17.5,17.2813,1543200,17.4688
8/16/1996,17.4375,17.4375,17.4688,17.375,1712800,17.4063
8/19/1996,17.5938,17.4375,17.6563,17.4063,2316400,17.4375
8/20/1996,17.8438,17.6875,17.8438,17.5625,2171600,17.5938
8/21/1996,17.8438,17.9063,17.9688,17.7188,2520000,17.8438
8/22/1996,17.9688,17.9063,18.0313,17.9063,2664400,17.8438
8/23/1996,17.8125,18,18,17.7188,1086400,17.9688
8/26/1996,17.8125,17.8438,17.8438,17.625,1252000,17.8125
8/27/1996,17.75,17.875,17.875,17.6563,1338400,17.8125
8/28/1996,17.5313,17.7813,17.7813,17.4688,1804400,17.75
8/29/1996,17.3438,17.5,17.5,17.2813,1434800,17.5313
8/30/1996,17.2188,17.3438,17.3438,17.1563,865600,17.3438
9/3/1996,17.3438,17.0938,17.4063,16.875,2185600,17.2188
9/4/1996,17.75,17.3125,17.7813,17.3125,2328000,17.3438
9/5/1996,17.5625,17.6875,17.8125,17.4688,2000400,17.75
9/6/1996,17.9375,17.5625,18.0938,17.5,2065600,17.5625
9/9/1996,18.375,18.125,18.4063,18.0313,2522400,17.9375
9/10/1996,18.125,18.4375,18.4375,18.0625,2119200,18.375
9/11/1996,18.0313,18.125,18.3125,18.0313,1582800,18.125
9/12/1996,17.9688,18.1563,18.3125,17.9063,1502400,18.0313
9/13/1996,18.5313,18.0938,18.5313,18.0938,2532800,17.9688
9/16/1996,18.6563,18.6563,18.75,18.5313,2096800,18.5313
9/17/1996,18.375,18.6563,18.75,18.25,1951600,18.6563
9/18/1996,18.2813,18.3125,18.5,18.2188,1732000,18.375
9/19/1996,18.625,18.3125,18.625,18.125,1881200,18.2813
9/20/1996,18.7813,18.8125,18.9063,18.75,2666000,18.625
9/23/1996,18.75,18.7188,18.7813,18.625,1619200,18.7813
9/24/1996,18.8438,18.75,18.9688,18.6563,1993200,18.75
9/25/1996,18.6875,18.8438,18.8438,18.6563,1478000,18.8438
9/26/1996,18.5625,18.6875,18.6875,18.4688,2356400,18.6875
9/27/1996,18.5,18.5625,18.625,18.4063,1967200,18.5625
9/30/1996,18.8438,18.4688,18.875,18.4688,2434800,18.5
10/1/1996,18.4375,18.8125,18.8125,18.4375,1754800,18.8438
10/2/1996,18.5313,18.5,18.6563,18.4688,1762800,18.4375
10/3/1996,18.4688,18.5,18.5938,18.3438,1392400,18.5313
10/4/1996,18.375,18.4688,18.4688,18.1563,3433600,18.4688
10/7/1996,18.2188,18.3438,18.3438,18.0625,2161600,18.375
10/8/1996,18.0625,18.1563,18.25,18.0313,2260400,18.2188
10/9/1996,17.9688,18,18.0313,17.8438,2341200,18.0625
10/10/1996,18,17.9063,18.0938,17.8594,2863600,17.9688
10/11/1996,18.3125,18.0938,18.4375,18.0625,2793200,18
10/14/1996,18.5313,18.3125,18.6875,18.3125,2230000,18.3125
10/15/1996,19.0625,18.9375,19.375,18.7188,4994800,18.5313
10/16/1996,18.6875,19.0313,19.0625,18.5313,4221200,19.0625
10/17/1996,18.5938,18.5,18.7188,18.4375,2267600,18.6875
10/18/1996,18.5313,18.4688,18.5938,18.4688,2910800,18.5938
10/21/1996,18.5,18.5,18.6875,18.4375,1853200,18.5313
10/22/1996,18.2813,18.5,18.5,18.2188,1275200,18.5
10/23/1996,18,18,18.2188,17.9063,5954400,18.2813
10/24/1996,17.9063,18.0313,18.0313,17.8438,6227600,18
10/25/1996,17.5938,17.875,18.0313,17.5938,1954000,17.9063
10/28/1996,17.3125,17.5,17.5938,17.3125,3350400,17.5938
10/29/1996,17.3125,17.5,17.5938,17.25,3969200,17.3125
10/30/1996,17.1875,17.375,17.5625,17.125,4102400,17.3125
10/31/1996,17.1563,17.25,17.3125,17.0625,5308000,17.1875
11/1/1996,17.375,17.2188,17.5313,17.2188,4331200,17.1563
11/4/1996,17.7188,17.4688,17.8438,17.4375,4358000,17.375
11/5/1996,17.875,17.8125,17.9375,17.7813,4170400,17.7188
11/6/1996,18.125,17.9375,18.1875,17.8438,3630400,17.875
11/7/1996,18.375,18.0625,18.4063,17.9375,3992000,18.125
11/8/1996,18.375,18.3438,18.375,18.0625,1837200,18.375
11/11/1996,18.3125,18.3125,18.375,18.2813,878000,18.375
11/12/1996,18.4375,18.4375,18.4375,18.0938,2601200,18.3125
11/13/1996,18.8438,18.4375,18.875,18.4063,3699600,18.4375
11/14/1996,18.6875,18.875,18.875,18.625,3026400,18.8438
11/15/1996,18.375,18.7813,18.8125,18.25,3563600,18.6875
11/18/1996,18.4063,18.5,18.5938,18.2813,4267200,18.375
11/19/1996,18.5,18.5,18.5938,18.4375,1557200,18.4063
11/20/1996,19.6875,19.125,19.7188,19.0938,5612800,18.5
11/21/1996,19.375,19.5625,19.5938,19.25,5390000,19.6875
11/22/1996,20,19.625,20.25,19.625,3612000,19.375
11/25/1996,20.0313,19.875,20.0313,19.625,2535200,20
11/26/1996,19.5313,19.9688,20.0938,19.4688,3257600,20.0313
11/27/1996,19.9063,19.5938,19.9375,19.5625,2324000,19.5313
11/29/1996,19.7813,19.9375,19.9688,19.7813,820800,19.9063
12/2/1996,19.75,19.7188,19.9063,19.4688,1925200,19.7813
12/3/1996,19.375,19.6875,19.8438,19.375,2420000,19.75
12/4/1996,19.25,19.4063,19.5313,19.2188,2560000,19.375
12/5/1996,19.4375,19.0938,19.4375,19.0938,2595600,19.25
12/6/1996,19.25,19,19.4688,19,2858400,19.4375
12/9/1996,19.375,19.25,19.4375,19.25,1250800,19.25
12/10/1996,19.6875,19.4375,19.8438,19.375,1954400,19.375
12/11/1996,19.25,19,19.5313,19,3702800,19.6875
12/12/1996,19.125,19.2188,19.375,19.125,2121200,19.25
12/13/1996,19.0313,19.0313,19.2813,18.9375,2422000,19.125
12/16/1996,18.6875,18.9375,19.2188,18.6875,1940400,19.0313
12/17/1996,18.4688,18.6563,18.6563,18.375,3529200,18.6875
12/18/1996,18.5625,18.4688,18.7813,18.4375,2355600,18.4688
12/19/1996,18.75,18.6563,19.0625,18.6563,3186000,18.5625
12/20/1996,18.875,18.875,19.0313,18.7813,4808400,18.75
12/23/1996,19.1875,18.875,19.2813,18.875,2170400,18.875
12/24/1996,19.0938,19.2188,19.2188,19.0625,639200,19.1875
12/26/1996,19.1875,19.0938,19.3125,19.0938,1649200,19.0938
12/27/1996,19.1875,19.125,19.25,19.0938,1908800,19.1875
12/30/1996,19,19.125,19.2188,18.9688,1566800,19.1875
12/31/1996,18.8125,18.8125,19.125,18.7813,1630400,19
1/2/1997,18.25,18.4375,18.5313,18.125,4976800,18.8125
1/3/1997,18.6875,18.375,18.8125,18.375,3602800,18.25
1/6/1997,18.7813,18.6875,19.0938,18.625,2596800,18.6875
1/7/1997,18.8438,18.7188,18.8438,18.5,1981600,18.7813
1/8/1997,18.7813,18.9688,19.1875,18.7813,2281200,18.8438
1/9/1997,19.0313,18.8438,19.3125,18.75,2854800,18.7813
1/10/1997,19.5,18.7188,19.5,18.6875,2810000,19.0313
1/13/1997,19.8438,19.875,19.9063,19.6563,2962000,19.5
1/14/1997,19.5625,19.9063,19.9375,19.5625,2094000,19.8438
1/15/1997,19.375,19.5,19.5313,19.375,1277200,19.5625
1/16/1997,19.4375,19.2813,19.4375,19.1875,1544800,19.375
1/17/1997,19.6875,19.375,19.6875,19.3125,2290000,19.4375
1/20/1997,19.625,19.6563,19.7188,19.5313,2191200,19.6875
1/21/1997,19.0938,19.0313,19.375,19,8047600,19.625
1/22/1997,18.9688,19.2188,19.3438,18.9375,5375600,19.0938
1/23/1997,18.8438,19.0938,19.25,18.8125,5138800,18.9688
1/24/1997,18.8125,18.875,18.9375,18.6563,5725600,18.8438
1/27/1997,18.9688,18.8125,19.0313,18.7813,4845600,18.8125
1/28/1997,18.9375,19.1875,19.2813,18.8438,2250000,18.9688
1/29/1997,19,18.9375,19.0625,18.875,4508000,18.9375
1/30/1997,19.3125,19.125,19.3438,19.0313,3437200,19
1/31/1997,19.4063,19.375,19.5313,19.3438,2492800,19.3125
2/3/1997,19.1563,19.3438,19.375,19.0625,1745600,19.4063
2/4/1997,19.375,19.0938,19.4688,19.0938,2097200,19.1563
2/5/1997,19.4063,19.5313,19.6563,19.375,2664400,19.375
2/6/1997,19.4375,19.4063,19.5,19.3125,1992800,19.4063
2/7/1997,19.875,19.5313,19.875,19.5,1752000,19.4375
2/10/1997,19.7813,19.8125,20.0781,19.75,2420000,19.875
2/11/1997,19.7813,19.8125,19.8438,19.5625,1576400,19.7813
2/12/1997,19.875,19.7188,19.875,19.625,1856000,19.7813
2/13/1997,20.7813,19.9063,20.8438,19.8125,4056000,19.875
2/14/1997,19.9375,20.5938,20.7813,19.9375,3254800,20.7813
2/18/1997,19.9688,19.875,19.9688,19.6563,3345600,19.9375
2/19/1997,20.0938,19.9688,20.4063,19.875,2011600,19.9688
2/20/1997,19.6875,19.9688,20.0313,19.6875,2542000,20.0938
2/21/1997,19.9063,19.7188,19.9375,19.7188,1776400,19.6875
2/24/1997,20.2188,19.8438,20.2188,19.7813,2583200,19.9063
2/25/1997,20.2188,20.2188,20.2813,20.0313,1229200,20.2188
2/26/1997,20.1563,20.1563,20.3438,19.875,2026400,20.2188
2/27/1997,19.9063,19.9688,20.0938,19.875,1660800,20.1563
2/28/1997,19.5625,19.7813,19.875,19.5625,1650800,19.9063
3/3/1997,19.6875,19.5313,19.7188,19.4375,1607200,19.5625
3/4/1997,19.5313,19.875,19.9063,19.5,1567200,19.6875
3/5/1997,19.9688,19.625,20,19.5938,1416400,19.5313
3/6/1997,20.0938,20.0313,20.1875,19.9063,3484000,19.9688
3/7/1997,20.375,20.125,20.4375,20.0938,1282800,20.0938
3/10/1997,20.4063,20.3125,20.4063,20.0625,1680800,20.375
3/11/1997,20.0625,20.375,20.375,20.0625,1405600,20.4063
3/12/1997,20.1563,20,20.2813,19.9688,1468000,20.0625
3/13/1997,19.9375,20.125,20.125,19.7813,2328800,20.1563
3/14/1997,20.2813,19.9688,20.3125,19.9688,1394400,19.9375
3/17/1997,20.125,20.2813,20.3438,20.125,2118000,20.2813
3/18/1997,20.0313,20.0625,20.2188,19.9375,1991600,20.125
3/19/1997,20.1563,19.9688,20.1563,19.9375,1285600,20.0313
3/20/1997,20.1563,20.1563,20.2188,19.9063,1518400,20.1563
3/21/1997,20.2813,20.25,20.3125,20.1563,1478800,20.1563
3/24/1997,20.8438,20.1875,20.9375,20.1563,1894000,20.2813
3/25/1997,20.5703,20.8438,20.8438,20.4688,2379200,20.8438
3/26/1997,20.25,20.5625,20.5938,20.2188,3053600,20.5703
3/27/1997,20.0313,20.2813,20.4063,19.9688,1777200,20.25
3/31/1997,20.0625,20,20.2188,19.8438,2098400,20.0313
4/1/1997,19.75,20,20.0625,19.6875,2216400,20.0625
4/2/1997,19.5938,19.6563,20,19.5625,2036000,19.75
4/3/1997,19.3125,19.5313,19.625,19.3125,2724800,19.5938
4/4/1997,19.7813,19.2813,19.875,19.0938,1886000,19.3125
4/7/1997,19.6875,19.8438,19.8438,19.5938,1009200,19.7813
4/8/1997,19.4688,19.5938,19.5938,19.4063,1867200,19.6875
4/9/1997,19.5625,19.5313,19.6875,19.5,1677600,19.4688
4/10/1997,19.4375,19.5625,19.5625,19.3438,1726000,19.5625
4/11/1997,19.2188,19.2813,19.4063,19.1875,1229600,19.4375
4/14/1997,19.8438,19.1563,19.9688,19.125,1275200,19.2188
4/15/1997,20.75,20.125,20.7813,20.0625,4507200,19.8438
4/16/1997,21.1563,20.75,21.4063,20.625,4518800,20.75
4/17/1997,21.4063,21.0313,21.4063,20.9688,2514400,21.1563
4/18/1997,21.0313,21.4375,21.4688,20.9375,1482800,21.4063
4/21/1997,21.0625,21.0625,21.2813,20.9063,1665200,21.0313
4/22/1997,21.75,21.0313,21.8438,20.9375,2032000,21.0625
4/23/1997,22.2813,21.75,22.4375,21.6875,2754000,21.75
4/24/1997,21.8125,22.6563,22.6563,21.7813,3488800,22.2813
4/25/1997,21.7813,21.75,22.0938,21.5938,1624400,21.8125
4/28/1997,22.0625,21.7813,22.1563,21.75,1176400,21.7813
4/29/1997,21.9688,22.375,22.375,21.9063,1990400,22.0625
4/30/1997,22.25,22.0313,22.7188,22,2520400,21.9688
5/1/1997,22.6875,22.25,22.6875,22.1875,1916000,22.25
5/2/1997,23.3438,22.75,23.4063,22.5,2656800,22.6875
5/5/1997,23.9063,23.4063,23.9375,23.2188,2783200,23.3438
5/6/1997,23.5938,23.8438,23.9688,23.5,2909200,23.9063
5/7/1997,23.0938,23.3125,23.5313,23.0938,2206800,23.5938
5/8/1997,23.5625,23.1563,23.8125,23.125,2438000,23.0938
5/9/1997,24.1563,23.875,24.2188,23.6875,2463600,23.5625
5/12/1997,24.0625,24.1563,24.1563,23.5625,4339600,24.1563
5/13/1997,24.2813,24.0313,24.4688,23.9063,4728400,24.0625
5/14/1997,23.9688,24.3438,24.8125,23.9375,3125600,24.2813
5/15/1997,24.5938,23.9688,24.625,23.9063,2544000,23.9688
5/16/1997,24.625,24.5625,24.9375,24.375,3684800,24.5938
5/19/1997,24.5,24.5625,24.625,24.0938,2057200,24.625
5/20/1997,24.25,24.25,24.375,23.9375,2964800,24.5
5/21/1997,24.1875,24.1875,24.9063,24.1563,3183200,24.25
5/22/1997,24.375,24.3125,24.625,24.3125,2825600,24.1875
5/23/1997,24.375,24.3438,24.5,24.125,1413200,24.375
5/27/1997,24.4063,24.1875,24.5938,24.1875,3052000,24.375
5/28/1997,24.4688,24.25,24.5313,24.1875,1858800,24.4063
5/29/1997,24.4375,24.25,24.5938,24.25,2618000,24.4688
5/30/1997,24.4063,24.1875,24.5313,24.1875,1871200,24.4375
6/2/1997,24.4375,24.375,24.7188,24.25,2430000,24.4063
6/3/1997,24.2813,24.375,24.7813,24.25,1461600,24.4375
6/4/1997,24.5313,24.25,24.5938,24.1875,3090400,24.2813
6/5/1997,24.8438,24.5938,24.9688,24.5,4568800,24.5313
6/6/1997,25.0313,24.8438,25.5313,24.7813,4148800,24.8438
6/9/1997,25.4688,24.9688,25.4688,24.9688,2533600,25.0313
6/10/1997,25.9063,25.5,26.1875,25.4688,3492400,25.4688
6/11/1997,25.875,25.9063,26.1563,25.6563,3858400,25.9063
6/12/1997,26.4375,26.0625,26.5,26,3646000,25.875
6/13/1997,27.1875,26.5,27.3438,26.4688,3680400,26.4375
6/16/1997,26.9688,27.0938,27.1875,26.9375,2969600,27.1875
6/17/1997,26.9688,27,27.0938,26.8125,1834800,26.9688
6/18/1997,26.9375,26.9688,26.9688,26.7813,1504000,26.9688
6/19/1997,26.9063,26.9375,27.125,26.8125,2359200,26.9375
6/20/1997,26.7813,26.8438,27,26.7813,2460000,26.9063
6/23/1997,26.3438,26.75,26.9375,26.3438,1773600,26.7813
6/24/1997,27.0938,26.5938,27.1563,26.4219,2710400,26.3438
6/25/1997,26.7813,26.9688,27.2188,26.6563,2221200,27.0938
6/26/1997,26.4063,26.6875,26.9375,26.25,1830000,26.7813
6/27/1997,27,26.4063,27.2344,26.4063,1918800,26.4063
6/30/1997,26.8438,27.0313,27.0938,26.4219,3142800,27
7/1/1997,26.3125,26.7188,26.875,26.25,2950800,26.8438
7/2/1997,26.8125,26.25,26.9375,26.125,2858000,26.3125
7/3/1997,27.2656,27.0625,27.3594,27.0625,1311600,26.8125
7/7/1997,27.0625,27.2656,27.4063,27.0625,2512400,27.2656
7/8/1997,27.75,27.1094,27.8438,27.0625,3866800,27.0625
7/9/1997,27.6719,27.7344,28.0625,27.5625,4871600,27.75
7/10/1997,28.2031,27.625,28.2031,27.5625,3986000,27.6719
7/11/1997,28.7188,28.4063,28.875,28.2656,3940800,28.2031
7/14/1997,28.0625,28.5625,28.6563,27.9375,2591000,28.7188
7/15/1997,27.75,28.0625,28.0625,27.4688,2497200,28.0625
7/16/1997,28.3438,27.9375,28.4375,27.7813,2754600,27.75
7/17/1997,28.0313,28.4375,28.5,28,2450800,28.3438
7/18/1997,27.1875,27.5938,27.8438,27.1563,3058200,28.0313
7/21/1997,28.375,27.375,28.5313,27.25,3328800,27.1875
7/22/1997,28.0938,28.5,28.7188,27.3125,3832400,28.375
7/23/1997,27.8438,28.6875,28.7188,27.5625,3382800,28.0938
7/24/1997,27.5,27.8438,27.9063,27.2813,3041600,27.8438
7/25/1997,28.4063,28.1875,28.5625,28.0313,3127600,27.5
7/28/1997,28.7813,28.25,28.9688,28.25,3727400,28.4063
7/29/1997,29.875,29.0938,29.9063,28.875,3282600,28.7813
7/30/1997,29.75,29.875,29.9688,29.5313,1595800,29.875
7/31/1997,28,29.7188,29.75,28,3323000,29.75
8/1/1997,29.4688,28.6563,29.6875,28.625,3805200,28
8/4/1997,29.4375,29.4063,29.4688,28.7188,2469000,29.4688
8/5/1997,29.25,29.5,29.5,29.0625,1869812,29.4375
8/6/1997,29.25,29.375,29.75,28.9375,2215800,29.25
8/7/1997,30.3438,30.625,30.8125,30.25,2760200,29.25
8/8/1997,29.1875,29.5,30.0313,29,3426600,30.3438
8/11/1997,29.625,29.625,29.8438,29.2188,2014200,29.1875
8/12/1997,29.2813,29.4063,29.6875,29.0938,2108400,29.625
8/13/1997,29.6563,29.5313,29.7813,29.1875,2742800,29.2813
8/14/1997,29.7188,29.75,29.9063,29.1563,2274200,29.6563
8/15/1997,29.0313,29.375,29.5,29.0313,1902200,29.7188
8/18/1997,29.1875,28.9688,29.2188,28.6875,2445000,29.0313
8/19/1997,29.7813,29.2188,29.7813,29.2188,2097200,29.1875
8/20/1997,30.4688,29.7813,30.4688,29.4063,2460600,29.7813
8/21/1997,30.0625,30.2188,30.6563,29.75,2108800,30.4688
8/22/1997,29.625,29.5313,29.8125,28.8125,2511200,30.0625
8/25/1997,29.875,29.75,30.125,29.625,1360800,29.625
8/26/1997,29.3125,29.5,29.9688,29.125,1445600,29.875
8/27/1997,30.0313,29.4063,30.1563,29.1875,2114800,29.3125
8/28/1997,28.9063,29.9375,29.9688,28.875,2784800,30.0313
8/29/1997,29.0313,28.9063,29.375,28.5625,2630000,28.9063
9/2/1997,29.2188,28.9688,29.6875,28.9063,2245600,29.0313
9/3/1997,29.9063,29.3438,29.9688,29.3125,2161000,29.2188
9/4/1997,28.1875,28.2813,28.875,28,6638200,29.9063
9/5/1997,28.4375,28.4688,28.6563,28.0313,3403400,28.1875
9/8/1997,28.1875,28.375,28.5313,28.125,1554200,28.4375
9/9/1997,27.6563,28,28.0313,27.5625,2471200,28.1875
9/10/1997,26.7188,27.5938,27.5938,26.625,3916600,27.6563
9/11/1997,26.8125,26.5,27.0313,26.5,2911000,26.7188
9/12/1997,27,26.9688,27.125,26.6875,1875800,26.8125
9/15/1997,26.75,27,27.0625,26.5938,2078200,27
9/16/1997,27.8438,27,28.0938,27,2581200,26.75
9/17/1997,27.6563,27.7188,27.875,27.0625,2258000,27.8438
9/18/1997,28.2813,28,28.5313,27.9688,2481400,27.6563
9/19/1997,27.9063,27.7813,28.0313,27.7188,2210000,28.2813
9/22/1997,28.2813,27.7813,28.375,27.75,1919400,27.9063
9/23/1997,27.75,28.3125,28.3125,27.5625,1502800,28.2813
9/24/1997,27.0938,27.7813,28,27.0313,2345800,27.75
9/25/1997,26.7813,27.4688,27.5625,26.7813,2126800,27.0938
9/26/1997,27.0313,27.0625,27.25,26.875,2173800,26.7813
9/29/1997,27.0313,26.9063,27.2188,26.7813,1580200,27.0313
9/30/1997,26.9688,27.0313,27.3438,26.9375,1520000,27.0313
10/1/1997,27.75,27,28,27,2479400,26.9688
10/2/1997,27.4688,27.625,27.7188,27.125,1455800,27.75
10/3/1997,27.5625,28.0625,28.125,27.0938,1758800,27.4688
10/6/1997,28.625,27.9688,28.6875,27.8125,2194800,27.5625
10/7/1997,28.9063,28.625,28.9688,28.3438,1769800,28.625
10/8/1997,28.75,28.9063,28.9375,28.4688,1110400,28.9063
10/9/1997,29.1875,28,29.2188,27.9375,1678200,28.75
10/10/1997,29.3125,28.9375,29.3438,28.7813,1423000,29.1875
10/13/1997,29.9063,29.6875,29.9375,29.375,1515200,29.3125
10/14/1997,30.375,30.0625,30.4375,29.8125,3843600,29.9063
10/15/1997,30,30.25,30.25,29.5313,4311400,30.375
10/16/1997,29.625,30.0625,30.4688,29.25,3232800,30
10/17/1997,29.1875,29.2188,29.4688,28.875,1572600,29.625
10/20/1997,29.4063,29.0625,29.5625,28.8125,1283800,29.1875
10/21/1997,29.5,29.2813,29.5625,29.2813,983800,29.4063
10/22/1997,30.0625,29.5938,30.2188,29.5,2842200,29.5
10/23/1997,29.5625,29.125,29.9063,29.0625,3119200,30.0625
10/24/1997,28.9688,29.5625,30.0625,28.9063,3338000,29.5625
10/27/1997,26.4063,28.5625,28.8125,26.375,4599800,28.9688
10/28/1997,27.125,25,27.5,24.875,7763000,26.4063
10/29/1997,26.5,27.0938,27.0938,26.2813,3924800,27.125
10/30/1997,26.0625,26.0625,26.625,25.9688,3328400,26.5
10/31/1997,25.625,26.3438,26.3438,25.4375,2743200,26.0625
11/3/1997,26.125,26.0625,26.4688,25.9063,2711800,25.625
11/4/1997,26.0625,26.4688,26.6875,25.9375,2077600,26.125
11/5/1997,26.5938,26.375,27.5,26.2188,2486000,26.0625
11/6/1997,26,26.5,26.5313,25.9375,2948600,26.5938
11/7/1997,25.4688,25.625,25.625,25,4297000,26
11/10/1997,25.0938,25.8125,25.875,25,2625200,25.4688
11/11/1997,24.0938,24.625,24.625,23.3438,9920400,25.0938
11/12/1997,22.375,23.5313,23.75,22.0938,10503200,24.0938
11/13/1997,22.6563,22.75,22.9375,22,8663800,22.375
11/14/1997,22.9688,22.6563,23.4375,22.25,6787600,22.6563
11/17/1997,23.5625,23.25,23.75,23.2188,5917800,22.9688
11/18/1997,23.3125,23.9375,23.9375,23.1875,4481800,23.5625
11/19/1997,23.3125,23.25,23.4375,22.8438,3729600,23.3125
11/20/1997,23.375,23.5313,23.6875,23.375,4080800,23.3125
11/21/1997,23.8438,23.375,24.0625,23.25,4528600,23.375
11/24/1997,23.6875,23.9063,24.0938,23.5313,4401800,23.8438
11/25/1997,23.7813,24,24.1563,23.4688,4154600,23.6875
11/26/1997,23.6563,24,24,23.6563,2077800,23.7813
11/28/1997,23.9688,23.6563,24.25,23.6563,1528800,23.6563
12/1/1997,24.5938,24.1563,24.75,24.0313,3122400,23.9688
12/2/1997,25.4688,24.75,25.7188,24.6875,4581600,24.5938
12/3/1997,25.125,25.4375,25.4375,24.5,2758000,25.4688
12/4/1997,25.375,25.625,25.875,25.1875,3058600,25.125
12/5/1997,25.875,24.9688,25.9063,24.8125,3901000,25.375
12/8/1997,25.8438,26.5,26.5,25.7813,2826200,25.875
12/9/1997,25.2813,25.7188,25.7188,24.9063,3158800,25.8438
12/10/1997,24.9688,25.125,25.2813,24.6563,4032800,25.2813
12/11/1997,24.9688,24.5,25.2188,24.3125,2407600,24.9688
12/12/1997,25.375,25.25,25.875,25.25,3627000,24.9688
12/15/1997,25.3438,25.3125,25.5938,25.3125,3348800,25.375
12/16/1997,24.4063,25.375,25.4688,24.1875,6462600,25.3438
12/17/1997,25.3438,24.9375,25.5,24.5625,4511000,24.4063
12/18/1997,24.3438,25.0313,25.0625,24.125,3581000,25.3438
12/19/1997,24.0625,24.125,24.1875,23.2813,4124000,24.3438
12/22/1997,24.1563,24.0938,24.5,24.0313,1528800,24.0625
12/23/1997,23.5313,24.0313,24.0625,23.5313,1468800,24.1563
12/24/1997,23.2813,23.5625,23.75,23.2813,695800,23.5313
12/26/1997,23,23.4063,23.5625,22.9375,756400,23.2813
12/29/1997,23.5625,23.5,23.625,23.2813,1381600,23
12/30/1997,24.2813,23.8438,24.4375,23.5,2151000,23.5625
12/31/1997,24.25,24.25,24.375,23.7813,1572200,24.2813
1/2/1998,24.5,24.4375,24.5,24.25,1345000,24.25
1/5/1998,24.8438,24.4063,24.9375,24.0938,2549000,24.5
1/6/1998,24.6563,24.8125,24.8438,24.4688,1446200,24.8438
1/7/1998,24.2188,24.6563,24.6563,23.7813,2185400,24.6563
1/8/1998,23.4063,23.5625,23.75,23.2813,2138200,24.2188
1/9/1998,22.7188,23.375,23.5313,22.7188,3270000,23.4063
1/12/1998,23.2188,22.5,23.625,22.4375,3821400,22.7188
1/13/1998,23.0313,23.2188,23.375,22.8438,3753000,23.2188
1/14/1998,23.1875,22.9063,23.25,22.8125,3436600,23.0313
1/15/1998,22.75,23.125,23.1875,22.4375,2594000,23.1875
1/16/1998,22.6563,23.5,23.5,22.5,4312400,22.75
1/20/1998,22.5,22.5313,22.625,22.25,6070400,22.6563
1/21/1998,23.4375,22.75,23.7188,22.7188,11354200,22.5
1/22/1998,22.7813,23.0313,23.9375,22.625,5441600,23.4375
1/23/1998,22.75,22.9375,22.9688,22.5,4511200,22.7813
1/26/1998,22.8125,23.125,23.1563,22.7188,2217600,22.75
1/27/1998,23.1875,22.8438,23.375,22.8438,3134000,22.8125
1/28/1998,24.0625,23.4688,24.0625,23.375,3088200,23.1875
1/29/1998,24.25,24.3125,24.5,23.875,3023400,24.0625
1/30/1998,24,24.4688,24.4688,23.75,2387600,24.25
2/2/1998,25.125,24.4375,25.1563,24.4063,3202200,24
2/3/1998,25.25,25.25,25.5313,24.9375,3857800,25.125
2/4/1998,24.9375,24.875,25.1563,24.6563,1960200,25.25
2/5/1998,24.4375,25.375,25.375,24.375,3324200,24.9375
2/6/1998,25.375,25,25.5,24.8125,2523000,24.4375
2/9/1998,26.25,25.5,26.25,25.4688,2427000,25.375
2/10/1998,25.8125,26.25,26.625,25.75,3526800,26.25
2/11/1998,25.6875,25.7813,26.2188,25.4063,2148600,25.8125
2/12/1998,26,25.625,26.375,25.4375,2861200,25.6875
2/13/1998,26.75,25.9688,26.8438,25.875,3394000,26
2/17/1998,26.9375,27,27.5938,26.9063,3626800,26.75
2/18/1998,26.375,26.6875,26.7188,26.125,2263200,26.9375
2/19/1998,25.9375,26.375,26.375,25.75,1873800,26.375
2/20/1998,26.3125,25.875,26.5313,25.2188,3311800,25.9375
2/23/1998,26.0313,26.3438,26.3438,26,1937400,26.3125
2/24/1998,26.2813,26.0625,26.4063,26,2261800,26.0313
2/25/1998,26.5625,26.2813,26.75,26.0625,1477800,26.2813
2/26/1998,26.5938,26.4688,26.875,26.3125,1533000,26.5625
2/27/1998,27.2813,26.6875,27.3125,26.3125,1477400,26.5938
3/2/1998,26.7813,26.8125,27,26.5625,1446000,27.2813
3/3/1998,26.2813,26.6563,27,26.0938,3163000,26.7813
3/4/1998,26.0313,26.0625,26.3438,25.9063,2432600,26.2813
3/5/1998,25.5938,25.9063,25.9688,25.5,1396600,26.0313
3/6/1998,26.6563,25.7188,26.7188,25.7188,2747200,25.5938
3/9/1998,26.5,26.4063,26.8125,26.2188,2028600,26.6563
3/10/1998,27,26.4688,27.125,26.4375,2278000,26.5
3/11/1998,27.0313,27.1563,27.625,26.9375,1988800,27
3/12/1998,28,27.0625,28.4375,27.0313,2507600,27.0313
3/13/1998,28.0938,28.4375,28.6875,28.0625,2355800,28
3/16/1998,28.9063,28.125,29,27.875,1707400,28.0938
3/17/1998,28.75,28.7813,28.9688,28.5625,1531600,28.9063
3/18/1998,29.0313,28.7813,29.25,28.75,2426600,28.75
3/19/1998,28.0313,28.9375,29.625,28,14532400,29.0313
3/20/1998,28.0313,28.1875,28.3438,27.6563,4164800,28.0313
3/23/1998,28.125,27.75,28.4375,27.4375,2160400,28.0313
3/24/1998,28.2813,28.0938,28.5938,28,1579200,28.125
3/25/1998,27.7188,28.3125,28.3438,27.5625,2642800,28.2813
3/26/1998,27.375,27.4375,27.5938,27,2845400,27.7188
3/27/1998,27.75,27.3125,27.9375,27.3125,1987400,27.375
3/30/1998,27.5,27.5,27.6875,27.3125,1195000,27.75
3/31/1998,27.5313,27.5,27.9219,27.375,1816000,27.5
4/1/1998,27.0313,27.5313,27.5313,26.75,2774200,27.5313
4/2/1998,26.9688,27.0625,27.125,26.5938,3472400,27.0313
4/3/1998,27.125,26.9688,27.25,26.5,2434000,26.9688
4/6/1998,27.25,27.4688,27.625,27.1875,1887800,27.125
4/7/1998,27.2813,27.2813,27.4375,26.9375,1575600,27.25
4/8/1998,27.125,27.0313,27.4375,26.9375,2132800,27.2813
4/9/1998,27.4063,27.3125,27.5625,27.1563,2307400,27.125
4/13/1998,27.1875,27.4063,27.4688,27.0938,2091400,27.4063
4/14/1998,28.0938,27.1875,28.25,27.125,3855800,27.1875
4/15/1998,28.3125,28.1563,28.8125,27.9375,4040600,28.0938
4/16/1998,28.0938,28.6875,28.75,28,3176200,28.3125
4/17/1998,28.375,28.5,28.7188,27.9375,3756200,28.0938
4/20/1998,28.4375,28.2188,28.4375,28.0313,2715400,28.375
4/21/1998,28.4375,28.4375,28.5,28.1563,1803000,28.4375
4/22/1998,28.7813,28.4375,29.125,28.4063,2695600,28.4375
4/23/1998,29.0313,28.7813,29.125,28.7188,3342800,28.7813
4/24/1998,28.4688,29,29,28.4375,3429400,29.0313
4/27/1998,27.6875,28.0313,28.0938,27.6563,2899800,28.4688
4/28/1998,27.6875,27.8438,27.8438,27.5938,2403400,27.6875
4/29/1998,27.5938,27.7188,27.9063,27.5,1522000,27.6875
4/30/1998,28.4688,27.7188,28.5625,27.6875,1292200,27.5938
5/1/1998,28.5625,28.5313,28.8125,28.25,938600,28.4688
5/4/1998,28.375,28.625,28.7813,28.1875,1527200,28.5625
5/5/1998,27.9688,28.375,28.375,27.7188,1662400,28.375
5/6/1998,27.6875,27.9688,28.0313,27.6563,1170200,27.9688
5/7/1998,27.6563,27.75,27.9375,27.4375,1637800,27.6875
5/8/1998,27.9063,27.8438,28.0625,27.6875,1219000,27.6563
5/11/1998,27.7813,27.7813,28.0938,27.75,928400,27.9063
5/12/1998,28.4688,27.9063,28.5,27.875,1448800,27.7813
5/13/1998,28.4375,28.4063,28.8125,28.375,1245600,28.4688
5/14/1998,29.4375,28.5,29.4375,28.4375,2363400,28.4375
5/15/1998,28.9063,29.4375,29.5938,28.8125,2925400,29.4375
5/18/1998,29.1875,28.8125,29.5,28.75,1916600,28.9063
5/19/1998,29.2813,29.3125,29.4688,28.9688,1271800,29.1875
5/20/1998,29.875,29.25,29.875,29.25,1887800,29.2813
5/21/1998,30.3438,29.875,30.375,29.6875,2125600,29.875
5/22/1998,29.2813,30.2813,30.3125,28.9375,1941600,30.3438
5/26/1998,28.3125,29.5,29.5,28.3125,1610800,29.2813
5/27/1998,28.375,28.1875,28.5313,27.875,2414400,28.3125
5/28/1998,28.25,28.3125,28.375,27.8438,1253200,28.375
5/29/1998,27.4688,28.125,28.2188,27.4688,1828000,28.25
6/1/1998,27.625,27.5938,28.0625,27.4063,2157200,27.4688
6/2/1998,27.375,27.75,27.8125,27.0938,2095000,27.625
6/3/1998,27.2813,27.5,28,27.25,1461200,27.375
6/4/1998,27.6563,27.3125,27.6875,26.9375,1286400,27.2813
6/5/1998,28.25,27.75,28.4063,27.4688,1477800,27.6563
6/8/1998,27.9688,28.0625,28.1875,27.8438,2375600,28.25
6/9/1998,28.1563,28.0938,28.1875,27.5,2439600,27.9688
6/10/1998,26.9375,27.9375,28,26.75,4462400,28.1563
6/11/1998,26.1563,26.9375,26.9688,26.125,3952600,26.9375
6/12/1998,26,26.25,26.3125,25.5313,4203200,26.1563
6/15/1998,26.1875,26.125,27.3438,25.875,3728800,26
6/16/1998,26.25,26.375,26.4688,25.9375,2073000,26.1875
6/17/1998,27.1563,27.5,27.5,27,3152400,26.25
6/18/1998,27.25,27,27.2813,26.5625,1768600,27.1563
6/19/1998,25.8125,27.125,27.1563,25.625,4973000,27.25
6/22/1998,26.4375,26,26.6563,25.9688,3035800,25.8125
6/23/1998,26.4063,26.9375,26.9688,26.0938,1768600,26.4375
6/24/1998,27,26.875,27.125,26.375,2027000,26.4063
6/25/1998,26.3125,26.875,26.9063,26.0313,2901000,27
6/26/1998,26.5,26.1875,26.75,26,1858400,26.3125
6/29/1998,26.1875,26.7188,26.75,25.9375,2533400,26.5
6/30/1998,26.4531,26.6875,26.75,26.2188,3540000,26.1875
7/1/1998,26.9688,26.7188,27.1875,26.5625,2936000,26.4531
7/2/1998,27.0625,27,27.1563,26.5625,2184200,26.9688
7/6/1998,27.1563,27.0625,27.3438,26.75,3387000,27.0625
7/7/1998,27,27.25,27.25,26.875,1626400,27.1563
7/8/1998,26.9375,27.125,27.1563,26.8125,1741000,27
7/9/1998,26.0625,26.875,26.875,25.625,4277800,26.9375
7/10/1998,26.2813,26,26.2813,25.7813,2427000,26.0625
7/13/1998,26.0625,26.4688,26.4688,25.9063,1388000,26.2813
7/14/1998,28.125,26.625,28.1875,26.4063,4574000,26.0625
7/15/1998,26,27.6875,27.7188,25.5625,10785400,28.125
7/16/1998,26.5938,26.1563,26.5938,26.0938,4556200,26
7/17/1998,26.5938,26.4688,26.8438,26.1563,4071000,26.5938
7/20/1998,26.75,27.0938,27.0938,26.2188,2620000,26.5938
7/21/1998,26.5,26.7188,27,26,4961800,26.75
7/22/1998,25.875,26.4375,26.4375,25.7813,3209800,26.5
7/23/1998,25.0625,26,26.1563,24.8438,3155400,25.875
7/24/1998,24.5938,25.125,25.25,24.5313,3483000,25.0625
7/27/1998,24.4375,24.3438,24.4375,23.9688,3075000,24.5938
7/28/1998,24.4063,24.7188,24.7188,23.9688,2502200,24.4375
7/29/1998,24.5313,24.6875,24.75,24,2047400,24.4063
7/30/1998,25.0313,24.9375,25.125,24.625,2305400,24.5313
7/31/1998,24.25,25.0938,25.0938,24.0625,5211400,25.0313
8/3/1998,24.6563,24.5,24.875,24.3125,3488600,24.25
8/4/1998,23.625,24.9375,24.9375,23.4375,4967400,24.6563
8/5/1998,23.5625,23.75,23.75,22.9688,3610000,23.625
8/6/1998,23.5,23.5625,23.625,23.1875,2695800,23.5625
8/7/1998,23.75,23.6875,24.0313,23.5313,2527200,23.5
8/10/1998,23.6563,23.9375,24.0313,23.5313,1671000,23.75
8/11/1998,23.7813,23.0313,23.8125,23.0313,3559200,23.6563
8/12/1998,24.1875,24.0625,24.2188,23.5,2022200,23.7813
8/13/1998,24.375,24.5,24.7188,23.8438,1594800,24.1875
8/14/1998,24.1875,24.6875,24.7813,24.0625,2400200,24.375
8/17/1998,24.625,24.3125,24.7813,23.9063,2325600,24.1875
8/18/1998,25.25,24.8125,25.25,24.6563,2392800,24.625
8/19/1998,24.9375,25.3438,25.3438,24.5938,2308600,25.25
8/20/1998,24.2188,24.9375,24.9375,23.9375,2550800,24.9375
8/21/1998,23.6875,24,24,23.125,3232600,24.2188
8/24/1998,24.4688,24.125,24.4688,23.5625,2564400,23.6875
8/25/1998,23.9375,24.625,24.625,23.75,1698600,24.4688
8/26/1998,23.2813,23.6875,23.7188,23.125,3676800,23.9375
8/27/1998,22.3125,22.625,22.75,22.1563,3487400,23.2813
8/28/1998,22,22.8125,22.875,21.8438,3277400,22.3125
8/31/1998,21,22.5,22.5938,20.9688,3216800,22
9/1/1998,22.9375,21.75,23.0313,21.375,4602600,21
9/2/1998,22.875,23.375,23.4688,22.6875,4058000,22.9375
9/3/1998,22.4375,22.75,22.75,22.0938,3169000,22.875
9/4/1998,22.9688,22.5625,23,22.2188,3318200,22.4375
9/8/1998,24.5938,23.875,24.75,23.375,4779600,22.9688
9/9/1998,24.0938,24.5938,24.625,23.4375,3604200,24.5938
9/10/1998,23,23.5,23.5,22.6563,4676400,24.0938
9/11/1998,22.625,22.375,23.2188,22.125,4181200,23
9/14/1998,22.6875,23.125,23.375,22.5,3292000,22.625
9/15/1998,23,22.9375,23.75,22.7188,3824600,22.6875
9/16/1998,22.625,23.3125,23.4375,22.3125,3977800,23
9/17/1998,21.375,22.625,22.625,21.3125,4376400,22.625
9/18/1998,20.125,21.5,21.6875,19.75,7918600,21.375
9/21/1998,21.2813,19.5625,21.5313,19.5313,4083800,20.125
9/22/1998,21.0625,21.7188,21.7188,20.9063,3105200,21.2813
9/23/1998,22.6563,21.8125,22.7813,21.3125,3763400,21.0625
9/24/1998,23.0625,22.9688,23.5625,22.625,5724800,22.6563
9/25/1998,23.4688,23.0625,23.4688,22.8125,4899800,23.0625
9/28/1998,24.3125,23.5,24.5,23.2813,4998600,23.4688
9/29/1998,23.6563,24.5,24.75,23.3438,3707200,24.3125
9/30/1998,22.25,23.5,23.5,21.8125,3615400,23.6563
10/1/1998,21.9688,22.875,22.875,21.5313,3498200,22.25
10/2/1998,22.5,22.3438,22.7813,22.0625,3459400,21.9688
10/5/1998,21.8438,22.5,22.5,21,2650600,22.5
10/6/1998,21.4063,22.2188,22.2813,21.2813,2728200,21.8438
10/7/1998,21.875,21.5,22.4375,21.3125,3550400,21.4063
10/8/1998,22.5,21.625,22.75,20.9688,4789600,21.875
10/9/1998,23.375,23.125,23.9688,22.5,3726400,22.5
10/12/1998,23.875,24.25,24.4688,23.6563,2707600,23.375
10/13/1998,23.625,23.9688,24.0938,23.1875,2659000,23.875
10/14/1998,23,23.3125,23.3438,22.3438,4817800,23.625
10/15/1998,24,22.9688,24.0625,22.1875,5769600,23
10/16/1998,23.5,23.875,23.9063,23,6261200,24
10/19/1998,23.8438,23.125,24.4375,22.9375,4327800,23.5
10/20/1998,24.25,23.875,24.4688,23.5938,4696400,23.8438
10/21/1998,23.9375,24.3125,24.3125,23.0625,3779600,24.25
10/22/1998,23.625,23.875,23.875,22.8125,3093400,23.9375
10/23/1998,23.5313,23.625,23.875,23.25,2427200,23.625
10/26/1998,22.9375,23.7188,23.7188,22.8438,2289600,23.5313
10/27/1998,22.625,23,23.3125,22.5,3144600,22.9375
10/28/1998,21.8125,22.6563,22.6563,21.8125,2689600,22.625
10/29/1998,22.0313,21.3438,22.0938,21.3438,3968000,21.8125
10/30/1998,22.4688,22.75,23.0938,22.3125,3154200,22.0313
11/2/1998,23.5,23.25,23.6875,23,3439000,22.4688
11/3/1998,23.8438,23.625,24,23.5,3374200,23.5
11/4/1998,24.9375,24.375,25,24,4740000,23.8438
11/5/1998,24.9063,24.875,25.0625,24.0938,3684200,24.9375
11/6/1998,24.625,24.5,24.625,24.0313,2767200,24.9063
11/9/1998,24.2188,24.8125,24.8125,23.9375,2368600,24.625
11/10/1998,24.0313,24.375,24.5313,23.5,3285200,24.2188
11/11/1998,22.7188,24.0313,24.0313,22.5313,4750800,24.0313
11/12/1998,22.875,22.8125,23.1563,22.7188,3833000,22.7188
11/13/1998,23.75,23.1875,23.75,23.125,3638400,22.875
11/16/1998,24.4063,24.2188,24.4688,23.625,4023800,23.75
11/17/1998,24.5938,24.4688,24.75,24.1875,3274000,24.4063
11/18/1998,24,24.25,24.2813,23.8125,3258400,24.5938
11/19/1998,23.9063,24.2188,24.4063,23.6875,2143000,24
11/20/1998,24.4375,24.3125,24.5,23.9063,2407800,23.9063
11/23/1998,25.125,24.875,25.125,24.375,3708800,24.4375
11/24/1998,25.0313,25,25.0938,24.8125,2805800,25.125
11/25/1998,24.9688,25,25,24.5625,1939800,25.0313
11/27/1998,24.8125,25,25.0938,24.6875,612400,24.9688
11/30/1998,24.7188,24.8125,25,24.2813,3785400,24.8125
12/1/1998,25.9688,24.625,26.0938,24.625,6286000,24.7188
12/2/1998,25.3438,25.9375,25.9375,25.0938,3948200,25.9688
12/3/1998,24.9688,25.3438,25.3438,24.875,2516000,25.3438
12/4/1998,24.375,25.25,25.2813,24.0938,3373400,24.9688
12/7/1998,24.5938,24.7188,24.75,24.1875,2527200,24.375
12/8/1998,24.3438,24.5938,24.5938,23.9688,2552000,24.5938
12/9/1998,24,24.3438,24.5313,23.7813,2194400,24.3438
12/10/1998,23.5313,24.0938,24.0938,23.25,3024400,24
12/11/1998,23.3125,23.5,23.5,22.8438,2519200,23.5313
12/14/1998,23.125,23.3125,23.625,23,2094400,23.3125
12/15/1998,22.2188,22.4375,22.4688,21.9063,4338200,23.125
12/16/1998,20.6875,22.3125,22.3125,20.6875,7024600,22.2188
12/17/1998,20.5625,21.0625,21.2813,20.5625,5984200,20.6875
12/18/1998,20.9375,20.8125,20.9688,20.5625,5580400,20.5625
12/21/1998,21.125,21.5,21.5,21,3969800,20.9375
12/22/1998,21.1563,21.1563,21.25,20.8438,2795600,21.125
12/23/1998,21.2813,21.1563,21.3125,20.9688,3225000,21.1563
12/24/1998,21.4688,21.4063,21.5938,21.3125,1888200,21.2813
12/28/1998,22.4688,22.125,22.5313,21.9063,3818600,21.4688
12/29/1998,22.8125,22.4063,22.9063,22,2905200,22.4688
12/30/1998,22.8438,22.75,23.0313,22.5,2423600,22.8125
12/31/1998,23,23.1563,23.9375,23,4147400,22.8438
1/4/1999,23.6875,23.9688,24,23.2813,6512000,23
1/5/1999,23.625,23.8125,23.9688,23.0313,5082800,23.6875
1/6/1999,24.25,24.125,24.3438,23.7813,5295200,23.625
1/7/1999,24.4688,24.125,24.6875,24,4114600,24.25
1/8/1999,25.5,24.75,25.625,24.75,5327000,24.4688
1/11/1999,26.5,25.5,26.5,25.4688,6111800,25.5
1/12/1999,25.3125,26.25,26.25,24.9375,7582200,26.5
1/13/1999,24.0313,24.8125,25,24,5463800,25.3125
1/14/1999,23.375,24.0938,24.2188,23,4447000,24.0313
1/15/1999,23.7813,23.75,23.8438,23.4375,2539000,23.375
1/19/1999,22.9688,24.125,24.1563,22.8125,3326800,23.7813
1/20/1999,22.5938,22.9688,23.2813,22.5938,3435800,22.9688
1/21/1999,22.4375,22.625,22.7188,22.0938,2991400,22.5938
1/22/1999,21.9688,22.3125,22.3125,21.6875,3782000,22.4375
1/25/1999,22.2813,22.3125,22.4375,21.9688,2426000,21.9688
1/26/1999,22.5625,22.4063,22.5938,22.2188,3042400,22.2813
1/27/1999,22.3438,22.7813,22.8438,22.1563,2277200,22.5625
1/28/1999,22.25,22,22.375,21.9375,2088800,22.3438
1/29/1999,21.6563,22.3125,22.3438,21.5313,2997000,22.25
2/1/1999,21.8438,22.25,22.25,21.7188,3201000,21.6563
2/2/1999,21.6563,21.8438,22,21.5938,2431800,21.8438
2/3/1999,21.5625,21.75,21.7813,21,4714600,21.6563
2/4/1999,22.0625,21.625,22.5,21.375,3681600,21.5625
2/5/1999,23.125,22.3125,23.375,22.25,4897200,22.0625
2/8/1999,23.625,23.3125,23.6563,22.875,3299600,23.125
2/9/1999,23.25,23.9063,24.25,23.0938,3465000,23.625
2/10/1999,22.9688,23.4375,23.4375,22.75,3245600,23.25
2/11/1999,22.7813,22.875,22.9375,22.5,2385200,22.9688
2/12/1999,22.4063,22.7813,23.2188,22.3438,2109200,22.7813
2/16/1999,22.625,22.6563,22.9063,22.25,2712800,22.4063
2/17/1999,22.875,22.2813,22.9688,22.2188,3110400,22.625
2/18/1999,22.4063,23.1875,23.1875,22.1875,2642600,22.875
2/19/1999,22.5313,22.4688,22.9063,22.4063,1995600,22.4063
2/22/1999,23.25,22.6875,23.25,22.375,2216200,22.5313
2/23/1999,23.4688,23.25,23.5313,23.0625,2200200,23.25
2/24/1999,23,23.2813,23.4063,22.8125,2695200,23.4688
2/25/1999,22.8438,22.75,22.9375,22.5313,1956000,23
2/26/1999,22.7813,23.0625,23.3125,22.6875,1770200,22.8438
3/1/1999,24.5938,23.3125,24.5938,23.25,4672800,22.7813
3/2/1999,23.7188,24.5,24.6875,23.4063,3723400,24.5938
3/3/1999,23.625,23.7188,23.8438,23.25,1901200,23.7188
3/4/1999,23.9688,23.8438,24,23.5,2365000,23.625
3/5/1999,24.9375,24.4688,25,24.1563,3885800,23.9688
3/8/1999,24.8125,24.9375,25,24.0938,3304800,24.9375
3/9/1999,24.4063,24.7188,24.7813,24.1875,2838400,24.8125
3/10/1999,24.5,24.9063,24.9063,24.2188,1653400,24.4063
3/11/1999,25.4375,25,25.4375,24.875,3693000,24.5
3/12/1999,22.3438,23.75,23.75,22.3125,8484200,25.4375
3/15/1999,22.7188,22.5,22.7813,22.375,4037600,22.3438
3/16/1999,22,22.25,22.4375,21.9375,4344400,22.7188
3/17/1999,23.625,23,23.625,23,6098600,22
3/18/1999,23.4063,23.5,23.5,22.9688,4334800,23.625
3/19/1999,23.4063,23.875,23.875,23.3125,3062800,23.4063
3/22/1999,23.4688,23.5938,23.6875,23.2813,1260600,23.4063
3/23/1999,22.5625,23.4375,23.4688,22.5,2888800,23.4688
3/24/1999,22.9688,22.9688,23.375,22.5313,2822400,22.5625
3/25/1999,23.7188,23.5,23.9063,23.5,3109200,22.9688
3/26/1999,23.4063,23.7188,23.7188,23.25,1706000,23.7188
3/29/1999,23.625,23.625,24.0313,23.5938,2390400,23.4063
3/30/1999,23.4688,23.5938,23.6875,23.0938,1858600,23.625
3/31/1999,22.9688,23.5,23.7188,22.9063,2315400,23.4688
4/1/1999,23.4688,23.5938,23.6875,23.1563,2597600,22.9688
4/5/1999,24.5313,23.8125,24.6875,23.7188,2814600,23.4688
4/6/1999,24.1875,24.4375,24.8125,24.1563,1858600,24.5313
4/7/1999,24.25,24.4375,24.4688,23.9063,2352800,24.1875
4/8/1999,24.3125,24.375,24.5,24.0313,1529800,24.25
4/9/1999,24.375,24.2813,24.7813,24.1563,1776600,24.3125
4/12/1999,25.6875,24.875,25.875,24.6563,4569400,24.375
4/13/1999,27.375,25.8438,27.5,25.625,7425600,25.6875
4/14/1999,30.3438,27.75,30.4063,27.1563,12250600,27.375
4/15/1999,30.9063,30.375,32.2188,30,14420800,30.3438
4/16/1999,31.9063,30.9375,32,29.9688,11939200,30.9063
4/19/1999,30.875,31.4688,32.7813,30.875,10126200,31.9063
4/20/1999,30.3438,30.8125,31.0938,30.125,6813200,30.875
4/21/1999,30.8438,30.25,30.9375,29.8438,3861600,30.3438
4/22/1999,29.9063,30.7188,30.7188,29.6563,3053800,30.8438
4/23/1999,30.2813,29.25,30.4688,28.9688,3108200,29.9063
4/26/1999,31,30.4688,31.4063,30.25,2673800,30.2813
4/27/1999,31.7813,31.875,32.4063,31.5625,4822200,31
4/28/1999,32.2813,31.7188,33.125,31.6563,4397600,31.7813
4/29/1999,32.75,32.375,33.1875,32.3125,3582000,32.2813
4/30/1999,32.1875,32.6875,32.7188,31.125,8049800,32.75
5/3/1999,32.5938,32.0625,32.7188,31.7188,3631000,32.1875
5/4/1999,32.7188,32.7188,33.2188,32.5625,3782600,32.5938
5/5/1999,32.5625,32.5,32.625,32.0625,2484200,32.7188
5/6/1999,32.6875,32.5625,33.0625,32.3438,2507800,32.5625
5/7/1999,31.5938,32.5625,32.8125,31.2188,3418800,32.6875
5/10/1999,30.875,31.25,31.25,30.625,2857200,31.5938
5/11/1999,31.5938,30.5625,31.875,30.1875,2898400,30.875
5/12/1999,30.375,31.625,31.625,30.3438,1903200,31.5938
5/13/1999,30.3125,29.625,30.4688,29.5938,3266200,30.375
5/14/1999,30.5,30.0625,31.25,29.8125,2568600,30.3125
5/17/1999,30.5625,30.7188,31.125,30.4063,2233600,30.5
5/18/1999,29.3438,30.4688,30.5938,28.75,2767800,30.5625
5/19/1999,29,29.375,30.0938,28.875,2335000,29.3438
5/20/1999,29.4688,29,29.6875,29,1571600,29
5/21/1999,29.8125,29.5,30,29.4063,1992000,29.4688
5/24/1999,29.5938,30.0313,30.3438,29.4063,1917800,29.8125
5/25/1999,29.3438,29.625,30.125,29.25,1661800,29.5938
5/26/1999,28.9063,29.2188,29.4688,28.625,2123200,29.3438
5/27/1999,27.6875,28.5,28.75,27.25,4050000,28.9063
5/28/1999,27.4375,27.6563,27.8438,27.25,2749600,27.6875
6/1/1999,29.375,27.6875,29.75,27.2813,3903400,27.4375
6/2/1999,29.1875,29.375,29.875,28.8125,2314200,29.375
6/3/1999,30.2188,29.1875,30.5313,29.1875,3796800,29.1875
6/4/1999,31.4063,31,31.4375,30.6875,2871200,30.2188
6/7/1999,31.625,31.25,31.9063,31.0313,3347400,31.4063
6/8/1999,31.0625,31.5,31.75,30.5938,2491000,31.625
6/9/1999,30.75,31.1563,31.4688,30.5,1721800,31.0625
6/10/1999,30.9375,30.5,31,30.25,2574800,30.75
6/11/1999,29.7188,30.9688,30.9688,29.5313,3054600,30.9375
6/14/1999,29.9688,30.0625,30.3125,29.6875,2182600,29.7188
6/15/1999,29.2188,30,30,29.2188,2495800,29.9688
6/16/1999,29.4688,29.3438,29.9375,29.0625,2279200,29.2188
6/17/1999,29.4375,29.4375,29.5938,29.3438,1829400,29.4688
6/18/1999,30.75,30,30.875,29.9688,3309000,29.4375
6/21/1999,30.4375,30.7188,31.0313,30.0625,1846800,30.75
6/22/1999,30.0938,30.3438,30.3438,29.8438,1582600,30.4375
6/23/1999,29.8125,30.0938,30.0938,29.5,1250000,30.0938
6/24/1999,29.5,30.375,30.375,29.0625,1775600,29.8125
6/25/1999,29.3125,29.625,29.9063,29.25,1706200,29.5
6/28/1999,30.375,29.5,30.5313,29.5,2424200,29.3125
6/29/1999,30.5625,30.625,30.7188,30.25,2104800,30.375
6/30/1999,30,30.25,31.125,30,3948400,30.5625
7/1/1999,30.5938,30.375,30.8438,30.3125,2433600,30
7/2/1999,30.9688,31,31.4375,30.7188,2364400,30.5938
7/6/1999,29.6563,30.625,30.7188,29.6563,1982800,30.9688
7/7/1999,31.0625,30.1875,31.1563,30.0938,4011200,29.6563
7/8/1999,30.5938,30.875,30.875,30.2813,2047800,31.0625
7/9/1999,30.5938,30.7188,30.7813,30.0625,2040200,30.5938
7/12/1999,30.5,30.8438,30.8438,30.3125,2204000,30.5938
7/13/1999,29.9375,30.25,30.25,29.9063,2526600,30.5
7/14/1999,29.9063,30,30.125,29.75,2648400,29.9375
7/15/1999,29.75,30,30.0625,29.25,3807200,29.9063
7/16/1999,29.4688,29.5,29.8438,28.75,6479400,29.75
7/19/1999,30.125,29.625,30.1563,29.625,3005800,29.4688
7/20/1999,30.0938,30.0625,30.4375,29.9688,3843400,30.125
7/21/1999,30.3125,30.125,30.4063,29.9688,1976200,30.0938
7/22/1999,30.25,30.375,30.4063,30.0625,2642600,30.3125
7/23/1999,30.5,30.4063,30.625,30.1875,1325600,30.25
7/26/1999,30,30.625,31.2813,29.875,2418600,30.5
7/27/1999,30.0625,30.1563,30.375,29.9688,1699800,30
7/28/1999,30.625,30.0313,31,29.8438,2041800,30.0625
7/29/1999,29.4375,30.5313,30.5313,29.4375,2136000,30.625
7/30/1999,29.3125,29.8125,30,29.3125,3094200,29.4375
8/2/1999,29.2813,29.3438,29.4688,29.1875,2118000,29.3125
8/3/1999,28.9375,29.4063,29.4688,28.7188,2275600,29.2813
8/4/1999,28.5938,29,29.25,28.5313,2170800,28.9375
8/5/1999,28.0625,28.5938,28.5938,27.9063,3563600,28.5938
8/6/1999,28.875,28,28.9688,27.9063,4272600,28.0625
8/9/1999,28.875,28.875,29.2188,28.4375,1613000,28.875
8/10/1999,29.4375,29,29.6563,28.625,3199600,28.875
8/11/1999,29.625,29.75,29.75,29.0625,1709000,29.4375
8/12/1999,30.5,30.7188,31.4063,30.5,4357000,29.625
8/13/1999,31.125,30.9688,31.2188,30.9375,3754600,30.5
8/16/1999,31.1563,31.3125,31.3125,30.6563,3565000,31.125
8/17/1999,31,31.4688,31.5,30.8438,2361600,31.1563
8/18/1999,30.5,30.9375,30.9375,30.4063,1475800,31
8/19/1999,30.1563,30.3125,30.6875,29.9688,1784000,30.5
8/20/1999,30.1563,30.0625,30.3438,29.9375,1833600,30.1563
8/23/1999,31.4688,30.625,31.5313,30.4375,2567200,30.1563
8/24/1999,31.5,31.5,31.9375,31.25,2166800,31.4688
8/25/1999,31.375,31.7188,31.9688,31.3125,2439400,31.5
8/26/1999,31.5625,31.4688,31.8438,31.4063,2032200,31.375
8/27/1999,30.8125,31.5938,31.625,30.5938,1280400,31.5625
8/30/1999,29.75,30.6875,30.7813,29.625,1512800,30.8125
8/31/1999,28.3125,29.75,29.75,28.3125,4402600,29.75
9/1/1999,29,28.625,29.3438,28.5938,2989200,28.3125
9/2/1999,29.4375,28.875,29.5938,28.6875,2183000,29
9/3/1999,29.5938,29.9063,29.9688,29.375,2794400,29.4375
9/7/1999,29.1875,29.4688,29.5,28.9063,2475800,29.5938
9/8/1999,29.3125,28.8438,29.4688,28.8438,1204400,29.1875
9/9/1999,29.375,29.5625,29.5625,28.875,1693000,29.3125
9/10/1999,28.375,29.375,29.5625,28.25,2812200,29.375
9/13/1999,29.7188,28.4688,29.8125,28.375,3463000,28.375
9/14/1999,29.2188,29.8125,30.3438,29.0938,3178000,29.7188
9/15/1999,29.3438,29.7188,30.0313,29.125,2167000,29.2188
9/16/1999,28.2813,29.2813,29.3125,28.125,2825400,29.3438
9/17/1999,29.1563,28.7813,29.5313,28.4688,2884400,28.2813
9/20/1999,28.5313,28.875,28.9063,28.125,2321600,29.1563
9/21/1999,27.9375,28.5,28.5313,27.75,2339800,28.5313
9/22/1999,28.0938,27.9688,28.125,26.9063,3954000,27.9375
9/23/1999,27.1563,28.0938,28.1875,27.0313,2407800,28.0938
9/24/1999,27.0625,27.125,27.4063,26.875,2399800,27.1563
9/27/1999,26.75,27.25,27.3125,26.6875,2341600,27.0625
9/28/1999,26.5313,26.75,26.8438,26.2813,3967000,26.75
9/29/1999,27.3125,26.5625,27.6875,26.5313,2540600,26.5313
9/30/1999,27.4063,27.3438,28.125,27.1875,2744000,27.3125
10/1/1999,26.8438,27.4063,27.8125,26.75,1631200,27.4063
10/4/1999,27.5313,27.75,27.8438,27.5,2565000,26.8438
10/5/1999,27.2813,27.125,27.7813,26.8125,2627600,27.5313
10/6/1999,28.2813,27.5625,28.4688,27.375,2574000,27.2813
10/7/1999,27.9375,28.2813,28.4375,27.9063,1798400,28.2813
10/8/1999,28.3125,28.25,28.75,27.9375,2582000,27.9375
10/11/1999,29.2188,28.625,29.4375,28.5938,3451400,28.3125
10/12/1999,27.75,29.2188,29.375,27.5,4078000,29.2188
10/13/1999,28.2813,28.0625,28.6875,28.0625,3816200,27.75
10/14/1999,27.8125,28.3125,28.8125,27.1875,2682200,28.2813
10/15/1999,28.0313,27.3125,28.375,26.6563,4543600,27.8125
10/18/1999,27.6875,28.4375,28.4375,27.3438,2590000,28.0313
10/19/1999,27.5,28,28.0313,27.1875,1770800,27.6875
10/20/1999,27,27.5313,27.75,26.9688,2325200,27.5
10/21/1999,26.0625,26.3125,26.5625,25.7813,3616200,27
10/22/1999,27.5938,27.25,28.0313,26.625,3640600,26.0625
10/25/1999,26.9688,27.4688,27.4688,26.7188,1946400,27.5938
10/26/1999,27.7188,27.4688,27.8125,27.2188,2198600,26.9688
10/27/1999,27.6875,27.5625,28.1875,27.4688,2693600,27.7188
10/28/1999,27.375,27.8125,27.875,26.9688,3526400,27.6875
10/29/1999,27.6563,27.75,29,27.625,4535400,27.375
11/1/1999,27.3125,27.6563,27.9688,27.1875,3437800,27.6563
11/2/1999,28.0313,27.6875,28.5313,27.5938,3117400,27.3125
11/3/1999,28.3125,28.375,28.75,28.0938,3611400,28.0313
11/4/1999,27.2813,28.375,28.4063,27.2188,2102200,28.3125
11/5/1999,27.375,27.5,28,27.125,2817000,27.2813
11/8/1999,27.0313,27.0938,27.4063,26.7188,1732400,27.375
11/9/1999,26.9375,27.0313,27.0625,26.6875,2100200,27.0313
11/10/1999,26.875,26.9375,27.1875,26.7188,1440200,26.9375
11/11/1999,27.5,26.875,27.5,26.625,2285000,26.875
11/12/1999,27.5,27.0625,27.7188,26.5938,3205400,27.5
11/15/1999,27.7813,27.7188,28.125,27.125,2695400,27.5
11/16/1999,28.4063,27.8125,28.8438,27.8125,3322800,27.7813
11/17/1999,27.6875,28.3438,28.5313,27.6875,2088800,28.4063
11/18/1999,27.9688,27.6875,28.3125,27.6563,1994800,27.6875
11/19/1999,24.5938,25.75,26.25,24.5,14948400,27.9688
11/22/1999,25.125,24.25,25.4688,23.9375,8217000,24.5938
11/23/1999,25.0938,25.125,25.125,24.4688,3614600,25.125
11/24/1999,24.2813,24.5,24.6563,24.0625,4154600,25.0938
11/26/1999,24.0625,24.0938,24.1563,23.8125,1775200,24.2813
11/29/1999,23.0938,23.75,23.875,23.0938,3956000,24.0625
11/30/1999,23.1875,22.8125,24.0938,22.8125,4851400,23.0938
12/1/1999,23.4688,23.0938,23.75,23.0938,2687200,23.1875
12/2/1999,23.75,23.9375,24.3125,23.75,3840800,23.4688
12/3/1999,24.1348,24,24.5938,23.7188,4650400,23.75
12/6/1999,23.8125,24.125,24.3125,23.7188,2518800,24.1348
12/7/1999,22.8438,23.9375,23.9375,22.6563,4043600,23.8125
12/8/1999,22.5625,22.5938,22.8438,22.3438,6212600,22.8438
12/9/1999,22.9063,22.8125,23.25,22.7188,3743800,22.5625
12/10/1999,23.3438,23,23.5313,23,4632000,22.9063
12/13/1999,23.1582,23.2813,23.4688,22.875,3114800,23.3438
12/14/1999,23.0625,22.75,23.8438,22.75,4420600,23.1582
12/15/1999,23.2578,23,23.625,22.9063,3467000,23.0625
12/16/1999,23.5625,23,23.75,23,2941800,23.2578
12/17/1999,22.4688,23.6875,23.7188,22.4688,5323000,23.5625
12/20/1999,22.5625,22.5,22.875,22.4688,2833400,22.4688
12/21/1999,22.1875,22.2188,22.5,21.5625,3504600,22.5625
12/22/1999,21.6875,22.0313,22.4063,21.6875,2524200,22.1875
12/23/1999,22.4063,22.0938,22.7188,22.0313,2219200,21.6875
12/27/1999,23.2188,22.75,23.4688,22.625,3487600,22.4063
12/28/1999,23.7813,23.3438,24.0313,23.1875,3093600,23.2188
12/29/1999,23.25,23.8438,24.0313,23.125,3186400,23.7813
12/30/1999,23,23.375,23.7813,22.9375,2714800,23.25
12/31/1999,23.5313,22.875,23.7188,22.8438,1525600,23
1/3/2000,24.3125,24.4375,24.5,23.8438,5055000,23.5313
1/4/2000,24,24.0625,24.875,24,6181400,24.3125
1/5/2000,24.5625,24.0313,25.0938,24,6398600,24
1/6/2000,25.8125,25.5,26.125,25.2813,5140600,24.5625
1/7/2000,26.6563,26.4375,27.5625,26.375,6360200,25.8125
1/10/2000,25.7813,27.0313,27.2813,25.75,3682200,26.6563
1/11/2000,25.375,25.8125,26.5938,25.375,3945600,25.7813
1/12/2000,25.8125,25.75,26.1563,25.5625,3401000,25.375
1/13/2000,26.0938,26.5938,26.6875,26.0313,3129400,25.8125
1/14/2000,25.9688,26.0313,26.4375,25.9375,3044400,26.0938
1/18/2000,24.9688,25.7813,25.875,24.9375,4054200,25.9688
1/19/2000,24.6563,24.9688,25.3438,24.6563,3424600,24.9688
1/20/2000,23.5625,24.7813,24.9688,23.5313,4286800,24.6563
1/21/2000,23.6875,23.5938,23.9688,22.8125,5000000,23.5625
1/24/2000,22.6563,23.5,23.625,22.5313,5385600,23.6875
1/25/2000,21.8125,22.4063,22.5,21.2813,6084200,22.6563
1/26/2000,22.4688,21.6875,22.8438,21.6875,4188200,21.8125
1/27/2000,22.2813,22.4688,22.7813,22,3340800,22.4688
1/28/2000,21.75,22.0625,22.5938,21.75,4851600,22.2813
1/31/2000,21.2188,21.5625,21.9688,21.2188,3712200,21.75
2/1/2000,21.5938,21.375,22.0313,21.375,2930200,21.2188
2/2/2000,21.7188,22.25,22.375,21.4375,2933600,21.5938
2/3/2000,21.1563,21.5938,21.625,21.0625,4343400,21.7188
2/4/2000,21.1563,21.25,21.4063,20.625,4122000,21.1563
2/7/2000,20.625,20.8125,20.9063,20.375,4089800,21.1563
2/8/2000,20.5,20.75,20.75,20,5848400,20.625
2/9/2000,19.5625,20,20.5938,19.5625,5934800,20.5
2/10/2000,19.0313,19.5313,19.7813,18.8125,5807400,19.5625
2/11/2000,18,18.625,18.9375,17.4375,11944800,19.0313
2/14/2000,19.3125,18.5,19.4688,18.125,6787800,18
2/15/2000,20,19.4375,20.375,19.3125,6048200,19.3125
2/16/2000,19.5938,19.875,20.3125,19.4063,3881400,20
2/17/2000,19.3438,19.5625,19.5625,18.8438,3824200,19.5938
2/18/2000,18.8438,19.125,19.1875,18.6875,3017800,19.3438
2/22/2000,19.1563,18.9688,19.4375,18.75,4028800,18.8438
2/23/2000,18.9063,19.1875,19.3438,18.5938,4894400,19.1563
2/24/2000,18.125,18.9063,18.9375,18.125,4488200,18.9063
2/25/2000,18,18.1563,18.75,17.9375,4139800,18.125
2/28/2000,17.7813,18,18.3125,17.6875,3319200,18
2/29/2000,17.5313,17.5313,18.2188,17.5,4805800,17.7813
3/1/2000,17.4375,17.5625,17.9063,17.4375,4841600,17.5313
3/2/2000,17.2188,17.4063,17.5,17.0938,3956000,17.4375
3/3/2000,18.1875,17.25,18.6563,17.25,4805800,17.2188
3/6/2000,18.3438,18.5938,19,18.2188,5260400,18.1875
3/7/2000,16.9063,18.25,18.25,16.75,8780800,18.3438
3/8/2000,17.4688,17.6563,18.2188,17.3125,5772000,16.9063
3/9/2000,17.625,17.4688,17.6875,17.125,4904400,17.4688
3/10/2000,17.8438,17.5,18.375,17.4063,5335400,17.625
3/13/2000,17.8125,17.5,18.0625,17.5,3314800,17.8438
3/14/2000,17.9063,18.375,18.5938,17.875,6545400,17.8125
3/15/2000,19.125,18.125,19.5313,17.8125,6827400,17.9063
3/16/2000,20.3438,19.7188,20.8125,19.4688,7723400,19.125
3/17/2000,19.8125,20.0625,20.1563,19.5313,4798800,20.3438
3/20/2000,19.25,19.7188,20.2813,19.2188,4407600,19.8125
3/21/2000,19.9063,19.2813,20.0313,19.2188,3065800,19.25
3/22/2000,19.4688,19.6875,19.8125,19.375,2487200,19.9063
3/23/2000,19.7813,19.75,20.0938,19.625,3596000,19.4688
3/24/2000,19.75,19.6563,20,19.625,2277600,19.7813
3/27/2000,19.5313,19.5,20.3125,19.5,2241200,19.75
3/28/2000,19.1563,19.2188,19.5625,19.1563,2619200,19.5313
3/29/2000,19.5,19.125,19.7813,18.8438,3778000,19.1563
3/30/2000,20.375,19.625,20.6563,19.4375,4877800,19.5
3/31/2000,19.7188,20.3125,20.5625,19.6563,4850400,20.375
4/3/2000,20.9375,19.9688,21.125,19.7188,4664200,19.7188
4/4/2000,21.7188,21.0313,22.0625,20.4375,7260400,20.9375
4/5/2000,21.2188,21.6563,21.9375,21.125,3615200,21.7188
4/6/2000,21.1563,21.25,21.8125,21.125,2104800,21.2188
4/7/2000,20.6875,20.9375,21.2188,20.625,2937400,21.1563
4/10/2000,20.7188,20.625,21.0625,20.5625,1890600,20.6875
4/11/2000,21.0313,21,21.625,20.8125,3531600,20.7188
4/12/2000,21.7188,21.4375,22.375,21.375,4224600,21.0313
4/13/2000,21,21.9688,22.4375,20.9063,4334200,21.7188
4/14/2000,20.25,20.7813,21,20.0938,4287000,21
4/17/2000,20.4688,20.3125,21.2188,20.125,3754200,20.25
4/18/2000,20.125,21.4375,21.75,19.6875,9957200,20.4688
4/19/2000,18.8125,19.0938,19.4688,18.5,8557000,20.125
4/20/2000,19,18.7813,19.1563,18.75,4924600,18.8125
4/24/2000,19.5,19.125,19.5625,19.0938,3312200,19
4/25/2000,20.0625,19.5,20.25,19.5,4381400,19.5
4/26/2000,19.875,20.0625,20.3438,19.75,4544400,20.0625
4/27/2000,20.0625,19.5,20.2188,19.4688,2903600,19.875
4/28/2000,19.7188,20.5,20.5,19.625,3741600,20.0625
5/1/2000,19.4063,19.7188,19.8438,19.4063,2637800,19.7188
5/2/2000,19.8125,19.5,19.9688,19.0313,2840800,19.4063
5/3/2000,19.4375,19.5625,19.6875,19.25,2442600,19.8125
5/4/2000,18.9688,19.4688,19.4688,18.9375,2377000,19.4375
5/5/2000,19.5313,18.9688,19.6875,18.9375,2544600,18.9688
5/8/2000,19.4688,19.6875,19.875,19.2813,2078600,19.5313
5/9/2000,19,20,20,18.9688,3078800,19.4688
5/10/2000,19.1875,19.0625,19.2188,18.7813,2391400,19
5/11/2000,19.4063,19.3125,19.7813,18.8438,2617600,19.1875
5/12/2000,19.6875,19.3438,19.9375,19.3125,1927800,19.4063
5/15/2000,20.2813,19.8438,20.375,19.7813,3531000,19.6875
5/16/2000,20.125,20.5313,20.875,20.0938,4066000,20.2813
5/17/2000,20,20.25,20.3438,19.9375,1526600,20.125
5/18/2000,19.4063,19.9688,20,19.25,3559200,20
5/19/2000,20.0313,19.4375,20.2188,19.25,3942200,19.4063
5/22/2000,20.0938,20.0625,20.3438,19.8125,2442400,20.0313
5/23/2000,19.75,20.2188,20.3438,19.5,2005600,20.0938
5/24/2000,19.8438,19.375,20.25,19.375,2075000,19.75
5/25/2000,19.0313,19.7188,19.9375,18.9063,2763800,19.8438
5/26/2000,19.0625,19.25,19.4063,18.9375,1908200,19.0313
5/30/2000,19.1563,19.2188,19.4063,19.0625,1614200,19.0625
5/31/2000,19.125,18.9375,19.2188,18.9375,2925400,19.1563
6/1/2000,19.875,19.4375,20,19.4063,2835400,19.125
6/2/2000,20.5313,20.6875,21.25,20.125,4491400,19.875
6/5/2000,20,20.125,20.4375,19.2813,3871600,20.5313
6/6/2000,19.5313,19.75,19.7813,19.0938,3697400,20
6/7/2000,19.4063,19.375,19.4063,19.0625,3017600,19.5313
6/8/2000,19.0625,19.2188,19.2188,18.8438,2418800,19.4063
6/9/2000,19.125,19.1563,19.2813,18.875,1819600,19.0625
6/12/2000,19.3125,18.875,19.5313,18.8438,2635600,19.125
6/13/2000,18.625,19.2813,19.2813,18.5,3154800,19.3125
6/14/2000,18.8125,18.625,19.125,18.5625,3292600,18.625
6/15/2000,18.5,18.6875,19,18.4063,2703400,18.8125
6/16/2000,17.9688,18.4688,18.5625,17.9375,5510400,18.5
6/19/2000,17.5625,18.1563,18.25,17.5625,3703200,17.9688
6/20/2000,17.5313,17.5625,17.8438,17.5,3212400,17.5625
6/21/2000,17.5625,17.5313,17.75,17.4688,2569000,17.5313
6/22/2000,17.2188,17.5313,17.6875,17.1563,3490200,17.5625
6/23/2000,17.3125,17.3125,17.5625,17.2188,1787400,17.2188
6/26/2000,17.4063,17.375,17.8438,17.3438,1959000,17.3125
6/27/2000,17.8438,17.3438,18.25,17.3438,2754800,17.4063
6/28/2000,18.0781,18.25,18.375,18,2527200,17.8438
6/29/2000,17.5,17.75,17.75,17.375,2415400,18.0781
6/30/2000,16.9375,17.375,17.6563,16.9063,4672000,17.5
7/3/2000,18,17.125,18.0313,17.0938,1702400,16.9375
7/5/2000,17.5938,17.4375,17.7188,17.1563,3324600,18
7/6/2000,17.4063,17.8125,17.8125,17.4063,2433400,17.5938
7/7/2000,16.9688,17.4375,17.4688,16.9688,3514400,17.4063
7/10/2000,17.125,17.0938,17.6875,17.0938,3084000,16.9688
7/11/2000,18.0625,17.25,18.3438,17.25,5056800,17.125
7/12/2000,18.2813,18.4688,18.5,17.875,3236600,18.0625
7/13/2000,17.9688,18.25,18.3125,17.9375,3438000,18.2813
7/14/2000,17.875,17.9375,18.0313,17.5625,2999200,17.9688
7/17/2000,17.8594,17.75,18.0938,17.5,2677200,17.875
7/18/2000,18.875,18.5625,19.125,18.4375,8446200,17.8594
7/19/2000,18.9688,19.2813,19.2813,18.8438,6346200,18.875
7/20/2000,18.5313,19.0938,19.2188,18.25,5041600,18.9688
7/21/2000,18.25,18.5,18.5938,18.1875,3777600,18.5313
7/24/2000,18.125,18.1875,18.25,18.0625,1660200,18.25
7/25/2000,17.9375,18.125,18.3125,17.9375,2363000,18.125
7/26/2000,17.375,17.7813,17.875,17.375,3413200,17.9375
7/27/2000,17.4375,17.4688,17.6875,17.3125,2642200,17.375
7/28/2000,17.5313,17.1875,17.5313,16.9688,3336600,17.4375
7/31/2000,17.0313,17.2813,17.5938,17.0313,3131800,17.5313
8/1/2000,17.1563,17.1563,17.2188,17.0625,4007600,17.0313
8/2/2000,17.5,17.25,17.5938,17.1875,3722000,17.1563
8/3/2000,17.5313,17.125,17.875,17.125,3375200,17.5
8/4/2000,17.4219,17.5,17.5313,17.1875,2018200,17.5313
8/7/2000,18.3438,17.5,18.4688,17.2813,4035600,17.4219
8/8/2000,19.1875,18.4688,19.4063,18.4063,7056400,18.3438
8/9/2000,18.8125,19.1563,19.1875,18.7813,2906800,19.1875
8/10/2000,18.75,19.0625,19.0625,18.6875,1964000,18.8125
8/11/2000,19.3125,18.625,19.5,18.625,2813800,18.75
8/14/2000,19.5313,19.4688,19.5313,19.1563,4096600,19.3125
8/15/2000,19.3281,19.6563,19.75,19.125,2535400,19.5313
8/16/2000,19.3125,19.4063,19.6563,19.2188,2873200,19.3281
8/17/2000,19.125,19.3438,19.4063,19.0938,1760600,19.3125
8/18/2000,19.0938,19.1875,19.2813,18.8438,1970800,19.125
8/21/2000,18.8438,19.125,19.1563,18.6875,1527600,19.0938
8/22/2000,18.9063,18.9375,19,18.6875,1907600,18.8438
8/23/2000,18.5625,18.9375,18.9375,18.5313,1962400,18.9063
8/24/2000,18.8438,18.5313,18.8438,18.5,2351800,18.5625
8/25/2000,18.8125,18.7813,18.9063,18.625,1400200,18.8438
8/28/2000,18.5938,18.8438,18.875,18.3125,2669000,18.8125
8/29/2000,19.0313,19.0625,19.5625,18.875,4115000,18.5938
8/30/2000,18.7813,18.9063,19.2188,18.3438,3988200,19.0313
8/31/2000,18.3848,18.5,18.9375,18.25,4834600,18.7813
9/1/2000,18.6563,18.4063,18.75,18.125,2563800,18.3848
9/5/2000,19.0313,18.6875,19.4063,18.5313,2875600,18.6563
9/6/2000,19.3438,19.0313,19.625,19.0313,2900600,19.0313
9/7/2000,19.0313,19.5,19.5313,19.0313,4777600,19.3438
9/8/2000,18.9063,19.0313,19.125,18.75,3091600,19.0313
9/11/2000,19.1563,18.9063,19.6563,18.875,2521800,18.9063
9/12/2000,19,19.0625,19.4063,18.875,3190600,19.1563
9/13/2000,19.3438,19.2188,19.625,19.125,2132000,19
9/14/2000,19.625,19.5938,19.8125,19.4063,4188200,19.3438
9/15/2000,18.7188,18.875,19.2188,18.5938,6007800,19.625
9/18/2000,18.0313,18.625,18.6563,17.7188,5579000,18.7188
9/19/2000,17.75,17.6875,18.0938,17.3125,5201200,18.0313
9/20/2000,17.5938,17.6875,17.8438,17.4688,3515000,17.75
9/21/2000,17.4063,17.7188,17.8438,17.375,2412400,17.5938
9/22/2000,17.5625,17.375,17.8438,17.2813,2605400,17.4063
9/25/2000,17.75,17.6875,18,17.5313,2056400,17.5625
9/26/2000,17.5,17.5,17.6875,17.25,2804800,17.75
9/27/2000,16.75,17.2813,17.375,16.25,7458600,17.5
9/28/2000,17,16.3125,17.375,16.3125,4866000,16.75
9/29/2000,15.5,17.125,17.375,14.5,3578400,17
10/2/2000,17.125,15.5,17.125,15.5,6628600,15.5
10/3/2000,17.5313,17.0938,18,17.0938,4416200,17.125
10/4/2000,17.5625,17.5625,17.9688,17.4063,3534400,17.5313
10/5/2000,17.5,17.5625,17.8125,17.4375,2774200,17.5625
10/6/2000,17.25,17.5313,17.8438,17.25,2549400,17.5
10/9/2000,17.2813,17.25,17.5,17.1875,1319200,17.25
10/10/2000,16.6875,17.0625,17.2188,16.6563,2709600,17.2813
10/11/2000,16.625,16.625,17,16.2813,3741000,16.6875
10/12/2000,15.9375,16.5938,16.625,15.5938,4800400,16.625
10/13/2000,15.8438,15.5313,15.9063,15.4375,3551000,15.9375
10/16/2000,15.875,15.7813,16.0625,15.6563,3422000,15.8438
10/17/2000,15.25,15.9688,16.0313,15.1875,3269600,15.875
10/18/2000,14.9063,15.0625,15.0625,14.7813,5595800,15.25
10/19/2000,15.25,15.0938,15.4063,15.0313,3147000,14.9063
10/20/2000,15.3438,15.1875,15.5938,15.1875,2370200,15.25
10/23/2000,15.7188,15.4375,15.9375,15.3438,2725600,15.3438
10/24/2000,15.9375,15.8438,16.125,15.7813,3443800,15.7188
10/25/2000,15.6563,15.5625,16,15.5625,2413200,15.9375
10/26/2000,15.9063,15.5625,16.1563,15.5313,2656600,15.6563
10/27/2000,16.4375,16,16.4375,16,3200600,15.9063
10/30/2000,17.4688,16.375,17.875,16.25,5737800,16.4375
10/31/2000,17.5313,17.4688,17.9063,16.9375,6645200,17.4688
11/1/2000,17.375,17.5625,17.875,17.2813,3343400,17.5313
11/2/2000,17.4063,17.6563,17.75,17.375,2362200,17.375
11/3/2000,17.4063,17.4375,17.5,17.2813,2074000,17.4063
11/6/2000,18.0938,17.4063,18.3125,17.4063,3228800,17.4063
11/7/2000,18.0625,17.8125,18.125,17.7813,2537200,18.0938
11/8/2000,18.2188,18,18.4688,17.6563,2546000,18.0625
11/9/2000,18.2813,18.3125,18.5,17.8438,2848000,18.2188
11/10/2000,17.875,18.1563,18.1875,17.875,2756400,18.2813
11/13/2000,18.0938,17.5938,18.1563,17.5938,3065400,17.875
11/14/2000,18.0313,17.9688,18.1563,17.8438,2271400,18.0938
11/15/2000,18.3438,18.1563,18.4688,18.0313,2835800,18.0313
11/16/2000,18.1563,18.3438,18.3438,17.9063,1835600,18.3438
11/17/2000,18.4688,18.2813,18.75,18.2188,2597600,18.1563
11/20/2000,18.5938,18.3438,18.6563,18.25,3128400,18.4688
11/21/2000,19.125,18.625,19.25,18.5938,3665600,18.5938
11/22/2000,18.9063,19,19.0938,18.7813,2131800,19.125
11/24/2000,19.4375,18.9063,19.5,18.875,1485600,18.9063
11/27/2000,19.8438,19.5625,19.9063,19.2188,2942200,19.4375
11/28/2000,19.5,19.4688,19.625,19.2813,1821000,19.8438
11/29/2000,20.0625,19.5,20.2813,19.5,2852400,19.5
11/30/2000,19.6563,19.75,20.5313,19.625,3984400,20.0625
12/1/2000,20.3438,19.75,20.625,19.75,3003600,19.6563
12/4/2000,21.6563,20.4063,21.9688,20.375,6023200,20.3438
12/5/2000,21.6875,21.4375,22.125,20.9688,5893000,21.6563
12/6/2000,20.7813,21.2188,21.3438,20.6875,3086800,21.6875
12/7/2000,20.7813,21.25,21.25,20.6563,2262800,20.7813
12/8/2000,20.8125,20.9063,21.0625,20.5,2792200,20.7813
12/11/2000,21.1875,20.9375,21.2813,20.4688,3065200,20.8125
12/12/2000,21.1875,20.9375,21.8125,20.9375,4090800,21.1875
12/13/2000,20.8438,21.5,21.5938,20.7188,2747000,21.1875
12/14/2000,20.3438,20.0625,20.4688,20.0625,2137600,20.8438
12/15/2000,20.4063,20.4688,20.7188,20.375,4576800,20.3438
12/18/2000,21.1563,20.2813,21.3125,20.0625,3673200,20.4063
12/19/2000,21.4375,21.1875,21.6875,20.7188,5395200,21.1563
12/20/2000,21.5313,21.125,21.6563,20.625,5809600,21.4375
12/21/2000,22.375,21.2813,22.4375,21.125,5965000,21.5313
12/22/2000,23.3125,22.125,23.375,22.0938,5743600,22.375
12/26/2000,23.875,23.3125,23.875,23.2188,3715400,23.3125
12/27/2000,23.75,23.5938,23.7813,23.1875,3737200,23.875
12/28/2000,23.8125,23.5625,23.8438,23.0938,2558600,23.75
12/29/2000,23.6563,23.5313,23.9688,23.4063,3051800,23.8125
1/2/2001,23.1563,23.125,23.625,22.8125,3285000,23.6563
1/3/2001,23.25,22.375,23.3438,21.7813,7564000,23.1563
1/4/2001,24.3438,23.25,24.8125,23.25,9149400,23.25
1/5/2001,22.9375,24.25,24.25,22.6563,7057800,24.3438
1/8/2001,22.875,22.6875,23,22.5625,3752000,22.9375
1/9/2001,22.8438,22.875,22.875,22.4375,3836600,22.875
1/10/2001,22.5313,22.75,22.8125,22.0313,3655000,22.8438
1/11/2001,22.7188,22.6875,22.7188,22.0625,3371000,22.5313
1/12/2001,21.8438,22.625,22.625,21.3438,3494200,22.7188
1/16/2001,22.3438,21.875,22.3438,21.5313,4239400,21.8438
1/17/2001,22.5,22.3438,22.8125,22.1563,4460200,22.3438
1/18/2001,20.875,20.9375,21.0313,20,9166400,22.5
1/19/2001,20.3125,20.5,20.5313,19.9063,5502600,20.875
1/22/2001,20.4375,20.3125,20.7188,19.9063,4659800,20.3125
1/23/2001,20.8125,20.4375,21,20.375,5792400,20.4375
1/24/2001,21.0938,20.5625,21.4375,20.5,3670200,20.8125
1/25/2001,21.6563,21.4375,22.0313,21.2188,3517600,21.0938
1/26/2001,21.625,21.5625,21.875,21.2813,3094400,21.6563
1/29/2001,21.55,21.5,21.9,21.405,2439600,21.625
1/30/2001,22.2,21.61,22.25,21.125,4675200,21.55
1/31/2001,22.11,22.2,22.5,22,3889000,22.2
2/1/2001,22.165,22.235,22.3,21.85,2737600,22.11
2/2/2001,22.135,22.125,22.46,21.95,2387400,22.165
2/5/2001,21.885,22,22.19,21.865,1823000,22.135
2/6/2001,21.76,21.935,22.03,21.655,2298200,21.885
2/7/2001,21.805,21.775,21.945,21.69,1773800,21.76
2/8/2001,21.59,21.825,21.875,21.405,1954000,21.805
2/9/2001,21.5,21.54,21.625,21.245,3125800,21.59
2/12/2001,21.565,21.625,21.925,21.565,3180600,21.5
2/13/2001,21.63,21.575,22.075,21.575,2898400,21.565
2/14/2001,21.46,21.975,22.25,21.41,2694800,21.63
2/15/2001,22.06,21.76,22.5,21.705,3487000,21.46
2/16/2001,21.835,21.96,22.34,21.75,3326200,22.06
2/20/2001,20.9,21.7,21.7,20.9,4236800,21.835
2/21/2001,20.48,21.025,21.14,20.45,3115000,20.9
2/22/2001,20.345,20.7,20.725,20.1,3247400,20.48
2/23/2001,20.045,20.345,20.385,19.875,3277600,20.345
2/26/2001,20.815,20.345,20.94,20.28,2167600,20.045
2/27/2001,21.245,20.775,21.325,20.775,3713600,20.815
2/28/2001,20.8,21.15,21.59,20.775,3025200,21.245
3/1/2001,21,20.8,21.375,20.76,3337000,20.8
3/2/2001,21.34,21.12,21.73,21.07,2591600,21
3/5/2001,22.165,21.825,22.35,21.65,3643000,21.34
3/6/2001,22.255,22.54,22.6,22.07,3706000,22.165
3/7/2001,23.4,22.95,23.405,22.55,6538400,22.255
3/8/2001,23.895,23.5,24,23.475,7539400,23.4
3/9/2001,23.42,23.88,23.885,23.15,5092800,23.895
3/12/2001,22.48,22.75,23.4,22.39,4708200,23.42
3/13/2001,23.025,22.5,23.115,22.435,4328600,22.48
3/14/2001,22.395,22.355,22.745,22.275,4435600,23.025
3/15/2001,22.5,22.435,22.6,22.2,2643600,22.395
3/16/2001,22.3,22.775,22.775,22.125,5420800,22.5
3/19/2001,22.57,22.055,22.65,22.005,2889400,22.3
3/20/2001,21.935,22.45,22.785,21.875,4723800,22.57
3/21/2001,21.09,21.625,21.625,20.775,5537800,21.935
3/22/2001,20.685,20.975,20.985,20.075,4427400,21.09
3/23/2001,20.885,20.935,20.99,20.27,4683200,20.685
3/26/2001,21.47,21.3,21.875,21.115,4582600,20.885
3/27/2001,22.4,21.47,22.4,21.235,4729400,21.47
3/28/2001,22.75,22.4,22.755,21.785,4885000,22.4
3/29/2001,22.31,22.2,22.375,21.63,6493200,22.75
3/30/2001,22.19,22.21,22.465,21.885,3054600,22.31
4/2/2001,22.22,22.195,22.85,21.9,4333600,22.19
4/3/2001,21.08,21.975,21.975,20.75,6232800,22.22
4/4/2001,21.775,20.98,21.965,20.95,3690000,21.08
4/5/2001,22.89,21.775,23,21.775,4707800,21.775
4/6/2001,22.275,22.54,22.545,21.94,4044600,22.89
4/9/2001,22.49,22.35,22.845,22.285,4280200,22.275
4/10/2001,22.85,22.55,23.5,22.5,5092400,22.49
4/11/2001,22.57,23,23.05,22.46,3430400,22.85
4/12/2001,23.505,22.475,23.505,22.475,3300400,22.57
4/16/2001,23.375,23.15,23.62,22.81,3761800,23.505
4/17/2001,22.875,23.25,23.255,22.715,5792800,23.375
4/18/2001,24.225,22.95,24.5,22.825,7892600,22.875
4/19/2001,23.84,24,24,23.48,3230600,24.225
4/20/2001,23.94,23.5,24.11,23.43,3095800,23.84
4/23/2001,24.125,24.125,24.2,23.875,3266800,23.94
4/24/2001,24.15,24.275,24.58,24.1,5042400,24.125
4/25/2001,25,24.175,25.015,23.775,5245800,24.15
4/26/2001,24.675,25,25.2,24.56,5166800,25
4/27/2001,25.155,24.875,25.415,24.71,4150800,24.675
4/30/2001,25.1,25.175,25.745,25.1,5055000,25.155
5/1/2001,25.39,25.1,25.5,24.78,4617600,25.1
5/2/2001,25.15,25.5,25.505,24.7,4183200,25.39
5/3/2001,25.02,24.925,25.125,24.47,2766400,25.15
5/4/2001,25.275,24.55,25.3,24.525,4072200,25.02
5/7/2001,25.755,25.05,26.06,25.05,5946200,25.275
5/8/2001,25.925,25.9,26.125,25.825,4680800,25.755
5/9/2001,26,25.93,26.35,25.815,3524200,25.925
5/10/2001,26.715,26.1,27.005,26.08,5403800,26
5/11/2001,26.6,26.8,26.95,26.485,5804600,26.715
5/14/2001,26.41,26.5,26.605,26.2,3302800,26.6
5/15/2001,26.57,26,26.8,25.9,6052600,26.41
5/16/2001,27.955,26.45,28.25,26.355,7436400,26.57
5/17/2001,27.625,27.75,28.025,27.625,7476400,27.955
5/18/2001,27.625,27.63,27.75,27.15,3682600,27.625
5/21/2001,27.85,27.25,27.85,27.1,4775200,27.625
5/22/2001,28.1,27.85,28.25,27.725,4368400,27.85
5/23/2001,27.5,28.095,28.415,27.45,6325200,28.1
5/24/2001,27.2,27.5,27.625,27,6181000,27.5
5/25/2001,27,27.25,27.325,26.92,3140600,27.2
5/29/2001,27.57,26.76,27.645,26.76,3883800,27
5/30/2001,26.7,27.5,27.5,26.63,4958800,27.57
5/31/2001,27.08,26.8,27.35,26.77,2933600,26.7
6/1/2001,27.425,27.05,27.545,26.895,3008000,27.08
6/4/2001,27.89,27.425,28.02,27.19,2770800,27.425
6/5/2001,27.945,27.875,27.975,27.47,3469800,27.89
6/6/2001,27.325,27.7,27.925,27.22,2307400,27.945
6/7/2001,27.49,27,27.565,26.965,3108000,27.325
6/8/2001,27.165,27.49,27.49,26.78,2791800,27.49
6/11/2001,26.68,26.8,27.05,26.4,3129600,27.165
6/12/2001,26.91,26.6,27.03,26.5,3202800,26.68
6/13/2001,27.02,26.91,27.24,26.875,1698200,26.91
6/14/2001,27.095,26.995,27.3,26.775,4250600,27.02
6/15/2001,27.075,27.095,27.24,26.975,6512600,27.095
6/18/2001,27.23,27.025,27.405,27.025,2958200,27.075
6/19/2001,26.945,27.275,27.35,26.845,4550200,27.23
6/20/2001,27.75,27.005,27.865,27,4243600,26.945
6/21/2001,27.995,27.705,28.25,27.66,5216600,27.75
6/22/2001,27.325,27.725,27.945,27.145,3723400,27.995
6/25/2001,26.325,27.25,27.32,26.3,5444400,27.325
6/26/2001,26.6,25.875,26.85,25.855,7312200,26.325
6/27/2001,26.145,26.625,26.975,26,5119800,26.6
6/28/2001,25.33,26.15,26.43,25.2,9970000,26.145
6/29/2001,25.025,24.875,25.45,24.75,8198400,25.33
7/2/2001,25.98,25.025,26.125,25.025,4130200,25.025
7/3/2001,25.995,26,26.14,25.8,2145800,25.98
7/5/2001,25.84,25.955,26.1,25.775,3213600,25.995
7/6/2001,24.8,25.875,25.875,24.8,3758600,25.84
7/9/2001,25.2,25.125,25.575,25,2726600,24.8
7/10/2001,24.39,25.45,25.46,24.385,4267800,25.2
7/11/2001,24.5,24.575,25.04,24.425,4122600,24.39
7/12/2001,25.95,24.95,26.025,24.95,4698000,24.5
7/13/2001,26.24,26,26.345,25.95,4343800,25.95
7/16/2001,25.185,26.175,26.225,25.075,3250800,26.24
7/17/2001,26.775,25.75,27.25,25.7,10336200,25.185
7/18/2001,26.34,26.625,26.915,25.92,6169800,26.775
7/19/2001,27.1,26.55,27.415,26.445,6136000,26.34
7/20/2001,27,27.375,27.475,26.875,3240400,27.1
7/23/2001,26.95,27.095,27.225,26.53,2934800,27
7/24/2001,26.45,26.995,27.1,26.34,6603800,26.95
7/25/2001,26.5,26.6,26.8,26.155,7029400,26.45
7/26/2001,26.285,26.41,26.55,25.95,4773200,26.5
7/27/2001,26.375,26.1,26.375,26.1,4414600,26.285
7/30/2001,26.775,26.65,26.885,26.54,2818200,26.375
7/31/2001,27.55,27,27.75,26.875,5094800,26.775
8/1/2001,26.975,27.425,27.86,26.75,5074000,27.55
8/2/2001,27.3,27.125,27.365,26.75,3682400,26.975
8/3/2001,27.225,27.225,27.28,26.62,2265200,27.3
8/6/2001,26.475,27,27.01,26.145,2360600,27.225
8/7/2001,26.65,26.375,26.785,26.225,2774800,26.475
8/8/2001,26.38,26.35,26.65,26.255,4668400,26.65
8/9/2001,26.175,26.1,26.205,25.69,4725600,26.38
8/10/2001,26.825,26.15,27.255,25.85,4256400,26.175
8/13/2001,27.01,26.65,27.16,26.64,2607200,26.825
8/14/2001,26.93,26.875,27.035,26.64,3528400,27.01
8/15/2001,27.615,26.94,27.685,26.94,4810400,26.93
8/16/2001,27.075,27.6,27.6,27.035,4940400,27.615
8/17/2001,26.875,27.125,27.235,26.53,3457400,27.075
8/20/2001,26.375,26.8,26.8,26.125,4281000,26.875
8/21/2001,26.205,26.5,26.5495,26.13,5605600,26.375
8/22/2001,26.65,26.3,26.65,26.125,5213800,26.205
8/23/2001,25.9,26.3,26.3,25.43,5342400,26.65
8/24/2001,26.12,25.9,26.14,25.5,4937000,25.9
8/27/2001,26.23,26.15,26.34,26.1,2026600,26.12
8/28/2001,26.07,26.225,26.23,25.785,2104800,26.23
8/29/2001,25.585,26,26,25.43,3142200,26.07
8/30/2001,25,25.4,25.7,24.75,3885600,25.585
8/31/2001,25,24.95,25.59,24.775,3360600,25
9/4/2001,25.19,25.005,25.725,24.7,5479800,25
9/5/2001,25.15,25.4,25.4,24.895,3536600,25.19
9/6/2001,25.565,25.275,25.875,25.27,6206800,25.15
9/7/2001,24.43,25.57,25.57,24.375,5106400,25.565
9/10/2001,24.05,24,24.175,23.525,5512000,24.43
9/17/2001,22.345,23.5,24.225,21.925,8092600,24.05
9/18/2001,22.855,22.75,23.725,22.45,5560200,22.345
9/19/2001,22.2,22.925,23.175,21.65,4928400,22.855
9/20/2001,20.85,22.25,22.485,20.725,5984200,22.2
9/21/2001,22.025,20.5,22.05,20.155,9900000,20.85
9/24/2001,23.06,22.525,23.705,22.525,5672400,22.025
9/25/2001,23.19,23.06,23.39,22.545,4538000,23.06
9/26/2001,22.035,22.9,22.9,21.835,6343400,23.19
9/27/2001,21.9,22.05,22.25,21.315,4878400,22.035
9/28/2001,22.4,21.9,22.745,21.65,4313000,21.9
10/1/2001,21.99,22.425,22.425,21.675,4220200,22.4
10/2/2001,22.7,22.115,22.86,22.035,3610600,21.99
10/3/2001,23.71,22.575,23.9,22.35,4648200,22.7
10/4/2001,23.715,23.75,24.185,23.68,4269400,23.71
10/5/2001,24.125,23.91,24.125,23.5,3797400,23.715
10/8/2001,23.32,23.85,23.85,23.135,4105400,24.125
10/9/2001,23.45,23.055,23.52,23,2772600,23.32
10/10/2001,23.655,22.9,23.75,22.75,6813200,23.45
10/11/2001,24.65,23.78,24.95,23.735,4829800,23.655
10/12/2001,24.275,24.3,24.49,23.85,5521000,24.65
10/15/2001,24.1,24.025,24.175,23.85,2232000,24.275
10/16/2001,24.015,23.5,24.1,23.3,6630600,24.1
10/17/2001,23.46,24.05,24.2,23.415,5843200,24.015
10/18/2001,23.195,23.29,23.475,22.935,3185600,23.46
10/19/2001,22.88,23.4,23.4,22.65,3867600,23.195
10/22/2001,23.285,22.83,23.35,22.7,5438000,22.88
10/23/2001,23.09,23.5,23.53,22.98,2885000,23.285
10/24/2001,22.725,23.075,23.225,22.6,3301400,23.09
10/25/2001,23.185,22.525,23.365,22.155,3676600,22.725
10/26/2001,23.65,23.225,23.805,23.21,2532400,23.185
10/29/2001,22.85,23.55,23.75,22.85,2402000,23.65
10/30/2001,22.455,22.85,22.85,22.3,3526200,22.85
10/31/2001,22.36,22.725,22.825,22.34,3441600,22.455
11/1/2001,22.6,22.6,22.675,21.85,4934600,22.36
11/2/2001,22.855,22.55,22.9,22.325,3090600,22.6
11/5/2001,23.05,22.975,23.235,22.9,3519200,22.855
11/6/2001,23.895,23.125,23.9,22.87,4498600,23.05
11/7/2001,24.15,23.8,24.425,23.6,4813400,23.895
11/8/2001,24.195,24.2,24.905,24.15,4637600,24.15
11/9/2001,24.125,24.29,24.475,23.805,2983200,24.195
11/12/2001,23.89,24.025,24.38,23.5,2079800,24.125
11/13/2001,24.48,24.375,24.695,24.2,3655000,23.89
11/14/2001,24.19,24.975,24.985,24.15,4704000,24.48
11/15/2001,23.985,24.15,24.15,23.71,4999800,24.19
11/16/2001,24.55,24.25,24.625,24.075,5166600,23.985
11/19/2001,25.005,24.675,25.075,24.38,4674200,24.55
11/20/2001,24.6,24.75,24.87,24.26,4779200,25.005
11/21/2001,24.21,24.6,24.675,24.135,3313200,24.6
11/23/2001,24.32,24.21,24.32,24.095,2175000,24.21
11/26/2001,24.625,24.445,24.625,24.175,2495200,24.32
11/27/2001,24.35,24.325,24.625,23.975,3714200,24.625
11/28/2001,24.095,24.35,24.35,24,2016200,24.35
11/29/2001,24.1,24.095,24.2,23.775,3087000,24.095
11/30/2001,23.71,23.875,24.095,23.665,3615600,24.1
12/3/2001,23.705,23.71,23.75,23.35,3487000,23.71
12/4/2001,24.23,23.825,24.245,23.61,2364400,23.705
12/5/2001,25.275,24.5,25.5,24.425,4670600,24.23
12/6/2001,25.255,25.475,25.845,25.235,4728800,25.275
12/7/2001,25.575,25.1,25.825,25.055,4309200,25.255
12/10/2001,25.005,25.575,25.575,24.95,4095000,25.575
12/11/2001,25.25,25.005,25.55,25,2909200,25.005
12/12/2001,25.5,25.25,25.525,25.105,3784600,25.25
12/13/2001,25.105,25.325,25.575,25.05,2454000,25.5
12/14/2001,25.035,25.015,25.12,24.35,4585600,25.105
12/17/2001,24.95,24.85,25.28,24.85,2487200,25.035
12/18/2001,25.68,25.25,25.885,25.23,2632000,24.95
12/19/2001,26.025,25.68,26.075,25.51,3861600,25.68
12/20/2001,25.3,25.9,25.905,25.27,2752600,26.025
12/21/2001,25.725,25.625,25.835,25.6,3410000,25.3
12/24/2001,26,25.725,26.125,25.725,858800,25.725
12/26/2001,26.225,25.925,26.4,25.88,1760400,26
12/27/2001,26.38,26.23,26.475,26.12,1336400,26.225
12/28/2001,26.595,26.45,26.62,26.165,2038400,26.38
12/31/2001,26.125,26.425,26.55,26.1,2043800,26.595
1/2/2002,25.825,26.175,26.3,25.5,4030200,26.125
1/3/2002,26.165,25.83,26.175,25.73,3149000,25.825
1/4/2002,26.93,26.2,27.02,26.2,5030600,26.165
1/7/2002,26.575,26.875,27.045,26.525,2739800,26.93
1/8/2002,25.675,26.185,26.19,25.495,6399000,26.575
1/9/2002,25.78,25.925,26.415,25.725,3375800,25.675
1/10/2002,25.57,25.7,25.9,25.39,2487000,25.78
1/11/2002,25.41,25.675,25.95,25.41,2428000,25.57
1/14/2002,25.245,25.38,25.625,25.21,2803600,25.41
1/15/2002,24.875,25.25,25.45,24.85,3242400,25.245
1/16/2002,24.01,24.875,24.875,24.01,4496600,24.875
1/17/2002,24.655,24.05,24.825,24.05,3986600,24.01
1/18/2002,24.49,24.655,24.785,24.475,3320800,24.655
1/22/2002,24.09,24.505,24.675,24.09,3206400,24.49
1/23/2002,24.38,23.85,24.425,23.375,5761000,24.09
1/24/2002,24.55,24.375,24.93,24.3,2495400,24.38
1/25/2002,25.05,24.65,25.14,24.45,2583600,24.55
1/28/2002,25.415,25.075,25.685,25.05,3452200,25.05
1/29/2002,24.85,25.42,25.495,24.85,3274600,25.415
1/30/2002,25.1,24.725,25.11,24,5645200,24.85
1/31/2002,25.14,25.05,25.215,24.555,3247000,25.1
2/1/2002,25.26,25.25,25.325,24.86,2875400,25.14
2/4/2002,24.515,25.15,25.565,24.515,2927000,25.26
2/5/2002,24.39,24.51,24.95,24.33,3406400,24.515
2/6/2002,24.31,24.39,24.565,23.85,5272800,24.39
2/7/2002,23.715,24.25,24.325,23.715,2981600,24.31
2/8/2002,24.25,23.8,24.25,23.66,2533600,23.715
2/11/2002,24.89,24.125,24.975,24.095,3458800,24.25
2/12/2002,25.12,24.8,25.3,24.55,4191200,24.89
2/13/2002,25.385,25.12,25.57,25.055,4430200,25.12
2/14/2002,25.265,25.425,25.725,25.24,2685000,25.385
2/15/2002,24.965,25.375,25.39,24.9,3136200,25.265
2/19/2002,24.95,24.9,25.1,24.5,3483600,24.965
2/20/2002,25.55,25.1,25.7395,24.9655,5018600,24.95
2/21/2002,25.94,25.625,26.29,25.535,4004800,25.55
2/22/2002,26.34,25.65,26.445,25.65,4282000,25.94
2/25/2002,28.03,26.75,28.1,26.75,10458000,26.34
2/26/2002,27.98,28.05,28.4,27.525,6491800,28.03
2/27/2002,27.95,28.025,28.21,27.675,3990000,27.98
2/28/2002,27.755,27.95,28.15,27.66,4525000,27.95
3/1/2002,28.165,27.7,28.45,27.375,5744400,27.755
3/4/2002,29.54,28.2,29.6,28.19,6646000,28.165
3/5/2002,29,29.475,29.65,28.55,7229800,29.54
3/6/2002,29.51,28.9,29.615,28.855,5500400,29
3/7/2002,29.26,29.85,29.9,29.185,4782000,29.51
3/8/2002,29.665,29.575,29.97,29.5,5518000,29.26
3/11/2002,29.55,29.54,29.75,29.375,3407400,29.665
3/12/2002,29.455,29.2,29.65,29.2,4690400,29.55
3/13/2002,28.745,29.35,29.445,28.745,4973000,29.455
3/14/2002,29.33,28.84,29.8,28.835,5973000,28.745
3/15/2002,29.895,29.44,29.995,29.4,7082600,29.33
3/18/2002,29.56,29.895,29.895,29.4,4261200,29.895
3/19/2002,29.65,29.79,29.97,29.5,4446200,29.56
3/20/2002,29.015,29.625,29.875,29.005,4367000,29.65
3/21/2002,28.55,28.775,28.925,28.3,4823400,29.015
3/22/2002,28.565,28.55,29,28.18,3561000,28.55
3/25/2002,27.97,28.825,28.925,27.95,4208000,28.565
3/26/2002,28.125,27.925,28.7,27.825,4717000,27.97
3/27/2002,28.745,28.2,29,28.15,4481000,28.125
3/28/2002,28.425,28.89,28.915,28.425,3043000,28.745
4/1/2002,28.46,28.5,28.615,28.005,2571800,28.425
4/2/2002,28.2,28.46,28.48,28.1,3016600,28.46
4/3/2002,27.46,28.075,28.08,27.2,4972000,28.2
4/4/2002,27.705,27.46,28.275,27.45,5235800,27.46
4/5/2002,28.68,27.9,28.875,27.9,4895400,27.705
4/8/2002,28.875,28.675,28.965,28.215,3595200,28.68
4/9/2002,28.94,28.965,29.42,28.8,3133600,28.875
4/10/2002,29.745,29.175,29.81,29.055,4472000,28.94
4/11/2002,29.215,29.525,29.795,29.115,3746400,29.745
4/12/2002,28.985,29.55,29.6,28.925,3429400,29.215
4/15/2002,28.995,29.05,29.15,28.525,3042600,28.985
4/16/2002,28.325,28.995,28.995,28.215,8827000,28.995
4/17/2002,27.9,28.25,28.43,27.625,6017200,28.325
4/18/2002,27.46,27.725,27.73,27.25,4835600,27.9
4/19/2002,27.52,27.7,27.725,27.385,2665600,27.46
4/22/2002,26.915,27.52,27.545,26.8,3961600,27.52
4/23/2002,26.55,26.95,27,26.53,4495400,26.915
4/24/2002,26.5,26.6,27.41,26.5,2973400,26.55
4/25/2002,26.8,26.5,26.84,26.11,4477200,26.5
4/26/2002,27.075,27.075,27.25,26.575,4913800,26.8
4/29/2002,26.445,27.08,27.155,26.445,3202600,27.075
4/30/2002,27.31,26.6,27.575,26.45,4513600,26.445
5/1/2002,27.065,27.31,27.4,26.535,4887800,27.31
5/2/2002,27.325,27.2,27.57,26.98,3114800,27.065
5/3/2002,27,27.32,27.425,26.65,3797400,27.325
5/6/2002,26.2,26.745,26.825,26.1,4039800,27
5/7/2002,26.305,26.45,26.475,26.06,3821000,26.2
5/8/2002,27.51,26.925,27.6,26.875,4473600,26.305
5/9/2002,26.93,27.5,27.505,26.76,3082000,27.51
5/10/2002,26.405,26.93,26.93,26.355,3722000,26.93
5/13/2002,26.375,26.4,26.62,26.045,3825400,26.405
5/14/2002,27.12,27.075,27.175,26.63,5002800,26.375
5/15/2002,28,27.245,28.175,27.175,5891600,27.12
5/16/2002,27.585,27.95,28.1,27.375,3536600,28
5/17/2002,27.395,27.645,27.845,27.25,3274600,27.585
5/20/2002,27.02,27.395,27.4,26.81,4206000,27.395
5/21/2002,26.72,27.15,27.25,26.67,2663800,27.02
5/22/2002,27.135,26.725,27.145,26.515,3077400,26.72
5/23/2002,27.125,27.125,27.35,26.81,3867400,27.135
5/24/2002,26.975,27.11,27.26,26.965,2402600,27.125
5/28/2002,26.745,27.1,27.195,26.555,1914400,26.975
5/29/2002,26.25,26.74,26.745,26.085,4295200,26.745
5/30/2002,26,25.975,26.12,25.625,4096600,26.25
5/31/2002,26.135,26,26.49,25.94,3257400,26
6/3/2002,25.925,26.26,26.49,25.775,3852600,26.135
6/4/2002,25.42,25.875,25.96,24.79,4567600,25.925
6/5/2002,25.715,25.3,25.895,25.275,3471200,25.42
6/6/2002,25.125,25.75,25.825,24.925,2373800,25.715
6/7/2002,25.31,25.125,25.5,24.925,3197800,25.125
6/10/2002,25.265,25.4,25.49,24.99,1805400,25.31
6/11/2002,24.775,25.55,25.94,24.775,3502200,25.265
6/12/2002,24.575,24.51,24.575,24.025,5566800,24.775
6/13/2002,24.625,24.45,24.8,24.44,3302000,24.575
6/14/2002,24.45,24.1,24.475,23.825,4745000,24.625
6/17/2002,24.02,24.2,24.995,24,7378400,24.45
6/18/2002,24.725,24.25,24.945,24.225,4493600,24.02
6/19/2002,24.11,24.4,24.86,24,4015800,24.725
6/20/2002,23.875,24,24.25,23.875,3008800,24.11
6/21/2002,23.84,23.65,24.06,23.65,5602000,23.875
6/24/2002,23.775,23.59,24.025,22.95,5069200,23.84
6/25/2002,24.1,24.025,24.425,23.825,4655200,23.775
6/26/2002,23.83,23.425,23.985,23.425,4223800,24.1
6/27/2002,24.35,23.925,24.35,23.565,3374400,23.83
6/28/2002,24.475,24.275,25.025,24.25,5372800,24.35
7/1/2002,24,24.6,24.7,23.95,5179600,24.475
7/2/2002,23.58,24.075,24.2,23.275,4130200,24
7/3/2002,23.09,23.5,23.75,22.425,5858200,23.58
7/5/2002,24.12,23.15,24.12,23.15,2349000,23.09
7/8/2002,23.925,24.1,24.3,23.7,3334600,24.12
7/9/2002,23.565,23.875,24.4105,23.565,3163200,23.925
7/10/2002,22.75,23.81,23.85,22.675,4294400,23.565
7/11/2002,22.535,22.6,22.66,21.835,5269800,22.75
7/12/2002,22.75,22.545,23.1,22.2,3911000,22.535
7/15/2002,22.595,22.75,22.75,21.475,4771200,22.75
7/16/2002,21.5,20.125,21.77,20.125,17151400,22.595
7/17/2002,21.625,21.625,22.075,21.4,5660400,21.5
7/18/2002,21.34,21.4,21.6,21.08,4562400,21.625
7/19/2002,20.705,21.345,21.52,20.7,5382800,21.34
7/22/2002,20.315,20.6,21.3,20,6402800,20.705
7/23/2002,20,20.315,20.625,19.95,5350400,20.315
7/24/2002,21.6,19.875,21.6,19.525,6252800,20
7/25/2002,21.395,21.35,21.75,20.64,4592600,21.6
7/26/2002,21.775,21.55,21.825,21.395,3050000,21.395
7/29/2002,22.95,22.2,23,22,4221800,21.775
7/30/2002,22.655,22.825,22.86,22,3988400,22.95
7/31/2002,22.35,22.75,22.75,21.895,4328800,22.655
8/1/2002,21.63,22.2,22.4,21.425,6466000,22.35
8/2/2002,20.8,21.65,21.75,20.425,5427400,21.63
8/5/2002,20.2,20.675,20.905,20.15,4414000,20.8
8/6/2002,21.195,20.55,21.725,20.55,4102000,20.2
8/7/2002,21.425,21.575,21.7,20.685,3193400,21.195
8/8/2002,22.275,21.65,22.475,21.5,3584800,21.425
8/9/2002,22.285,22.15,22.49,21.825,3895800,22.275
8/12/2002,22.11,22.05,22.2,21.525,2619400,22.285
8/13/2002,22.1,22.45,22.73,22.035,5745400,22.11
8/14/2002,22.16,21.875,22.23,21.505,6987200,22.1
8/15/2002,22.08,22.25,22.475,21.9,4799200,22.16
8/16/2002,21.73,21.955,21.975,21.635,4787800,22.08
8/19/2002,22.345,21.775,22.39,21.705,4226400,21.73
8/20/2002,22.125,22.175,22.26,21.9,3386600,22.345
8/21/2002,22.23,22.325,22.375,21.9,3364600,22.125
8/22/2002,22.675,22.2,22.8,22.055,3423800,22.23
8/23/2002,22.425,22.675,22.675,22.33,2836000,22.675
8/26/2002,22.565,22.425,22.75,22.155,2849800,22.425
8/27/2002,22.425,22.975,23.1,22.35,3569600,22.565
8/28/2002,22.115,22.4,22.45,21.9,2045800,22.425
8/29/2002,21.66,21.75,21.865,21.35,3390000,22.115
8/30/2002,21.82,21.625,22.2,21.525,2358800,21.66
9/3/2002,21.315,21.8,21.805,21.2,4854400,21.82
9/4/2002,21.325,21.315,21.415,20.94,3712400,21.315
9/5/2002,21.28,21,21.39,20.7,3609000,21.325
9/6/2002,21.6,21.475,21.6,21.025,4588200,21.28
9/9/2002,21.56,21.5,21.645,21.19,3862200,21.6
9/10/2002,21.435,21.625,21.65,21.25,3089400,21.56
9/11/2002,21.475,21.85,21.97,21.39,2173200,21.435
9/12/2002,21.195,21.375,21.645,21.095,3265000,21.475
9/13/2002,20.32,20.825,20.83,20.125,8147200,21.195
9/16/2002,20.34,20.325,20.365,19.885,3909000,20.32
9/17/2002,19.725,20.8,20.8,19.645,4459000,20.34
9/18/2002,19.505,19.45,19.675,18.795,5356600,19.725
9/19/2002,19,19.125,19.55,18.89,5835600,19.505
9/20/2002,18.935,18.895,19.075,18.7,6718800,19
9/23/2002,18.83,18.575,19.015,18.55,3810000,18.935
9/24/2002,18.43,18.575,18.8,18.21,5629800,18.83
9/25/2002,19,18.725,19.05,18.435,4270600,18.43
9/26/2002,19.465,19.1,19.565,19.035,5833200,19
9/27/2002,18.75,19.45,19.45,18.75,4143400,19.465
9/30/2002,18.61,18.325,18.895,18.165,5104600,18.75
10/1/2002,19.335,18.675,19.365,18.405,5636200,18.61
10/2/2002,18.89,19.125,19.325,18.85,3301000,19.335
10/3/2002,18.745,18.875,19.38,18.655,2847200,18.89
10/4/2002,18.005,18.835,18.915,17.565,4218000,18.745
10/7/2002,17.945,18.1,18.325,17.82,4035600,18.005
10/8/2002,18.16,18.075,18.45,17.335,5611000,17.945
10/9/2002,16.93,17.665,18.03,16.875,7742800,18.16
10/10/2002,17.535,17.025,17.65,16.93,7250200,16.93
10/11/2002,18.29,17.75,18.59,17.7,4586800,17.535
10/14/2002,17.855,18.15,18.18,17.85,3427600,18.29
10/15/2002,18.99,18.5,18.99,18.495,6629600,17.855
10/16/2002,19.38,19.625,19.855,19.1,9656000,18.99
10/17/2002,20.18,19.975,20.245,19.375,7111000,19.38
10/18/2002,20.495,20.05,20.53,19.9505,4550600,20.18
10/21/2002,21.455,20.5,21.565,20.305,5435200,20.495
10/22/2002,20.89,21,21.005,20.53,4813800,21.455
10/23/2002,21.4,20.895,21.425,20.73,4404000,20.89
10/24/2002,20.555,21.725,21.75,20.5,5561800,21.4
10/25/2002,20.725,20.56,21.75,20.325,4483200,20.555
10/28/2002,20.235,20.875,21.025,20.11,3373000,20.725
10/29/2002,20.23,20.25,20.425,19.685,3481600,20.235
10/30/2002,20.485,20.3,20.77,20.045,3155600,20.23
10/31/2002,20.425,20.6,20.735,20.15,2723600,20.485
11/1/2002,21.055,20.4,21.175,20.25,2957400,20.425
11/4/2002,21.43,21.495,21.74,21.06,3895200,21.055
11/5/2002,21.54,21.435,21.65,21.21,2562200,21.43
11/6/2002,21.785,21.8,21.805,21.19,3575200,21.54
11/7/2002,21.27,21.8,21.895,21.13,3399000,21.785
11/8/2002,21.58,21.325,21.75,21.3,3155600,21.27
11/11/2002,20.725,21.5,21.505,20.625,2878200,21.58
11/12/2002,21.295,20.8,21.575,20.75,3066800,20.725
11/13/2002,21.525,21.275,21.81,21.04,3047600,21.295
11/14/2002,22.135,21.53,22.25,21.53,3713200,21.525
11/15/2002,22.54,22.15,22.55,21.94,4239800,22.135
11/18/2002,22.31,22.65,22.775,22.3,4318000,22.54
11/19/2002,22.475,22.31,22.62,21.96,3190600,22.31
11/20/2002,23.265,22.48,23.265,22.21,4389400,22.475
11/21/2002,24.01,23.39,24.115,23.155,3991600,23.265
11/22/2002,24.275,24.005,24.495,23.9,4485200,24.01
11/25/2002,24.34,24.35,24.55,24.095,3295000,24.275
11/26/2002,23.545,24.225,24.23,23.405,4344400,24.34
11/27/2002,24.63,23.625,24.64,23.585,3631800,23.545
11/29/2002,24.95,24.9,25.15,24.865,2648400,24.63
12/2/2002,24.61,24.955,25.42,24.32,5687200,24.95
12/3/2002,23.65,24.485,24.5,23.5,5303800,24.61
12/4/2002,23.365,23.4,23.52,23.255,4877400,23.65
12/5/2002,23.165,23.5,23.505,23.095,4418600,23.365
12/6/2002,23.085,22.775,23.3,22.725,3872200,23.165
12/9/2002,22.5,23.085,23.085,22.5,2890200,23.085
12/10/2002,22.775,22.505,22.975,22.195,4110800,22.5
12/11/2002,22.855,22.775,22.905,22.38,2963000,22.775
12/12/2002,22.56,22.855,23,22.5,2265000,22.855
12/13/2002,22.3,22.56,22.8,22.3,2796000,22.56
12/16/2002,23.14,22.425,23.15,22.425,2394000,22.3
12/17/2002,22.915,23.14,23.385,22.865,1975200,23.14
12/18/2002,22.8,22.915,23,22.525,2331800,22.915
12/19/2002,22.615,22.675,23.035,22.35,2371000,22.8
12/20/2002,23.25,22.85,23.25,22.765,4469400,22.615
12/23/2002,23.175,23.24,23.3,23,1779200,23.25
12/24/2002,23.2,23.175,23.245,23.005,1075200,23.175
12/26/2002,23.15,23.225,23.49,23.06,2205600,23.2
12/27/2002,22.53,23.1,23.125,22.53,2873600,23.15
12/30/2002,22.735,22.655,22.87,22.34,1705200,22.53
12/31/2002,22.86,22.75,22.9,22.355,1910600,22.735
1/2/2003,23.875,22.975,23.875,22.885,4539400,22.86
1/3/2003,23.715,23.825,23.85,23.5,3399800,23.875
1/6/2003,24.2,23.775,24.21,23.775,2354400,23.715
1/7/2003,23.925,24.2,24.2,23.65,3126000,24.2
1/8/2003,23.2,23.93,23.93,23.125,3246600,23.925
1/9/2003,23.67,23.3,23.72,23.16,2916600,23.2
1/10/2003,23.71,23.47,23.955,23.375,2844000,23.67
1/13/2003,23.85,23.925,23.97,23.575,2716200,23.71
1/14/2003,23.695,23.725,23.805,23.285,4640600,23.85
1/15/2003,23.59,23.8,23.935,23.43,3860800,23.695
1/16/2003,23.63,23.475,23.895,23.475,3278000,23.59
1/17/2003,23.525,23.525,23.735,23.34,2814200,23.63
1/21/2003,23.035,23.7,23.7,23.025,3617000,23.525
1/22/2003,22.225,23.04,23.04,22.02,5860800,23.035
1/23/2003,22.74,22.375,22.775,21.37,8767800,22.225
1/24/2003,21.96,22.74,22.74,21.85,3641600,22.74
1/27/2003,21.625,21.9,22.095,21.55,3010000,21.96
1/28/2003,21.915,21.675,22,21.5,2947000,21.625
1/29/2003,22.025,21.92,22.24,21.425,3829400,21.915
1/30/2003,21.525,22.15,22.19,21.485,2812000,22.025
1/31/2003,21.99,21.375,22.25,21.305,3284800,21.525
2/3/2003,22.125,22.175,22.29,22,2334000,21.99
2/4/2003,21.87,22,22.13,21.635,2672400,22.125
2/5/2003,21.83,22.075,22.365,21.79,2658000,21.87
2/6/2003,21.485,21.75,21.995,21.375,2891000,21.83
2/7/2003,21.315,21.65,21.825,21.18,2782600,21.485
2/10/2003,21.29,21.225,21.375,20.895,3235200,21.315
2/11/2003,21.29,21.525,21.68,21.15,2855800,21.29
2/12/2003,21.02,21.325,21.525,21.005,2642600,21.29
2/13/2003,21.06,20.975,21.095,20.62,3096000,21.02
2/14/2003,21.625,21.06,21.64,20.87,3159600,21.06
2/18/2003,22.275,21.675,22.395,21.675,4055600,21.625
2/19/2003,22.975,22.7,22.975,22.575,7256000,22.275
2/20/2003,23.15,23.075,23.175,22.71,5731400,22.975
2/21/2003,23.27,23.15,23.3,22.875,4367800,23.15
2/24/2003,22.905,23.145,23.145,22.765,5391800,23.27
2/25/2003,22.91,22.715,23,22.455,4559400,22.905
2/26/2003,22.875,22.825,23,22.725,3841000,22.91
2/27/2003,23.36,23,23.415,22.755,5416200,22.875
2/28/2003,23.5,23.475,23.775,23.35,4503400,23.36
3/3/2003,23.54,23.505,23.675,23.43,4103600,23.5
3/4/2003,22.61,23.45,23.45,22.555,5392200,23.54
3/5/2003,22.815,22.61,22.97,22.525,3461200,22.61
3/6/2003,22.3,22.82,22.82,22.2,3598600,22.815
3/7/2003,22.9,21.875,23.125,21.855,5230400,22.3
3/10/2003,22.395,22.675,22.7,22.3,2725800,22.9
3/11/2003,22.25,22.4,22.615,22.15,3516600,22.395
3/12/2003,22.11,22.175,22.315,21.76,3930600,22.25
3/13/2003,23.465,22.575,23.465,22.555,5121200,22.11
3/14/2003,23.51,23.475,23.975,23.305,5226800,23.465
3/17/2003,25.115,23.475,25.12,23.39,7943600,23.51
3/18/2003,24.9,25.115,25.34,24.75,7566800,25.115
3/19/2003,24.895,24.75,25,24.435,5683200,24.9
3/20/2003,25.31,24.895,25.5,24.5,5713000,24.895
3/21/2003,26.275,25.375,26.65,25.375,8699400,25.31
3/24/2003,25.365,26.28,26.28,25.23,5402200,26.275
3/25/2003,25.5,25.5,25.6,25.175,5575000,25.365
3/26/2003,25.1,25.5,25.525,24.95,5476600,25.5
3/27/2003,25.36,24.875,25.5,24.65,3678400,25.1
3/28/2003,25.12,25.36,25.36,24.89,3848800,25.36
3/31/2003,24.6,24.625,24.925,24.36,4725600,25.12
4/1/2003,24.825,24.6,25,24.49,4317400,24.6
4/2/2003,25.855,25.425,25.92,25.4,5207800,24.825
4/3/2003,25.9,26.1,26.1,25.645,3945800,25.855
4/4/2003,25.735,25.9,26.1,25.53,3447400,25.9
4/7/2003,25.85,26.245,26.755,25.81,4251400,25.735
4/8/2003,26.05,25.975,26.125,25.56,3054600,25.85
4/9/2003,25.855,25.78,26.28,25.78,5011000,26.05
4/10/2003,26.415,25.855,26.415,25.75,4317600,25.855
4/11/2003,26.49,26.75,27.125,26.4,3944200,26.415
4/14/2003,26.82,26.385,26.825,26.37,3423600,26.49
4/15/2003,26.35,26.575,26.715,26.11,5635200,26.82
4/16/2003,25.705,26.625,26.81,25.685,5160600,26.35
4/17/2003,25.99,25.215,26.07,25.2,5137400,25.705
4/21/2003,25.92,26.1,26.205,25.755,3852800,25.99
4/22/2003,26.48,25.6,26.56,25.43,4266200,25.92
4/23/2003,26.43,26.355,26.5,26.125,4373200,26.48
4/24/2003,26.375,26.15,26.545,26.15,2923000,26.43
4/25/2003,25.965,26.375,26.485,25.915,3252200,26.375
4/28/2003,26.39,25.85,26.5,25.85,2978800,25.965
4/29/2003,26.195,26.405,26.531,25.95,3411600,26.39
4/30/2003,26.3,26.185,26.475,25.945,3414000,26.195
5/1/2003,25.925,26.3,26.325,25.67,3552200,26.3
5/2/2003,26.175,25.875,26.28,25.785,4966000,25.925
5/5/2003,26.34,26.275,26.665,26.27,4367800,26.175
5/6/2003,26.95,26.385,26.95,26.31,4171600,26.34
5/7/2003,26.665,26.725,26.875,26.55,3589000,26.95
5/8/2003,25.985,26.605,26.605,25.94,5616400,26.665
5/9/2003,26.575,26,26.85,26,3927200,25.985
5/12/2003,27.125,26.625,27.215,26.45,3455600,26.575
5/13/2003,26.585,27.05,27.05,26.5,3932800,27.125
5/14/2003,26.395,26.675,26.74,26.125,4019000,26.585
5/15/2003,26.7,26.65,26.72,26.41,3476000,26.395
5/16/2003,26.485,26.7,26.875,26.265,3558000,26.7
5/19/2003,25.75,26.325,26.35,25.71,3279200,26.485
5/20/2003,25.625,25.75,25.845,25.43,3955600,25.75
5/21/2003,25.215,25.55,25.55,25.095,5217200,25.625
5/22/2003,25.61,25.35,25.74,25.255,3846600,25.215
5/23/2003,25.5,25.625,25.635,25.25,2054200,25.61
5/27/2003,26.255,25.375,26.325,25.3,3741000,25.5
5/28/2003,26.255,26.3,26.525,26.175,4024600,26.255
5/29/2003,25.25,26.26,26.66,25.25,6425200,26.255
5/30/2003,26.075,25.5,26.105,25.4,5990200,25.25
6/2/2003,26.09,26.25,26.475,26,3128400,26.075
6/3/2003,26.475,26.09,26.765,26.03,3720000,26.09
6/4/2003,26.96,26.5,27.075,26.48,3627200,26.475
6/5/2003,27.185,26.96,27.245,26.68,3478800,26.96
6/6/2003,27.305,27.315,28,27.27,5493600,27.185
6/9/2003,27.11,27.27,27.38,26.95,3458000,27.305
6/10/2003,27.31,27.35,27.385,26.9,2840200,27.11
6/11/2003,28.33,27.425,28.34,27.3655,4675600,27.31
6/12/2003,28.065,28.33,28.525,27.925,3231600,28.33
6/13/2003,28.025,28.02,28.125,27.83,2737600,28.065
6/16/2003,28.945,28.375,28.96,28.315,4286600,28.025
6/17/2003,28.88,28.995,29.125,28.636,3625200,28.945
6/18/2003,28.51,28.75,28.995,28.43,3469000,28.88
6/19/2003,28.25,28.6,28.725,28.14,3027200,28.51
6/20/2003,28.625,28.48,28.74,28.4,5063200,28.25
6/23/2003,28.33,28.625,28.69,27.92,3256000,28.625
6/24/2003,28.225,28.125,28.75,28.125,2775200,28.33
6/25/2003,28.075,28.23,28.285,27.8,3173000,28.225
6/26/2003,28.38,28.035,28.435,27.93,2192800,28.075
6/27/2003,27.915,28.3,28.41,27.71,3170400,28.38
6/30/2003,27.83,27.94,28.22,27.6,2414600,27.915
7/1/2003,27.37,27.55,27.7575,26.55,8532800,27.83
7/2/2003,27.87,27.37,28.015,27.37,5236600,27.37
7/3/2003,27.785,27.7,28.175,27.65,2047400,27.87
7/7/2003,28.205,28.125,28.65,28.075,3396000,27.785
7/8/2003,28.355,28.155,28.465,28.065,2427400,28.205
7/9/2003,28.215,28.325,28.435,28.05,2167200,28.355
7/10/2003,28.11,28.215,28.275,28,3527400,28.215
7/11/2003,28.69,28.025,28.815,28.025,3552200,28.11
7/14/2003,28.94,29.15,29.365,28.915,5128600,28.69
7/15/2003,29.035,29.3,29.3,28.805,4361800,28.94
7/16/2003,29.32,29.24,29.32,28.89,4603200,29.035
7/17/2003,31.77,30.25,31.87,29.8,20684800,29.32
7/18/2003,32.805,31.9,32.93,31.7,15271400,31.77
7/21/2003,32.66,32.805,32.95,32.375,13465000,32.805
7/22/2003,32.1,31.78,32.625,31.78,13114600,32.66
7/23/2003,32.425,32.115,32.505,31.8955,9669600,32.1
7/24/2003,31.91,32.475,32.5,31.9,6020200,32.425
7/25/2003,32.65,32,32.65,31.4,6886000,31.91
7/28/2003,32.55,32.74,32.845,32.51,5279600,32.65
7/29/2003,32.675,32.55,32.81,32.39,5407000,32.55
7/30/2003,33.225,32.68,33.35,32.62,6066800,32.675
7/31/2003,33.735,33.675,34.145,33.58,7192800,33.225
8/1/2003,33.61,33.785,33.89,33.285,5166200,33.735
8/4/2003,33.55,33.475,33.72,33.315,4266600,33.61
8/5/2003,33.345,33.655,33.77,33.34,6155200,33.55
8/6/2003,33.055,33.345,33.48,32.975,6627200,33.345
8/7/2003,33.58,33,33.725,32.8,6085400,33.055
8/8/2003,34.105,33.7,34.395,33.595,6182600,33.58
8/11/2003,34.34,34.2,34.505,33.935,4436800,34.105
8/12/2003,35.15,34.34,35.15,34.08,5474400,34.34
8/13/2003,35.2,35.15,35.25,34.91,6153800,35.15
8/14/2003,35.325,35.2,35.585,34.925,7145800,35.2
8/15/2003,35.48,35.55,35.975,35.225,3300800,35.325
8/18/2003,36.52,35.73,36.57,35.67,6569200,35.48
8/19/2003,36.45,36.525,36.575,35.865,6420000,36.52
8/20/2003,36.13,36.055,36.21,35.905,4044400,36.45
8/21/2003,36.705,36.2,36.975,36.05,6196200,36.13
8/22/2003,35.845,36.845,36.985,35.845,4681800,36.705
8/25/2003,34.83,35.5,35.5,34.6,7085200,35.845
8/26/2003,34.775,34.415,34.95,34.065,7307000,34.83
8/27/2003,35.08,34.75,35.23,34.68,4183800,34.775
8/28/2003,35.325,35.275,35.47,34.64,3715200,35.08
8/29/2003,35.915,35.5,36.015,35.5,3647200,35.325
9/2/2003,36.23,35.975,36.45,35.615,4243000,35.915
9/3/2003,35.975,36.09,36.23,35.505,4994800,36.23
9/4/2003,35.545,35.775,35.95,35.265,3969600,35.975
9/5/2003,35.065,34.975,35.25,34.725,7657000,35.545
9/8/2003,35.255,35.065,35.295,34.79,4619000,35.065
9/9/2003,34.7,35.13,35.13,34.4,5141400,35.255
9/10/2003,34.5,34.525,34.575,34.1,6279200,34.7
9/11/2003,34.035,34.5,34.545,33.43,11170400,34.5
9/12/2003,34.01,33.875,34.1,33.58,6041600,34.035
9/15/2003,34.5,34.14,34.73,34.07,5558200,34.01
9/16/2003,34.85,34.515,34.895,34.405,3667800,34.5
9/17/2003,35.115,35.025,35.35,34.995,5389200,34.85
9/18/2003,35.65,35.3,35.89,34.975,5145800,35.115
9/19/2003,35.595,35.65,35.875,35.39,4965200,35.65
9/22/2003,35.235,35.48,35.84,35.07,5866200,35.595
9/23/2003,35.725,35.335,35.845,35.33,3932400,35.235
9/24/2003,35.22,35.75,35.975,35.22,4616000,35.725
9/25/2003,34.45,35.335,35.435,34.45,5387600,35.22
9/26/2003,34.125,34.4,34.4,33.725,5862400,34.45
9/29/2003,34.595,34.2,34.715,33.99,4724200,34.125
9/30/2003,34.42,34.51,34.745,33.95,5148400,34.595
10/1/2003,35.67,34.465,35.73,34.45,5336200,34.42
10/2/2003,36.35,36,36.465,35.955,7216400,35.67
10/3/2003,36.69,36.75,37.245,36.35,6192000,36.35
10/6/2003,37.005,36.95,37.345,36.595,3772000,36.69
10/7/2003,37.21,36.88,37.21,36.65,3934200,37.005
10/8/2003,37.655,37.475,37.785,37.32,4130800,37.21
10/9/2003,38.04,38.075,38.55,37.83,5414600,37.655
10/10/2003,37.875,38,38.2,37.69,2556600,38.04
10/13/2003,38.45,38,38.7,38,3015600,37.875
10/14/2003,38.435,38.26,38.445,37.98,3766200,38.45
10/15/2003,39.36,38.735,39.46,38.515,6321000,38.435
10/16/2003,37.165,37.559,37.559,35.995,27425400,39.36
10/17/2003,36.79,37.18,37.37,36.7,6637000,37.165
10/20/2003,37,37.025,37.205,36.61,4032600,36.79
10/21/2003,36.38,37.005,37.005,36.375,5590800,37
10/22/2003,35.785,35.89,36.55,35.67,5806000,36.38
10/23/2003,35.68,35.785,35.915,35.51,5641200,35.785
10/24/2003,35.525,35.35,35.78,35.235,4872800,35.68
10/27/2003,35.85,35.75,35.925,35.505,3972200,35.525
10/28/2003,36.39,35.915,36.495,35.755,5315800,35.85
10/29/2003,36.73,36.38,36.73,36,3301600,36.39
10/30/2003,36.93,36.955,37.23,36.47,5517200,36.73
10/31/2003,36.64,36.93,37.14,36.64,4911800,36.93
11/3/2003,37.025,36.73,37.245,36.64,4029314,36.64
11/4/2003,37.405,37.025,37.635,36.955,4473042,37.025
11/5/2003,37.47,37.28,37.845,37.19,3948800,37.405
11/6/2003,37.265,37.35,37.37,37.03,3948600,37.47
11/7/2003,36.285,37.215,37.25,36.235,5778000,37.265
11/10/2003,36.045,36.225,36.675,35.91,4156000,36.285
11/11/2003,35.975,36.045,36.29,35.88,4250200,36.045
11/12/2003,36.83,36.1,36.88,36.1,2639600,35.975
11/13/2003,36.74,36.705,37.045,36.565,3132200,36.83
11/14/2003,36.305,36.74,37.28,36.25,3460600,36.74
11/17/2003,36.25,36.305,36.32,35.975,3641000,36.305
11/18/2003,35.645,36.25,36.57,35.645,3668000,36.25
11/19/2003,36.385,35.7,36.44,35.67,3591400,35.645
11/20/2003,36.375,36.35,36.785,36.2,3676400,36.385
11/21/2003,36.445,36.515,36.675,36.37,3011000,36.375
11/24/2003,36.67,36.525,36.885,36.525,3615400,36.445
11/25/2003,37.52,36.825,37.655,36.8,4781600,36.67
11/26/2003,37.7,37.75,37.75,37.16,3596200,37.52
11/28/2003,38.025,37.63,38.105,37.61,1362600,37.7
12/1/2003,38.395,38.125,38.405,37.665,3524400,38.025
12/2/2003,37.79,38.27,38.27,37.6,3887000,38.395
12/3/2003,37.74,37.965,38.175,37.675,2759000,37.79
12/4/2003,37.47,37.75,37.785,37.3,3034200,37.74
12/5/2003,38.25,38,38.56,38,6489000,37.47
12/8/2003,38.39,38.225,38.435,38.02,3184800,38.25
12/9/2003,38.24,38.515,38.67,38.165,3612800,38.39
12/10/2003,38,38.225,38.285,37.875,3809800,38.24
12/11/2003,38.97,38.2,39.095,38.05,4596800,38
12/12/2003,39.01,38.97,39.14,38.725,3660200,38.97
12/15/2003,39.26,39.495,39.835,39.245,6112400,39.01
12/16/2003,40.51,39.285,40.56,39.285,8137400,39.26
12/17/2003,41.01,40.3,41.03,40.065,6470600,40.51
12/18/2003,41.855,41.075,42.1,40.8,8481400,41.01
12/19/2003,42.375,42.1,42.375,41.55,10107000,41.855
12/22/2003,41.89,42.32,42.475,41.845,5316800,42.375
12/23/2003,41.825,41.895,42.075,41.47,4049800,41.89
12/24/2003,41.755,41.665,41.98,41.5,1674400,41.825
12/26/2003,41.855,41.63,42.055,41.53,776400,41.755
12/29/2003,42.3,41.95,42.38,41.95,2537400,41.855
12/30/2003,42.035,42.25,42.385,41.93,2185400,42.3
12/31/2003,41.51,42.2,42.21,41.5,4476000,42.035
1/2/2004,41.325,41.585,41.845,41.26,4172800,41.51
1/5/2004,42.45,41.925,42.58,41.855,6184200,41.325
1/6/2004,41.7,42.16,42.235,41.6,6190400,42.45
1/7/2004,41.245,41.76,41.76,41.155,6203200,41.7
1/8/2004,40.925,41.37,41.595,40.875,5050400,41.245
1/9/2004,40.225,40.525,40.825,40.1,6071000,40.925
1/12/2004,41.225,40.55,41.35,40.53,4166200,40.225
1/13/2004,41.25,41.475,41.8,40.485,5228200,41.225
1/14/2004,41.85,41.235,42.035,41.235,4498000,41.25
1/15/2004,41.69,42,42.5,41.295,3720600,41.85
1/16/2004,42.07,42,42.475,41.83,5083600,41.69
1/20/2004,41.075,41.8,42.005,41.075,4803400,42.07
1/21/2004,41.7,41.105,41.76,40.72,4066600,41.075
1/22/2004,42,41.775,42.355,41.565,4110800,41.7
1/23/2004,42.085,42.04,42.085,41.575,4675200,42
1/26/2004,42.505,41.85,42.545,41.335,4635000,42.085
1/27/2004,41,42.85,42.85,41,9250600,42.505
1/28/2004,39.81,40.65,41.075,39.6,7843000,41
1/29/2004,38.63,40,40.08,38.375,10858000,39.81
1/30/2004,39.065,38.525,39.225,38.505,9041400,38.63
2/2/2004,38.745,39.125,39.275,38.615,7814400,39.065
2/3/2004,38.52,38.725,38.725,38.21,8211000,38.745
2/4/2004,37.95,38.125,38.26,37.885,8467800,38.52
2/5/2004,38.16,37.9,38.57,37.64,7881000,37.95
2/6/2004,39.25,38.2,39.41,38.2,5229600,38.16
2/9/2004,38.835,39.23,39.34,38.76,2939600,39.25
2/10/2004,38.28,38.77,38.9,38.075,5732800,38.835
2/11/2004,39.48,38.155,39.48,38.01,6356800,38.28
2/12/2004,39.345,39.375,39.625,39.085,3096400,39.48
2/13/2004,38.71,39.25,39.53,38.65,3749000,39.345
2/17/2004,39.76,39.325,39.945,39.25,4740000,38.71
2/18/2004,39.455,39.61,39.775,39.135,3079400,39.76
2/19/2004,39.265,39.625,39.865,39.24,3372800,39.455
2/20/2004,38.41,39.265,39.325,38.045,5351400,39.265
2/23/2004,38.61,38.6,38.91,38.28,3589400,38.41
2/24/2004,38.35,38.4,38.75,38.18,3252200,38.61
2/25/2004,38.59,38.325,38.75,38.085,3886600,38.35
2/26/2004,38.975,38.5,39.28,38.43,3620400,38.59
2/27/2004,37.875,38.85,38.85,37.85,7390600,38.975
3/1/2004,38.42,38,38.805,37.925,4758800,37.875
3/2/2004,38.795,38.125,38.915,38.06,4534200,38.42
3/3/2004,38.66,38.8,39.09,38.621,3606200,38.795
3/4/2004,38.45,38.535,38.63,38.26,2649800,38.66
3/5/2004,38.185,38.05,38.55,37.975,5206000,38.45
3/8/2004,38.445,38.825,39.125,38.445,5699600,38.185
3/9/2004,38.2,38.625,38.99,37.985,5101800,38.445
3/10/2004,36.755,38.5,38.7,36.685,9450600,38.2
3/11/2004,36.575,36.675,37.25,36.255,7803400,36.755
3/12/2004,37.465,36.665,37.465,36.505,5666800,36.575
3/15/2004,36.99,37.05,37.33,36.825,5711600,37.465
3/16/2004,37.675,37.25,37.93,37.125,6195400,36.99
3/17/2004,38.61,37.775,38.745,37.75,5044400,37.675
3/18/2004,38.6,38.485,38.7,37.775,4893400,38.61
3/19/2004,38.15,38.605,38.935,38.105,4901600,38.6
3/22/2004,37.75,37.825,37.9,37.435,3908200,38.15
3/23/2004,37.925,37.85,38.375,37.74,4311800,37.75
3/24/2004,38.165,37.975,38.33,37.79,3448800,37.925
3/25/2004,38.575,38.25,38.6,37.975,3494400,38.165
3/26/2004,38.72,38.475,39.125,38.225,3820000,38.575
3/29/2004,39.74,39.22,39.85,39.22,5057200,38.72
3/30/2004,40,39.64,40.02,39.1075,6002400,39.74
3/31/2004,39.535,39.73,39.925,39.435,3436800,40
4/1/2004,39.5,39.575,40.02,39.25,3429400,39.535
4/2/2004,40.6,40.125,40.765,39.785,5519400,39.5
4/5/2004,41.205,40.5,41.255,40.3,3417800,40.6
4/6/2004,41.455,41,41.64,40.95,4343600,41.205
4/7/2004,41.05,41.31,41.4,40.71,4794200,41.455
4/8/2004,40.99,41.35,41.595,40.9,2356400,41.05
4/12/2004,41.875,41.1,41.9,41,3497000,40.99
4/13/2004,41.01,41.93,42.075,40.7,5195400,41.875
4/14/2004,40.515,40.835,41.195,40.075,5116200,41.01
4/15/2004,40.4,40.625,40.98,40.145,4013200,40.515
4/16/2004,40.985,40.85,41.03,40.395,3499800,40.4
4/19/2004,40.5,40.975,40.98,40.35,3235800,40.985
4/20/2004,39.99,40.625,41.035,39.93,4575000,40.5
4/21/2004,40.54,40,40.59,39.21,6023600,39.99
4/22/2004,42.05,41.5,42.38,40.835,10814200,40.54
4/23/2004,40.98,42.055,42.155,40.875,7014600,42.05
4/26/2004,40.45,41,41.035,40.415,4947600,40.98
4/27/2004,40.9,40.65,41,40.455,4461000,40.45
4/28/2004,39.85,41,41.085,39.57,5506200,40.9
4/29/2004,38.79,40.15,40.15,38.495,6920200,39.85
4/30/2004,38.865,39,39.475,38.565,5599600,38.79
5/3/2004,39.685,38.95,39.85,38.93,3710600,38.865
5/4/2004,39.505,39.685,39.81,39.005,4164000,39.685
5/5/2004,39.4,39.495,39.575,39.1,3516000,39.505
5/6/2004,38.925,39.2,39.2,38.355,3812800,39.4
5/7/2004,38.56,38.7,39.265,38.555,4857000,38.925
5/10/2004,36.44,38.05,38.055,36.11,14209400,38.56
5/11/2004,36.55,36.63,36.805,36.35,7685400,36.44
5/12/2004,37.43,36.65,37.45,36.145,6281200,36.55
5/13/2004,37.33,37.24,37.825,36.93,4856800,37.43
5/14/2004,37.845,37.25,38.105,37.015,4855400,37.33
5/17/2004,36.77,37.15,37.225,36.35,5203400,37.845
5/18/2004,36.875,37.275,37.35,36.555,4745200,36.77
5/19/2004,36.9,37.25,37.625,36.78,5559800,36.875
5/20/2004,36.13,36.9,36.905,36.05,6378200,36.9
5/21/2004,36.515,36.28,36.54,36.005,4399800,36.13
5/24/2004,37,37.5,37.875,36.825,7180600,36.515
5/25/2004,37.325,36.9,37.335,36.685,5267800,37
5/26/2004,37.425,37.325,37.605,37.25,4146800,37.325
5/27/2004,37.585,37.625,38.235,37.32,4933400,37.425
5/28/2004,37.675,37.625,37.895,37.475,2859200,37.585
6/1/2004,37.98,37.675,38.165,37.53,3725600,37.675
6/2/2004,38.21,38.05,38.37,37.86,4106000,37.98
6/3/2004,37.575,38.015,38.17,37.55,3496600,38.21
6/4/2004,37.75,37.805,38.155,37.15,4757400,37.575
6/7/2004,38.85,38.1,38.88,38.073,3319800,37.75
6/8/2004,38.56,38.6,38.875,38.38,3924400,38.85
6/9/2004,37.7,38.49,38.575,37.665,4578800,38.56
6/10/2004,37.8,37.825,38.075,37.6,3345800,37.7
6/14/2004,37.38,37.8,37.805,37.305,2451600,37.8
6/15/2004,37.695,37.5,37.92,37.435,4769800,37.38
6/16/2004,37.005,37.71,37.8,36.945,5287800,37.695
6/17/2004,37.36,37.005,37.445,37,4065200,37.005
6/18/2004,37.21,37.225,37.48,37.065,6656800,37.36
6/21/2004,37.49,37.45,37.72,37.26,3327600,37.21
6/22/2004,38.325,38,38.325,37.555,4883200,37.49
6/23/2004,38.945,38.345,38.945,38.175,4114200,38.325
6/24/2004,39.55,39.07,39.7,39.015,5932800,38.945
6/25/2004,39.075,39.425,39.62,39.01,6559800,39.55
6/28/2004,38.74,39.275,39.39,38.575,3521000,39.075
6/29/2004,39.41,38.7,39.525,38.525,3816000,38.74
6/30/2004,39.72,39.4,39.8,39,5106000,39.41
7/1/2004,39.09,39.6,39.695,38.87,3636800,39.72
7/2/2004,38.36,39.09,39.095,38.195,3957200,39.09
7/6/2004,38.365,38.36,38.485,38.01,3237200,38.36
7/7/2004,38.75,38.24,38.785,38.125,2808600,38.365
7/8/2004,38.265,38.675,38.735,38.245,3382000,38.75
7/9/2004,38.54,38.55,38.82,38.395,3442000,38.265
7/12/2004,39.115,38.54,39.195,38.33,2911800,38.54
7/13/2004,39.635,38.78,39.66,38.78,4126200,39.115
7/14/2004,39.39,39.475,39.715,39.17,3845600,39.635
7/15/2004,39.7,39.39,39.815,39.335,2916600,39.39
7/16/2004,38.905,39.74,39.8,38.86,4241400,39.7
7/19/2004,39.095,38.91,39.295,38.71,3474800,38.905
7/20/2004,39.035,39.1,39.365,38.765,2848000,39.095
7/21/2004,38.475,39.225,39.605,38.265,4892400,39.035
7/22/2004,36.765,36.25,36.915,35.525,17837000,38.475
7/23/2004,36.61,36.765,37.075,36.235,7610600,36.765
7/26/2004,36.3,36.615,36.895,36.19,5043800,36.61
7/27/2004,36.085,36.3,36.325,35.75,6918800,36.3
7/28/2004,36.715,36.09,36.955,35.995,6344000,36.085
7/29/2004,36.965,36.975,37.13,36.53,3329400,36.715
7/30/2004,36.745,36.965,37.05,36.56,3467800,36.965
8/2/2004,36.55,36.62,36.745,36.375,4189800,36.745
8/3/2004,35.84,36.55,36.55,35.62,7622400,36.55
8/4/2004,35.85,36,36.095,35.75,6272800,35.84
8/5/2004,34.81,35.925,35.955,34.81,6007000,35.85
8/6/2004,35.125,34.575,35.45,34.25,9485600,34.81
8/9/2004,35.035,35.375,35.495,34.97,3341400,35.125
8/10/2004,35.63,35.03,35.66,34.925,4053800,35.035
8/11/2004,36.03,35.505,36.075,35.275,4309800,35.63
8/12/2004,35.88,35.75,35.99,35.635,5892600,36.03
8/13/2004,35.875,35.825,36.075,35.655,4379600,35.88
8/16/2004,36.435,35.875,36.435,35.64,4745600,35.875
8/17/2004,36.24,36.8,37.1,36.1,6229000,36.435
8/18/2004,36.25,36.115,36.39,36.025,4411600,36.24
8/19/2004,35.645,36.25,36.255,35.345,5305200,36.25
8/20/2004,36.12,35.5,36.29,35.5,3947800,35.645
8/23/2004,36.025,36.245,36.385,35.93,2516600,36.12
8/24/2004,36.575,36.925,36.925,36.435,5325400,36.025
8/25/2004,36.935,36.665,37.005,36.425,4168000,36.575
8/26/2004,36.855,36.935,37.045,36.635,2586600,36.935
8/27/2004,36.85,36.93,37.02,36.675,2037000,36.855
8/30/2004,36.125,36.775,36.775,36.12,2704400,36.85
8/31/2004,36.35,36.22,36.51,36,2314800,36.125
9/1/2004,36.31,36.435,36.725,36.225,3301600,36.35
9/2/2004,36.575,36.385,36.63,36.13,3307200,36.31
9/3/2004,36.78,36.75,36.945,36.58,2646200,36.575
9/7/2004,37.72,37.115,37.82,37.075,5689800,36.78
9/8/2004,37.6,37.615,37.735,37.45,2582400,37.72
9/9/2004,37.435,37.6,37.69,37.225,3565400,37.6
9/10/2004,37.55,37.6,37.6,36.985,3063200,37.435
9/13/2004,37.98,37.65,38.055,37.63,3744400,37.55
9/14/2004,37.86,38,38,37.62,2927400,37.98
9/15/2004,37.325,37.8,37.8,37.23,3351200,37.86
9/16/2004,37.42,37.325,37.7,37.26,2389400,37.325
9/17/2004,38.06,37.625,38.1,37.53,4936800,37.42
9/20/2004,37.94,37.85,38.295,37.795,2637800,38.06
9/21/2004,38.165,37.995,38.385,37.93,3407600,37.94
9/22/2004,37.68,38.05,38.055,37.53,3450400,38.165
9/23/2004,37.25,37.68,37.74,37.065,3271000,37.68
9/24/2004,37.38,37.1,37.63,37.1,3156400,37.25
9/27/2004,37.21,37.11,37.35,37.005,2538400,37.38
9/28/2004,38.45,37.275,38.955,37.27,9189800,37.21
9/29/2004,40.25,38.625,40.275,38.51,14206000,38.45
9/30/2004,40.225,40.2,40.65,39.925,8609600,40.25
10/1/2004,40.3,40.22,40.485,39.96,7252000,40.225
10/4/2004,40.625,40.375,40.995,40.375,5685000,40.3
10/5/2004,40.185,40.625,40.655,40.045,4108800,40.625
10/6/2004,40.5,40.185,40.5,40.07,3496600,40.185
10/7/2004,40,40.65,40.825,39.945,4044600,40.5
10/8/2004,39.75,40.005,40.125,39.605,3201000,40
10/11/2004,39.705,39.75,40.15,39.605,1914400,39.75
10/12/2004,39.87,39.585,40.125,39.25,3672000,39.705
10/13/2004,39.545,39.875,39.875,39.025,7324800,39.87
10/14/2004,39.75,39.545,39.97,39.22,5252800,39.545
10/15/2004,40.545,39.755,40.865,39.75,6098200,39.75
10/18/2004,40.565,40.505,40.58,40.075,4689400,40.545
10/19/2004,40.435,40.665,40.995,40.14,5197200,40.565
10/20/2004,40.395,40.56,40.865,40.045,5131200,40.435
10/21/2004,38.515,40.19,40.42,38.375,16269200,40.395
10/22/2004,38.67,39.015,39.5,38.65,9025000,38.515
10/25/2004,39.17,38.675,39.31,38.525,4387800,38.67
10/26/2004,39.705,39.1,39.76,39.1,4759400,39.17
10/27/2004,40.4,39.58,40.54,39.495,6479400,39.705
10/28/2004,39.765,40.2,40.33,39.515,6464400,40.4
10/29/2004,40.27,39.77,40.39,39.745,3871200,39.765
11/1/2004,40.92,40.45,40.955,40.34,5245800,40.27
11/2/2004,40.995,40.985,41.64,40.805,6079200,40.92
11/3/2004,42.125,42,42.24,41.78,6920200,40.995
11/4/2004,42.94,42.235,43.16,41.95,7655400,42.125
11/5/2004,43.585,43.1,43.925,42.965,7455600,42.94
11/8/2004,43.505,43.505,43.745,43.095,4181000,43.585
11/9/2004,44.155,43.4,44.27,43.36,5526200,43.505
11/10/2004,44.37,44.255,44.495,44.025,5291400,44.155
11/11/2004,44.925,44.49,45,44.46,4492000,44.37
11/12/2004,44.985,44.975,44.985,44.295,4662600,44.925
11/15/2004,44.845,44.91,45.325,44.7,4194000,44.985
11/16/2004,44.94,44.97,45.25,44.575,4628600,44.845
11/17/2004,45.44,45.45,45.735,45.08,3939400,44.94
11/18/2004,45.72,45.44,45.89,45.065,3567400,45.44
11/19/2004,45.09,45.72,45.72,45.05,3919800,45.72
11/22/2004,45.05,45.125,45.465,44.804,3692000,45.09
11/23/2004,45.445,45.7,45.875,45.005,5179800,45.05
11/24/2004,46.03,45.5,46.05,45.365,3674000,45.445
11/26/2004,46.4,46.125,46.44,46.045,1418600,46.03
11/29/2004,45.58,46.4,46.6,45.38,5228000,46.4
11/30/2004,45.775,45.4,45.89,45.1,4187600,45.58
12/1/2004,46.325,45.775,46.33,45.7682,3336400,45.775
12/2/2004,45.865,46.325,46.325,45.53,3411400,46.325
12/3/2004,45.46,45.74,45.915,45.05,4909600,45.865
12/6/2004,45.285,45.465,45.7,45.205,2917000,45.46
12/7/2004,45.41,45.41,46.29,45.355,4531200,45.285
12/8/2004,45.315,45.41,45.53,45.01,3430600,45.41
12/9/2004,45.735,45.1,45.875,44.595,5305200,45.315
12/10/2004,45.81,45.735,46.045,45.5,2900600,45.735
12/13/2004,46.99,46.175,46.995,45.965,4642000,45.81
12/14/2004,46.85,46.985,47.115,46.175,4624000,46.99
12/15/2004,47.44,46.855,47.59,46.79,4284200,46.85
12/16/2004,47.395,47.45,47.865,46.945,4969200,47.44
12/17/2004,47.12,47.395,47.585,46.83,5976800,47.395
12/20/2004,47.175,47.45,47.65,47.05,3040600,47.12
12/21/2004,48.13,47.425,48.22,47.285,4318800,47.175
12/22/2004,48.575,48.265,48.715,48.13,3604600,48.13
12/23/2004,48.655,48.575,48.905,48.45,2178000,48.575
12/27/2004,48.05,48.74,48.995,47.95,2452000,48.655
12/28/2004,49.235,48.315,49.275,48.3,2803000,48.05
12/29/2004,49.235,49,49.36,48.9,2533600,49.235
12/30/2004,48.77,49.24,49.3,48.77,2396200,49.235
12/31/2004,48.755,48.775,49,48.585,1651400,48.77
1/3/2005,47.535,48.05,48.575,47.27,6294000,48.755
1/4/2005,47.01,48.025,48.15,46.665,7579400,47.535
1/5/2005,46.11,47.125,47.225,46.11,5933000,47.01
1/6/2005,46.79,46.2,47.28,46.11,6300400,46.11
1/7/2005,46.69,46.835,47.15,46.575,5815400,46.79
1/10/2005,46.26,46.75,46.85,46.195,4819400,46.69
1/11/2005,45.62,46.26,46.26,45.555,5896000,46.26
1/12/2005,46.185,46,46.25,45.37,8387600,45.62
1/13/2005,46.43,46.1,46.565,46.08,6702200,46.185
1/14/2005,46.845,46.745,47.015,46.495,3825000,46.43
1/18/2005,46.265,46.655,46.75,45.95,4624600,46.845
1/19/2005,45.755,46.15,46.34,45.75,5838800,46.265
1/20/2005,45.04,45.755,45.78,44.96,5108600,45.755
1/21/2005,44.615,44.965,45.48,44.38,6873600,45.04
1/24/2005,44.06,44.775,44.865,44.06,5634200,44.615
1/25/2005,45.25,44.37,45.25,44.065,5999600,44.06
1/26/2005,45.56,45.25,45.82,44.95,6353600,45.25
1/27/2005,43.26,43.7,44.12,43.2,21820600,45.56
1/28/2005,43.73,43.5,44.06,43.425,8176600,43.26
1/31/2005,44.55,44,44.825,43.83,6675200,43.73
2/1/2005,45.06,44.8,45.27,44.575,4816400,44.55
2/2/2005,45.505,45.045,45.725,44.785,6762800,45.06
2/3/2005,45.9,45.26,46.015,45.135,5226800,45.505
2/4/2005,45.95,45.9,46.095,45.495,6606200,45.9
2/7/2005,45.68,45.95,46.095,45.62,3717400,45.95
2/8/2005,45.74,45.7,45.91,45.315,3357200,45.68
2/9/2005,45.32,45.74,45.995,45.25,3795800,45.74
2/10/2005,46.03,45.5,46.205,45.455,3192400,45.32
2/11/2005,46.39,46.15,46.58,45.65,4657200,46.03
2/14/2005,46.11,46.57,46.595,45.935,2403400,46.39
2/15/2005,45.75,46.01,46.29,45.49,6315800,46.11
2/16/2005,46.27,45.625,46.41,45.555,4561000,45.75
2/17/2005,45.91,46.27,46.52,45.85,3429400,46.27
2/18/2005,45.42,45.91,45.925,45.36,4446600,45.91
2/22/2005,44.73,45.305,45.705,44.71,5110400,45.42
2/23/2005,45.23,44.955,45.385,44.825,3099800,44.73
2/24/2005,46.58,45.375,46.69,45.355,4545600,45.23
2/25/2005,47.41,46.54,47.645,46.375,6088600,46.58
2/28/2005,47.525,47.3,48.125,46.93,6592000,47.41
3/1/2005,48.685,47.485,48.8,47.22,9691800,47.525
3/2/2005,48.585,48.315,48.9,48.3108,6762000,48.685
3/3/2005,48.87,48.585,48.9268,48.085,5446400,48.585
3/4/2005,49.98,48.925,49.98,48.625,8097200,48.87
3/7/2005,49.45,49.95,49.95,49.275,4778200,49.98
3/8/2005,49.5,49.55,49.885,49.2,4963000,49.45
3/9/2005,48.405,49.25,49.305,48.375,5756400,49.5
3/10/2005,49.13,48.495,49.48,48.385,7010600,48.405
3/11/2005,49.5,49.13,49.79,48.92,5681600,49.13
3/14/2005,48.265,48.95,49.125,48.09,8236400,49.5
3/15/2005,48.375,48.38,48.675,48.15,5437600,48.265
3/16/2005,48.135,48.375,48.63,47.755,4454400,48.375
3/17/2005,48.41,48.2,48.625,48.18,3418000,48.135
3/18/2005,48.2,48.75,48.935,47.765,8865800,48.41
3/21/2005,48.09,48.2,48.525,47.9,3360200,48.2
3/22/2005,47.355,48.275,48.44,47.28,4645200,48.09
3/23/2005,46.82,47.385,47.49,46.765,5009600,47.355
3/24/2005,46.79,46.925,47.37,46.79,3649400,46.82
3/28/2005,47.11,46.795,47.275,46.51,4184800,46.79
3/29/2005,44.9,46.7,47,44.805,12334200,47.11
3/30/2005,45.74,45.235,45.86,45.195,6591400,44.9
3/31/2005,45.72,45.75,46.025,45.33,4560600,45.74
4/1/2005,45.075,46,46.125,44.915,6366800,45.72
4/4/2005,45.105,44.9,45.365,44.535,6504800,45.075
4/5/2005,45.18,45.215,45.3,44.675,4557000,45.105
4/6/2005,45.695,45.305,45.78,45.305,4596000,45.18
4/7/2005,45.79,45.65,45.93,45.45,3512800,45.695
4/8/2005,45.345,45.99,46,45.325,3612000,45.79
4/11/2005,45.085,45.255,45.565,45.045,3357800,45.345
4/12/2005,45.695,45.085,45.75,44.58,4976400,45.085
4/13/2005,44.3,45.62,45.62,44.17,6272200,45.695
4/14/2005,42.7,44.295,44.5,42.65,9814000,44.3
4/15/2005,41.73,42.7,42.75,41.46,9301000,42.7
4/18/2005,41.79,41.82,42.38,41.305,6255800,41.73
4/19/2005,42.475,42.2,42.84,42.195,6884200,41.79
4/20/2005,44.02,44.8,45,43.835,17638800,42.475
4/21/2005,44.83,44.15,44.95,43.75,9535600,44.02
4/22/2005,44.905,44.83,45.2,44.375,6380400,44.83
4/25/2005,45.565,45.225,45.87,45.045,5848800,44.905
4/26/2005,44.43,45.57,45.67,44.375,5689600,45.565
4/27/2005,44.025,44.235,44.235,43.16,7995200,44.43
4/28/2005,43.35,44.025,44.14,43.195,5696200,44.025
4/29/2005,44.025,43.8,44.125,43.015,5593200,43.35
5/2/2005,44.2,44.11,44.215,43.63,3609200,44.025
5/3/2005,43.79,44.2,44.325,43.61,5118800,44.2
5/4/2005,44.71,43.915,44.84,43.915,3899000,43.79
5/5/2005,44.925,44.71,45.135,44.65,4534600,44.71
5/6/2005,45.08,45.63,45.63,45.025,4641600,44.925
5/9/2005,45.14,45.08,45.35,44.985,3009400,45.08
5/10/2005,44.825,45.05,45.05,44.675,4120000,45.14
5/11/2005,45.45,44.9,45.565,44.55,4582600,44.825
5/12/2005,44.44,45.475,45.65,44.4,7342800,45.45
5/13/2005,44.5,44.5,45.11,44.27,6188800,44.44
5/16/2005,45.19,44.505,45.275,44.35,3781200,44.5
5/17/2005,45.98,45.315,46.03,45.05,4603800,45.19
5/18/2005,46.76,46,47,46,4985000,45.98
5/19/2005,46.75,46.745,46.9,46.4,2762600,46.76
5/20/2005,46.815,46.925,46.925,46.35,2659200,46.75
5/23/2005,47.02,46.775,47.37,46.775,2723600,46.815
5/24/2005,46.915,47,47.02,46.575,2201800,47.02
5/25/2005,46.235,46.65,46.71,46.06,3393200,46.915
5/26/2005,47.215,46.36,47.235,46.36,2630800,46.235
5/27/2005,47.155,47.2,47.28,46.795,1793800,47.215
5/31/2005,47.055,47.16,47.485,46.775,3546400,47.155
6/1/2005,47.735,46.975,48.275,46.9,5041000,47.055
6/2/2005,47.59,47.745,48,47.45,2719400,47.735
6/3/2005,46.985,47.525,47.8,46.875,3270800,47.59
6/6/2005,47.075,47.08,47.46,46.91,2420600,46.985
6/7/2005,47.265,47.11,47.955,47.04,3286200,47.075
6/8/2005,48.29,48,48.455,47.75,7878000,47.265
6/9/2005,48.725,48.475,49.29,48.395,5370200,48.29
6/10/2005,48.51,48.925,49.025,48.125,4947600,48.725
6/13/2005,48.79,48.525,49.525,48.33,4168600,48.51
6/14/2005,49.285,48.8,49.455,48.64,3809400,48.79
6/15/2005,49.29,49.29,49.475,48.69,3306600,49.285
6/16/2005,49.155,49.45,49.53,48.915,4159800,49.29
6/17/2005,50.1,49.5,50.42,49.25,7572800,49.155
6/20/2005,50.4,50,50.675,49.74,4247800,50.1
6/21/2005,51.1,50.6,51.49,50.57,6815200,50.4
6/22/2005,50.285,51,51.12,50.25,4390000,51.1
6/23/2005,49.235,50.25,50.25,49.175,5940200,50.285
6/24/2005,48.43,49.235,49.32,48.2,7026800,49.235
6/27/2005,48.46,48.43,49,48.01,3741600,48.43
6/28/2005,48.9,48.625,48.995,48.52,5434200,48.46
6/29/2005,48.32,48.9,49.275,48.25,6020000,48.9
6/30/2005,47.655,48.15,48.515,47.64,6724600,48.32
7/1/2005,47.965,47.875,48.05,47.755,4250400,47.655
7/5/2005,48.085,47.925,48.25,47.69,4409400,47.965
7/6/2005,47.65,47.8,48.04,47.425,5080800,48.085
7/7/2005,48.675,47.655,48.755,47.5,5609400,47.65
7/8/2005,49.35,48.875,49.715,48.625,5812600,48.675
7/11/2005,49.985,49.715,50.075,49.4,4666200,49.35
7/12/2005,49.48,49.985,49.995,49.2,7609000,49.985
7/13/2005,49.92,49.48,49.9335,49.31,15703400,49.48
7/14/2005,51,50.2,51.1,49.5,7034200,49.92
7/15/2005,50.67,51,51,50.22,5129900,51
7/18/2005,50.82,50.75,51.4,50.71,4320900,50.67
7/19/2005,53.4,52.37,53.42,52.26,13785000,50.82
7/20/2005,53.2,53.09,53.6,52.22,10225600,53.4
7/21/2005,52.3,53.27,53.45,52.05,8321900,53.2
7/22/2005,52.41,52.75,52.84,51.76,5119900,52.3
7/25/2005,51.85,52.55,52.67,51.62,3809700,52.41
7/26/2005,51.82,52,52.23,51.61,2777900,51.85
7/27/2005,52.79,52,52.79,51.61,5410800,51.82
7/28/2005,54.45,53,54.6,52.8,7656500,52.79
7/29/2005,53.91,54.05,54.34,53.35,5422800,54.45
8/1/2005,54.02,54.2,54.45,53.75,3024800,53.91
8/2/2005,54.46,54.05,54.57,53.92,3051200,54.02
8/3/2005,54.39,54.23,54.46,53.98,3224000,54.46
8/4/2005,54.02,54.06,54.23,53.72,2862700,54.39
8/5/2005,53.61,54,54.15,53.43,2600800,54.02
8/8/2005,53.68,53.98,54.24,53.5,2043100,53.61
8/9/2005,54.34,54,54.4,53.67,2262400,53.68
8/10/2005,55,54.63,55.59,54.56,4334700,54.34
8/11/2005,55.5,55.15,55.5,54.83,2758900,55
8/12/2005,54.8,55.36,55.37,54.5,2448300,55.5
8/15/2005,55.26,55.21,55.36,54.56,1772700,54.8
8/16/2005,53.69,54.4,54.9,53.61,4933500,55.26
8/17/2005,53.46,53.6,53.85,53.24,2256600,53.69
8/18/2005,53.15,53.35,53.4,52.7,2804500,53.46
8/19/2005,54.82,53.4,54.95,53.14,4110700,53.15
8/22/2005,54.81,55,55.5,54.54,3190000,54.82
8/23/2005,54.69,54.85,55.17,54.26,2297700,54.81
8/24/2005,53.21,54.6,54.61,53.01,3836800,54.69
8/25/2005,53.4,53.22,54.04,53.2,2792200,53.21
8/26/2005,53.49,53.9,53.99,53.14,2675700,53.4
8/29/2005,53.7,53.15,53.9,53.05,2364500,53.49
8/30/2005,53.78,53.4,53.91,52.94,2737400,53.7
8/31/2005,55.49,54.11,55.65,53.88,6101900,53.78
9/1/2005,56.94,55.97,57,55.8,6425300,55.49
9/2/2005,58.25,57.2,58.8,57,7003500,56.94
9/6/2005,58.51,57.78,58.81,57.45,7799500,58.25
9/7/2005,59.07,58.949,59.13,58.48,4965600,58.51
9/8/2005,58.33,58.2,59.23,57.88,3982000,59.07
9/9/2005,58.86,58.75,58.95,58.41,2658000,58.33
9/12/2005,59.29,58.95,59.29,58.75,2439500,58.86
9/13/2005,59.4,59.32,59.88,58.89,3694400,59.29
9/14/2005,58.3,59.4,59.59,58.16,2990000,59.4
9/15/2005,57.74,58.33,58.53,57.36,3497100,58.3
9/16/2005,57.72,58,58.17,57.08,4872600,57.74
9/19/2005,56.97,57.7,58.12,56.64,3391500,57.72
9/20/2005,56.81,57.45,57.82,56.69,3755900,56.97
9/21/2005,57.11,56.7,57.58,56.36,4223300,56.81
9/22/2005,58,58,58.6,57.78,4261300,57.11
9/23/2005,58.92,58.38,59.1,58.15,3185400,58
9/26/2005,58.34,58.4,58.55,57.59,4682900,58.92
9/27/2005,58.72,58.4,58.97,57.9,3437900,58.34
9/28/2005,57.55,59.46,59.56,57,3868600,58.72
9/29/2005,57.99,57.56,58.24,57.27,3083200,57.55
9/30/2005,58.75,58.28,59.14,58.01,3998300,57.99
10/3/2005,59.01,58.76,59.23,58.55,2598600,58.75
10/4/2005,57.78,58.9,59.84,57.75,3695800,59.01
10/5/2005,56.22,56.8,57.17,56.21,5207900,57.78
10/6/2005,55.19,56.35,56.35,54.5,6345300,56.22
10/7/2005,56.62,55.52,56.9,55.5,3593100,55.19
10/10/2005,55.57,56.55,56.8,55.08,3294500,56.62
10/11/2005,55.56,55.86,56.54,55.5,3296200,55.57
10/12/2005,54.76,55.65,56.23,54.49,5345800,55.56
10/13/2005,54,54.56,54.96,53.28,6138100,54.76
10/14/2005,54.74,54.4,54.91,54.34,4334400,54
10/17/2005,55.03,55.2,55.39,54.47,3286800,54.74
10/18/2005,53.96,54.87,54.88,53.95,3535100,55.03
10/19/2005,55.43,53.97,55.45,53.33,3169600,53.96
10/20/2005,54.03,55.18,56.5,53.39,4197800,55.43
10/21/2005,48.92,49.26,50.42,48.25,27364600,54.03
10/24/2005,50.31,49.5,50.35,49.45,8564900,48.92
10/25/2005,50.29,50.43,50.62,49.98,6928900,50.31
10/26/2005,50.55,50.3,51.15,49.96,4675500,50.29
10/27/2005,49.9,50.45,50.6,49.75,5288300,50.55
10/28/2005,51.07,50.15,51.36,49.81,4308800,49.9
10/31/2005,52.59,52,53.15,51.68,6600400,51.07
11/1/2005,52.72,52.61,53.18,52.35,6539500,52.59
11/2/2005,53.69,52.85,54.02,52.81,4270400,52.72
11/3/2005,53.48,54.1,54.51,53.45,6196500,53.69
11/4/2005,53.55,53.76,53.94,53.4,3205900,53.48
11/7/2005,54.25,53.75,54.66,53.4,3196900,53.55
11/8/2005,54.25,54.25,54.69,53.731,3602300,54.25
11/9/2005,54.1,54.26,54.54,53.85,2819200,54.25
11/10/2005,54.69,53.93,54.91,53.82,2939600,54.1
11/11/2005,54.87,54.82,54.99,54.28,1872100,54.69
11/14/2005,55.43,54.8,55.49,54.62,3049000,54.87
11/15/2005,55.9,55.4,55.96,55.38,3923000,55.43
11/16/2005,56.73,55.9,57.26,55.9,4577900,55.9
11/17/2005,57.47,56.98,57.5,56.58,4299800,56.73
11/18/2005,57.28,58,58,56.871,4075100,57.47
11/21/2005,57.71,57.1,57.81,56.69,2666000,57.28
11/22/2005,58.76,57.71,58.9,57.4,3231900,57.71
11/23/2005,58.01,58.6,58.61,57.86,2714100,58.76
11/25/2005,57.95,58.02,58.48,57.89,815500,58.01
11/28/2005,57.45,57.98,58.22,57.12,2200900,57.95
11/29/2005,57.1,57.45,57.8,56.94,3592600,57.45
11/30/2005,57.78,57.25,57.99,57.2,2709100,57.1
12/1/2005,59,58,59.03,57.84,3140300,57.78
12/2/2005,58.81,58.9,59.45,58.4,2262100,59
12/5/2005,58.33,58.65,59.14,57.82,3191600,58.81
12/6/2005,58.8,58.25,59.29,57.99,2689400,58.33
12/7/2005,57.78,58.8,59.08,57.5,3164300,58.8
12/8/2005,57.34,57.63,58.19,57.07,2813800,57.78
12/9/2005,58.09,57.59,58.41,57.31,2288300,57.34
12/12/2005,58.03,58.02,58.54,58,1381900,58.09
12/13/2005,58.97,57.93,59.42,57.8,2670600,58.03
12/14/2005,58.75,58.73,59,58.1,2373800,58.97
12/15/2005,58.71,59.05,59.5,58.62,2555400,58.75
12/16/2005,59.64,59,59.75,58.82,5106100,58.71
12/19/2005,56.83,58.65,59,56.36,5654800,59.64
12/20/2005,56.74,57,57.72,56.58,3488000,56.83
12/21/2005,57.08,57.1,57.74,56.76,2874900,56.74
12/22/2005,58.45,57.4,58.71,57.325,3101000,57.08
12/23/2005,58.51,58.46,58.85,58.24,1331800,58.45
12/27/2005,57.89,58.52,59.39,57.88,2143000,58.51
12/28/2005,57.84,58.05,58.19,57.37,2213900,57.89
12/29/2005,58.14,57.9,58.79,57.88,1619900,57.84
12/30/2005,57.77,57.85,58.1,57.571,2047500,58.14
1/3/2006,57.8,57.87,58.11,57.05,3697500,57.77
1/4/2006,59.27,57.95,59.43,57.55,4577200,57.8
1/5/2006,59.27,59.02,59.86,59,4590700,59.27
1/6/2006,60.45,59.47,60.76,59.38,5692300,59.27
1/9/2006,61.55,60.45,61.68,60.45,4409300,60.45
1/10/2006,61.3,61.35,61.5232,60.64,3188100,61.55
1/11/2006,61.33,60.87,61.64,60.7,2755600,61.3
1/12/2006,62.21,61.23,62.66,61.11,5322500,61.33
1/13/2006,62.33,62.02,62.49,61.87,1936700,62.21
1/17/2006,62.96,61.69,63.1499,61.65,3623300,62.33
1/18/2006,61.87,62.36,62.72,61.7,3650400,62.96
1/19/2006,62.51,62.05,63,61.9,2375600,61.87
1/20/2006,60.78,62.51,62.51,60.48,4441300,62.51
1/23/2006,61.04,60.75,61.44,60.26,2710500,60.78
1/24/2006,61.35,61.021,61.86,60.75,3291600,61.04
1/25/2006,62.07,61.5,63.25,61.11,4772400,61.35
1/26/2006,65.17,63.3,65.439,62.3,10318100,62.07
1/27/2006,67.53,65.9,68.37,65.15,7588000,65.17
1/30/2006,67.01,66.53,68.12,66.3196,5077400,67.53
1/31/2006,67.9,67,68.17,66.64,5674400,67.01
2/1/2006,69.24,67.923,69.34,67.9,4826100,67.9
2/2/2006,68.39,68.75,69.1,67.99,4605500,69.24
2/3/2006,68.13,68.2,68.97,67.75,3529800,68.39
2/6/2006,68.7,68.5,68.82,68,3745900,68.13
2/7/2006,67.16,68.3,68.34,66.93,4909100,68.7
2/8/2006,68.81,67.75,68.89,67.36,3569100,67.16
2/9/2006,68.45,69,69.75,68.233,4017700,68.81
2/10/2006,68.75,68.15,68.87,67.78,3167900,68.45
2/13/2006,68.62,68.3,69.06,67.88,2838400,68.75
2/14/2006,70.22,69,70.41,68.23,4532600,68.62
2/15/2006,71.6,69.93,71.65,69.902,4396500,70.22
2/16/2006,71.96,71.79,72,71.39,3483300,71.6
2/17/2006,72.05,72,72.39,71.71,4767900,71.96
2/21/2006,72.59,72,72.79,71.68,3956800,72.05
2/22/2006,73.06,72.59,73.73,72.54,5532000,72.59
2/23/2006,72.35,73.07,73.09,71.9,4974100,73.06
2/24/2006,72.7,72.5,72.92,71.76,2924100,72.35
2/27/2006,73.5,73.3,73.99,73.0001,3217900,72.7
2/28/2006,73.08,73.1,73.36,72.4,4444400,73.5
3/1/2006,74.39,73.13,74.94,72.9457,4193400,73.08
3/2/2006,74.34,74.39,74.62,73.81,2247700,74.39
3/3/2006,74.61,74.319,75.5,74.11,3397300,74.34
3/6/2006,73.22,74.61,74.88,72.5,5497000,74.61
3/7/2006,73.04,73.01,74.02,72.21,4904800,73.22
3/8/2006,72.4,73.02,73.05,70.3432,7726100,73.04
3/9/2006,71.4,72.43,72.52,71.25,5101600,72.4
3/10/2006,70.95,71.35,72.01,70.38,5996900,71.4
3/13/2006,71,71.45,71.75,70.79,3401500,70.95
3/14/2006,71.94,71.022,72.28,71,4048600,71
3/15/2006,74.29,72.11,74.7,71.94,5212600,71.94
3/16/2006,74.9,74.93,75.39,74.38,5802800,74.29
3/17/2006,76.23,75.58,76.35,74.45,7015600,74.9
3/20/2006,75.85,76.88,77.11,75.63,4217900,76.23
3/21/2006,74.31,75.9,76.27,74.19,4594400,75.85
3/22/2006,76.21,74.6,76.45,74.38,3636000,74.31
3/23/2006,76.26,76.4,77.21,75.75,4874800,76.21
3/24/2006,75.5,76.26,76.66,75.17,4321200,76.26
3/27/2006,75.38,75.88,76.16,75.03,2579100,75.5
3/28/2006,74.87,75.55,76.23,74.71,3726800,75.38
3/29/2006,73.67,73.25,73.98,72.55,6588100,74.87
3/30/2006,72.4,73.65,74.35,72.16,5283600,73.67
3/31/2006,71.81,72.4,72.4599,71.3,4316800,72.4
4/3/2006,73.5,72.71,75.48,72.56,5885200,71.81
4/4/2006,75.3,74.1,75.52,73.49,4606100,73.5
4/5/2006,75.8,75.5,76.15,74.6001,4758400,75.3
4/6/2006,75.65,75.5,76.08,75.01,3679300,75.8
4/7/2006,74.92,75.6,76.05,74.66,4262900,75.65
4/10/2006,75.45,74.93,75.92,74.92,4040400,74.92
4/11/2006,76.66,76.22,76.74,75.5,5325200,75.45
4/12/2006,77.84,76.84,78.25,76.84,6412900,76.66
4/13/2006,76.94,77.2,77.77,76.41,4209000,77.84
4/17/2006,76.45,77.49,78.8,76.29,5469400,76.94
4/18/2006,78.91,77.05,79.1,76.82,7702500,76.45
4/19/2006,78.97,79.05,79.95,78.35,4648100,78.91
4/20/2006,77.97,78.99,79.32,77.25,3850300,78.97
4/21/2006,77.87,79.45,80,77.6,6891700,77.97
4/24/2006,77.38,78.25,79.72,76.73,11226000,77.87
4/25/2006,74.93,77.28,77.28,74.77,7537200,77.38
4/26/2006,75.95,76.06,76.8,75.61,4613000,74.93
4/27/2006,75.06,74.99,75.65,73.85,6142000,75.95
4/28/2006,75.74,75.5,76.1,75.1,4432600,75.06
5/1/2006,75.63,76.2,76.61,75.41,4253100,75.74
5/2/2006,77.48,75.94,77.66,75.82,3857500,75.63
5/3/2006,78.1,77.95,78.23,76.6,3639700,77.48
5/4/2006,78.81,78.5,79.13,78.32,3640800,78.1
5/5/2006,79.98,79.58,80.89,79.4,6022700,78.81
5/8/2006,79.9,79.99,80.12,78.91,2725300,79.98
5/9/2006,81.14,80,81.14,79.99,2969300,79.9
5/10/2006,80.97,81.39,82.03,80.25,3969300,81.14
5/11/2006,79.62,80.97,81.3,79.34,4367800,80.97
5/12/2006,77.81,79.25,79.5,77.68,4548800,79.62
5/15/2006,77.47,77.81,77.9,76.22,4918800,77.81
5/16/2006,77.34,77.96,78.97,77.12,3756300,77.47
5/17/2006,75.91,76.39,77.16,75.01,6110900,77.34
5/18/2006,74.62,76.09,76.45,74.35,6260200,75.91
5/19/2006,72.78,74.99,75.08,72.1,10337600,74.62
5/22/2006,72.87,72,73.38,71.95,7286400,72.78
5/23/2006,73.72,73.71,74.75,73.67,5703800,72.87
5/24/2006,73.59,73.4,75.2,72.18,6464700,73.72
5/25/2006,73.96,73.72,74.08,72.44,3761000,73.59
5/26/2006,74.42,74.25,74.82,73.33,2748000,73.96
5/30/2006,72.16,74.43,74.44,72.06,4130200,74.42
5/31/2006,72.95,72.58,73.42,71.4,4032900,72.16
6/1/2006,73.29,72.71,73.47,71.86,2910300,72.95
6/2/2006,72.81,73.55,73.55,72.13,3731000,73.29
6/5/2006,69.33,72.8,72.81,68.81,6864100,72.81
6/6/2006,68.48,69.25,70.02,68.1,8730700,69.33
6/7/2006,66.74,68.7,68.75,66.41,9782100,68.48
6/8/2006,66.89,66.4,67.54,64.41,11897800,66.74
6/9/2006,67.52,67.89,69.05,67.3,7943000,66.89
6/12/2006,66.32,68.4,68.4,66.06,6336200,67.52
6/13/2006,66.33,65.63,67.5,65.41,6267900,66.32
6/14/2006,67.48,65.95,67.58,65.9001,5343500,66.33
6/15/2006,70.85,68.5,71.05,68.5,8440100,67.48
6/16/2006,70.55,70.85,71.37,70.35,6862100,70.85
6/19/2006,69.95,71,71.45,69.5,5341000,70.55
6/20/2006,70.99,70.38,71.64,70.2,5368800,69.95
6/21/2006,72.47,70.99,73.45,70.98,5502200,70.99
6/22/2006,72.28,72.6,72.66,71.36,3360500,72.47
6/23/2006,72.14,72.05,73.2499,71.15,3331200,72.28
6/26/2006,72.48,72.4,72.96,71.58,2525900,72.14
6/27/2006,71.65,71.6,72.97,71.52,2586300,72.48
6/28/2006,72.71,71.66,72.93,71.41,2922500,71.65
6/29/2006,74.4,72.85,74.69,72.68,5138300,72.71
6/30/2006,74.48,74.95,74.95,73.42,3921100,74.4
7/3/2006,74.77,74.92,75.43,74.48,1908300,74.48
7/5/2006,73.13,73.7,73.8,72.88,5035800,74.77
7/6/2006,73.65,73.12,74.24,72.95,3175700,73.13
7/7/2006,72.58,73.4,73.94,72.36,3334000,73.65
7/10/2006,73.27,72.75,74.1,72.5,2609100,72.58
7/11/2006,73.4,73.28,73.61,72.59,3400100,73.27
7/12/2006,71.31,73.02,73.2,71.14,3876700,73.4
7/13/2006,69.7,71.06,71.07,69.65,4981100,71.31
7/14/2006,69.19,70,70.29,68.8,5557000,69.7
7/17/2006,69.19,69.19,70.1899,69,5693500,69.19
7/18/2006,69.47,69.6,70.15,68.06,4852200,69.19
7/19/2006,71.12,69.47,71.79,68.38,5557600,69.47
7/20/2006,69.08,71.37,71.87,68.62,7217900,71.12
7/21/2006,68.35,71,71.1,67.1,14444700,69.08
7/24/2006,70.52,69.45,70.56,68.22,7135300,68.35
7/25/2006,70.66,70.5,71.02,69.33,5465200,70.52
7/26/2006,70.13,70.77,70.93,69.8,3527100,70.66
7/27/2006,70.72,70.5,72.62,70.24,6082700,70.13
7/28/2006,71.21,71.3,71.71,70.4,3027700,70.72
7/31/2006,70.87,71,71.66,70.45,3419800,71.21
8/1/2006,69.71,70.12,70.43,69.122,4518600,70.87
8/2/2006,70.75,69.92,71.21,69.92,3056500,69.71
8/3/2006,72.73,70.25,72.9,69.92,4899600,70.75
8/4/2006,73.1,73.47,74.08,72.24,5194900,72.73
8/7/2006,73.18,73.13,73.92,72.53,3873200,73.1
8/8/2006,71.6,73.19,73.43,71.27,4140400,73.18
8/9/2006,68.52,72.3,72.35,68.4,8318200,71.6
8/10/2006,68.32,68.75,69.04,68.06,6736000,68.52
8/11/2006,67.03,68.15,68.22,66.1501,7035600,68.32
8/14/2006,65.96,67.6,68.61,65.52,8324800,67.03
8/15/2006,67.41,66.46,67.46,65.9,6886500,65.96
8/16/2006,69.11,68.17,69.55,67.66,6774900,67.41
8/17/2006,69.36,69.11,70.04,68.7501,3738700,69.11
8/18/2006,68.31,69.75,69.75,67.69,5815800,69.36
8/21/2006,68.25,68.25,68.43,67.61,3925100,68.31
8/22/2006,68.5,68.42,69.1,68.11,3696500,68.25
8/23/2006,67.21,68.75,69.21,67.08,4572100,68.5
8/24/2006,65.5,67.21,67.22,64.75,8912100,67.21
8/25/2006,65.99,65.5,66.46,65.25,3964500,65.5
8/28/2006,66.07,66.13,66.99,65.82,3840800,65.99
8/29/2006,65.45,66.27,66.47,65.11,4912800,66.07
8/30/2006,65.06,65.1,65.73,64.82,4252000,65.45
8/31/2006,66.35,65.3,66.56,64.95,6410100,65.06
9/1/2006,67.27,66.67,67.8,65.95,5712000,66.35
9/5/2006,69.68,68.85,69.87,67.96,8504900,67.27
9/6/2006,69.13,69.01,70.4,69.01,5590000,69.68
9/7/2006,67.76,68.45,68.65,67.7,5196300,69.13
9/8/2006,67.32,68.1,68.2,67.27,4313300,67.76
9/11/2006,65.51,67.01,67.01,65.34,7895100,67.32
9/12/2006,65.15,65.75,66.04,64.6,12080700,65.51
9/13/2006,66.33,65.16,67.14,65.14,7132700,65.15
9/14/2006,65.51,66.33,66.67,65.45,3498800,66.33
9/15/2006,65.43,66.3,66.3,65.29,6409000,65.51
9/18/2006,66.99,65.51,67.6,65.5,5674400,65.43
9/19/2006,66.56,67.55,67.6,65.89,3997800,66.99
9/20/2006,65.88,66.95,67.25,65.85,4903400,66.56
9/21/2006,64.54,66.37,66.39,64.23,8954100,65.88
9/22/2006,62.77,64.54,64.6732,62.09,11133500,64.54
9/25/2006,64.33,62.97,64.9,62.76,7680700,62.77
9/26/2006,65.9,64.36,66.55,64.29,7622500,64.33
9/27/2006,65.68,65.9,66.85,65.14,5032800,65.9
9/28/2006,66.59,65.64,66.59,65.17,5875900,65.68
9/29/2006,65.8,67,67.06,65.75,4280000,66.59
10/2/2006,65.36,65.45,66.48,65.3,4272700,65.8
10/3/2006,65.11,65.37,65.71,64.49,5630500,65.36
10/4/2006,65.54,63.81,65.54,63.5,7107400,65.11
10/5/2006,68.24,65.4,68.81,65.3,12215700,65.54
10/6/2006,68.05,67.51,68.11,66.54,6587800,68.24
10/9/2006,68.9,67.8,69.95,67.78,6839600,68.05
10/10/2006,69.06,69.3,69.41,68.49,4698200,68.9
10/11/2006,68.32,68.8,68.81,67.52,3445200,69.06
10/12/2006,69.25,68.7,69.666,68.56,4324500,68.32
10/13/2006,69.08,69.45,69.45,68.68,3486100,69.25
10/16/2006,69.93,69.33,70.25,69,6686300,69.08
10/17/2006,69.9,69.68,70.12,68.57,6039100,69.93
10/18/2006,69.08,70.76,70.92,68.7,6579300,69.9
10/19/2006,69.02,68.69,69.15,68.0905,4939300,69.08
10/20/2006,59,61.96,62.28,58.82,67806100,69.02
10/23/2006,60.42,60,60.63,59.16,22143300,59
10/24/2006,60.93,61.3,61.8,60.73,11653800,60.42
10/25/2006,61.91,61.24,62.09,60.78,11557700,60.93
10/26/2006,62.35,62.7,62.78,62.11,10546100,61.91
10/27/2006,61.27,62.35,62.35,61.22,9045500,62.35
10/30/2006,60.76,61.17,61.19,60.49,5366100,61.27
10/31/2006,60.71,61,61.13,60.34,6959600,60.76
11/1/2006,60.5,60.71,61.02,60.06,9107900,60.71
11/2/2006,60.56,60.5,61.12,60.25,7880100,60.5
11/3/2006,60.43,60.63,60.93,60.25,6515000,60.56
11/6/2006,59.85,60.4,60.59,59.68,9579900,60.43
11/7/2006,59.92,59.97,60.4,59.86,7660000,59.85
11/8/2006,60.1,59.92,60.4,59.54,11510300,59.92
11/9/2006,59.2,60.31,60.4,59,7779700,60.1
11/10/2006,59.6,59.45,59.69,58.99,5966900,59.2
11/13/2006,59.52,59.26,60.21,59.24,5139300,59.6
11/14/2006,60.36,59.9,60.44,59.66,6206900,59.52
11/15/2006,61.45,60.5,61.66,60.37,8616700,60.36
11/16/2006,61.37,61.65,62.11,61.31,4834100,61.45
11/17/2006,60.94,61.37,61.37,60.45,7929700,61.37
11/20/2006,60.91,60.51,61.08,60.5,3759100,60.94
11/21/2006,62.19,60.55,62.4,60.2,9021500,60.91
11/22/2006,62.79,62.93,63.1,61.88,7213200,62.19
11/24/2006,62.87,62.45,63.33,62.12,2965900,62.79
11/27/2006,61.97,62.6,63.19,61.85,5817900,62.87
11/28/2006,61.6,61.75,61.96,60.6,6687700,61.97
11/29/2006,62.06,62.05,62.46,61.7,3592400,61.6
11/30/2006,62.03,62.15,62.7,61.61,3997000,62.06
12/1/2006,61.19,62.44,62.44,60.3,7193900,62.03
12/4/2006,61.49,61.39,61.79,60.95,4954800,61.19
12/5/2006,62.15,61.5,62.5,61.39,4508600,61.49
12/6/2006,63.05,62.3,63.1,62.04,6066400,62.15
12/7/2006,63,63.25,63.95,62.75,5392600,63.05
12/8/2006,63.4,63,63.88,63,4098700,63
12/11/2006,63.07,63.6,63.66,62.6599,4699700,63.4
12/12/2006,62.28,63,63.3,61.56,6698400,63.07
12/13/2006,61.49,62.48,62.5,61.29,5110800,62.28
12/14/2006,62.12,61.69,62.47,61.51,5352800,61.49
12/15/2006,61.82,62.64,62.74,61.75,5763800,62.12
12/18/2006,61.92,62.17,62.59,61.66,5307700,61.82
12/19/2006,61.52,61.47,62,61.15,4305100,61.92
12/20/2006,61.37,61.4,61.89,60.9,5606100,61.52
12/21/2006,60.81,61.15,61.53,60.38,3357700,61.37
12/22/2006,60.59,60.81,60.89,60.35,2788000,60.81
12/26/2006,60.9,60.5,61.13,60.49,1933100,60.59
12/27/2006,61.47,61,61.58,60.9,2773800,60.9
12/28/2006,61.31,61.38,61.85,61.27,2402500,61.47
12/29/2006,61.33,61.12,61.65,61.06,2363600,61.31
1/3/2007,61.16,61.71,62.31,60.7,6138900,61.33
1/4/2007,61,61.25,61.28,60.3448,4060200,61.16
1/5/2007,60.22,60.77,60.92,59.95,6267100,61
1/8/2007,60.29,60.09,60.57,59.86,3943000,60.22
1/9/2007,60.62,60.46,60.7,60,3929100,60.29
1/10/2007,60.32,60.19,60.39,59.85,6825100,60.62
1/11/2007,60,60.14,60.58,59.9,7440900,60.32
1/12/2007,59.74,59.66,59.9,59.2,6560800,60
1/16/2007,59.24,59.87,59.93,59.1,6843100,59.74
1/17/2007,59.91,59.36,60.68,59.25,7255600,59.24
1/18/2007,59.9,59.6,60.3,59.6,7027700,59.91
1/19/2007,59.37,60.1,60.2,59.28,5561700,59.9
1/22/2007,58.17,59.37,59.53,57.98,9881300,59.37
1/23/2007,59.56,58.43,59.56,58.17,8587900,58.17
1/24/2007,59.73,59.79,60.12,59.05,8017500,59.56
1/25/2007,59.63,59.85,60.12,59.38,7482500,59.73
1/26/2007,61.09,61.26,61.42,60.5,12450800,59.63
1/29/2007,61.7,61.29,62.29,61.07,9608800,61.09
1/30/2007,62.88,62.15,63.16,61.96,8954000,61.7
1/31/2007,64.07,63.14,64.34,62.98,9639100,62.88
2/1/2007,64.99,64.8,65.25,64.45,10273000,64.07
2/2/2007,65.25,65,65.37,64.55,5971800,64.99
2/5/2007,64.49,65.25,65.3,64.31,5265700,65.25
2/6/2007,64.42,64.5,64.95,64.32,4873100,64.49
2/7/2007,65.64,64.9,65.9015,64.65,6546400,64.42
2/8/2007,65.63,65.58,65.85,64.86,4528600,65.64
2/9/2007,64.8,65.99,65.99,64.69,5576200,65.63
2/12/2007,64.6,64.75,65.18,64.28,4977627,64.8
2/13/2007,64.73,64.7,65.18,64.31,4965188,64.6
2/14/2007,66.16,65.45,66.48,65.17,7526254,64.73
2/15/2007,67.62,68,68.2,67,9566900,66.16
2/16/2007,67.67,67.79,68.04,67.3,4250200,67.62
2/20/2007,67.93,67.54,68,67.01,6964300,67.67
2/21/2007,68.21,67.59,68.36,67.33,7225500,67.93
2/22/2007,67.78,68.25,68.43,67.33,4989400,68.21
2/23/2007,67.26,67.51,67.66,67.07,3777800,67.78
2/26/2007,67.26,67.51,67.77,67.07,3990310,67.26
2/27/2007,64.83,66.05,66.17,63.51,10824700,67.26
2/28/2007,64.43,64.67,65.06,63.01,9558400,64.83
3/1/2007,63.9,63.9,64.29,62.75,7994165,64.43
3/2/2007,63.04,63.4,64.16,62.94,6037500,63.9
3/5/2007,63.17,62.52,63.8,62.34,6722500,63.04
3/6/2007,63.62,63.56,64.13,63.19,5360600,63.17
3/7/2007,64.23,63.73,64.65,63.63,5284300,63.62
3/8/2007,64.3,64.56,64.99,64,4206200,64.23
3/9/2007,64.4,64.46,64.8,64.01,3267700,64.3
3/12/2007,64.57,64.3,64.89,63.63,4949100,64.4
3/13/2007,63.34,64.11,64.65,63.18,6297900,64.57
3/14/2007,63.64,63.21,63.78,62.58,6611900,63.34
3/15/2007,63.46,63.49,63.91,63.17,4547500,63.64
3/16/2007,63.16,63.72,64.11,62.9,5242507,63.46
3/19/2007,64.17,64.65,64.75,63.89,5076102,63.16
3/20/2007,64.86,64.17,65.18,64.01,4730800,64.17
3/21/2007,66.21,65.1,66.45,64.99,5865424,64.86
3/22/2007,66.54,66.62,66.87,65.94,4810807,66.21
3/23/2007,66.88,66.65,67.43,66.6,4127197,66.54
3/26/2007,66.84,67.45,67.72,66.26,7726878,66.88
3/27/2007,66.88,66.31,67.04,66.14,4266800,66.84
3/28/2007,66.24,66.55,66.74,65.75,4428700,66.88
3/29/2007,66.19,66.67,66.91,65.63,3752600,66.24
3/30/2007,67.03,66.7,67.69,66.65,6216500,66.19
4/2/2007,66.75,67.04,67.15,66.02,4917200,67.03
4/3/2007,67.24,67.21,67.7,66.84,5065355,66.75
4/4/2007,67.48,67.24,67.76,66.93,3257300,67.24
4/5/2007,67.63,67.48,68,67.4,3632707,67.48
4/9/2007,67.34,67.76,68.19,67.08,3780650,67.63
4/10/2007,66.95,67.2,67.55,66.4,3699985,67.34
4/11/2007,66.35,67,67.1728,66.05,3779732,66.95
4/12/2007,66.64,66.1,66.75,65.86,4017847,66.35
4/13/2007,66.79,66.95,67.03,66.33,3449689,66.64
4/16/2007,66.9,67.03,67.33,66.47,5126326,66.79
4/17/2007,67.66,67,67.76,66.8,7919095,66.9
4/18/2007,69.37,68.41,69.86,68.41,9469920,67.66
4/19/2007,68.62,68.7,68.93,68.08,6964783,69.37
4/20/2007,71.82,72.03,72.83,70.71,19017662,68.62
4/23/2007,71.85,72.2,73,71.74,10759210,71.82
4/24/2007,72.81,71.9,72.94,71.83,6847555,71.85
4/25/2007,73.23,73,73.49,72.01,5807574,72.81
4/26/2007,73,73.05,73.34,72.61,4511214,73.23
4/27/2007,73.76,72.6,74.1,72.5,6511780,73
4/30/2007,72.62,73.56,73.92,72.51,5221974,73.76
5/1/2007,73.24,72.6,73.31,71.78,5282992,72.62
5/2/2007,73.4,73.31,74.29,73.15,4355288,73.24
5/3/2007,73.36,73.31,73.69,72.89,4349602,73.4
5/4/2007,73.1,73.8,74.18,72.83,3468748,73.36
5/7/2007,72.67,72.95,73.42,72.38,3632588,73.1
5/8/2007,73.43,72.5,73.85,72.24,4548500,72.67
5/9/2007,74.75,73.4,74.76,73.3,5651927,73.43
5/10/2007,73.81,74.51,74.9,73.41,4537420,74.75
5/11/2007,74.88,74.1,75,73.85,5549483,73.81
5/14/2007,76.3,75,76.46,74.6,8043340,74.88
5/15/2007,76.01,76.03,76.84,75.79,5614050,76.3
5/16/2007,75.95,76.5,76.79,75.13,5897425,76.01
5/17/2007,74.84,75.18,75.2,73.85,7426400,75.95
5/18/2007,74.77,75.01,75.25,74.47,5199400,74.84
5/21/2007,74.85,74.77,75.26,74.32,4445700,74.77
5/22/2007,75.51,74.85,75.73,74.78,5171000,74.85
5/23/2007,76.03,75.88,77.25,75.81,5682658,75.51
5/24/2007,75.43,76.03,76.98,75.08,6316294,76.03
5/25/2007,75.71,75.37,76.59,75.35,3337402,75.43
5/29/2007,75.75,75.82,76.31,75.28,3817457,75.71
5/30/2007,78.48,75.4,78.64,75.3,8564674,75.75
5/31/2007,78.58,78.6,78.89,77.88,5738120,78.48
6/1/2007,78.14,78.85,79.46,77.74,6532140,78.58
6/4/2007,78.29,77.99,78.41,77.51,3227500,78.14
6/5/2007,78.65,78.12,78.88,77.8,3480865,78.29
6/6/2007,78.68,78.12,79.12,78,5395137,78.65
6/7/2007,77.31,78.43,79.28,77.1,6368448,78.68
6/8/2007,78.52,77.24,78.58,77.05,5266945,77.31
6/11/2007,78.75,78.32,79.46,78.06,3694052,78.52
6/12/2007,78.08,78.3,79.33,78.02,4579328,78.75
6/13/2007,79.93,78.46,79.97,78.01,7961800,78.08
6/14/2007,80.73,79.48,81,79.48,6189540,79.93
6/15/2007,81.11,81.55,81.6,81,5901000,80.73
6/18/2007,81.85,81.11,82.13,81.06,4548454,81.11
6/19/2007,82.49,81.85,82.8,81.58,4052300,81.85
6/20/2007,81.38,82.88,82.89,81.26,4162500,82.49
6/21/2007,81.47,81.01,81.63,80.22,5411873,81.38
6/22/2007,80.9,81.47,81.99,80.77,5135300,81.47
6/25/2007,80.7,80.65,81.58,80.15,4386500,80.9
6/26/2007,80.29,80.95,81.14,80.2,5537900,80.7
6/27/2007,79.51,80.02,80.29,78.44,7854800,80.29
6/28/2007,79.09,79.55,79.63,78.65,4736600,79.51
6/29/2007,78.3,79.02,79.35,77.53,7513500,79.09
7/2/2007,80.45,78.6,80.87,78.51,4867025,78.3
7/3/2007,77.99,79.19,79.19,77.6,6266966,80.45
7/5/2007,77.49,78,78.38,77.16,4410400,77.99
7/6/2007,78.81,77.76,79.14,77.6,4733100,77.49
7/9/2007,79.83,79.24,80.79,79.08,6499300,78.81
7/10/2007,81.22,80.02,81.84,80,10014122,79.83
7/11/2007,82.17,81.4,82.58,81.22,6649100,81.22
7/12/2007,84.09,82.98,84.15,82.17,7164075,82.17
7/13/2007,85.13,84.9,85.9,84.67,6341300,84.09
7/16/2007,85.9,85.97,86.49,85.26,6032870,85.13
7/17/2007,86.47,86.25,87,85.99,5679700,85.9
7/18/2007,86.23,85.98,86.98,84.83,7014854,86.47
7/19/2007,86.98,86.76,87,85.63,6260136,86.23
7/20/2007,83.2,79.75,83.2,78.26,38721885,86.98
7/23/2007,82,82.47,82.99,81.39,10071580,83.2
7/24/2007,81.66,81.82,82.37,80.91,8274612,82
7/25/2007,80.5,82.02,82.055,79.56,9410205,81.66
7/26/2007,78.29,79.48,80.83,76.8,11727186,80.5
7/27/2007,76.02,78.7,79.98,75.25,12588965,78.29
7/30/2007,77.04,76.99,77.75,75.67,6768097,76.02
7/31/2007,78.8,78.11,79.7,77.87,11029288,77.04
8/1/2007,80.13,78.61,80.28,78.08,10205070,78.8
8/2/2007,80.67,80.25,80.8,79,6634873,80.13
8/3/2007,78.96,80.11,81.4162,78.92,7816963,80.67
8/6/2007,81,79,81.11,77.65,7033530,78.96
8/7/2007,80.44,80.38,81.56,79.46,6449713,81
8/8/2007,80.9,80.3,82.13,79.69,6859597,80.44
8/9/2007,78.48,79.62,80.48,78.41,8140213,80.9
8/10/2007,77.55,77.68,78.5,76.89,8463980,78.48
8/13/2007,77.9,78.11,79.3,77.81,3866700,77.55
8/14/2007,76.77,77.91,78.21,76.59,5190900,77.9
8/15/2007,74.95,76.5,77.32,74.53,7455822,76.77
8/16/2007,73,73,74.11,70.59,16053007,74.95
8/17/2007,72.64,75.24,75.7,71.81,10763560,73
8/20/2007,74.05,72.97,74.8,72.23,6780400,72.64
8/21/2007,74.28,74.31,75,73.3,4737880,74.05
8/22/2007,75.3,75.25,76.24,74.88,5237600,74.28
8/23/2007,75.17,75.98,76.5,74.32,5548600,75.3
8/24/2007,76.32,75.43,76.41,74.8,3483400,75.17
8/27/2007,76,75.87,76.89,75.51,3136310,76.32
8/28/2007,74.16,75.98,76.24,74.09,4653200,76
8/29/2007,75.04,74.23,75.0975,73.35,4401300,74.16
8/30/2007,74.66,74.47,75.7,74.2,3579700,75.04
8/31/2007,75.77,75.66,76.28,75.21,3341500,74.66
9/4/2007,76.85,75.8,77.37,75.47,4471946,75.77
9/5/2007,75.54,76.25,76.95,75.06,4675800,76.85
9/6/2007,75.75,75.7,76.82,74.68,4617400,75.54
9/7/2007,73.44,74.2,74.5,73.1,6398300,75.75
9/10/2007,73.74,73.55,74.47,72.64,4762100,73.44
9/11/2007,73.89,74.1,74.78,73.5,4689000,73.74
9/12/2007,72.77,73.74,74,72.5,5681500,73.89
9/13/2007,72.99,73.17,73.4,72.62,4667110,72.77
9/14/2007,73.16,72.29,73.8,72.2,4029000,72.99
9/17/2007,73.69,73,74.6,73,4660850,73.16
9/18/2007,77.46,74.2,77.96,74.18,7461850,73.69
9/19/2007,77.91,78.66,80.17,77.65,7598050,77.46
9/20/2007,77.37,77.9,77.92,76.61,4515792,77.91
9/21/2007,78.16,78.14,78.36,77.37,5950250,77.37
9/24/2007,77.72,78.64,79.75,77.45,5683000,78.16
9/25/2007,76.37,76.98,77.31,75.97,6761000,77.72
9/26/2007,76.66,76.78,76.78,75.38,6032700,76.37
9/27/2007,77.47,77.03,78.03,76.75,4773400,76.66
9/28/2007,78.43,77.5,79,77.44,5644789,77.47
10/1/2007,79.56,78.91,80.04,78.43,4480096,78.43
10/2/2007,79.64,79.97,80.17,78.43,5049704,79.56
10/3/2007,78.56,79.64,79.65,78.05,4610399,79.64
10/4/2007,78.64,78.57,78.99,77.17,4305961,78.56
10/5/2007,80.33,79.01,81,79.01,6658300,78.64
10/8/2007,81.34,80.74,81.61,80.48,3633055,80.33
10/9/2007,82.51,81.69,82.74,81.08,4900063,81.34
10/10/2007,81.16,82.4,82.41,80.31,5167600,82.51
10/11/2007,79.44,81.53,81.76,78.62,6784370,81.16
10/12/2007,80.3,79.9,80.45,78.86,4482669,79.44
10/15/2007,78.84,80.1,80.1,77.75,6570500,80.3
10/16/2007,77.75,78.5,78.99,77.3,6320313,78.84
10/17/2007,77.13,78.35,78.86,76.25,7305650,77.75
10/18/2007,77.66,76.8,77.75,75.25,7795601,77.13
10/19/2007,73.57,74.61,75.7,72.8,19713638,77.66
10/22/2007,73.5,72.65,74.11,71.63,10290300,73.57
10/23/2007,74.42,73.8,74.6,73.09,7150883,73.5
10/24/2007,75.79,74,75.98,74,9153645,74.42
10/25/2007,74.67,75.24,75.85,73.58,6588985,75.79
10/26/2007,75.04,74.6,75.1,73.75,4844500,74.67
10/29/2007,73.9,75.01,75.36,73.8,6442362,75.04
10/30/2007,73.46,73.85,74.29,73.23,4090400,73.9
10/31/2007,74.61,73.41,75.16,73.25,6218312,73.46
11/1/2007,73.31,74.29,74.29,72.84,6177600,74.61
11/2/2007,74.76,73.51,75.13,72.57,5969147,73.31
11/5/2007,73.5,73.56,74.12,73.12,5986903,74.76
11/6/2007,74.92,73.56,75,73.5,5093435,73.5
11/7/2007,73.6,74.01,74.98,73.6,4673308,74.92
11/8/2007,72.43,73.66,73.83,71.82,9650263,73.6
11/9/2007,70.41,71.94,72.0948,69.67,8793613,72.43
11/12/2007,69.6,70.25,70.55,69.48,7589021,70.41
11/13/2007,71.07,70.09,71.3,69.03,7242987,69.6
11/14/2007,70.03,71.64,72,69.85,7505473,71.07
11/15/2007,69.73,69.89,70.65,69.29,7699524,70.03
11/16/2007,69.44,70.06,70.25,68.54,7640246,69.73
11/19/2007,68.2,69.4,69.5,67.41,7385631,69.44
11/20/2007,68.28,68.17,69.23,67.16,7487836,68.2
11/21/2007,67.94,67.58,68.73,67,6311193,68.28
11/23/2007,68.63,68.53,68.73,67.64,2459811,67.94
11/26/2007,67.83,68.76,69.71,67.75,4519968,68.63
11/27/2007,68.82,68.05,69.43,67.8956,7098800,67.83
11/28/2007,71.19,69.48,71.35,68.82,6637388,68.82
11/29/2007,71.72,71.1,72.34,70.75,5272174,71.19
11/30/2007,71.9,72.5,73.31,71.33,5655521,71.72
12/3/2007,72.06,71.41,72.68,71.03,5505447,71.9
12/4/2007,72.01,71.77,72.26,71.3,5083105,72.06
12/5/2007,72.71,72.6,73.03,72.21,4418205,72.01
12/6/2007,74.35,72.68,74.4,72.37,4659433,72.71
12/7/2007,74.2,74.34,74.77,73.71,3804456,74.35
12/10/2007,76.58,74.5,77.22,74.2,7569734,74.2
12/11/2007,73.72,76.85,77.26,73.66,8788462,76.58
12/12/2007,73.82,75.25,75.87,73.16,6841808,73.72
12/13/2007,74.22,73.5,74.51,73.29,4708171,73.82
12/14/2007,73.39,73.54,74.52,73.3,4083015,74.22
12/17/2007,71.16,72,72.15,70.91,9342734,73.39
12/18/2007,71.05,71.53,71.97,70.07,7376558,71.16
12/19/2007,70.84,70.92,71.68,70.1742,4243929,71.05
12/20/2007,71.51,71.21,71.84,70.71,3286515,70.84
12/21/2007,72.73,72.05,73.36,71.37,7344256,71.51
12/24/2007,72.7,73,73.21,72.1,2176023,72.73
12/26/2007,73.69,72.97,73.9299,72.45,3466428,72.7
12/27/2007,72.73,72.88,73.87,72.42,3338156,73.69
12/28/2007,73.16,73.01,73.65,72.9,3048262,72.73
12/31/2007,72.56,73,73.71,72.39,2639528,73.16
1/2/2008,70.63,72.56,72.67,70.05,6337713,72.56
1/3/2008,70.38,71.01,71.49,69.94,4386045,70.63
1/4/2008,68.53,69.65,69.94,68.1,7697145,70.38
1/7/2008,68.73,69,69.13,67.8,8790867,68.53
1/8/2008,67.15,68.94,69.49,67.04,7662764,68.73
1/9/2008,67.23,67.12,67.26,65.25,9845520,67.15
1/10/2008,67.41,66.6,68.2,65.54,6914570,67.23
1/11/2008,66.01,67.8,68.33,66,9247632,67.41
1/14/2008,67.27,66.73,67.5,65.84,8106700,66.01
1/15/2008,65.4,66.36,66.73,65.22,9354013,67.27
1/16/2008,64.27,65.21,66.2,63.9048,13079524,65.4
1/17/2008,62.47,64.33,64.83,62.14,11011399,64.27
1/18/2008,62.81,63.03,65.05,62.3,9225399,62.47
1/22/2008,63.82,59.6,64.45,59.6,9870387,62.81
1/23/2008,65.08,62.56,65.19,61.19,10895935,63.82
1/24/2008,65.25,65.3,65.97,64.21,8162582,65.08
1/25/2008,65.93,67.65,67.75,65.11,9286603,65.25
1/28/2008,68.21,66.69,68.63,64.97,10984078,65.93
1/29/2008,68.99,68.78,69.62,68.49,8283619,68.21
1/30/2008,68.44,68.83,70.47,68.29,7904738,68.99
1/31/2008,70.99,67.51,71.64,67.5,8827515,68.44
2/1/2008,71.76,71.15,72.17,70.6,6526344,70.99
2/4/2008,70.95,71.78,71.98,70.6,4565297,71.76
2/5/2008,67.52,69.84,70.1,67.52,11709373,70.95
2/6/2008,67.98,68.12,69.05,67.55,7304963,67.52
2/7/2008,68.32,67.55,68.9,67.32,6505969,67.98
2/8/2008,68.01,68.09,68.69,67.62,4495902,68.32
2/11/2008,69.42,68.12,69.43,67.56,4979233,68.01
2/12/2008,70,69.98,71.26,69.61,6703471,69.42
2/13/2008,71.65,70.61,71.91,70.15,7502026,70
2/14/2008,70.44,71.53,71.99,70.19,5418715,71.65
2/15/2008,69.95,70,70.34,69.18,5355755,70.44
2/19/2008,70.4,70.61,71.11,69.86,5415468,69.95
2/20/2008,71.25,69.93,71.5,69.46,4718196,70.4
2/21/2008,70.79,71.99,72.18,70.55,5371117,71.25
2/22/2008,71.18,70.95,71.65,69.82,5232970,70.79
2/25/2008,72.25,71.25,72.33,70.63,5190057,71.18
2/26/2008,73.3,72,73.76,71.78,6204295,72.25
2/27/2008,74.22,73,75.19,72.53,7163240,73.3
2/28/2008,74.39,73.83,74.7,73.15,6024477,74.22
2/29/2008,72.33,73.77,74.34,72,8823431,74.39
3/3/2008,73.2,72.1,73.61,72.1,6105142,72.33
3/4/2008,71.74,72.67,72.88,70.47,7998382,73.2
3/5/2008,71.85,72.02,72.77,70.89,7258976,71.74
3/6/2008,70.75,71.64,71.84,70.64,5442533,71.85
3/7/2008,69.84,70.04,71.11,68.9,6961008,70.75
3/10/2008,68.72,70,70.31,68.3,7145935,69.84
3/11/2008,72.61,69.52,72.73,69.52,7781608,68.72
3/12/2008,75.25,73.8,76.64,73.75,14346147,72.61
3/13/2008,75.67,74.27,76.05,73.33,8559629,75.25
3/14/2008,74.79,76.5,76.8,73.48,8571091,75.67
3/17/2008,74.46,72.87,75.22,72.51,8913506,74.79
3/18/2008,76.87,75.72,76.87,74.63,9404980,74.46
3/19/2008,73.73,76.62,77,73.73,7377412,76.87
3/20/2008,73.82,74.11,74.28,72.8,9260335,73.73
3/24/2008,76.03,74.06,76.5,74.06,5373931,73.82
3/25/2008,76.64,76.39,76.94,75.32,5211545,76.03
3/26/2008,77.36,76.04,77.61,75.87,7499201,76.64
3/27/2008,77.03,77.68,78,76.71,7068285,77.36
3/28/2008,77.09,77.37,78,76.44,4421221,77.03
3/31/2008,78.29,77,78.63,77,6068683,77.09
4/1/2008,79.98,78.89,79.99,78.79,9343315,78.29
4/2/2008,78.51,79.85,79.98,78.09,8160375,79.98
4/3/2008,77.07,78.19,78.36,76.78,7971521,78.51
4/4/2008,77.83,76.86,78.57,76.85,4885171,77.07
4/7/2008,77.25,78.25,78.45,76.97,5320819,77.83
4/8/2008,77.59,76.85,77.92,76.47,4019020,77.25
4/9/2008,76.16,77.74,77.74,75.65,4582895,77.59
4/10/2008,75.71,76.02,76.93,75.5,6994564,76.16
4/11/2008,74.8,75.12,75.85,74.38,9044894,75.71
4/14/2008,75.54,74.79,76.02,74.7,4446922,74.8
4/15/2008,75.95,76.09,76.75,74.91,5458663,75.54
4/16/2008,79.02,76.75,79.17,76.52,7640159,75.95
4/17/2008,78.59,77.85,80,77.61,9967295,79.02
4/18/2008,85.28,81.03,85.45,81,20119855,78.59
4/21/2008,83.33,83.89,84.45,82.05,9818906,85.28
4/22/2008,82.01,83.14,83.34,81.35,5720132,83.33
4/23/2008,81.69,82.5,82.77,81.37,4773358,82.01
4/24/2008,81.82,81.68,82.5,80.52,5305792,81.69
4/25/2008,82.25,82.53,82.89,81.21,4088873,81.82
4/28/2008,83.03,82.6,83.6,82.3,4684281,82.25
4/29/2008,81.51,82.76,83.09,81.4,4510176,83.03
4/30/2008,81.88,82.35,83.31,81.65,6032651,81.51
5/1/2008,82.35,81.92,82.67,80.55,5369826,81.88
5/2/2008,82.8,83.29,83.64,82.12,4511376,82.35
5/5/2008,82.75,83.03,83.03,82,3944424,82.8
5/6/2008,83.23,81.78,83.49,81.78,4163139,82.75
5/7/2008,81.63,82.75,83.64,81.47,4931999,83.23
5/8/2008,82.42,82.1,82.73,81.51,3065462,81.63
5/9/2008,81.76,81.97,82.39,81.33,3819495,82.42
5/12/2008,83.82,82.23,84.22,81.71,5167287,81.76
5/13/2008,84.07,84.21,84.5,82.7,4592157,83.82
5/14/2008,82.75,83.04,84.1,82.17,6859786,84.07
5/15/2008,83.5,82.76,84.14,82.4,4633213,82.75
5/16/2008,83.7,83.77,83.97,82.59,5241939,83.5
5/19/2008,84.28,83.9,85.96,83.63,6906687,83.7
5/20/2008,83.84,83.92,84.05,82.75,5570248,84.28
5/21/2008,83.4,83.83,85.74,83.04,7220264,83.84
5/22/2008,82.22,83.65,83.72,81.94,5026847,83.4
5/23/2008,81.55,81.96,82.99,80.6,5674833,82.22
5/27/2008,81.95,81.43,82.2322,80.84,4871401,81.55
5/28/2008,83.19,82.33,83.37,82.11,4773690,81.95
5/29/2008,82.78,83.2,83.91,82.59,4195872,83.19
5/30/2008,82.64,83.19,83.19,82.23,4921665,82.78
6/2/2008,82.33,82.44,83.12,81.79,5882810,82.64
6/3/2008,82.42,82.72,83.3,81.66,4960122,82.33
6/4/2008,82.46,82.35,83.65,82,5743578,82.42
6/5/2008,82.73,81.87,82.8,81,6968191,82.46
6/6/2008,79.99,81.88,82.26,79.99,9445067,82.73
6/9/2008,80.81,80.07,81.06,79.66,5828813,79.99
6/10/2008,80.1,80.3,81.04,79.83,5986533,80.81
6/11/2008,78.93,79.85,80.11,78.52,9400997,80.1
6/12/2008,80.5,79.54,81.79,79.54,8053468,78.93
6/13/2008,81.5,80.87,82.35,80.65,5732446,80.5
6/16/2008,80.91,81.38,81.51,80.55,4537637,81.5
6/17/2008,80.69,81.48,81.58,80.61,4515906,80.91
6/18/2008,79.7,80.34,80.75,79.47,5739158,80.69
6/19/2008,79.48,79.57,80.34,78.73,6049051,79.7
6/20/2008,79.08,79,79.64,78.52,9065511,79.48
6/23/2008,80,79.42,80.24,79.11,6141007,79.08
6/24/2008,76.64,79.54,79.68,76.58,13075280,80
6/25/2008,76.58,77.08,77.42,76,8075150,76.64
6/26/2008,74.28,75.17,75.82,73.89,14485786,76.58
6/27/2008,73.75,74.18,74.85,72.69,11011776,74.28
6/30/2008,73.82,73.76,74.26,72.56,6664774,73.75
7/1/2008,74.09,72.98,74.21,72.09,9202912,73.82
7/2/2008,70.42,74.01,74.19,70.34,11513218,74.09
7/3/2008,70.31,70.03,70.75,68.93,7280669,70.42
7/7/2008,70.81,70.72,71.75,70,11684905,70.31
7/8/2008,69.51,71.02,71.44,68.76,10497953,70.81
7/9/2008,68.43,70.32,70.78,68.33,7059225,69.51
7/10/2008,68.42,68.52,68.99,66.68,9874200,68.43
7/11/2008,69.81,67.51,70.61,67,11521743,68.42
7/14/2008,69.67,70.79,70.79,68.95,6406218,69.81
7/15/2008,67.04,68.97,69.25,65.85,11041652,69.67
7/16/2008,70.53,67.11,70.74,66.53,10684228,67.04
7/17/2008,71.83,69.95,72.15,69.95,9091176,70.53
7/18/2008,70.89,72.07,72.13,70.37,7693364,71.83
7/21/2008,73.23,71.38,73.64,70.55,10185059,70.89
7/22/2008,74.98,75.13,75.87,73.75,12433915,73.23
7/23/2008,72.42,73.95,74.25,71.67,9295729,74.98
7/24/2008,69.78,72.64,72.72,69.59,8108593,72.42
7/25/2008,70.48,69.96,71.08,69.8,4727225,69.78
7/28/2008,69.19,70.38,70.77,69.11,5740459,70.48
7/29/2008,70.99,69.6,71.3,69.42,5234613,69.19
7/30/2008,72.07,71.52,72.27,70.62,4820450,70.99
7/31/2008,69.52,71.63,71.63,69.37,7185411,72.07
8/1/2008,68.14,69.67,70,67.88,6723625,69.52
8/4/2008,67.43,68.2,68.74,67.19,7415663,68.14
8/5/2008,68.18,67.86,68.38,67.34,6008727,67.43
8/6/2008,70.51,67.78,71.56,67.36,7390751,68.18
8/7/2008,68.93,70.07,70.61,68.7,7077762,70.51
8/8/2008,70.9,69.12,71.94,68.3901,6544310,68.93
8/11/2008,70.8,70.63,71.37,70.05,3746815,70.9
8/12/2008,71.81,70.79,72.08,70.44,5713015,70.8
8/13/2008,69.83,69.56,70.05,67.72,9399217,71.81
8/14/2008,70.29,68.93,71.36,68.26,5671174,69.83
8/15/2008,70.35,70.61,71.36,69.8,5060733,70.29
8/18/2008,69.22,70.44,71.05,68.69,5527395,70.35
8/19/2008,68.69,68.95,69.31,68.25,4299730,69.22
8/20/2008,68.8,68.89,69.32,67.9,6401873,68.69
8/21/2008,68.7,68.16,69.25,67.61,5100734,68.8
8/22/2008,70.27,69.22,70.61,69.09,4258015,68.7
8/25/2008,68.56,70.01,70.15,68.14,4549778,70.27
8/26/2008,68.68,68.65,69.04,67.93,3391496,68.56
8/27/2008,69.56,68.64,69.86,68.62,3145015,68.68
8/28/2008,71.68,70.25,71.81,70.14,5520637,69.56
8/29/2008,70.73,71.34,71.97,70.46,4905287,71.68
9/2/2008,69.08,71.5,72,68.65,6973355,70.73
9/3/2008,67.73,68.96,69.11,67.19,8433257,69.08
9/4/2008,63.94,66,66,63,13685469,67.73
9/5/2008,64.07,63.79,64.44,62.92,9265104,63.94
9/8/2008,64.58,66.19,67.07,63.28,7218081,64.07
9/9/2008,61.38,64.89,65,61.38,10056330,64.58
9/10/2008,62.82,61.95,63.99,61.71,7916791,61.38
9/11/2008,64.81,62.41,64.81,61.21,9008205,62.82
9/12/2008,65.46,63.98,65.68,63.16,6967848,64.81
9/15/2008,63.21,63.3,64.85,63.02,7828824,65.46
9/16/2008,64.73,61.87,65.32,61.85,10035138,63.21
9/17/2008,63.15,63.48,65.45,62.8,9293942,64.73
9/18/2008,65.32,63.87,65.5,60.04,12983727,63.15
9/19/2008,66.49,69.99,69.99,65.96,15758552,65.32
9/22/2008,64.6,66.41,66.84,64.6,5921114,66.49
9/23/2008,63.54,64.66,65.73,63.01,6574247,64.6
9/24/2008,61.74,63.9,64.33,61.24,6657993,63.54
9/25/2008,61.96,62.38,63.22,60.75,7755511,61.74
9/26/2008,64.13,60.93,64.2,60.67,8264375,61.96
9/29/2008,59.89,62.55,63.38,58.11,12504538,64.13
9/30/2008,59.6,61.35,61.46,58.2,10166062,59.89
10/1/2008,56.95,58.71,59.03,54.89,15614057,59.6
10/2/2008,52.22,56.01,56.25,51.91,15011821,56.95
10/3/2008,51.21,53.7,55.65,50.98,11596468,52.22
10/6/2008,49.2,50.18,50.78,45.77,17852440,51.21
10/7/2008,47.33,50.69,52.76,47.08,13518849,49.2
10/8/2008,47.65,46.38,50.21,45.82,15858759,47.33
10/9/2008,44.8,48.59,49.26,44.26,11223234,47.65
10/10/2008,43.13,42.02,45.81,37.07,19740190,44.8
10/13/2008,49.48,45,49.5,44.86,10574031,43.13
10/14/2008,47.49,51.79,53,46.61,12061084,49.48
10/15/2008,42.06,45.7875,46.3,41.98,12909621,47.49
10/16/2008,42.37,42.2,43.06,39.58,16082865,42.06
10/17/2008,39.32,41.39,42.91,39.01,18280553,42.37
10/20/2008,40.9,39.87,41.6,39,13389364,39.32
10/21/2008,38.83,40.4,41.35,38.52,14322227,40.9
10/22/2008,36.52,38.08,38.34,35.68,13842491,38.83
10/23/2008,35.36,36.78,36.92,33.86,17649870,36.52
10/24/2008,33.3,32.02,34.49,31.95,13391762,35.36
10/27/2008,32.78,32.81,34.9,32.35,12801257,33.3
10/28/2008,34.95,34.14,35.36,32,12814462,32.78
10/29/2008,36.14,35.53,38.44,34.5,16073147,34.95
10/30/2008,37.37,37.33,37.94,36.25,8690787,36.14
10/31/2008,38.2,37.21,39.1899,36.1,9869112,37.37
11/3/2008,39.01,38.82,39.41,38,7619044,38.2
11/4/2008,42.25,40.39,42.43,39.83,11520592,39.01
11/5/2008,40.4,42.64,43.58,40.1,14048912,42.25
11/6/2008,37.6,39.82,40.6,37.34,13291260,40.4
11/7/2008,38.45,38.49,39.4,37.35,9256817,37.6
11/10/2008,37.41,40.25,40.88,36.82,13921221,38.45
11/11/2008,36.87,36.88,38.3,36.57,12705885,37.41
11/12/2008,35.08,36.55,36.71,35.05,10752519,36.87
11/13/2008,39.41,35.6,39.54,34.4,17361722,35.08
11/14/2008,36.96,38.51,39.39,36.71,11991192,39.41
11/17/2008,35.7,36.71,37.75,35.3,9383998,36.96
11/18/2008,36.19,35.33,36.3,34.73,12278638,35.7
11/19/2008,33.87,36.1,36.42,33.8,10596785,36.19
11/20/2008,32.84,33.37,35.56,32.23,19826136,33.87
11/21/2008,34.67,33.66,34.85,32.1,16836160,32.84
11/24/2008,36.34,36.49,36.94,34.6,16870555,34.67
11/25/2008,37.27,36.87,37.62,35.66,12931516,36.34
11/26/2008,39.33,36,39.35,35.7,11111165,37.27
11/28/2008,40.99,39.2,41.18,39.2,5429903,39.33
12/1/2008,36.58,38.92,38.92,36.37,13154111,40.99
12/2/2008,38,37.3,38.24,36.53,10440278,36.58
12/3/2008,39.65,37.39,40.06,36.93,14289390,38
12/4/2008,37.52,39.1,39.39,36.91,11379212,39.65
12/5/2008,38.26,37.05,38.65,36.69,14261127,37.52
12/8/2008,42.42,40.83,44.04,40.4,25502248,38.26
12/9/2008,42.38,42.05,44.16,41.26,15382520,42.42
12/10/2008,43.67,43.25,44.95,42.9,15431504,42.38
12/11/2008,42.2,43.01,44.89,41.7,12134107,43.67
12/12/2008,42.08,40.05,42.47,40,10398632,42.2
12/15/2008,42.21,42.57,43.06,41.5034,8065274,42.08
12/16/2008,43.8,42.73,43.9,41.12,11652323,42.21
12/17/2008,44.65,43.35,45.7,43.01,9836953,43.8
12/18/2008,42.16,45.43,45.49,42.01,12695075,44.65
12/19/2008,42.69,42.72,43.17,41.91,13272227,42.16
12/22/2008,41.78,43.12,43.49,40.82,9148806,42.69
12/23/2008,41.13,42.08,42.27,40.65,6463280,41.78
12/24/2008,41.91,41.27,42.12,41,2115501,41.13
12/26/2008,42.72,41.98,42.91,41.9,2860058,41.91
12/29/2008,42.34,42.71,43.3,41.71,4974263,42.72
12/30/2008,43.66,42.57,43.75,42.01,5060557,42.34
12/31/2008,44.67,43.7,45.1,43.7,6277381,43.66
1/2/2009,46.91,44.91,46.98,44.71,7130450,44.67
1/5/2009,46.08,46.9,47.12,45.81,11099550,46.91
1/6/2009,45.8,46.79,46.8,45.41,10867174,46.08
1/7/2009,43.67,45.22,45.6,43.2,9035836,45.8
1/8/2009,44.02,42.93,44.11,42.52,9384160,43.67
1/9/2009,43.2,43.91,44.06,42.25,8872574,44.02
1/12/2009,41.19,43,43.1,40.63,9583771,43.2
1/13/2009,41.4,41.11,41.89,40.55,9281942,41.19
1/14/2009,39.35,40,40.34,38.2514,17277671,41.4
1/15/2009,39.39,39.16,39.98,37.29,15449195,39.35
1/16/2009,39.55,40.59,40.59,38.06,12890087,39.39
1/20/2009,38.32,39.15,39.63,38,11890477,39.55
1/21/2009,39.55,39.27,39.71,37.7176,10292572,38.32
1/22/2009,37.23,38.89,39,36.33,19277911,39.55
1/23/2009,35.66,35.99,37.23,35.01,22677313,37.23
1/26/2009,32.67,33.6,34.24,31.7,47444414,35.66
1/27/2009,32.32,33.24,33.42,32.1,20378216,32.67
1/28/2009,33,33.26,33.51,32.615,13487240,32.32
1/29/2009,31.85,32.61,32.66,31.63,14592701,33
1/30/2009,30.85,31.58,31.73,30.06,20959782,31.85
2/2/2009,30.29,30.1,30.8,29.6,16967332,30.85
2/3/2009,29.99,29.81,31.03,29.81,18883570,30.29
2/4/2009,30.6,30.44,31.57,30.2,17419265,29.99
2/5/2009,31.61,30.35,32.09,30.2,17794239,30.6
2/6/2009,33.28,32.38,33.85,32.21,17010042,31.61
2/9/2009,32.72,33.47,33.6,32.4,9067687,33.28
2/10/2009,30.92,32.86,33.31,30.61,17208728,32.72
2/11/2009,31.13,31.35,31.93,30.65,10550562,30.92
2/12/2009,31.02,30.75,31.09,30.03,13666548,31.13
2/13/2009,30.94,31.41,31.84,30.85,10188719,31.02
2/17/2009,28.98,30.3,30.5,28.52,22206963,30.94
2/18/2009,28.44,29.16,29.22,27.77,17864465,28.98
2/19/2009,27.02,28.95,28.98,26.86,17839493,28.44
2/20/2009,26.66,26.14,27.27,26.02,19735615,27.02
2/23/2009,25.12,27.26,27.26,25.06,16296249,26.66
2/24/2009,26.04,25.25,26.32,24.42,22358893,25.12
2/25/2009,25.03,26.04,26.05,24.36,17737459,26.04
2/26/2009,24.23,25.4,25.72,24.15,14301381,25.03
2/27/2009,24.61,23.75,25.23,23.5,16875881,24.23
3/2/2009,22.17,24.07,24.2,22.03,21017521,24.61
3/3/2009,22.47,22.65,23.29,21.71,22406593,22.17
3/4/2009,25.44,23.81,26.39,23.66,37257614,22.47
3/5/2009,23.49,24.7,24.7,23.18,21400683,25.44
3/6/2009,23.23,23.9,24.91,22.52,19999667,23.49
3/9/2009,23.92,22.88,24.86,22.72,19512594,23.23
3/10/2009,26.51,24.76,26.97,24.53,22468735,23.92
3/11/2009,26.31,26.97,27.13,25.66,15782030,26.51
3/12/2009,27.02,26.21,27.17,25.27,13787319,26.31
3/13/2009,26.78,27.44,27.61,26.02,10861356,27.02
3/16/2009,26.42,27.07,27.4,26.28,13217078,26.78
3/17/2009,26.83,26.51,26.85,25.67,14260456,26.42
3/18/2009,27.47,26.24,27.93,25.7,17979620,26.83
3/19/2009,28.41,27.97,28.85,27.77,17543534,27.47
3/20/2009,27.07,28.63,28.9,26.7308,16536150,28.41
3/23/2009,29.63,28.14,29.65,27.53,14464865,27.07
3/24/2009,29.4,29.54,30.33,28.54,13693942,29.63
3/25/2009,28.91,30.14,30.99,27.69,20701972,29.4
3/26/2009,30.78,29.57,30.98,29.45,16161595,28.91
3/27/2009,30.35,30.2,30.74,29.75,11277622,30.78
3/30/2009,27.53,29.34,29.5,27.05,15828531,30.35
3/31/2009,27.96,28.16,28.45,27.44,13405844,27.53
4/1/2009,28.99,27.5,29.52,27.44,15308384,27.96
4/2/2009,31.54,30.29,31.98,30,21645529,28.99
4/3/2009,32.15,31.6,32.7,30.92,13674074,31.54
4/6/2009,31.31,31.72,32,30.23,11067877,32.15
4/7/2009,29.45,30.39,30.5,29.38,13160375,31.31
4/8/2009,29.57,29.77,30.35,28.88,12817123,29.45
4/9/2009,32.52,30.51,32.7,30.51,18173081,29.57
4/13/2009,33.16,32.25,33.56,31.48,12458996,32.52
4/14/2009,32.7,32.67,33.94,32.41,11035731,33.16
4/15/2009,33.02,32.6,33.2,32.07,11225779,32.7
4/16/2009,32.71,32.5,33.12,31.33,16228112,33.02
4/17/2009,32.29,32.68,32.72,31.21,14725748,32.71
4/20/2009,30.48,31.62,31.62,30.17,14373723,32.29
4/21/2009,31.39,28.98,31.699,28.5,29529757,30.48
4/22/2009,32.45,31.56,34.92,31.4,29668089,31.39
4/23/2009,32.45,32.73,32.74,31.47,16290764,32.45
4/24/2009,33.63,32.65,34.19,32.24,15806244,32.45
4/27/2009,33.39,32.73,34.1,32.69,9648613,33.63
4/28/2009,32.78,33,33.55,32.4,8481323,33.39
4/29/2009,33.69,33.17,34.15,33,11983420,32.78
4/30/2009,35.58,34.42,36.4,34.35,20109162,33.69
5/1/2009,37.26,35.87,37.71,35.65,14114765,35.58
5/4/2009,38.48,37.93,38.92,37.6,14400664,37.26
5/5/2009,39.41,38.35,39.58,38.25,13610143,38.48
5/6/2009,40,39.94,40.64,38.41,14763055,39.41
5/7/2009,37.92,40.54,40.96,37.21,16973985,40
5/8/2009,39.64,38.49,39.92,38.28,15556455,37.92
5/11/2009,38.43,38.75,39.08,38.07,9487208,39.64
5/12/2009,38.06,38.74,39,37.13,11919731,38.43
5/13/2009,36.08,36.97,37.03,35.78,13419822,38.06
5/14/2009,36.07,35.87,36.78,35.38,12056630,36.08
5/15/2009,35.74,36.06,36.95,35.15,14012233,36.07
5/18/2009,37.78,36.53,37.82,36.11,11019244,35.74
5/19/2009,37.67,38.29,38.5,37.54,10544398,37.78
5/20/2009,37.3,38.09,39.3,37.17,13806124,37.67
5/21/2009,35.54,36.76,37.01,35.37,14110274,37.3
5/22/2009,34.31,36.05,36.1,34.18,14294224,35.54
5/26/2009,35,34.38,35.84,34.03,13797247,34.31
5/27/2009,35.05,35.5,35.59,34.85,13519246,35
5/28/2009,34.59,34.79,34.8,33.44,15120769,35.05
5/29/2009,35.46,34.96,35.62,34.791,11077439,34.59
6/1/2009,37.55,36.37,37.73,36.35,14336881,35.46
6/2/2009,37.45,37.51,37.95,37.19,7734889,37.55
6/3/2009,36.66,37,37.21,36.23,9236387,37.45
6/4/2009,38.02,36.86,38.2183,36.28,11318218,36.66
6/5/2009,38.47,38.52,38.76,37.34,15819817,38.02
6/8/2009,38.57,38.03,38.88,36.9,13726404,38.47
6/9/2009,38.24,38.5,38.9,37.9,10480159,38.57
6/10/2009,37.62,38.74,38.75,36.93,14927679,38.24
6/11/2009,37.61,37.79,38.29,37.25,10273799,37.62
6/12/2009,37.73,37.47,37.77,37.02,8567660,37.61
6/15/2009,36.12,37.01,37.09,35.87,10458033,37.73
6/16/2009,35.56,36.46,36.97,35.39,12501677,36.12
6/17/2009,34.8,35.2,35.27,33.75,15381883,35.56
6/18/2009,34.08,34.92,34.93,33.55,16247943,34.8
6/19/2009,33.65,34.45,34.6,33.45,14487231,34.08
6/22/2009,32.36,33.46,33.49,32.01,14198531,33.65
6/23/2009,33,32.47,33.15,32.14,10935872,32.36
6/24/2009,33.4,33.52,34.36,33.13,10349239,33
6/25/2009,34.49,33.92,34.785,33.18,11641601,33.4
6/26/2009,34.56,34.54,35.2,34.1,12586667,34.49
6/29/2009,34.74,34.86,35.3,34.15,6831517,34.56
6/30/2009,33.04,34.69,34.7358,32.99,16880064,34.74
7/1/2009,33.19,33.48,34.15,33.15,11586651,33.04
7/2/2009,31.74,32.79,32.79,31.74,13564133,33.19
7/6/2009,31.7,31.57,31.83,30.96,10887071,31.74
7/7/2009,30.29,31.62,31.77,30.24,14616035,31.7
7/8/2009,30.58,30.49,30.71,30.01,15867731,30.29
7/9/2009,30.65,31.15,31.34,30.58,10184906,30.58
7/10/2009,30.53,30.4,30.65,30.03,10456627,30.65
7/13/2009,31.8,30.81,31.8,30.25,11100799,30.53
7/14/2009,31.93,31.5,31.96,31.215,10131875,31.8
7/15/2009,33.84,32.39,33.97,32.39,18069302,31.93
7/16/2009,34.15,33.6,34.26,33.14,10227464,33.84
7/17/2009,33.99,33.98,34.3,33.79,8814755,34.15
7/20/2009,36.65,35.32,36.75,35.25,21979416,33.99
7/21/2009,39.46,40.81,41.45,38.04,62789275,36.65
7/22/2009,38.66,38.47,39.39,38.1,16660027,39.46
7/23/2009,41.26,38.76,41.5,38.6,19375234,38.66
7/24/2009,42,40.93,42.08,40.25,17017373,41.26
7/27/2009,42.86,41.85,42.99,41.55,14346613,42
7/28/2009,42.9,42.34,43.58,41.9,16698600,42.86
7/29/2009,41.83,42.54,42.55,41.3,12388861,42.9
7/30/2009,43.41,42.65,43.87,42.61,14924263,41.83
7/31/2009,44.06,43.26,44.47,43,11731973,43.41
8/3/2009,45.12,44.68,45.49,44.34,12261776,44.06
8/4/2009,47.89,45.45,47.95,45.35,25333364,45.12
8/5/2009,46.64,47.76,48.08,46.43,15598551,47.89
8/6/2009,47.14,47.12,47.8,46.56,12247626,46.64
8/7/2009,47.78,47.95,48.22,47.42,15354632,47.14
8/10/2009,47.15,47.59,48.2,46.59,11558084,47.78
8/11/2009,46.28,46.77,46.8,45.03,13091530,47.15
8/12/2009,47.58,45.9,48.05,45.6,11465801,46.28
8/13/2009,47.17,48.02,48.06,46.64,9608385,47.58
8/14/2009,46,47.17,47.25,45.44,9107440,47.17
8/17/2009,43.95,44.75,44.75,43.28,11389289,46
8/18/2009,45.11,44.2,45.28,44.06,8899222,43.95
8/19/2009,45.17,44,45.75,43.6,9051051,45.11
8/20/2009,45.5,44.93,45.64,44.66,6888678,45.17
8/21/2009,47.3,46.03,47.33,45.62,12329902,45.5
8/24/2009,47.56,47.9,48.93,47.34,9773398,47.3
8/25/2009,47.83,47.79,48.33,47.36,9576236,47.56
8/26/2009,47.25,47.71,47.76,46.75,7903866,47.83
8/27/2009,47.08,47,47.36,45.92,8309116,47.25
8/28/2009,46.71,47.58,48,46.26,7568431,47.08
8/31/2009,45.31,45.77,45.9,44.9,10475258,46.71
9/1/2009,43.84,44.9,46.51,43.74,13905656,45.31
9/2/2009,43.51,43.84,44.04,43.19,8887171,43.84
9/3/2009,45.04,44.31,45.12,43.63,8787108,43.51
9/4/2009,46.11,45.03,46.32,44.84,7403465,45.04
9/8/2009,46.97,46.9,47.27,46.36,7448269,46.11
9/9/2009,48.41,47.04,48.75,46.5,12362478,46.97
9/10/2009,48.69,48.13,48.75,47.63,8197166,48.41
9/11/2009,48.53,48.72,49.11,47.81,9760270,48.69
9/14/2009,48.77,48.02,49.1,47.75,6910435,48.53
9/15/2009,51.7,49.11,52.12,48.65,20594843,48.77
9/16/2009,52.62,52.31,52.94,51.94,12789034,51.7
9/17/2009,53.89,52.59,54.47,52.51,15287028,52.62
9/18/2009,53.42,54.11,54.49,52.94,12398936,53.89
9/21/2009,52.46,52.68,53.43,51.82,10109646,53.42
9/22/2009,54.34,52.99,54.43,52.86,11181110,52.46
9/23/2009,53.14,54.43,54.71,53.11,9617535,54.34
9/24/2009,51.85,53.28,53.8,51.1,11803353,53.14
9/25/2009,51.2,52.17,52.72,51.05,10788009,51.85
9/28/2009,52.18,51.75,52.4,51.25,6042048,51.2
9/29/2009,51.6,52.23,52.89,51.49,7541906,52.18
9/30/2009,51.33,52.2,52.47,50.37,10651982,51.6
10/1/2009,49.45,50.82,51.09,49.3,12845531,51.33
10/2/2009,48.83,48.68,49.45,47.5,10681413,49.45
10/5/2009,50.75,49.2,50.8,49.05,8670666,48.83
10/6/2009,51.7,51.4,52.39,50.69,9779291,50.75
10/7/2009,51.9,51.25,52.0791,51.25,7439230,51.7
10/8/2009,53.09,52.53,53.26,51.76,11199460,51.9
10/9/2009,53.64,52.51,53.7,52.31,8050395,53.09
10/12/2009,53.05,53.99,54,52.81,6687965,53.64
10/13/2009,52.74,52.9,53.19,52.08,6516328,53.05
10/14/2009,54.51,53.52,54.51,53.05,9193396,52.74
10/15/2009,54.77,54,54.79,53.51,7367763,54.51
10/16/2009,54.57,54.11,54.75,53.62,8839642,54.77
10/19/2009,57.85,54.89,58.2,54.86,18786329,54.57
10/20/2009,59.61,61.17,61.28,58.37,33902578,57.85
10/21/2009,58.4,59.05,60.12,58.23,17064292,59.61
10/22/2009,58.74,57.8,58.9,56.3,11385203,58.4
10/23/2009,57.6,58.61,59.59,57.43,8775971,58.74
10/26/2009,57.07,57.99,59.08,56.8307,9795695,57.6
10/27/2009,56.69,56.9,57.6,56.39,10949636,57.07
10/28/2009,54.43,56.22,57.06,54.42,12089675,56.69
10/29/2009,57.25,55.3,57.34,55.02,9869030,54.43
10/30/2009,55.06,57.09,57.9,54.64,12049462,57.25
11/2/2009,55.49,55.7,56.72,54.26,9970847,55.06
11/3/2009,56.46,54.98,56.73,54.64,7770466,55.49
11/4/2009,56.22,56.93,57.83,56.1,8644656,56.46
11/5/2009,57.99,56.74,58.09,56.59,6847305,56.22
11/6/2009,57.6,57.38,58.2,56.54,6161561,57.99
11/9/2009,60,58.38,60.09,58.24,12253206,57.6
11/10/2009,59.96,59.83,60.33,59.07,8874103,60
11/11/2009,60.06,60.76,60.82,59.47,7497636,59.96
11/12/2009,58.57,59.83,60.12,58.18,7589168,60.06
11/13/2009,58.78,58.85,59.25,58.2,6444765,58.57
11/16/2009,60.4,59.5,60.9,59.25,8334502,58.78
11/17/2009,59.88,60.05,60.17,59.05,7095915,60.4
11/18/2009,59.41,59.96,60.14,59,6626712,59.88
11/19/2009,58.61,58.72,58.74,57.6,8237061,59.41
11/20/2009,57.95,58.1,58.24,57.04,8698427,58.61
11/23/2009,58.14,58.96,59.83,57.96,9484339,57.95
11/24/2009,58,58.11,58.37,57.24,6629607,58.14
11/25/2009,59.04,58.02,59.34,57.45,6245320,58
11/27/2009,57.45,57.04,58.33,56.75,5189544,59.04
11/30/2009,58.39,57.82,58.51,57.31,9718475,57.45
12/1/2009,59.68,59.24,60.25,59.05,9824285,58.39
12/2/2009,58.94,59.85,60.08,58.55,7879989,59.68
12/3/2009,58.2,59.12,60,58,7595686,58.94
12/4/2009,58.3,59.13,59.62,57.26,10448605,58.2
12/7/2009,57.56,58.42,58.42,57.315,6835530,58.3
12/8/2009,56.38,57.14,57.19,56.25,6482873,57.56
12/9/2009,56.18,56.36,56.59,55.4,8553021,56.38
12/10/2009,56.94,56.91,57.27,56.51,6304605,56.18
12/11/2009,57.51,57.24,57.65,56.64,5370042,56.94
12/14/2009,58.3,58,58.45,57.75,4585317,57.51
12/15/2009,58.2,58.22,58.44,57.8,4950055,58.3
12/16/2009,58.23,58.43,58.85,58,6738703,58.2
12/17/2009,57.53,57.93,57.99,57.01,5700584,58.23
12/18/2009,57.19,58.07,58.096,56.72,7236672,57.53
12/21/2009,57.6,57.56,57.93,57.2957,5339691,57.19
12/22/2009,57.89,57.56,57.98,57.32,4279904,57.6
12/23/2009,58.32,58.05,58.57,57.89,4056275,57.89
12/24/2009,58.33,58.35,58.63,58.19,1507777,58.32
12/28/2009,58.51,58.5,58.68,58.1722,3789819,58.33
12/29/2009,58.18,58.57,58.74,58.125,2879326,58.51
12/30/2009,58.05,57.98,58.22,57.75,3479880,58.18
12/31/2009,56.99,57.6,57.96,56.99,3860330,58.05
1/4/2010,58.55,57.65,59.19,57.51,7326679,56.99
1/5/2010,59.25,58.55,59.44,58.23,5697197,58.55
1/6/2010,59.43,59.18,59.93,59.0505,4718749,59.25
1/7/2010,59.67,59.3,59.905,58.65,5432913,59.43
1/8/2010,60.34,59.25,60.37,59.25,6651511,59.67
1/11/2010,64.13,60.95,64.42,60.85,21958752,60.34
1/12/2010,62.24,63.01,63.16,61.18,13562604,64.13
1/13/2010,62.33,62.1,62.78,61.38,8399054,62.24
1/14/2010,61.98,62.1,62.84,61.75,6224295,62.33
1/15/2010,60.12,61.45,61.67,60.01,9397569,61.98
1/19/2010,60.93,59.76,61.2,59.35,8056496,60.12
1/20/2010,59.76,60.17,60.43,59.31,6954007,60.93
1/21/2010,56.85,59.5,59.9,56.7,13877409,59.76
1/22/2010,54.25,56.58,57.5389,54.02,14762988,56.85
1/25/2010,55.14,55.16,56.19,54.83,9777305,54.25
1/26/2010,55.85,54.99,56.94,54.6,15219307,55.14
1/27/2010,53.44,52.96,53.84,51.03,34043254,55.85
1/28/2010,51.86,53.82,53.825,51.2,15625607,53.44
1/29/2010,52.24,52.78,53.78,52,13962798,51.86
2/1/2010,52.94,52.82,53.5,52.5,7159019,52.24
2/2/2010,53.55,53.48,53.72,52.62,7667988,52.94
2/3/2010,53.39,53.2,54,53.1,6345989,53.55
2/4/2010,51.4,52.8,52.86,51.38,11644933,53.39
2/5/2010,51.75,51.21,51.98,50.69,15989519,51.4
2/8/2010,50.78,51.64,52.15,50.5,8668847,51.75
2/9/2010,53.53,52.7,54.25,52.55,15499119,50.78
2/10/2010,53.15,53.65,54.05,52.45,8581640,53.53
2/11/2010,56.15,53.1,56.27,52.67,16411674,53.15
2/12/2010,56.2,55.09,56.55,54.61,13447622,56.15
2/16/2010,57.12,56.77,57.24,56.19,7365370,56.2
2/17/2010,57.5,58.05,58.35,57.22,8454108,57.12
2/18/2010,57.81,57.15,58.05,56.85,6846924,57.5
2/19/2010,58.25,57.59,58.48,57.31,8009433,57.81
2/22/2010,58.03,58.73,58.97,58,6994824,58.25
2/23/2010,56.66,57.89,58.38,56.22,10314323,58.03
2/24/2010,56.96,56.67,57.46,56.46,5810076,56.66
2/25/2010,56.79,55.33,57.02,54.21,9966144,56.96
2/26/2010,57.05,56.94,57.24,56.1,6108486,56.79
3/1/2010,57.85,57.33,58.39,57.25,8399615,57.05
3/2/2010,58.15,58.28,58.82,58.02,6584292,57.85
3/3/2010,58.57,58.45,59.93,58.39,8833775,58.15
3/4/2010,58.45,58.79,59,57.81,6199197,58.57
3/5/2010,59.23,59.41,59.58,58.9,6628346,58.45
3/8/2010,58.91,59.47,59.49,58.5678,4755705,59.23
3/9/2010,59.18,58.46,59.72,58.4005,7693041,58.91
3/10/2010,58.78,59.11,59.5,58.43,6531417,59.18
3/11/2010,58.9,58.79,58.98,57.92,6173881,58.78
3/12/2010,60.36,59.53,60.49,59.35,9689526,58.9
3/15/2010,59.47,60.04,60.25,58.38,7907528,60.36
3/16/2010,59.45,59.65,59.68,58.84,7282247,59.47
3/17/2010,60.22,59.65,60.5,59.49,7925556,59.45
3/18/2010,59.77,59.61,60.39,59.335,7206998,60.22
3/19/2010,59.37,60.11,60.31,58.95,9425480,59.77
3/22/2010,59.95,58.7,60.27,58.66,7512883,59.37
3/23/2010,62.41,60.1,62.51,60.01,14316690,59.95
3/24/2010,62.06,61.96,62.54,61.42,11448093,62.41
3/25/2010,62.14,62.68,63.71,62.05,11363117,62.06
3/26/2010,62.44,62.4,63.18,61.99,7887298,62.14
3/29/2010,63.48,62.76,63.6,62.76,6986497,62.44
3/30/2010,63.16,63.38,63.63,62.81,6183557,63.48
3/31/2010,62.85,62.76,63.5,62.63,6661317,63.16
4/1/2010,63.99,63.29,64.2,63.29,7830447,62.85
4/5/2010,64.99,64.36,65,64.2,6696129,63.99
4/6/2010,65.29,64.81,65.47,64.57,6388982,64.99
4/7/2010,64.47,65.25,65.38,64,6972955,65.29
4/8/2010,64.48,64.05,64.65,63.55,5418001,64.47
4/9/2010,65.27,64.9,65.52,64.82,6023209,64.48
4/12/2010,66.73,65.93,67,65.76,11837386,65.27
4/13/2010,66.19,66.7,67.25,66.16,7001459,66.73
4/14/2010,67.28,66.37,67.37,66.2,5497774,66.19
4/15/2010,68.22,67.16,68.71,67.16,7129579,67.28
4/16/2010,66.88,68.05,68.23,66.34,10385998,68.22
4/19/2010,66.99,66.6,67.7,65.77,7969489,66.88
4/20/2010,67.5,67.71,68.3,67.4,7695334,66.99
4/21/2010,67.75,67.74,67.92,66.7,6359395,67.5
4/22/2010,67.51,66.67,67.65,65.97,8722084,67.75
4/23/2010,68.78,67.2,68.95,66.99,9046377,67.51
4/26/2010,71.65,70.88,72.83,70.65,20134283,68.78
4/27/2010,68.53,71.25,71.58,68.28,14324300,71.65
4/28/2010,68.97,69.43,70.27,68.6,8233028,68.53
4/29/2010,70.75,69.96,70.76,69.62,7917403,68.97
4/30/2010,68.09,70.99,71.36,67.82,9428994,70.75
5/3/2010,69.94,68.37,70.16,68.09,7886360,68.09
5/4/2010,66.7,68.56,68.56,66.25,12561984,69.94
5/5/2010,65.96,65.86,67.44,64.08,11422937,66.7
5/6/2010,63.5,65.85,66.94,58,19370709,65.96
5/7/2010,62.1,63.05,64.45,60.64,15725835,63.5
5/10/2010,66.69,65.88,67,65.19,11859218,62.1
5/11/2010,66.07,65.18,66.98,65,7482206,66.69
5/12/2010,68.15,66.66,68.3,66.6,7793053,66.07
5/13/2010,66.91,68.15,68.4,66.67,6531293,68.15
5/14/2010,64.88,65.96,66.19,63.91,9939773,66.91
5/17/2010,63.78,65.01,65.74,61.99,11881237,64.88
5/18/2010,63.19,64.91,65.53,62.8499,9597380,63.78
5/19/2010,61.44,62.94,63.17,59.28,18584744,63.19
5/20/2010,58.67,59.07,60.41,58,22807950,61.44
5/21/2010,60.09,57.3,60.5,57.2,15890266,58.67
5/24/2010,59.22,60.06,61.11,59.09,11185253,60.09
5/25/2010,59.21,56.35,59.36,55.74,13795845,59.22
5/26/2010,59.73,59.63,61.4,59.25,11568896,59.21
5/27/2010,62.06,61.36,62.12,60.82,9558184,59.73
5/28/2010,60.76,62.42,62.42,60.05,7709405,62.06
6/1/2010,59.27,60.04,61.64,59.22,8346328,60.76
6/2/2010,60.86,59.9,60.9,59.28,9455113,59.27
6/3/2010,61.11,62.29,62.36,60.42,8982766,60.86
6/4/2010,57.76,59.49,60.2,57.36,10279591,61.11
6/7/2010,55.83,58.01,58.28,55.8,8907089,57.76
6/8/2010,56.61,56.01,57.18,54.89,11606276,55.83
6/9/2010,56.81,57.49,58.85,56.59,9752678,56.61
6/10/2010,59.95,58.31,60,58,9704616,56.81
6/11/2010,60.23,59.22,60.24,58.99,7341745,59.95
6/14/2010,61,61.42,62.56,60.88,9783561,60.23
6/15/2010,63.46,61.8,63.56,61.5,11871974,61
6/16/2010,64.39,62.91,64.5168,62.73,10565454,63.46
6/17/2010,64.95,64.63,64.99,63.67,10579946,64.39
6/18/2010,65.85,65.13,65.9,64.57,11005511,64.95
6/21/2010,66.07,67.56,68.35,65.55,11652356,65.85
6/22/2010,64.11,66.3,66.48,63.88,8660136,66.07
6/23/2010,64.33,64.06,64.87,62.64,9037550,64.11
6/24/2010,63.37,63.81,64.45,63.05,8658229,64.33
6/25/2010,64.71,63.54,64.71,62.92,12068839,63.37
6/28/2010,64.4,64.45,65.3,64.01,6836814,64.71
6/29/2010,60.85,62.74,62.86,60.25,13064257,64.4
6/30/2010,60.07,61.02,61.94,59.91,9636191,60.85
7/1/2010,59.97,59.67,60.7,58.06,11598507,60.07
7/2/2010,59.18,60.3,60.66,58.62,7878228,59.97
7/6/2010,59.81,60.6,61.65,59.21,9358700,59.18
7/7/2010,62.18,59.85,62.27,59.67,7593290,59.81
7/8/2010,63.17,63.08,63.35,62.18,6060571,62.18
7/9/2010,64.72,63.12,64.845,63,6458036,63.17
7/12/2010,64.28,64.5,65.1,63.87,4916438,64.72
7/13/2010,66.79,65.88,67.365,65.31,10081470,64.28
7/14/2010,66.7,66.35,66.91,65.52,6851229,66.79
7/15/2010,66.51,66.38,66.59,65.36,8102564,66.7
7/16/2010,63.94,65.76,65.79,63.75,8504059,66.51
7/19/2010,64.8,64.36,65.23,63.56,6826310,63.94
7/20/2010,66.43,63.56,66.77,63.56,9472054,64.8
7/21/2010,66.87,66.99,68.05,66.19,11432336,66.43
7/22/2010,68,67.41,68.62,66.46,15911440,66.87
7/23/2010,69.31,67.5,69.64,67.33,8873063,68
7/26/2010,69.99,69.41,70.08,69.0799,8882683,69.31
7/27/2010,69.18,70.18,70.18,68.085,11950906,69.99
7/28/2010,69.72,68.7,69.85,68.7,7611561,69.18
7/29/2010,69.4,69.84,70.29,68.21,7671492,69.72
7/30/2010,69.75,68.39,70.25,68.39,7221213,69.4
8/2/2010,71.05,70.74,71.7,70.07,6304007,69.75
8/3/2010,70.37,70.57,71.0299,69.88,5885912,71.05
8/4/2010,71.12,70.28,71.47,70.28,6211014,70.37
8/5/2010,71.96,70.82,72.25,70.81,7414983,71.12
8/6/2010,71.56,71.01,71.93,70.3,5463349,71.96
8/9/2010,72.07,72.06,72.18,71.42,3629177,71.56
8/10/2010,71.42,70.88,71.99,70.58,6084174,72.07
8/11/2010,68.71,70.01,70.16,68.35,9229380,71.42
8/12/2010,67.5,67.5,68,66.78,7639870,68.71
8/13/2010,68.01,67.74,68.455,67.21,6663536,67.5
8/16/2010,68.49,67.62,68.98,67.0608,5436842,68.01
8/17/2010,69.74,69.44,70.76,69.3,5946844,68.49
8/18/2010,69.75,69.82,70.44,69.06,4989745,69.74
8/19/2010,69.29,69.87,70.5,68.42,9625389,69.75
8/20/2010,68.86,69.4,69.54,67.46,8023689,69.29
8/23/2010,66.84,68.7,69.75,66.72,8880459,68.86
8/24/2010,65.04,65.59,65.84,64.31,9677889,66.84
8/25/2010,64.7,64.29,64.98,63.335,8681884,65.04
8/26/2010,63.95,64.83,65.82,63.772,7085601,64.7
8/27/2010,65.9,64.76,66.15,63.36,7488027,63.95
8/30/2010,64.47,66.14,66.16,64.46,5133896,65.9
8/31/2010,65.16,64.14,65.85,63.92,6760676,64.47
9/1/2010,68.16,67.05,68.54,66.35,9071150,65.16
9/2/2010,68.54,68.35,68.785,67.75,5300727,68.16
9/3/2010,70.08,69.95,70.59,69.54,7837604,68.54
9/7/2010,69.7,69.78,70.05,68.8,6846728,70.08
9/8/2010,70.74,69.98,71.48,69.95,6323171,69.7
9/9/2010,70.64,71.56,71.83,70.01,5355814,70.74
9/10/2010,71.26,70.93,71.56,70.37,5018591,70.64
9/13/2010,72.24,71.96,72.48,71.705,7694541,71.26
9/14/2010,71.83,72.28,72.37,71.57,6048630,72.24
9/15/2010,72.13,71.38,72.27,70.8,5507049,71.83
9/16/2010,72,71.92,72.35,71.28,6234221,72.13
9/17/2010,73.18,72.22,73.31,71.09,11341760,72
9/20/2010,74.75,73.26,74.8,72.88,8896101,73.18
9/21/2010,76.39,74.79,77.11,74.72,14968277,74.75
9/22/2010,76.18,76.25,76.5,75.5,8386055,76.39
9/23/2010,76.26,75.42,77.5,75,8747095,76.18
9/24/2010,79.73,77.8,79.93,77.62,14218503,76.26
9/27/2010,79.54,79.7,79.98,78.9,8363981,79.73
9/28/2010,79.67,79.44,79.94,78.43,7786777,79.54
9/29/2010,79.99,79.595,80,79.42,7943671,79.67
9/30/2010,78.68,80.04,80.08,78.21,11940734,79.99
10/1/2010,78.22,78.29,78.88,77.53,8543634,78.68
10/4/2010,77.27,78.02,78.26,76.51,6418653,78.22
10/5/2010,79.4,78.48,79.76,78.2,7140291,77.27
10/6/2010,79.08,79.6,79.9,78.48,6258821,79.4
10/7/2010,78.74,79.46,79.79,77.85,8980469,79.08
10/8/2010,80.37,79.41,81,78.93,14296553,78.74
10/11/2010,79.98,80.03,80.75,79.51,4599860,80.37
10/12/2010,79.34,79.75,79.75,78.3,10042590,79.98
10/13/2010,80.29,80.36,81.1899,80.08,8501408,79.34
10/14/2010,79.91,80.49,80.83,79.27,5667720,80.29
10/15/2010,79.75,80.28,80.47,79,6526953,79.91
10/18/2010,80.24,79.95,80.51,79.66,6547894,79.75
10/19/2010,78.55,78.97,79.71,77.77,9858427,80.24
10/20/2010,80.32,78.9,80.78,78.81,9662269,78.55
10/21/2010,78.89,80.99,81.2,77.51,17736825,80.32
10/22/2010,78.33,78.76,78.91,77.86,6447073,78.89
10/25/2010,79.05,78.71,80,78.5,6484763,78.33
10/26/2010,78.65,78.11,79.06,77.87,6246068,79.05
10/27/2010,78.22,78.2,78.41,77.12,6789815,78.65
10/28/2010,77.74,78.87,79,76.78,7063171,78.22
10/29/2010,78.6,77.61,78.75,77.58,4563895,77.74
11/1/2010,79.27,78.97,80.18,78.511,7476255,78.6
11/2/2010,79.75,79.99,80.43,79.52,4943880,79.27
11/3/2010,79.88,79.82,79.95,78.55,5776651,79.75
11/4/2010,83.18,80.82,83.28,80.76,13046795,79.88
11/5/2010,83.54,83.25,83.84,82.93,6280450,83.18
11/8/2010,83.12,83.25,83.55,82.4,4284458,83.54
11/9/2010,81.91,83.2,83.47,81.41,6030035,83.12
11/10/2010,82.46,82.16,82.84,81.3,5950969,81.91
11/11/2010,82.44,81.73,82.66,81.52,5006572,82.46
11/12/2010,81.04,81.84,82.53,80.04,6156836,82.44
11/15/2010,81.82,79.89,83.58,79.8,15814170,81.04
11/16/2010,80.37,81.88,82.18,79.7,12527456,81.82
11/17/2010,81.17,80.56,81.45,80.01,5411385,80.37
11/18/2010,83.11,82.5,83.43,82.27,6645452,81.17
11/19/2010,83.97,83.09,83.98,82.51,5742132,83.11
11/22/2010,84,83.88,84.35,82.79,6411104,83.97
11/23/2010,82.63,83.28,83.38,82.01,5739157,84
11/24/2010,84.69,83.25,84.79,83.25,5881485,82.63
11/26/2010,84.13,83.83,84.25,83.45,2521505,84.69
11/29/2010,83.67,83.71,83.89,82.55,5086979,84.13
11/30/2010,84.6,82.83,84.92,82.76,7774673,83.67
12/1/2010,87.45,85.03,87.8,85,8858542,84.6
12/2/2010,88.62,87.45,88.89,87.45,6349161,87.45
12/3/2010,89.38,88.36,89.49,87.83,4999657,88.62
12/6/2010,89.2,89.28,89.68,88.57,4347334,89.38
12/7/2010,90.35,89.95,92,89.95,11247624,89.2
12/8/2010,89.62,90.26,90.9,89.29,5256223,90.35
12/9/2010,89.67,90.13,90.24,89.02,3832926,89.62
12/10/2010,89.94,89.79,90.16,89.39,3314243,89.67
12/13/2010,91.63,90.65,92.37,90.2,6637043,89.94
12/14/2010,92.09,92.19,92.91,91.51,4948935,91.63
12/15/2010,93.12,92.75,94.33,92.66,8323246,92.09
12/16/2010,93.2,93.19,93.65,92.54,4863640,93.12
12/17/2010,92.59,93.4,93.413,92.25,6472637,93.2
12/20/2010,93.3,93.37,93.55,92.53,3523194,92.59
12/21/2010,94.63,93.7,94.89,93.24,4110961,93.3
12/22/2010,94.57,94.78,94.78,94.11,2611768,94.63
12/23/2010,94.45,94.29,94.74,94,2206799,94.57
12/27/2010,94.07,93.85,94.2,93.21,2620732,94.45
12/28/2010,93.69,94.28,94.42,93.07,2995498,94.07
12/29/2010,93.78,93.75,94.225,93.5,2779642,93.69
12/30/2010,93.87,93.56,94.14,93.52,2325586,93.78
12/31/2010,93.66,93.83,93.9,93.31,2542626,93.87
1/3/2011,94.15,94.38,94.81,94.11,5233321,93.66
1/4/2011,93.71,94.64,94.64,92.3,6120629,94.15
1/5/2011,94.52,93.27,94.69,92.99,4124427,93.71
1/6/2011,93.54,94.71,94.71,93.3,4109465,94.52
1/7/2011,93.73,93.86,94.73,92.8,4548061,93.54
1/10/2011,93.39,93.21,93.97,92.51,4160919,93.73
1/11/2011,93.95,94.08,94.7,93.25,5307161,93.39
1/12/2011,93.49,94.59,94.62,93.43,5699326,93.95
1/13/2011,94.14,94.09,94.53,93.7,4539829,93.49
1/14/2011,94.01,93.94,94.26,93.11,4573074,94.14
1/18/2011,96.23,94.16,96.47,93.94,8819103,94.01
1/19/2011,95.54,96.34,96.8,95.152,6478076,96.23
1/20/2011,93.61,94.9,95.28,93.31,7160797,95.54
1/21/2011,92.75,94.75,95,92.37,6193033,93.61
1/24/2011,94.57,92.71,94.69,92.51,4614954,92.75
1/25/2011,94.39,94.39,94.65,92.97,5437213,94.57
1/26/2011,95.75,94.93,96.16,94.4,6090685,94.39
1/27/2011,96.63,97.1,97.79,95.52,11543290,95.75
1/28/2011,95.68,97.01,97.2,94.9,7242926,96.63
1/31/2011,97.01,96.13,97.2,95.8507,6012835,95.68
2/1/2011,98.01,97.35,98.06,96.5,7558761,97.01
2/2/2011,99.09,97.74,99.27,97.68,6531202,98.01
2/3/2011,98.93,99.24,99.24,98.1527,5035599,99.09
2/4/2011,99.59,99.01,99.72,98.7,6030888,98.93
2/7/2011,100.47,99.62,100.81,99.49,5697870,99.59
2/8/2011,100.61,100.57,100.7,99.31,5045323,100.47
2/9/2011,99.79,100.11,100.445,99.19,4805850,100.61
2/10/2011,100.6,99.28,100.76,98.75,5638045,99.79
2/11/2011,103.54,100.29,103.55,100.2,6445306,100.6
2/14/2011,103.26,103.56,103.64,102.8,4058353,103.54
2/15/2011,103,102.96,103.11,102.01,4422576,103.26
2/16/2011,103.55,103.9,104.41,102.91,4857282,103
2/17/2011,103.36,103.32,103.76,102.96,2993675,103.55
2/18/2011,105.86,103.86,105.86,103.45,8746790,103.36
2/22/2011,102.01,104.86,105.3,101.53,8247018,105.86
2/23/2011,100.02,101.91,102.13,98.035,8916077,102.01
2/24/2011,100.57,99.93,101.91,98.77,6351068,100.02
2/25/2011,102,101.45,102.64,101.14,4632564,100.57
2/28/2011,102.93,102.72,103.36,101.53,4021732,102
3/1/2011,99.86,103.37,103.64,99.35,7289162,102.93
3/2/2011,100.97,99.85,102.12,99.43,5420344,99.86
3/3/2011,104.25,101.94,104.43,101.92,7436660,100.97
3/4/2011,103.04,104.01,104.2,102.02,5683617,104.25
3/7/2011,102.13,103.42,104.2,101.05,6005791,103.04
3/8/2011,104.13,101.89,104.45,101.18,6167638,102.13
3/9/2011,102.36,103.59,103.59,101.8,6403358,104.13
3/10/2011,98.39,100.55,100.75,98.1,11861599,102.36
3/11/2011,100.02,97.74,100.5,97.01,8175663,98.39
3/14/2011,102.1,102.59,102.59,100.3845,7991501,100.02
3/15/2011,100.75,99.02,101.38,98.55,11764899,102.1
3/16/2011,100.4,101.7,102.61,99.04,13057446,100.75
3/17/2011,103.12,101.89,103.31,101.28,9868059,100.4
3/18/2011,105.06,104.99,105.64,104.66,11517147,103.12
3/21/2011,107.59,106.9,107.68,106.62,7692683,105.06
3/22/2011,106.79,107.06,107.48,106.03,7018041,107.59
3/23/2011,106.76,106.08,107.7,105.64,7099161,106.79
3/24/2011,108.37,107.9,108.9,106.95,8365554,106.76
3/25/2011,109.09,108.75,110.15,108.7,7662017,108.37
3/28/2011,109.4,109.54,110.49,109.39,5447112,109.09
3/29/2011,110.54,109.64,110.79,108.61,5776639,109.4
3/30/2011,111.53,111.71,111.72,110.55,5619007,110.54
3/31/2011,111.35,110.82,111.9799,110.82,5179762,111.53
4/1/2011,113.12,112.09,113.59,111.8,6093871,111.35
4/4/2011,113.38,113.75,113.93,112.53,3886857,113.12
4/5/2011,112.31,112.97,113.16,111.91,5352335,113.38
4/6/2011,111,112.85,113.3,110.86,5719255,112.31
4/7/2011,109.85,110.72,110.9,109.08,8412646,111
4/8/2011,109.82,110.54,111,108.88,5401844,109.85
4/11/2011,109.07,110.02,110.3,108.32,5006879,109.82
4/12/2011,106.57,108.61,109.02,106.34,8748147,109.07
4/13/2011,107.63,107.76,107.97,106.38,5840935,106.57
4/14/2011,107.58,106.82,107.77,105.35,5780486,107.63
4/15/2011,107.21,108.08,108.11,106.8,5321442,107.58
4/18/2011,103.9,105.58,105.74,102.16,11448560,107.21
4/19/2011,106.1,105.18,106.42,104.64,7159256,103.9
4/20/2011,108.28,107.94,108.5,107.36,5331076,106.1
4/21/2011,109.42,109,109.5,108.41,4061411,108.28
4/25/2011,108.85,109.24,109.4824,107.9536,3709046,109.42
4/26/2011,111.94,110.15,112.2,109.85,6674553,108.85
4/27/2011,112.61,112.66,112.7,109.75,6070179,111.94
4/28/2011,112.64,112.28,112.7,111.35,6270210,112.61
4/29/2011,115.41,115.4,116.25,114.53,11798961,112.64
5/2/2011,114.37,116.24,116.55,113.92,7625755,115.41
5/3/2011,113.27,114.12,114.38,112.74,6302768,114.37
5/4/2011,110.77,113.22,113.91,109.94,8970660,113.27
5/5/2011,109.39,110.08,111.46,108.39,8786262,110.77
5/6/2011,110.34,111.52,112.71,110.17,7993019,109.39
5/9/2011,111.66,110.8,112.48,110.37,5078137,110.34
5/10/2011,112.87,112.76,112.97,111.86,4928330,111.66
5/11/2011,109.98,112.34,112.35,109,9673000,112.87
5/12/2011,108.63,109.2,109.61,107,9278847,109.98
5/13/2011,106.33,109.47,109.6,106.02,9253089,108.63
5/16/2011,106.09,105.87,108.27,105.07,8292202,106.33
5/17/2011,102.08,105.08,105.23,101.47,19233155,106.09
5/18/2011,105.25,102.85,105.5,101.78,9472870,102.08
5/19/2011,105.3,106.61,106.87,104.91,8618525,105.25
5/20/2011,104.33,105.24,105.5,103.6,8657500,105.3
5/23/2011,101.89,101.31,102.51,100.37,10099567,104.33
5/24/2011,101.55,102.37,102.95,101.07,7277428,101.89
5/25/2011,103.25,101.03,103.93,100.78,6193580,101.55
5/26/2011,104.19,103.07,104.68,102.03,6643145,103.25
5/27/2011,104.6,104.72,105.36,104.27,4512458,104.19
5/31/2011,105.8,106.41,106.6,104.311,6644989,104.6
6/1/2011,101.24,104.97,105.48,101,10603384,105.8
6/2/2011,102.19,101.82,103.72,101.31,9128481,101.24
6/3/2011,101.1,100.49,102.4901,99.15,9510733,102.19
6/6/2011,99.86,100.25,101.61,99.47,8095185,101.1
6/7/2011,99.88,101.24,101.35,99.81,6790818,99.86
6/8/2011,98.04,99.21,99.86,97.77,9764539,99.88
6/9/2011,99.26,98.29,99.7065,98.22,6171368,98.04
6/10/2011,96.79,98.8,98.9,96.42,9610016,99.26
6/13/2011,95.44,96.93,97.53,94.72,9767736,96.79
6/14/2011,97.86,96.85,98.45,96.13,8483128,95.44
6/15/2011,95.65,96.58,97.36,95.51,8149184,97.86
6/16/2011,95.46,95.39,96.86,94.2095,8889538,95.65
6/17/2011,95.95,96.46,96.94,95.31,8316843,95.46
6/20/2011,98.18,96.49,98.3699,96.05,7486461,95.95
6/21/2011,101.39,99.42,101.96,99.06,9639576,98.18
6/22/2011,100.15,101.17,102.5,100.07,7452693,101.39
6/23/2011,100.55,97.9,100.65,96.95,10647253,100.15
6/24/2011,100.01,101.05,101.1,99.44,8496881,100.55
6/27/2011,100.8,99.96,101.5,99.07,5618030,100.01
6/28/2011,103.84,101.44,104.07,101.4,7887151,100.8
6/29/2011,103.36,104.45,104.49,102.4,8642237,103.84
6/30/2011,106.46,103.36,106.93,103.32,10599722,103.36
7/1/2011,108.62,106.15,109.17,105.75,9153712,106.46
7/5/2011,108.43,107.92,108.78,107.34,6880163,108.62
7/6/2011,110.08,108.11,110.12,108.08,6942543,108.43
7/7/2011,111.63,111.57,112.65,111.25,7404228,110.08
7/8/2011,110.41,108.52,110.41,107.8,8298100,111.63
7/11/2011,108.16,108.41,109.48,107.25,7569251,110.41
7/12/2011,106.93,107.63,108.46,106.67,7892983,108.16
7/13/2011,108.64,108.48,110.42,108.34,6820173,106.93
7/14/2011,107.58,108.83,110.5,107,7394217,108.64
7/15/2011,109.36,108.77,109.36,107.14,6662950,107.58
7/18/2011,107.8,108.46,108.47,106.16,6880902,109.36
7/19/2011,109.64,108.89,109.97,108.2,6676377,107.8
7/20/2011,110.31,110.71,110.98,109.61,5761575,109.64
7/21/2011,111.6,111.05,112.43,110.12,9341363,110.31
7/22/2011,105.15,104.62,106.48,103,25775680,111.6
7/25/2011,105.66,104.16,106.3,103.8,8664606,105.15
7/26/2011,105.2,105.91,106,104.701,7158459,105.66
7/27/2011,101.34,104.43,104.61,101,10687804,105.2
7/28/2011,99.64,101.51,102.09,99.45,9442859,101.34
7/29/2011,98.79,98.32,99.97,97.28,12286478,99.64
8/1/2011,100.72,102.43,102.82,98.8,12869522,98.79
8/2/2011,97.18,99.55,101.55,97.12,12058250,100.72
8/3/2011,96.28,97.92,98.29,93.54,16922153,97.18
8/4/2011,89.55,94.4,94.71,89.5,18654906,96.28
8/5/2011,90.99,92.13,92.5,86.48,22800491,89.55
8/8/2011,82.6,86.23,88.16,82.25,21300273,90.99
8/9/2011,87.48,85.4,87.6,80.84,20479056,82.6
8/10/2011,83.51,86.72,87.2,83.39,15335860,87.48
8/11/2011,87.25,85.14,88.79,83.94,14160927,83.51
8/12/2011,89.81,91.06,91.3,88.81,11463358,87.25
8/15/2011,91.37,91.45,92.8,90.68,10462784,89.81
8/16/2011,89.35,90.02,90.37,88.52,10817805,91.37
8/17/2011,87.64,90.11,90.8,87.15,10621795,89.35
8/18/2011,83.33,84.45,84.8,81.5,16798446,87.64
8/19/2011,79.97,81.92,85,79.82,13743446,83.33
8/22/2011,79.89,82.94,83.04,79.56,9459377,79.97
8/23/2011,82.98,80.54,83,79.8,11699894,79.89
8/24/2011,85.4,83.24,85.715,82.2,10140211,82.98
8/25/2011,83.25,86.24,86.86,82.8,8212083,85.4
8/26/2011,85.16,82.19,85.91,81.05,9458249,83.25
8/29/2011,88.15,87.11,88.55,86.35,7645592,85.16
8/30/2011,89.83,88,90.87,87.36,9856909,88.15
8/31/2011,91,91.75,93.82,89.89,12665932,89.83
9/1/2011,88.55,91.19,92.83,88.281,10696200,91
9/2/2011,85.38,85.25,86.7,84.37,11952119,88.55
9/6/2011,85.7,82.24,86.02,82.11,8649714,85.38
9/7/2011,88.69,87.8,88.71,86.42,9325018,85.7
9/8/2011,87.04,87.32,88.98,86.4,9947735,88.69
9/9/2011,83.96,86.03,86.25,83.14,11675874,87.04
9/12/2011,83.87,81.93,84.14,81.25,10852194,83.96
9/13/2011,85.02,83.85,86.25,83.38,9804375,83.87
9/14/2011,85.45,85.61,86.96,82.53,10626228,85.02
9/15/2011,86.6,86.65,87.69,85.77,8299900,85.45
9/16/2011,85.9,87.46,87.4601,85.21,10490875,86.6
9/19/2011,84.6,83.92,85.16,82.33,8942449,85.9
9/20/2011,83.66,85.64,85.77,83.5,8999757,84.6
9/21/2011,79.36,83.11,83.389,79.29,16465693,83.66
9/22/2011,73.9,76.29,76.56,72.6,20951322,79.36
9/23/2011,73.86,73.44,75.5,73.02,12106269,73.9
9/26/2011,76.85,74.71,77,73.24,10018167,73.86
9/27/2011,77.67,79.25,79.85,77.12,10817079,76.85
9/28/2011,75.08,78.13,79.15,74.88,9383159,77.67
9/29/2011,75.39,76.89,77.28,73.2,10263616,75.08
9/30/2011,73.84,73.46,75.89,73.23,10543114,75.39
10/3/2011,70.55,72.78,73.59,70.5,10785084,73.84
10/4/2011,72.54,68.75,72.76,67.54,14733745,70.55
10/5/2011,74.26,72.84,74.61,71.49,9678355,72.54
10/6/2011,77.09,74.57,77.19,73.6,15809945,74.26
10/7/2011,75.52,77.77,77.79,74.7,14025440,77.09
10/10/2011,79.13,77.27,79.75,77.2,10305762,75.52
10/11/2011,80.66,78.08,81.14,77.95,17857619,79.13
10/12/2011,81.7,82.01,82.8,81.0577,10424858,80.66
10/13/2011,81.44,81.22,81.91,80.3399,7953157,81.7
10/14/2011,84.09,82.85,84.2253,82.39,7356927,81.44
10/17/2011,81.52,84.83,85.38,81.33,10198475,84.09
10/18/2011,84.72,81.45,85.57,80.76,13576701,81.52
10/19/2011,83.56,84.67,85.42,83.07,8734847,84.72
10/20/2011,84.26,83.9,85,82.5,9446535,83.56
10/21/2011,87.39,85.42,87.5,85.3,11482819,84.26
10/24/2011,91.77,91.76,92.9,90.8,16383268,87.39
10/25/2011,89.89,91.36,92.49,89.02,10713637,91.77
10/26/2011,91.57,91.82,92.25,90.02,9748599,89.89
10/27/2011,96.33,95,97.72,94.6117,13930715,91.57
10/28/2011,96.85,95.7,97.95,95.65,8700627,96.33
10/31/2011,94.46,95.04,95.63,93.85,9275088,96.85
11/1/2011,91.63,90,93,89,13545873,94.46
11/2/2011,93.94,93.03,94.24,92.2,9307784,91.63
11/3/2011,96,95.46,96.35,93.87,11110693,93.94
11/4/2011,95.74,95.3,95.99,93.8,6820422,96
11/7/2011,95,95.6,96.25,93.39,7287388,95.74
11/8/2011,95.89,95.96,96,93.94,7317459,95
11/9/2011,91.64,93.5,93.98,91.15,11214988,95.89
11/10/2011,92.2,92.98,93.4,91.1982,7323756,91.64
11/11/2011,96.13,93.57,96.2,93.37,9819760,92.2
11/14/2011,96.53,97.47,98.07,95.88,8590256,96.13
11/15/2011,97.07,96.21,97.74,95.8,8761873,96.53
11/16/2011,95.75,96.24,98.2,95.6,8123014,97.07
11/17/2011,93.81,95.7,96.06,92.8,10086082,95.75
11/18/2011,93.93,94.54,94.79,93.15,6066132,93.81
11/21/2011,91.12,92.0699,92.1,89.47,9853657,93.93
11/22/2011,89.99,90.8,91.22,88.58,7494786,91.12
11/23/2011,87.76,89.39,89.6,87.43,7644740,89.99
11/25/2011,86.72,87.3,88.4,86.63,3078679,87.76
11/28/2011,91.48,90.35,91.89,89.99,8340988,86.72
11/29/2011,90.54,91.64,91.8165,90.45,6056440,91.48
11/30/2011,97.88,94.65,97.91,94.65,13077921,90.54
12/1/2011,96.82,97.23,98,95.76,7492386,97.88
12/2/2011,96.29,97.75,98,96.01,7899098,96.82
12/5/2011,96.85,97.73,97.97,96.33,7485498,96.29
12/6/2011,95.96,96.62,96.9275,94.885,6446976,96.85
12/7/2011,94.89,94.98,95.28,93.8,8146771,95.96
12/8/2011,92.92,94.34,95.53,92.6,7845327,94.89
12/9/2011,95.97,93.63,96.29,93.44,7140880,92.92
12/12/2011,93.24,94.36,94.5,92.31,6327856,95.97
12/13/2011,90.98,94.04,94.68,90.1,8465675,93.24
12/14/2011,87,89.59,89.8,86.29,13568489,90.98
12/15/2011,87.7,88.79,88.88,87.09,7646722,87
12/16/2011,87.2,88.82,89.51,87.2,11560727,87.7
12/19/2011,87.25,88.09,89.72,86.94,7922169,87.2
12/20/2011,91.73,89.26,91.9,89.23,7845213,87.25
12/21/2011,91.63,91.78,92.01,89.9,7180297,91.73
12/22/2011,91.81,92.03,92.5,91.02,4768461,91.63
12/23/2011,92.25,92.2,92.42,91.65,3369016,91.81
12/27/2011,91.55,91.7,92.38,91.51,3218113,92.25
12/28/2011,89.37,91.76,91.8,89.17,5250068,91.55
12/29/2011,90.58,89.46,90.86,89.46,3573450,89.37
12/30/2011,90.6,90.72,91.42,90.4,3279845,90.58
1/3/2012,93.98,92.77,95.105,92.77,8180772,90.6
1/4/2012,94.85,93.41,95.51,93.41,7337158,93.98
1/5/2012,95.52,94.84,96.16,93.9,5558453,94.85
1/6/2012,95.76,96.03,96.2,95.32,5474733,95.52
1/9/2012,97.1,96.09,97.4101,96,6537566,95.76
1/10/2012,99.96,98.4499,99.98,98.28,9550634,97.1
1/11/2012,99.64,99.83,100.4452,99.4,7228547,99.96
1/12/2012,101.94,99.99,102.04,98.66,10471789,99.64
1/13/2012,102.48,100.72,102.7,100.55,9918916,101.94
1/17/2012,103.37,103.82,104.8,103.32,8869184,102.48
1/18/2012,104.26,102.66,104.5,102.5,6799341,103.37
1/19/2012,105.75,104.65,105.76,103.63,9465221,104.26
1/20/2012,105.64,105.35,105.92,104.84,6601062,105.75
1/23/2012,106.37,105.91,107.24,105.64,7003774,105.64
1/24/2012,106.29,105.43,106.8,105.15,5581201,106.37
1/25/2012,109.05,106,109.28,105.99,10657969,106.29
1/26/2012,111.31,112.21,114,110.7,18542780,109.05
1/27/2012,111.28,110.53,111.98,109.67,7838507,111.31
1/30/2012,110.41,110.02,110.75,104.45,5971563,111.28
1/31/2012,109.12,111.29,112,108.714,7610136,110.41
2/1/2012,110.52,110.7499,111.39,109.94,6740664,109.12
2/2/2012,110.33,110.8,111.02,109.865,5127310,110.52
2/3/2012,113.94,112.17,114.65,111.9,10226746,110.33
2/6/2012,113.78,113.24,114.25,112.8,5030035,113.94
2/7/2012,113.81,113.05,114.1,112.49,5140198,113.78
2/8/2012,114.04,113.8201,114.33,113.22,4123776,113.81
2/9/2012,112.83,114.39,114.64,112.589,7566925,114.04
2/10/2012,111.75,111.0101,111.78,110.33,6352297,112.83
2/13/2012,113.7,112.7,113.86,111.68,5704328,111.75
2/14/2012,114.45,113.32,114.48,113.21,6427824,113.7
2/15/2012,112.53,114.49,114.7,111.94,8210879,114.45
2/16/2012,113.96,112.72,114.05,112.39,5459723,112.53
2/17/2012,113.95,114.38,114.5,113.03,4296279,113.96
2/21/2012,115,114.5,116.44,114.39,7521078,113.95
2/22/2012,115.81,114.76,116.45,114.5,5005965,115
2/23/2012,116.2,115.88,116.45,115,5066463,115.81
2/24/2012,116,116.29,116.95,115.67,4474089,116.2
2/27/2012,115.63,114.84,116.5,114.55,4910147,116
2/28/2012,115.76,115.81,116.22,115.2,4013789,115.63
2/29/2012,114.21,116.13,116.4,113.68,6781860,115.76
3/1/2012,113.39,114.67,115.38,113.01,7466163,114.21
3/2/2012,112.49,113.16,113.94,111.8,5404780,113.39
3/5/2012,110.09,111.55,111.9,109.52,8392115,112.49
3/6/2012,105.93,106.57,107.16,105.2,12639153,110.09
3/7/2012,108.28,106.66,108.62,106.32,7385751,105.93
3/8/2012,110.28,109.59,110.56,108.66,6171558,108.28
3/9/2012,110.22,110.88,111.09,109.8,6528674,110.28
3/12/2012,108.94,110.11,110.95,108.68,6500668,110.22
3/13/2012,113.3,109.73,113.38,109.31,8082044,108.94
3/14/2012,112.27,113.21,113.45,111.26,6181187,113.3
3/15/2012,113.45,112.88,113.48,111.39,5317553,112.27
3/16/2012,113.58,114.02,114.25,113.04,5777363,113.45
3/19/2012,113.73,113.5,114.09,112.78,4738410,113.58
3/20/2012,110.76,111.99,112,110.51,8091060,113.73
3/21/2012,109,110.85,111.35,109,7928460,110.76
3/22/2012,106.43,107.28,107.94,105.7,9451872,109
3/23/2012,107.83,106.59,108.61,105.8,6025545,106.43
3/26/2012,108.75,108.8,109.7,108.12,4571090,107.83
3/27/2012,108.06,108.68,109.57,107.884,4212114,108.75
3/28/2012,104.26,107.96,107.97,103.55,10247575,108.06
3/29/2012,106.02,103.62,106.274,103.48,8319240,104.26
3/30/2012,106.52,106.7,106.93,105.58,4782285,106.02
4/2/2012,107.25,105.99,107.94,105.04,5212253,106.52
4/3/2012,106.21,107.64,108.09,105.825,5830094,107.25
4/4/2012,106.26,104.77,106.84,104.34,5583587,106.21
4/5/2012,105.87,105.71,107.135,105.41,4578308,106.26
4/9/2012,103.57,103.57,104.29,102.8,6338437,105.87
4/10/2012,100.43,103.54,103.66,99.8,9164756,103.57
4/11/2012,101.75,101.77,102.5,100.5,6182801,100.43
4/12/2012,106.44,102.17,106.5,102.13,8980030,101.75
4/13/2012,105.89,106.16,106.92,105.24,6321757,106.44
4/16/2012,106.74,107.92,108.96,106.16,6814036,105.89
4/17/2012,108.41,107.9,109.2,106.716,5324689,106.74
4/18/2012,109.21,107.65,109.73,107.65,4872031,108.41
4/19/2012,107.36,109.21,109.77,106.37,5628466,109.21
4/20/2012,107.73,107.77,108.62,107.61,4019090,107.36
4/23/2012,106.9,106.33,107.04,105.12,5463922,107.73
4/24/2012,108.4,107.25,108.79,107.1,5703132,106.9
4/25/2012,103.44,106.85,107.11,102.3,15948390,108.4
4/26/2012,104.39,103.97,104.55,103,7319586,103.44
4/27/2012,104.56,104.99,105.05,104.11,4239051,104.39
4/30/2012,102.77,103.99,104.1199,102.5501,5325638,104.56
5/1/2012,102.11,102.81,103.5,101.735,5733202,102.77
5/2/2012,102.63,101.58,102.72,100.65,5620219,102.11
5/3/2012,100.67,102.9,103.38,100.5,6102138,102.63
5/4/2012,98.44,100,100.13,98,9056270,100.67
5/7/2012,97.19,97.67,98.2,97.03,7245648,98.44
5/8/2012,96.49,96.84,96.95,93.92,10416718,97.19
5/9/2012,95.99,94.84,97.3,94.08,7734986,96.49
5/10/2012,95.44,97.15,97.39,95.18,4981920,95.99
5/11/2012,95.5,94.5,96.69,94.3,4532046,95.44
5/14/2012,93.6,94.33,94.77,93.45,5215061,95.5
5/15/2012,92.68,93.85,94.66,92.29,5307090,93.6
5/16/2012,91.86,93.43,94.08,91.711,5810064,92.68
5/17/2012,87.8,91.02,91.64,87.6,12696066,91.86
5/18/2012,88.68,88.26,89.81,88.02,8656878,87.8
5/21/2012,91.98,89.53,92.3,89.32,6813318,88.68
5/22/2012,91.49,92.76,92.98,90.89,7210609,91.98
5/23/2012,92.47,90.51,92.79,89.861,6668574,91.49
5/24/2012,91.42,92.95,92.96,90.17,6424141,92.47
5/25/2012,89.94,91.39,91.67,89.63,4637740,91.42
5/29/2012,92.52,91.2,93.93,90.89,8240242,89.94
5/30/2012,90.18,90.99,91,89.5,6353163,92.52
5/31/2012,87.62,88.42,88.5,86.01,12373080,90.18
6/1/2012,85.52,85.08,86.8,84.72,9573630,87.62
6/4/2012,83.26,85.94,85.95,82.73,9815163,85.52
6/5/2012,83.65,83.02,84.8,83.02,9222466,83.26
6/6/2012,86.66,84.72,86.66,84.52,8463998,83.65
6/7/2012,87.14,88.82,89.87,86.92,7775151,86.66
6/8/2012,87.6,86.83,87.67,85.33,4399916,87.14
6/11/2012,85.19,89.2,89.46,85.09,6436925,87.6
6/12/2012,87.05,85.82,87.05,84.76,5270317,85.19
6/13/2012,85.29,86.25,87,84.675,8308214,87.05
6/14/2012,85.89,85.31,86.25,84.5,6125104,85.29
6/15/2012,86.93,86.4,86.95,85.69,6572173,85.89
6/18/2012,86.74,86.35,87.09,85.67,4722912,86.93
6/19/2012,88.84,87.57,89.79,87.2,6255070,86.74
6/20/2012,87.17,88.14,88.72,86.5,9415366,88.84
6/21/2012,84.98,87.09,87.45,84.84,8581136,87.17
6/22/2012,84.96,85.5,86.0478,84.85,6414053,84.98
6/25/2012,82.89,83.95,83.98,82.12,7395713,84.96
6/26/2012,82.73,83.31,83.52,81.8,5591245,82.89
6/27/2012,82.25,82.63,82.87,81.71,7413765,82.73
6/28/2012,82.63,81.66,82.7,80.96,9716946,82.25
6/29/2012,84.91,84.32,84.94,83.81,7053778,82.63
7/2/2012,83.68,85.35,85.48,83.0376,6421291,84.91
7/3/2012,86.46,83.9,86.7,83.88,4357792,83.68
7/5/2012,86.79,86.63,87.56,85.6344,5547722,86.46
7/6/2012,84.61,85.25,85.25,83.83,6951916,86.79
7/9/2012,83.14,83.94,84.35,82.96,6292057,84.61
7/10/2012,80.27,83.56,84.3,79.12,15160014,83.14
7/11/2012,79.74,80.52,80.74,79.25,8184796,80.27
7/12/2012,79.64,78.98,80.33,78.25,8743588,79.74
7/13/2012,82.07,79.95,82.14,79.55,7619493,79.64
7/16/2012,81.15,81.85,81.85,80.2,4991914,82.07
7/17/2012,81.91,81.89,82.29,79.95,6470051,81.15
7/18/2012,82.52,80.53,83.35,80.09,7458316,81.91
7/19/2012,82.63,82.96,83.4,82.05,5617190,82.52
7/20/2012,80.95,81.93,82.57,80.66,5897813,82.63
7/23/2012,81.58,79.66,82.6,78.794,7568646,80.95
7/24/2012,81.43,82.75,83.3,80.27,8784396,81.58
7/25/2012,82.6,85.13,85.45,80.29,19885326,81.43
7/26/2012,83.3,83.84,84.65,82.1,10139011,82.6
7/27/2012,86.16,83.18,86.6,82.03,11229250,83.3
7/30/2012,85.69,86.62,86.97,85,6507743,86.16
7/31/2012,84.21,85.77,86.36,84.14,9198033,85.69
8/1/2012,82.65,85,85.07,82.5,9368087,84.21
8/2/2012,83.12,82.46,84.3,82.1,8097440,82.65
8/3/2012,85.02,84.53,86,84.07,6942724,83.12
8/6/2012,86.35,85.73,87,85.48,6387170,85.02
8/7/2012,87.22,87,88.32,86.75,6050005,86.35
8/8/2012,87.22,86.49,87.8798,86.35,6139592,87.22
8/9/2012,88.4,87.41,88.79,87.25,6701463,87.22
8/10/2012,88.94,88.26,88.96,87.64,5510233,88.4
8/13/2012,88.61,88.84,89.2699,87.6,5403701,88.94
8/14/2012,87.87,89.49,89.65,87.76,5486506,88.61
8/15/2012,87.61,87.25,87.73,86.16,6346120,87.87
8/16/2012,88.59,87.74,88.83,87.23,4979566,87.61
8/17/2012,90.01,89.86,90.1,89.1,7849959,88.59
8/20/2012,90.44,89.74,90.48,89.23,5298310,90.01
8/21/2012,90.29,91,92.08,89.95,7159663,90.44
8/22/2012,88.72,90.04,90.28,87.63,8843943,90.29
8/23/2012,87.63,88.64,88.72,87.14,5469964,88.72
8/24/2012,87.47,86.92,87.75,86.4,4980073,87.63
8/27/2012,86.63,87.65,88,86.54,4273674,87.47
8/28/2012,86.01,86.37,86.99,85.88,4697196,86.63
8/29/2012,86.09,85.58,86.33,84.45,8733002,86.01
8/30/2012,84.47,85.56,85.82,84.46,5170403,86.09
8/31/2012,85.33,85.18,85.936,84.25,5481994,84.47
9/4/2012,82.66,85.03,85.13,82.21,11288908,85.33
9/5/2012,82.75,82.6,83.08,81.78,6238812,82.66
9/6/2012,84.79,83.55,84.93,83.35,6983110,82.75
9/7/2012,88.1,87.26,88.44,86.75,10698392,84.79
9/10/2012,87.1,87.94,88.63,87.08,5592620,88.1
9/11/2012,88.6,87.7,89.12,87.41,5878824,87.1
9/12/2012,89.12,89.49,90.24,88.66,6016519,88.6
9/13/2012,90.68,88.63,90.97,88.3,7846103,89.12
9/14/2012,93.17,92.21,94.28,91.98,11377084,90.68
9/17/2012,91.99,92.94,93.5,91.7301,7998664,93.17
9/18/2012,93.07,91.77,93.07,91.77,6604709,91.99
9/19/2012,93.94,93.3,94.23,92.81,6787699,93.07
9/20/2012,92.54,92.99,92.99,91.25,7096260,93.94
9/21/2012,91.72,93.42,93.42,91.37,10790189,92.54
9/24/2012,90.87,90.45,91.78,90.45,8604713,91.72
9/25/2012,87.01,88.66,89.55,87,13937907,90.87
9/26/2012,86.95,86.9,87.9265,85.8,8866030,87.01
9/27/2012,86.92,87.84,87.95,86.75,7586147,86.95
9/28/2012,86.04,86.36,86.59,85.43,7519491,86.92
10/1/2012,85.47,86.72,87.15,85.24,7385730,86.04
10/2/2012,85.47,85.63,85.93,84.35,8819833,85.47
10/3/2012,85.28,85.51,85.64,84.55,5586938,85.47
10/4/2012,85.96,85.52,86.5,85.2,5077313,85.28
10/5/2012,85.43,86.85,87.34,85.01,6548334,85.96
10/8/2012,85.44,84.94,85.81,84.43,4538278,85.43
10/9/2012,84.75,85.72,86.15,84.5,5810594,85.44
10/10/2012,83.16,83.89,84.37,82.6,10635668,84.75
10/11/2012,82.85,83.39,83.7,82.25,7644528,83.16
10/12/2012,82.82,83,84.1,82.455,6012871,82.85
10/15/2012,82.81,82.91,83.2,82.1,6357782,82.82
10/16/2012,84.96,83.59,85.04,83.21,6945636,82.81
10/17/2012,86.63,85.62,86.77,85.21,7339006,84.96
10/18/2012,86.62,86.38,87.53,85.83,6813805,86.63
10/19/2012,83.86,85.33,85.48,83.49,9875249,86.62
10/22/2012,85.08,82.94,86.04,82.29,17161215,83.86
10/23/2012,83.58,83.9,84.14,82.98,7496353,85.08
10/24/2012,82.73,84.07,84.14,82.52,5509209,83.58
10/25/2012,83.53,83.39,83.54,82.3633,5984041,82.73
10/26/2012,84.25,83.48,84.32,83.24,7166564,83.53
10/31/2012,84.81,85.53,85.92,84.45,5914967,84.25
11/1/2012,87.65,85.22,87.86,85,8557112,84.81
11/2/2012,85.79,88.49,88.5,85.7,6983144,87.65
11/5/2012,86.77,85.85,86.78,85.59,4044869,85.79
11/6/2012,88.08,87.35,88.5998,87.3,7049360,86.77
11/7/2012,85.02,86.73,87.23,84.84,8209127,88.08
11/8/2012,83.66,85.16,85.24,83.52,6246172,85.02
11/9/2012,84.95,83,85.286,82.9,7286527,83.66
11/12/2012,85.18,84.44,85.57,84.23,5809442,84.95
11/13/2012,83.26,84.72,85.18,83.17,7697159,85.18
11/14/2012,81.1,83.9,83.9,80.88,8498038,83.26
11/15/2012,81.3,81.35,82.5748,80.5,7797191,81.1
11/16/2012,81.93,81.37,82.21,80.16,8050900,81.3
11/19/2012,83.62,83.37,83.84,83.15,5674790,81.93
11/20/2012,83.33,83.7,83.77,82.59,5537360,83.62
11/21/2012,83.05,82.95,83.74,82.65,4517062,83.33
11/23/2012,84.16,83.62,84.19,83.25,2663700,83.05
11/26/2012,84.65,83.81,84.81,83.81,4242030,84.16
11/27/2012,84.01,84.5,85.12,83.9,4196182,84.65
11/28/2012,84.94,83.63,85.09,83,4886186,84.01
11/29/2012,86.25,85.55,86.48,85.48,7846411,84.94
11/30/2012,85.24,86.33,86.35,85.03,5665862,86.25
12/3/2012,84.49,85.92,85.92,84.43,4715054,85.24
12/4/2012,84.16,84.05,84.96,83.75,4469429,84.49
12/5/2012,86.05,84.62,86.57,84.565,8606586,84.16
12/6/2012,85.95,85.83,86.33,85.08,4132598,86.05
12/7/2012,86.99,86.7,87.55,86.52,7337221,85.95
12/10/2012,87.23,86.81,87.45,86.38,4336897,86.99
12/11/2012,87.33,87.6,88.16,87.04,5374285,87.23
12/12/2012,87.95,87.89,88.77,87.46,7093449,87.33
12/13/2012,88.36,87.85,89.31,87.82,6101438,87.95
12/14/2012,89,88.35,89.5,88.32,5869570,88.36
12/17/2012,89.64,89.25,89.69,88.9,6095709,89
12/18/2012,90.77,89.67,91.09,89.67,6653864,89.64
12/19/2012,90.79,90.91,91.83,90.74,7068237,90.77
12/20/2012,89.5,89.9,90.13,88.64,6893538,90.79
12/21/2012,87.9,87.5,88.18,86.48,10728630,89.5
12/24/2012,87.48,87.51,87.8298,87.16,2327063,87.9
12/26/2012,87.67,87.67,88.68,87.57,3236007,87.48
12/27/2012,87.66,87.87,88.41,86.55,3953731,87.67
12/28/2012,86.81,87.09,87.6,86.69,3311691,87.66
12/31/2012,89.6085,86.81,89.8,86.67,7215946,86.81
1/2/2013,93.5,92.95,94.44,92.95,11590524,89.6085
1/3/2013,94.4,93.22,94.99,92.89,9333510,93.5
1/4/2013,94.92,94.57,94.92,94.04,5658831,94.4
1/7/2013,95.21,94.57,95.67,94.4,5368967,94.92
1/8/2013,94,94.67,95.19,93.57,5616304,95.21
1/9/2013,94.44,94.1,94.77,94.1,3546294,94
1/10/2013,95.08,95.11,95.19,94.23,4597210,94.44
1/11/2013,95.19,94.56,95.39,94.12,4291414,95.08
1/14/2013,94.63,95.32,95.48,94.15,3688429,95.19
1/15/2013,95.67,94.21,95.83,94.18,4794485,94.63
1/16/2013,95.19,95.1,95.665,94.8301,3810588,95.67
1/17/2013,95.7,95.71,96.2899,95.09,4825538,95.19
1/18/2013,97.62,96.43,97.62,96.09,8330896,95.7
1/22/2013,97.72,96.39,97.73,96.05,8331276,97.62
1/23/2013,96.85,97.48,97.72,96.6,4973560,97.72
1/24/2013,96.6,96,97.74,96,5816968,96.85
1/25/2013,95.58,95.92,96.28,94.66,8907230,96.6
1/28/2013,97.45,98.06,98.74,96.43,16000484,95.58
1/29/2013,98.6,97.92,99.2,97.72,6964553,97.45
1/30/2013,98.65,98.83,98.96,98.25,5683221,98.6
1/31/2013,98.39,97.99,98.71,97.9,7155989,98.65
2/1/2013,99.49,99,99.7,98.95,6140529,98.39
2/4/2013,98.26,98.76,98.87,97.91,5766103,99.49
2/5/2013,98.44,98.58,99.1,98.32,4179791,98.26
2/6/2013,97.7,97.87,98.75,97.36,4489901,98.44
2/7/2013,96.11,97.42,98.16,95.2138,6211601,97.7
2/8/2013,96.85,96.1,97.5,96.1,3934113,96.11
2/11/2013,96.6,96.96,96.99,96.3,2739332,96.85
2/12/2013,97.22,96.67,97.41,96.67,4151249,96.6
2/13/2013,96.38,97.09,97.5,96.02,3719246,97.22
2/14/2013,96.07,96.06,96.68,95.68,3586223,96.38
2/15/2013,95.61,96.26,96.42,95.285,4377139,96.07
2/19/2013,95.6,95.74,96.37,95.13,4368744,95.61
2/20/2013,93.22,95,95.1,93.05,8571102,95.6
2/21/2013,91.53,92.76,92.79,90.57,7195005,93.22
2/22/2013,91.54,91.99,92.49,91.05,5852873,91.53
2/25/2013,89.16,91.81,92.22,89.08,7541911,91.54
2/26/2013,89.95,89.59,90.2,88.5,7114851,89.16
2/27/2013,92.25,90.06,92.36,90.06,6149536,89.95
2/28/2013,92.37,92.49,93.16,92.23,5448303,92.25
3/1/2013,91.36,91.54,91.96,90.13,4925799,92.37
3/4/2013,89.75,90.61,90.75,89.19,6350943,91.36
3/5/2013,90.21,90.49,91.2762,89.99,5352649,89.75
3/6/2013,89.64,90.97,91.05,89.41,7136333,90.21
3/7/2013,89.65,89.9,90.4,89.27,4740003,89.64
3/8/2013,90.51,90.43,90.72,90.01,5085443,89.65
3/11/2013,91.18,90.49,91.52,90.1,4847366,90.51
3/12/2013,89.74,91.16,91.16,89.4,6593793,91.18
3/13/2013,89.28,89.8,89.9099,89.13,5836031,89.74
3/14/2013,88.7,89.47,89.55,88.17,7329016,89.28
3/15/2013,88.83,88.61,89.25,88.11,7385212,88.7
3/18/2013,89.36,87.89,90.02,87.67,7159784,88.83
3/19/2013,88.27,89.4,89.4,87.44,7509215,89.36
3/20/2013,86.94,87.61,87.88,86.42,9390215,88.27
3/21/2013,86.83,86.43,87.32,86.43,5450567,86.94
3/22/2013,87.48,87.01,87.63,86.97,5125495,86.83
3/25/2013,86.64,87.93,87.96,86.05,6685377,87.48
3/26/2013,87,87.06,87.39,86.66,4172989,86.64
3/27/2013,86.9,86.43,87.16,85.8,4839611,87
3/28/2013,86.97,87.05,87.98,86.65,6215447,86.9
4/1/2013,85.64,86.86,86.94,85.41,5669842,86.97
4/2/2013,84.88,86.0199,86.02,84.47,6515505,85.64
4/3/2013,84.12,83.91,84.62,83.6,9223478,84.88
4/4/2013,84.63,84.17,84.73,83.84,7646581,84.12
4/5/2013,84.6,83.41,85.36,83.05,8988752,84.63
4/8/2013,84.19,84.69,85.35,83.71,6724321,84.6
4/9/2013,85.9,84.38,86.646,84.05,10535966,84.19
4/10/2013,86.57,86.38,86.8801,85.9,6258603,85.9
4/11/2013,85.7,86.89,87,85.3,6920191,86.57
4/12/2013,85.05,84.99,85.33,84.3,4935999,85.7
4/15/2013,82.27,84.24,84.33,81.9119,10345694,85.05
4/16/2013,82.61,83.63,83.73,82.12,6568131,82.27
4/17/2013,81.47,81.54,81.62,80.62,9406276,82.61
4/18/2013,80.46,81.34,81.34,80.05,6886914,81.47
4/19/2013,80.43,80.95,81.16,80.01,7017435,80.46
4/22/2013,82.71,81.24,83.13,79.49,18449787,80.43
4/23/2013,84.1,83.91,84.72,82.74,12932441,82.71
4/24/2013,83.78,84.28,84.65,83.29,7022414,84.1
4/25/2013,84.51,84.7,85.02,84.0238,6557101,83.78
4/26/2013,84.68,84.35,85.08,84.25,6161521,84.51
4/29/2013,84.8,85.11,85.5,84.07,6066883,84.68
4/30/2013,84.67,84.81,85.38,83.365,6954737,84.8
5/1/2013,83.08,84.07,84.35,82.66,11607850,84.67
5/2/2013,84.26,83.34,84.56,83.1,5799498,83.08
5/3/2013,86.98,85.59,87.48,85.48,11890526,84.26
5/6/2013,87.59,87.13,87.95,86.88,6381733,86.98
5/7/2013,89.79,88.11,89.81,87.91,10407148,87.59
5/8/2013,90.31,89.76,90.4,89.1801,7431431,89.79
5/9/2013,89.95,89.98,90.69,89.55,5166167,90.31
5/10/2013,88.62,89.96,90.2499,87.9,6967800,89.95
5/13/2013,88.07,88.19,88.49,87.75,5484418,88.62
5/14/2013,87.55,87.82,88,86.86,6858976,88.07
5/15/2013,87,86.97,87.18,86.44,6927251,87.55
5/16/2013,86.78,86.55,87.65,86.1,8192760,87
5/17/2013,87.67,87.39,87.8595,87.1,6693167,86.78
5/20/2013,88.33,87.57,88.75,87.27,5603852,87.67
5/21/2013,88.1,88.65,88.98,87.73,4733767,88.33
5/22/2013,87.7,88.09,89.09,87.15,6480454,88.1
5/23/2013,86.95,86.03,87.38,85.78,6028520,87.7
5/24/2013,86.21,86.26,86.72,85.77,4638451,86.95
5/28/2013,86.19,87.04,87.39,85.9,5800796,86.21
5/29/2013,86.49,85.73,86.66,85.33,5110441,86.19
5/30/2013,86.41,86.47,87,85.99,3567956,86.49
5/31/2013,85.8,86.23,86.95,85.8,5523070,86.41
6/3/2013,86.13,85.91,86.3,85.74,6093936,85.8
6/4/2013,85.92,85.95,86.4699,85.44,5106309,86.13
6/5/2013,84.42,85.47,85.73,84.23,7359415,85.92
6/6/2013,84,84.3,84.31,83.3,7009909,84.42
6/7/2013,84.65,84.65,85.37,83.635,5474875,84
6/10/2013,83.8,84.71,84.77,83.63,4966253,84.65
6/11/2013,83.52,83.03,83.97,82.63,5277167,83.8
6/12/2013,83.21,84.17,84.3782,83.01,4748315,83.52
6/13/2013,85.14,83.32,85.28,83.19,6353695,83.21
6/14/2013,83.87,85.01,85.14,83.4,5149757,85.14
6/17/2013,83.92,83.55,84.43,83.42,4390147,83.87
6/18/2013,84.55,84.09,84.87,83.96,3723840,83.92
6/19/2013,84.25,84.5,85.29,84.25,4712991,84.55
6/20/2013,83.2,83.19,83.68,82.35,7629653,84.25
6/21/2013,83.12,84.02,84.02,81.93,9736764,83.2
6/24/2013,81.52,82.06,82.25,80.855,7526016,83.12
6/25/2013,82.33,82.34,82.68,81.97,6251091,81.52
6/26/2013,82.1,82.92,83.43,81.7,6952383,82.33
6/27/2013,82.96,82.55,83.17,82.55,4659772,82.1
6/28/2013,82.49,82.76,83.19,82.31,8451640,82.96
7/1/2013,82.72,83.04,83.25,82.2723,4676582,82.49
7/2/2013,82.48,82.77,83.59,82.04,3660214,82.72
7/3/2013,81.85,82.15,82.5,81.56,2928807,82.48
7/5/2013,82.14,82.53,82.63,81.4,4824857,81.85
7/8/2013,83.2,82.4,83.2,82.25,4880555,82.14
7/9/2013,85.33,84.07,86.25,83.72,7884277,83.2
7/10/2013,84.96,85.42,85.77,84.79,4216998,85.33
7/11/2013,86.7,86.46,86.89,86.1,5435661,84.96
7/12/2013,87.17,86.63,87.27,86.54,4878067,86.7
7/15/2013,87.4,87.24,88.03,87.19,4163550,87.17
7/16/2013,88.17,87.72,88.53,87.42,5433774,87.4
7/17/2013,86.67,88.45,89,85.88,15079546,88.17
7/18/2013,85.72,85.88,86.6,85.42,7048221,86.67
7/19/2013,85.65,85.45,85.885,85.15,5086265,85.72
7/22/2013,86,85.38,86.55,85.38,4837034,85.65
7/23/2013,85.52,85.49,86.38,85.12,6894636,86
7/24/2013,83.44,84.58,85.28,82.635,16611872,85.52
7/25/2013,82.14,82.05,82.58,81.35,9941707,83.44
7/26/2013,82.06,81.88,82.08,81.435,5729323,82.14
7/29/2013,83.02,82.42,83.3499,82,9075321,82.06
7/30/2013,83.19,83.47,83.75,82.662,5265987,83.02
7/31/2013,82.91,83.58,83.9,82.84,7012868,83.19
8/1/2013,84.44,83.62,84.81,83.115,6573129,82.91
8/2/2013,84.3,84.29,84.68,83.5,4864699,84.44
8/5/2013,83.56,84.11,84.29,83.5,3760026,84.3
8/6/2013,82.53,83.31,83.32,82.1522,7224250,83.56
8/7/2013,82.43,82.38,82.77,81.8,4292401,82.53
8/8/2013,83.96,82.95,84.59,82.92,6400595,82.43
8/9/2013,84.51,83.8,84.79,83.5,5478617,83.96
8/12/2013,86.32,84.19,86.45,84.06,8609001,84.51
8/13/2013,86.57,86.62,87.43,86.4501,6711925,86.32
8/14/2013,85.82,86.86,87,85.71,4463957,86.57
8/15/2013,85.86,84.96,86.53,84.88,5139375,85.82
8/16/2013,85.16,85.85,86.4,85.14,4706996,85.86
8/19/2013,84.2,85.15,85.497,83.95,3766335,85.16
8/20/2013,83.86,83.8,84.46,83.27,4690043,84.2
8/21/2013,82.94,83.52,83.85,82.83,5563360,83.86
8/22/2013,84.17,83.31,84.49,83.06,4740345,82.94
8/23/2013,83.89,84.38,84.4,83.4,4487260,84.17
8/26/2013,83.56,83.98,84.78,83.52,4123203,83.89
8/27/2013,82.7,82.88,83.54,82.48,5570737,83.56
8/28/2013,82.45,81.81,82.66,81.46,6763708,82.7
8/29/2013,82.53,82.5,83.06,82.02,3706364,82.45
8/30/2013,82.54,82.59,82.76,82.21,4425863,82.53
9/3/2013,82.51,83.15,83.54,81.72,7544170,82.54
9/4/2013,83.54,82.75,83.7442,82.3,4484028,82.51
9/5/2013,82.95,83.37,83.52,82.706,3728404,83.54
9/6/2013,83.39,83.22,84.22,82.4,5566486,82.95
9/9/2013,85.59,84.04,86.03,84.02,6708880,83.39
9/10/2013,86.61,86.81,86.89,86.18,6298764,85.59
9/11/2013,87.13,86.5,87.13,86.26,4383242,86.61
9/12/2013,86.84,86.94,87.22,86.62,3980970,87.13
9/13/2013,87.01,87.1,87.2,86.381,3275980,86.84
9/16/2013,87.18,87.96,88.22,87.03,4877644,87.01
9/17/2013,87.07,87.36,87.45,86.67,3417755,87.18
9/18/2013,87.84,86.31,88.01,86.2,5567446,87.07
9/19/2013,87.75,88.04,88.25,87.31,4765532,87.84
9/20/2013,84.75,87.61,87.65,84.75,13446484,87.75
9/23/2013,85.03,85,85.39,84.38,6048380,84.75
9/24/2013,85.11,85.13,85.4428,84.53,3720811,85.03
9/25/2013,84.5,85.14,85.55,84.43,3828841,85.11
9/26/2013,84.2,84.59,84.85,83.9,3478341,84.5
9/27/2013,83.8,83.62,83.92,83.38,3025294,84.2
9/30/2013,83.4,82.95,83.831,82.83,5405409,83.8
10/1/2013,83.76,83.56,84.3,83.08,3867214,83.4
10/2/2013,84.07,83.52,84.2499,83.33,3324869,83.76
10/3/2013,83.97,83.89,84.27,83.42,4223482,84.07
10/4/2013,84.2,83.97,84.35,83.54,3215559,83.97
10/7/2013,83.53,83.46,84.16,83.3,3369095,84.2
10/8/2013,82.85,83.54,83.89,82.63,5678969,83.53
10/9/2013,83.52,83.05,83.89,82.45,4582449,82.85
10/10/2013,84.73,84.44,84.95,84.07,4317128,83.52
10/11/2013,85.61,84.64,85.85,84.35,4110281,84.73
10/14/2013,86.24,85.06,86.42,84.86,4689749,85.61
10/15/2013,85.75,86.24,86.75,85.69,4899788,86.24
10/16/2013,86.27,86.06,86.49,85.6,3557864,85.75
10/17/2013,85.85,85.33,85.99,84.95,3852788,86.27
10/18/2013,87.34,86.31,87.755,86.27,6752729,85.85
10/21/2013,87.7,87.72,87.8,87.19,3885613,87.34
10/22/2013,89.17,87.88,89.17,87.54,9160257,87.7
10/23/2013,83.76,84.15,84.65,83.05,20968846,89.17
10/24/2013,84.53,83.32,85,83.13,8368710,83.76
10/25/2013,84.77,84.32,84.78,83.61,4891429,84.53
10/28/2013,84.28,84.5,84.73,84.15,3983208,84.77
10/29/2013,84.07,83.91,84.1,83.29,5324600,84.28
10/30/2013,83.49,84.17,84.35,83.21,4665560,84.07
10/31/2013,83.36,83.44,84.27,83.36,4651299,83.49
11/1/2013,83.59,83.78,83.8,82.8,5880268,83.36
11/4/2013,83.89,83.81,83.99,83.45,3893605,83.59
11/5/2013,84.05,83.61,84.19,83.36,4018604,83.89
11/6/2013,84.22,84.3,84.36,83.85,3669299,84.05
11/7/2013,83.65,83.95,84.43,83.5,5431738,84.22
11/8/2013,84.24,83.52,84.32,83.5,4557401,83.65
11/11/2013,84.15,84.19,84.47,83.82,2522627,84.24
11/12/2013,83.85,83.98,84.28,83.535,3483459,84.15
11/13/2013,84.2,83.46,84.25,83,3953342,83.85
11/14/2013,83.76,84,84.2,83.56,4496319,84.2
11/15/2013,83.74,84,84.11,83.5,4744790,83.76
11/18/2013,84.04,84.05,84.97,83.74,4803056,83.74
11/19/2013,83.67,84.11,84.5,83.484,5010283,84.04
11/20/2013,82.68,83.18,83.71,82.46,7443010,83.67
11/21/2013,82.12,83.05,83.09,81.87,6208636,82.68
11/22/2013,82.88,82.22,82.95,82,4410551,82.12
11/25/2013,84.4,84.4,84.94,83.87,8087345,82.88
11/26/2013,84.36,84.8,84.83,84.01,3835604,84.4
11/27/2013,84.67,84.43,84.93,84.33,3053649,84.36
11/29/2013,84.6,84.64,85.18,84.53,2284442,84.67
12/2/2013,84.25,84.7,85.09,84.03,4838491,84.6
12/3/2013,83.87,83.8,83.95,83.2701,3928957,84.25
12/4/2013,83.97,83.75,84.38,83.11,5246691,83.87
12/5/2013,84.41,83.92,84.58,83.7,5292843,83.97
12/6/2013,85.5,85.06,85.58,84.93,5761037,84.41
12/9/2013,86.09,85.7,86.53,85.56,6023831,85.5
12/10/2013,86.42,85.97,86.87,85.92,4995665,86.09
12/11/2013,85.28,86.03,86.22,85.12,5624107,86.42
12/12/2013,85.57,85.37,85.7,84.84,4551972,85.28
12/13/2013,86.05,85.67,86.23,85.57,4233143,85.57
12/16/2013,87.38,86.5,87.85,86.44,6977048,86.05
12/17/2013,86.92,87.22,87.65,86.38,4764390,87.38
12/18/2013,88.17,87.01,88.46,86.65,6964377,86.92
12/19/2013,87.54,87.5,87.84,87.26,4301063,88.17
12/20/2013,88.93,87.85,89.11,87.81,7389694,87.54
12/23/2013,89.96,89.31,90.07,89.27,5741793,88.93
12/24/2013,90.91,90,90.98,89.99,2675744,89.96
12/26/2013,91.15,90.99,91.67,90.7,4791031,90.91
12/27/2013,90.87,91.14,91.43,90.56,3374124,91.15
12/30/2013,90.87,90.85,91.03,90.28,2625439,90.87
12/31/2013,90.81,91,91.1799,90.46,3099524,90.87
1/2/2014,89.87,90.41,90.45,89.33,4898714,90.81
1/3/2014,89.82,90,90.25,89.59,3722442,89.87
1/6/2014,88.64,90.19,90.3,88.3801,5236394,89.82
1/7/2014,88.93,88.77,89.23,88.75,3516502,88.64
1/8/2014,89.14,88.78,89.82,88.67,4425098,88.93
1/9/2014,89.71,89.26,89.8,88.685,4469987,89.14
1/10/2014,90.51,89.41,90.6,89.29,5417506,89.71
1/13/2014,89.89,90.26,91.26,89.815,5213921,90.51
1/14/2014,90.56,89.86,90.71,89.86,3712534,89.89
1/15/2014,92.41,90.88,93.2,90.88,10125882,90.56
1/16/2014,92.01,91.89,92.86,91.7,4771192,92.41
1/17/2014,91.44,92.15,92.26,91.01,6833535,92.01
1/21/2014,90.6,91.6,91.8475,89.64,5558499,91.44
1/22/2014,89.64,90.59,90.82,89.35,4788501,90.6
1/23/2014,88.48,88.7,89.078,88.05,5021646,89.64
1/24/2014,86.17,87.98,87.99,85.875,8118400,88.48
1/27/2014,91.29,91.77,92.31,89.07,22210282,86.17
1/28/2014,92.47,91.4,92.67,91.35,9413150,91.29
1/29/2014,90.62,91.31,91.96,90.29,8150580,92.47
1/30/2014,93.2,91.53,93.85,90.73,14770545,90.62
1/31/2014,93.91,92.16,94.69,92.01,9771234,93.2
2/3/2014,92.42,93.74,93.94,91.95,9085760,93.91
2/4/2014,92.5,92.48,92.6503,91.49,6839994,92.42
2/5/2014,91.96,92.24,92.51,91.06,5134846,92.5
2/6/2014,93.83,91.94,94.23,91.79,6864749,91.96
2/7/2014,94.87,94.17,95.24,93.88,9665197,93.83
2/10/2014,94.5,94.97,94.98,93.6273,5933664,94.87
2/11/2014,94.96,94.62,95.34,94.28,6011559,94.5
2/12/2014,96.17,95.31,96.64,95.17,8006395,94.96
2/13/2014,96.11,95.29,96.41,95.11,4392208,96.17
2/14/2014,96.55,95.86,96.68,95.84,4232955,96.11
2/18/2014,96.56,95.85,96.9351,95.85,4872883,96.55
2/19/2014,96.21,96.19,97.67,96.105,5868813,96.56
2/20/2014,96.92,96.51,97.52,95.3,7719564,96.21
2/21/2014,97.5,97.11,97.95,96.92,5558694,96.92
2/24/2014,97.32,97.55,98.24,97.18,4888158,97.5
2/25/2014,96.41,96.84,96.98,95.82,5993094,97.32
2/26/2014,97.2,96.66,97.91,96.34,4753899,96.41
2/27/2014,96.7,97.21,97.635,96.52,4340142,97.2
2/28/2014,96.97,96.63,97.52,96.3,5411245,96.7
3/3/2014,96.31,96.32,96.67,95.6,4859173,96.97
3/4/2014,97.02,97.2,97.46,96.56,6264043,96.31
3/5/2014,96.37,96.54,96.9,95.88,5384826,97.02
3/6/2014,97.6,96.95,98.15,96.66,6792145,96.37
3/7/2014,97.05,97.78,97.87,96.5,5259754,97.6
3/10/2014,96.75,96.64,96.8,95.86,4693467,97.05
3/11/2014,96.84,97.09,97.91,96.62,5731313,96.75
3/12/2014,96.82,96.3,97.24,96.3,4449489,96.84
3/13/2014,95.61,97.2,97.73,95.06,8434596,96.82
3/14/2014,95.39,95.45,96.25,95.2,5002348,95.61
3/17/2014,95.67,95.99,96.4499,95.55,4697171,95.39
3/18/2014,96.41,96.12,96.65,95.7,4921286,95.67
3/19/2014,96.04,96.09,96.72,95.25,5109239,96.41
3/20/2014,96.21,95.71,96.24,95.1,4396040,96.04
3/21/2014,97.39,97.07,97.63,96.67,8340005,96.21
3/24/2014,96.85,97.6,97.6,96.42,4811315,97.39
3/25/2014,98.59,97.36,99.34,97.15,9078108,96.85
3/26/2014,97.8,99.28,99.6,97.8,5610221,98.59
3/27/2014,98.45,97.82,98.89,97.291,4954162,97.8
3/28/2014,99.39,98.91,99.62,98.78,5821490,98.45
3/31/2014,99.37,100,100.63,99.05,5772635,99.39
4/1/2014,99.81,98.94,100.08,98.94,4814850,99.37
4/2/2014,102.63,100.04,102.76,99.88,9358342,99.81
4/3/2014,102.55,101.92,103.2,101.61,8230217,102.63
4/4/2014,102.17,102.89,103.381,101.91,4889367,102.55
4/7/2014,101.11,101.61,102.07,100.41,5224380,102.17
4/8/2014,102.39,100.98,103.25,100.96,6626924,101.11
4/9/2014,102.99,102.65,103.2,101.85,4062154,102.39
4/10/2014,102.26,102.91,103.72,101.991,4540078,102.99
4/11/2014,101.45,101.1,102.1,100.97,5364269,102.26
4/14/2014,102.78,102.18,102.83,100.95,4117984,101.45
4/15/2014,102.5,102.63,103.09,101.26,6317912,102.78
4/16/2014,102.93,102.62,103.15,102.21,3801443,102.5
4/17/2014,102.83,103.05,103.435,102.6,3556801,102.93
4/21/2014,102.64,102.9,102.98,101.55,3821433,102.83
4/22/2014,103.69,102.78,104.1362,102.76,4533389,102.64
4/23/2014,103.38,103.56,104.62,103.18,6429276,103.69
4/24/2014,105.28,106.02,107.4,104.79,8854664,103.38
4/25/2014,104.69,105.03,105.275,103.29,5731929,105.28
4/28/2014,104.26,104.99,105.42,103.25,4036278,104.69
4/29/2014,105.3,104.79,105.5,103.83,4975836,104.26
4/30/2014,105.4,105.23,106.24,104.99,5199251,105.3
5/1/2014,105.07,105.2,105.79,104.63,2972156,105.4
5/2/2014,105.01,104.93,105.58,104.73,2681072,105.07
5/5/2014,104.52,104.66,104.8,103.81,3166362,105.01
5/6/2014,103.87,104.21,104.47,103.6,2836263,104.52
5/7/2014,104.62,104.1,104.66,103.43,3400839,103.87
5/8/2014,104.94,104.55,105.02,104.15,3120874,104.62
5/9/2014,105.06,104.96,105.2999,104.3,2761803,104.94
5/12/2014,106.2,105.71,106.5,105.65,3664416,105.06
5/13/2014,107.15,106.5,108.21,105.82,3951489,106.2
5/14/2014,106.53,106.85,107.035,106.3,3082382,107.15
5/15/2014,104.99,106.49,106.74,104.04,5156642,106.53
5/16/2014,106.03,105.05,106.05,104.17,4403305,104.99
5/19/2014,105.39,105.42,105.53,104.72,3924366,106.03
5/20/2014,101.56,104.79,104.81,100.72,9277628,105.39
5/21/2014,102.88,101.48,103,101.48,5460511,101.56
5/22/2014,103.08,102.9,103.88,102.51,3112324,102.88
5/23/2014,104.03,103.15,104.15,103.145,2892130,103.08
5/27/2014,103.68,104.2,104.48,103.46,3443352,104.03
5/28/2014,102.91,103.53,103.86,102.85,3353846,103.68
5/29/2014,103.6,103.28,103.665,102.56,3071583,102.91
5/30/2014,102.23,102.9,102.98,101.55,5943740,103.6
6/2/2014,103.76,102.42,103.94,102.01,3753729,102.23
6/3/2014,104.49,103.42,104.565,103.05,3643708,103.76
6/4/2014,104.31,104.42,105.1,104.07,2880277,104.49
6/5/2014,106.96,104.8,107.12,104.771,5396721,104.31
6/6/2014,108.18,107.08,108.36,106.98,4299600,106.96
6/9/2014,108.75,107.74,109.3,107.66,3904588,108.18
6/10/2014,109.31,108.5,109.5,108.395,4760218,108.75
6/11/2014,108.69,108.93,108.98,108.33,2738753,109.31
6/12/2014,106.65,108.47,108.5,106.44,3413837,108.69
6/13/2014,106.77,106.55,107.23,106.07,2009110,106.65
6/16/2014,106.81,106.5,106.88,105.73,2137219,106.77
6/17/2014,106.67,106.51,107,106,2138433,106.81
6/18/2014,107.48,106.63,107.6,106.05,2218721,106.67
6/19/2014,107.25,106.99,107.42,106.69,2592653,107.48
6/20/2014,109.38,108.05,109.53,107.64,7771201,107.25
6/23/2014,108.78,109.25,109.849,108.29,2839500,109.38
6/24/2014,107.81,108.56,109.34,107,2867655,108.78
6/25/2014,108.44,107.48,108.88,107.35,2176188,107.81
6/26/2014,108.52,108.55,108.8,107.85,1522940,108.44
6/27/2014,108.78,108.34,108.88,107.73,3632056,108.52
6/30/2014,108.67,108.68,109.03,107.97,2249520,108.78
7/1/2014,109.17,109.08,109.75,109.01,2349546,108.67
7/2/2014,109.56,109.32,109.95,109.3,1850198,109.17
7/3/2014,111.08,109.9,111.16,109.69,2876160,109.56
7/7/2014,110.16,110.18,110.45,109.57,2697071,111.08
7/8/2014,109.46,110.21,110.38,109.4,2453493,110.16
7/9/2014,110.14,109.79,110.29,109.42,2270652,109.46
7/10/2014,109.36,108.14,109.57,107.8,2303670,110.14
7/11/2014,109.96,109.5,109.99,108.65,1992680,109.36
7/14/2014,110.09,110.43,111.04,110.09,2375244,109.96
7/15/2014,109.85,110.25,110.42,109.4,3212896,110.09
7/16/2014,111.4,110.18,111.46,109.92,3978544,109.85
7/17/2014,109.07,110.4,110.67,108.93,3166050,111.4
7/18/2014,110.17,109.43,110.17,109.05,2424953,109.07
7/21/2014,110.23,110,110.55,109.45,2076559,110.17
7/22/2014,110.06,110.84,111.28,109.8,2879870,110.23
7/23/2014,108.38,109.79,109.98,108.21,4479081,110.06
7/24/2014,105.04,105.6,106.23,104.09,8690333,108.38
7/25/2014,104.85,104.14,105.35,104.1,4126827,105.04
7/28/2014,104.15,104.78,104.9,103.17,4474333,104.85
7/29/2014,104.69,105,106.44,104.69,7947103,104.15
7/30/2014,103.38,105.08,105.32,103.03,5861710,104.69
7/31/2014,100.75,102.24,102.69,100.74,6712263,103.38
8/1/2014,100.52,100.52,100.85,99.11,6011947,100.75
8/4/2014,101.81,100.36,102.05,100.1,5183870,100.52
8/5/2014,101.5,101.11,102.47,100.94,5685357,101.81
8/6/2014,101.49,100.76,101.85,100.61,5526876,101.5
8/7/2014,101.94,102.66,103.47,101.88,5753105,101.49
8/8/2014,103.28,102.01,103.44,101.7801,4693762,101.94
8/11/2014,104.5,104.61,104.85,103.93,5197873,103.28
8/12/2014,104.33,104.59,105.16,104.125,4200916,104.5
8/13/2014,105.16,104.33,105.5,104.33,4665222,104.33
8/14/2014,105.66,105.51,106,104.9944,4178778,105.16
8/15/2014,105.74,106.01,106.42,105.13,4099265,105.66
8/18/2014,106.98,106.69,107.1,106.28,3479007,105.74
8/19/2014,107.3,107.26,107.699,106.87,3642656,106.98
8/20/2014,107.7,107.39,108.15,107.2,5342080,107.3
8/21/2014,107.97,108.17,108.57,107.54,4118278,107.7
8/22/2014,107.31,107.58,107.82,106.54,4608793,107.97
8/25/2014,107.97,107.96,108.33,107.73,3018673,107.31
8/26/2014,108.06,108.05,108.635,107.98,2865758,107.97
8/27/2014,108.55,108.13,108.92,108.08,3281859,108.06
8/28/2014,108.65,108.02,108.82,107.8,3231713,108.55
8/29/2014,109.07,108.9,109.1,108.25,4438234,108.65
9/2/2014,108.92,109.03,109.73,108.83,4040595,109.07
9/3/2014,108.46,109.45,109.66,108.05,4669044,108.92
9/4/2014,108.82,108.3,109.49,108.16,4604030,108.46
9/5/2014,108.54,109,109.18,108.19,4305038,108.82
9/8/2014,107.91,108.23,108.46,107.52,3504737,108.54
9/9/2014,107.4,107.82,108.2,107.19,3579649,107.91
9/10/2014,105.93,105.61,106.121,105.38,8161966,107.4
9/11/2014,105.59,105.66,105.66,104.59,5461033,105.93
9/12/2014,105.02,104.97,105.09,104.4,6908543,105.59
9/15/2014,104.86,104.32,104.9,103.22,7052180,105.02
9/16/2014,104.86,104.21,105.83,103.77,5289678,104.86
9/17/2014,103.99,105.18,105.41,103.88,5126226,104.86
9/18/2014,104.34,104.3,104.55,103.4,3916001,103.99
9/19/2014,102.51,104.85,105,102.08,8291118,104.34
9/22/2014,100.9,102.1,102.26,100.82,5098577,102.51
9/23/2014,99.99,100.86,101.09,99.88,5711592,100.9
9/24/2014,101.2,100.04,101.49,99.89,5796973,99.99
9/25/2014,99.51,101,101.2,99.19,4967045,101.2
9/26/2014,100.38,99.44,100.64,99.24,2935984,99.51
9/29/2014,99.83,99.35,100.1,98.26,3156364,100.38
9/30/2014,99.03,100.03,100.095,98.8,3755930,99.83
10/1/2014,97.61,98.64,99,97.27,4834717,99.03
10/2/2014,97.41,97.65,97.98,96.145,4461047,97.61
10/3/2014,97.39,98.04,98.34,97.03,3922147,97.41
10/6/2014,98,97.81,98.13,96.91,3983697,97.39
10/7/2014,94.7,97.09,97.51,94.6855,6479495,98
10/8/2014,96.65,94.58,96.86,93.64,6214176,94.7
10/9/2014,93.5,96.21,96.52,93.24,6414868,96.65
10/10/2014,93.13,93.24,94.57,91.61,6179172,93.5
10/13/2014,91.68,93.29,94.06,91.62,5856964,93.13
10/14/2014,92.8,92.51,95.01,92.39,6791267,91.68
10/15/2014,92.59,91.43,92.75,90.05,9379130,92.8
10/16/2014,93.24,90.27,94.15,90.27,7439609,92.59
10/17/2014,95.05,94.2,95.6,93.98,7447827,93.24
10/20/2014,94.03,94.53,95.3,93.27,4274409,95.05
10/21/2014,95.89,95.04,96.32,95.04,3995387,94.03
10/22/2014,94.57,95.53,95.981,94.05,6215679,95.89
10/23/2014,99.27,97.6,99.94,97.34,11670137,94.57
10/24/2014,99.44,99.51,99.68,98.37,4133823,99.27
10/27/2014,98.54,98.68,98.77,97.145,4346054,99.44
10/28/2014,101.16,99.44,101.16,99.03,5069568,98.54
10/29/2014,100.19,101.53,101.84,99.84,4426350,101.16
10/30/2014,100.16,99.63,100.58,99.06,2650901,100.19
10/31/2014,101.41,101.35,102.37,100.84,5367845,100.16
11/3/2014,100.22,101.61,101.76,99.77,4435058,101.41
11/4/2014,98.61,99.75,100,98.04,4848950,100.22
11/5/2014,99.41,99.45,99.64,98.453,3515623,98.61
11/6/2014,100.91,99.51,100.99,99.24,3427724,99.41
11/7/2014,101.76,101.26,101.83,100.9,2708167,100.91
11/10/2014,102.21,101.86,102.55,101.86,3308115,101.76
11/11/2014,102.53,102.31,102.8,101.6,2465927,102.21
11/12/2014,102.99,102.17,103.22,101.521,2808733,102.53
11/13/2014,101.11,103.06,103.18,100.68,3924096,102.99
11/14/2014,101.34,101,101.7,100.65,2660490,101.11
11/17/2014,101.7,101.25,102.08,100.45,2476970,101.34
11/18/2014,102.04,101.7,102.45,101.31,2761245,101.7
11/19/2014,101.3,101.86,102.3,100.89,4679108,102.04
11/20/2014,102.09,100.33,102.14,100.07,3052561,101.3
11/21/2014,106.45,104.3,107.12,104.2,8738026,102.09
11/24/2014,105.96,106.4,106.4668,105.1,4108630,106.45
11/25/2014,106.24,106.1,106.6279,105.33,3321510,105.96
11/26/2014,105.79,106.29,106.44,105.45,2463793,106.24
11/28/2014,100.6,104.39,104.61,100.12,5780935,105.79
12/1/2014,99,100.24,100.47,97.79,7431817,100.6
12/2/2014,99.51,99.48,99.96,98.72,3900419,99
12/3/2014,100.18,100.04,101.46,99.96,6930661,99.51
12/4/2014,99.67,99.69,100.87,99.51,3406371,100.18
12/5/2014,98.78,99.81,99.96,98.705,3604993,99.67
12/8/2014,95.25,98.66,98.76,95.2,7192142,98.78
12/9/2014,95.45,94.17,96.171,93.8,6564187,95.25
12/10/2014,93.02,94.91,95.02,92.75,6759433,95.45
12/11/2014,92.69,93.68,94.29,92.532,4664926,93.02
12/12/2014,90.5,92,92,89.96,10327200,92.69
12/15/2014,89.75,91.25,91.29,89.39,6930800,90.5
12/16/2014,89.34,89.23,92.25,89.15,7649501,89.75
12/17/2014,89.75,89.4,90.14,88.03,8671558,89.34
12/18/2014,91.69,91.89,91.89,90.55,8344394,89.75
12/19/2014,91.71,91.58,91.98,90.88,9689211,91.69
12/22/2014,92.32,92.46,92.81,91.85,4577176,91.71
12/23/2014,93.5,92.99,93.9399,92.65,3558648,92.32
12/24/2014,93.72,93.64,93.98,93.27,1660812,93.5
12/26/2014,94.23,93.95,94.66,93.72,3127800,93.72
12/29/2014,93.71,94.2,94.28,93.59,2391673,94.23
12/30/2014,92.59,93.6,93.63,92.51,3197392,93.71
12/31/2014,91.53,92.89,93.57,91.45,3251076,92.59
1/2/2015,91.88,91.77,92.37,90.66,3772352,91.53
1/5/2015,87.03,90.35,90.42,86.6,11301430,91.88
1/6/2015,86.47,87.28,87.68,85.17,8664426,87.03
1/7/2015,87.81,87.37,88.14,86.42,6511130,86.47
1/8/2015,88.71,89.18,89.28,87.84,7617761,87.81
1/9/2015,87.65,88.76,88.89,87.02,4857101,88.71
1/12/2015,86.89,87.73,87.77,86.07,4351587,87.65
1/13/2015,86.37,87.68,87.9,85.2,5078135,86.89
1/14/2015,86.07,84.89,86.215,84.27,10366731,86.37
1/15/2015,84.32,86.03,86.17,84.3,6683880,86.07
1/16/2015,83.86,84.24,84.32,83.045,10424799,84.32
1/20/2015,83.97,84.42,84.5,83.19,5937311,83.86
1/21/2015,85.37,83.59,85.4,83.59,6613080,83.97
1/22/2015,86.82,86.05,87.36,85.43,5567832,85.37
1/23/2015,85.61,86.79,87,85.2,5027502,86.82
1/26/2015,86.03,85.36,86.26,84.9,8140516,85.61
1/27/2015,79.85,79.74,81.35,79.1,27489451,86.03
1/28/2015,80.01,80.4,81.2,79.96,14269316,79.85
1/29/2015,80,79.91,80.18,78.81,9157025,80.01
1/30/2015,79.97,79.51,80.82,79.42,8150671,80
2/2/2015,80.84,80.08,80.88,79.49,7148979,79.97
2/3/2015,83.92,81.22,84.11,81.15,10895323,80.84
2/4/2015,81.95,82.78,83.32,81.66,8806514,83.92
2/5/2015,83.57,82.4,83.63,81.87,6640223,81.95
2/6/2015,83.21,83.6,84.14,82.8,5581494,83.57
2/9/2015,84.67,83.05,84.87,82.95,7693830,83.21
2/10/2015,83.9,85,85,83.4622,6569097,84.67
2/11/2015,83.41,83.56,83.67,82.24,5722569,83.9
2/12/2015,83.53,84.08,84.25,83.31,4622996,83.41
2/13/2015,85.13,84.11,85.49,84.03,5645508,83.53
2/17/2015,85.38,84.86,85.58,84.2,3924393,85.13
2/18/2015,84.8,84.92,85.8099,84.58,3568636,85.38
2/19/2015,83.3,83.81,84,82.205,5733483,84.8
2/20/2015,84.44,83.14,84.62,82.4,6029411,83.3
2/23/2015,83.49,83.9,83.98,83.14,5180033,84.44
2/24/2015,84.5,83.77,84.69,83.6,3679440,83.49
2/25/2015,85.15,84.52,85.3578,84.17,3450035,84.5
2/26/2015,83.8,85.1,85.1,83.56,4457034,85.15
2/27/2015,82.9,84.18,84.18,82.89,4370537,83.8
3/2/2015,83,82.78,83.07,82.24,4155017,82.9
3/3/2015,82.84,82.71,83.79,82.65,4331727,83
3/4/2015,81.73,82.565,82.61,80.83,6863618,82.84
3/5/2015,81.51,80.41,81.56,80.06,7123533,81.73
3/6/2015,80.06,80.37,81.21,79.55,7913796,81.51
3/9/2015,80.81,80.17,81.34,80.1,4740527,80.06
3/10/2015,79.91,80.02,80.7636,79.74,4850525,80.81
3/11/2015,79.7,80.15,80.15,79.26,4612178,79.91
3/12/2015,80.19,80.27,80.48,79.8001,3613401,79.7
3/13/2015,79.23,79.9,79.91,78.19,7272688,80.19
3/16/2015,79.97,79.57,80,79.06,3598527,79.23
3/17/2015,78.45,79.35,79.35,78.25,6979868,79.97
3/18/2015,81.33,78.25,81.44,78.25,12154273,78.45
3/19/2015,80.09,80.5,80.5,79.56,5236161,81.33
3/20/2015,81.19,80.62,81.25,80.19,8216642,80.09
3/23/2015,81.09,81.19,81.92,81.02,4704036,81.19
3/24/2015,80.48,81.15,81.2,80.2,3978741,81.09
3/25/2015,79.86,81.03,81.04,79.83,4803045,80.48
3/26/2015,79.88,79.64,80.8,79.51,4238537,79.86
3/27/2015,79.67,79.46,79.88,78.76,6336976,79.88
3/30/2015,81.37,80.01,81.52,80,4621215,79.67
3/31/2015,80.03,80.51,80.65,79.81,4848638,81.37
4/1/2015,79.64,80.03,80.52,79.39,4446226,80.03
4/2/2015,80.24,79.6,80.4999,79.4001,3556034,79.64
4/6/2015,81.49,80.35,82,79.98,4496290,80.24
4/7/2015,80.54,81.22,81.43,80.5,3526299,81.49
4/8/2015,80.44,80.84,81.24,79.92,4196156,80.54
4/9/2015,80.68,80.5,81.21,80.28,4291850,80.44
4/10/2015,82.6,81.1,82.8,80.74,6831923,80.68
4/13/2015,82.14,82.6,82.61,81.6,5293899,82.6
4/14/2015,83,82.55,83.24,81.54,5898718,82.14
4/15/2015,85.16,83.29,85.73,83,9643762,83
4/16/2015,84.34,84.4,84.9,84,5692312,85.16
4/17/2015,83.28,83.5,83.59,82.66,5313991,84.34
4/20/2015,84.6,83.96,84.75,83.88,3914620,83.28
4/21/2015,83.92,84.66,84.97,83.61,5620905,84.6
4/22/2015,84.87,84.13,84.94,83.09,6520737,83.92
4/23/2015,84.79,86.85,87.5,83.85,18917562,84.87
4/24/2015,84.6,84.7,85.17,84.02,5848686,84.79
4/27/2015,85.33,84.77,85.94,84.4,5911992,84.6
4/28/2015,86.2,85.42,86.22,84.5,5736474,85.33
4/29/2015,87.5,85.69,87.92,85.46,7021763,86.2
4/30/2015,86.88,86.85,87.3,86.23,5460102,87.5
5/1/2015,87.37,87.69,88.28,86.76,4850105,86.88
5/4/2015,87.3,87.73,87.96,87.17,2754510,87.37
5/5/2015,87,87.57,88.22,86.7,4623680,87.3
5/6/2015,86.99,87.75,87.94,86.42,4465477,87
5/7/2015,86.43,86.65,86.88,85.89,3892784,86.99
5/8/2015,87.31,87.78,87.84,86.7,3577060,86.43
5/11/2015,88.77,88.4,89.44,88.09,6882568,87.31
5/12/2015,88.16,88.19,88.34,87.26,4066384,88.77
5/13/2015,88.44,88.59,89.07,88.21,3179214,88.16
5/14/2015,88.74,88.78,89.59,88.65,3228419,88.44
5/15/2015,88.43,88.5,88.56,87.6,3204989,88.74
5/18/2015,88.29,88.39,88.5,87.65,3074689,88.43
5/19/2015,87.24,87.89,87.9124,86.505,5676841,88.29
5/20/2015,87.93,87.63,88.13,87.13,3841547,87.24
5/21/2015,89.33,88.23,89.62,87.94,8155485,87.93
5/22/2015,88.63,89.18,89.5,88.63,3483791,89.33
5/26/2015,87.84,88.13,88.15,87.29,3149610,88.63
5/27/2015,87.92,87.99,88.82,87.65,4517116,87.84
5/28/2015,86.01,87.33,87.45,85.73,5899123,87.92
5/29/2015,85.32,85.74,86.33,85.11,4685657,86.01
6/1/2015,85.53,86.06,86.37,84.7,3976918,85.32
6/2/2015,86.17,85.21,86.68,85.07,2817845,85.53
6/3/2015,86.23,86.6,87.055,85.81,2841823,86.17
6/4/2015,85.47,85.5,86.4,85.32,3775249,86.23
6/5/2015,86.05,85.01,86.5,84.91,3937629,85.47
6/8/2015,86.15,85.8,86.48,85.78,3355823,86.05
6/9/2015,86.73,86.46,87.62,86.42,3984912,86.15
6/10/2015,88.48,87.45,88.71,87.36,4717130,86.73
6/11/2015,88.17,88.62,88.76,87.92,2872879,88.48
6/12/2015,87.85,87.95,88.409,87.5701,2212758,88.17
6/15/2015,87.13,87.14,87.39,86.35,2721010,87.85
6/16/2015,86.59,86.79,87.02,86.24,2895860,87.13
6/17/2015,87.25,86.89,87.55,86.32,3402771,86.59
6/18/2015,87.44,86.83,87.74,86.83,3373646,87.25
6/19/2015,87.52,87.27,87.96,87.1508,3910897,87.44
6/22/2015,88.27,87.97,88.32,87.71,3648566,87.52
6/23/2015,88.45,88.42,88.6204,88.01,2538952,88.27
6/24/2015,88.17,88.79,88.81,88.07,3413646,88.45
6/25/2015,86.72,88.22,88.3292,86.66,3239051,88.17
6/26/2015,86.82,86.5,86.95,85.81,4387343,86.72
6/29/2015,85.3,86.22,86.74,85.1,4747317,86.82
6/30/2015,84.82,86.09,86.25,84.8,4077877,85.3
7/1/2015,83.95,85.39,85.45,83.54,5296181,84.82
7/2/2015,84.38,84.53,84.78,83.85,2582215,83.95
7/6/2015,83.15,83.65,84.15,82.73,4896587,84.38
7/7/2015,83.99,82.99,84.12,81.85,5192999,83.15
7/8/2015,82.27,83.05,83.23,81.76,4325075,83.99
7/9/2015,81.69,83.43,83.7,81.46,4570662,82.27
7/10/2015,82.15,82.64,82.91,81.87,3495037,81.69
7/13/2015,83.64,82.87,84.03,82.6801,4228547,82.15
7/14/2015,84.46,83.53,84.68,83.52,3797675,83.64
7/15/2015,84.16,84.55,84.86,83.75,3661720,84.46
7/16/2015,83.76,84.75,84.89,83.41,3685980,84.16
7/17/2015,83.16,83.55,83.65,82.76,2931544,83.76
7/20/2015,82.25,83.06,83.29,82.14,4291418,83.16
7/21/2015,82.22,81.8,82.89,81.25,4691892,82.25
7/22/2015,79.76,81,81.12,79.15,10180685,82.22
7/23/2015,76.88,77.7,79.04,76.65,13909914,79.76
7/24/2015,76.1,76.91,77.09,75.85,9175903,76.88
7/27/2015,75.32,75.18,75.72,74.77,10269561,76.1
7/28/2015,77.78,75.92,78.15,75.79,15699009,75.32
7/29/2015,77.33,77.3,77.46,76.51,13794814,77.78
7/30/2015,78.35,76.98,78.37,76.68,7386182,77.33
7/31/2015,78.63,78.6,79.04,78.15,6203569,78.35
8/3/2015,77.26,78.42,78.43,76.75,6443308,78.63
8/4/2015,76.6,77.33,77.86,76.32,5822280,77.26
8/5/2015,76.88,77.5,77.922,76.72,4581872,76.6
8/6/2015,77.46,76.98,77.65,76.183,5609516,76.88
8/7/2015,77.29,77.52,78.15,76.94,7851288,77.46
8/10/2015,80.16,78.04,80.31,77.9,9041554,77.29
8/11/2015,78.04,78.73,78.93,77.2301,8992532,80.16
8/12/2015,78.92,77.31,79.12,76.92,9362928,78.04
8/13/2015,77.76,78.55,78.58,77.7,5662495,78.92
8/14/2015,78.49,77.66,78.73,77.601,3811537,77.76
8/17/2015,78.54,78.13,78.64,77.21,5226840,78.49
8/18/2015,78.82,78.51,79,78.18,5146351,78.54
8/19/2015,77.41,78.25,78.54,77.05,5862685,78.82
8/20/2015,76.41,77.28,77.83,76.41,7767308,77.41
8/21/2015,75,75.94,76.3,74.96,11805535,76.41
8/24/2015,72.82,71.82,74.88,70.23,15209346,75
8/25/2015,72.06,75.22,75.49,72.03,9427167,72.82
8/26/2015,73.87,73.82,74.08,72.53,8288142,72.06
8/27/2015,75.66,75.04,76.22,74.2299,8537681,73.87
8/28/2015,75.95,75.19,76.015,74.63,6649476,75.66
8/31/2015,76.44,75.32,76.77,74.9,7019552,75.95
9/1/2015,74.9,74.5,75.94,74.4599,9053087,76.44
9/2/2015,76.1,75.9,76.16,74.95,5325877,74.9
9/3/2015,74.45,75.95,76.005,73.775,11077090,76.1
9/4/2015,73.1,73,73.66,72.35,12007985,74.45
9/8/2015,74.3,74.58,74.62,73.56,5647846,73.1
9/9/2015,72.96,75,75.2,72.78,5859208,74.3
9/10/2015,72.42,72.89,73.31,72.03,6109060,72.96
9/11/2015,72.63,72.23,72.92,71.879,4413804,72.42
9/14/2015,72.77,72.35,72.89,72.01,4232153,72.63
9/15/2015,74.58,73.02,74.74,72.645,5109378,72.77
9/16/2015,75.64,74.85,75.87,74.58,5225786,74.58
9/17/2015,74.06,75.4,75.6802,73.91,7744980,75.64
9/18/2015,71.86,73.33,73.5,71.61,9260117,74.06
9/21/2015,72.16,72.3,72.839,71.91,7594884,71.86
9/22/2015,71.68,71.12,71.8,70.64,5717310,72.16
9/23/2015,70.2,71.67,71.81,70.16,4754274,71.68
9/24/2015,65.8,66.2,66.7,64.65,22589648,70.2
9/25/2015,64.98,65,65.77,64.74,12365079,65.8
9/28/2015,63.79,64.24,64.32,62.99,12572047,64.98
9/29/2015,64.31,63.65,65.385,63.6,8784416,63.79
9/30/2015,65.36,64.95,65.64,64.15,7850349,64.31
10/1/2015,64.39,65.63,66.1,63.61,7932950,65.36
10/2/2015,65.7,63.79,65.73,63.1,8782659,64.39
10/5/2015,69.18,66.69,69.48,66.515,10661917,65.7
10/6/2015,70.82,69.54,71.15,69.08,9664115,69.18
10/7/2015,70.38,71.36,72.71,69.15,8395984,70.82
10/8/2015,71.84,70.32,72.18,69.85,6091642,70.38
10/9/2015,71.3,72.34,72.49,70.86,5573530,71.84
10/12/2015,70.5,71.51,71.53,70.32,4643461,71.3
10/13/2015,70.17,69.96,71.03,69.26,4724800,70.5
10/14/2015,70.71,70.11,71.06,69.57,4042685,70.17
10/15/2015,70.83,70.47,70.915,69.76,4547862,70.71
10/16/2015,69.68,70.62,70.835,69.111,8309968,70.83
10/19/2015,69.27,69.25,69.47,68.8,5711976,69.68
10/20/2015,70.27,68.86,71.19,68.51,6385839,69.27
10/21/2015,69.67,70.59,71.9,69.58,8730217,70.27
10/22/2015,70.88,67.92,72.83,67.81,13909175,69.67
10/23/2015,71.75,71.71,72.43,70.66,7942513,70.88
10/26/2015,71.52,71.79,72.3,71.42,6254526,71.75
10/27/2015,70.39,70.18,71.08,68.34,8280526,71.52
10/28/2015,71.97,70.75,72.11,70.476,5486887,70.39
10/29/2015,71.97,71.49,72.57,71.28,4321267,71.97
10/30/2015,72.99,72.27,73.28,71.63,7388715,71.97
11/2/2015,74.34,73,74.64,72.83,5876460,72.99
11/3/2015,74.75,74.44,75.32,74.2,5006120,74.34
11/4/2015,74.55,75.34,75.93,74.3275,5478664,74.75
11/5/2015,74.22,74.65,75.56,73.21,6238869,74.55
11/6/2015,73.84,73.42,73.85,72.33,5538588,74.22
11/9/2015,71.89,73.43,73.605,71.48,5914778,73.84
11/10/2015,72.43,71.79,72.58,71.63,4373753,71.89
11/11/2015,71.91,72.54,72.85,71.82,4190694,72.43
11/12/2015,68.66,70.82,70.99,68.41,8731745,71.91
11/13/2015,69.63,68.7,70.13,68.5,6429566,68.66
11/16/2015,70.39,69.48,70.62,69.23,5167643,69.63
11/17/2015,69.39,70.13,70.36,69.05,4811991,70.39
11/18/2015,70.32,69.9,70.45,69.378,3788345,69.39
11/19/2015,70.02,69.5,70.11,68.6,6296006,70.32
11/20/2015,71.14,70.48,71.21,70.1601,6495068,70.02
11/23/2015,71.02,70.98,71.9,70.885,3847626,71.14
11/24/2015,71.4,70.78,71.7099,70.44,3846515,71.02
11/25/2015,71.49,71.74,71.89,70.725,3492996,71.4
11/27/2015,71.22,71.18,71.53,70.7,1642061,71.49
11/30/2015,72.65,71.33,72.79,71.15,5632904,71.22
12/1/2015,71.56,72.33,72.64,70.85,6578365,72.65
12/2/2015,71.03,71.2,72.13,70.62,5068182,71.56
12/3/2015,69.64,71.15,71.22,69.37,8130772,71.03
12/4/2015,69.98,69.36,70.03,68.8,5252014,69.64
12/7/2015,68.36,68.68,68.73,67.72,6805880,69.98
12/8/2015,66.54,66.99,67.16,66.18,6866300,68.36
12/9/2015,65.91,66.3,67.02,65.16,8578009,66.54
12/10/2015,66.38,65.98,67.09,65.91,5768745,65.91
12/11/2015,65.43,65.38,66.1,64.48,7572606,66.38
12/14/2015,66.12,65.63,66.18,64.73,7371132,65.43
12/15/2015,66.75,65.46,66.96,65.24,6061216,66.12
12/16/2015,67.72,66.22,67.88,66.14,6747572,66.75
12/17/2015,64.9,67.18,67.505,64.88,6799955,67.72
12/18/2015,65.11,64.6,65.87,64.1,13490891,64.9
12/21/2015,65.24,65.59,65.82,64.38,5311466,65.11
12/22/2015,68.41,66.25,68.79,66.11,9697151,65.24
12/23/2015,69.89,69.59,70.49,68.985,7586275,68.41
12/24/2015,69.38,69.75,69.9,69.06,2322144,69.89
12/28/2015,68.58,69.12,69.18,68.03,3883953,69.38
12/29/2015,69.19,69.22,69.57,68.62,3539541,68.58
12/30/2015,68.69,68.66,69.63,68.57,3158522,69.19
12/31/2015,67.96,68.45,69.1,67.94,4356425,68.69
1/4/2016,67.99,66.88,68.085,65.72,8586866,67.96
1/5/2016,67.28,68.38,68.44,66.42,6139106,67.99
1/6/2016,66.22,65.98,66.85,65.62,6639331,67.28
1/7/2016,63.94,65.08,65.5246,63.66,8601469,66.22
1/8/2016,63.29,64.33,64.53,62.93,8278452,63.94
1/11/2016,61.47,63.67,63.7,60.85,9669420,63.29
1/12/2016,61.6,62.44,62.5,60.39,8593098,61.47
1/13/2016,60.89,62.07,62.76,60.39,7237267,61.6
1/14/2016,62.27,61.24,62.97,60.38,9241846,60.89
1/15/2016,59.87,59.52,60.09,58.75,12674531,62.27
1/19/2016,59.03,60.26,60.54,58.48,8501082,59.87
1/20/2016,58.81,58.08,59.38,56.36,10857685,59.03
1/21/2016,59.69,59,60.42,58.25,8798285,58.81
1/22/2016,60.98,61.23,62.56,60.6,7815583,59.69
1/25/2016,57.91,58.96,59.35,57.76,10971519,60.98
1/26/2016,59.16,58.4,59.66,58.09,8141879,57.91
1/27/2016,58.32,58.43,59.89,57.46,11013841,59.16
1/28/2016,61.08,62.01,62.45,58.57,13567031,58.32
1/29/2016,62.24,61.69,62.29,60.76,8221025,61.08
2/1/2016,62.7,61.97,63.08,61.378,5955727,62.24
2/2/2016,60.67,61.28,61.55,60.48,6282253,62.7
2/3/2016,63.27,61.47,63.6,59.8,8332086,60.67
2/4/2016,65.96,63.6,66.99,63.6,12598022,63.27
2/5/2016,66.12,65.67,66.76,65.18,7463722,65.96
2/8/2016,64.58,65.42,65.64,63.66,6315489,66.12
2/9/2016,63.93,63.9,64.41,63.12,5638462,64.58
2/10/2016,62.14,64.27,64.38,62,5955353,63.93
2/11/2016,61.41,60.91,62.31,60.51,7055006,62.14
2/12/2016,63.15,61.99,63.47,61.82,4297399,61.41
2/16/2016,65.21,64.16,65.55,63.51,4819413,63.15
2/17/2016,67.26,66,67.79,65.72,7373841,65.21
2/18/2016,66.12,67.15,67.6,65.14,6175536,67.26
2/19/2016,65.42,64.92,65.52,64.08,4994876,66.12
2/22/2016,67.31,66.41,67.52,66.35,5787709,65.42
2/23/2016,65.78,67.11,67.24,65.7,5599379,67.31
2/24/2016,65.88,64.7,65.97,63.0673,6439213,65.78
2/25/2016,66.47,65.89,66.47,64.844,4277172,65.88
2/26/2016,66.87,67.39,68,66.45,4149840,66.47
2/29/2016,67.7,67.14,68.5779,66.49,8643242,66.87
3/1/2016,69.09,68.44,69.49,67.34,4451551,67.7
3/2/2016,69.38,68.75,69.9285,68.21,4801267,69.09
3/3/2016,71.75,69.62,72.08,69.39,7172732,69.38
3/4/2016,72.84,72.09,73.96,71.54,9521480,71.75
3/7/2016,74.77,72.8,75.73,72.8,10740436,72.84
3/8/2016,71.73,73.78,74.11,71.52,8748400,74.77
3/9/2016,71.87,72.33,72.7,71.26,4907917,71.73
3/10/2016,71.36,72.03,72.03,70.49,6352402,71.87
3/11/2016,72.8,72.36,73.1,72.2781,4786968,71.36
3/14/2016,72.73,72.73,73.44,72.1301,5059976,72.8
3/15/2016,72.44,71.44,72.47,70.86,4674745,72.73
3/16/2016,74.34,72.59,74.51,72.2,6641173,72.44
3/17/2016,75.9,74.2,76.3,73.52,13315997,74.34
3/18/2016,75.47,76.08,76.94,74.64,13750189,75.9
3/21/2016,75.89,75.53,76.35,75.04,4315719,75.47
3/22/2016,75.55,75.59,76.08,75.24,3625604,75.89
3/23/2016,73.68,74.97,75.12,73.57,5352906,75.55
3/24/2016,75.29,72.93,75.35,72.73,7036135,73.68
3/28/2016,75.32,75.15,75.55,74.46,3425427,75.29
3/29/2016,76.01,74.97,76.05,74.19,4085003,75.32
3/30/2016,76.51,76.94,77.25,76.01,4886750,76.01
3/31/2016,76.54,76.3,77.13,76.24,4348712,76.51
4/1/2016,76.79,75.65,76.87,74.67,4878268,76.54
4/4/2016,75.72,76.56,77.04,75.42,4349645,76.79
4/5/2016,75.24,75.32,75.85,74.6,4386806,75.72
4/6/2016,75.22,75.52,75.57,73.7,4929823,75.24
4/7/2016,74.17,74.49,74.68,73.76,4800825,75.22
4/8/2016,74.35,75.03,75.25,74,4911253,74.17
4/11/2016,74.63,74.61,75.779,74.61,3904792,74.35
4/12/2016,76.1,75.06,76.74,74.47,5129572,74.63
4/13/2016,79.13,76.87,79.16,76.56,9365677,76.1
4/14/2016,79.05,79.44,79.72,78.37,5372265,79.13
4/15/2016,79.17,79.38,79.78,78.73,5508520,79.05
4/18/2016,79.25,78.47,79.87,78.14,4822226,79.17
4/19/2016,80.39,79.99,80.89,79.4601,6283526,79.25
4/20/2016,79.74,80.25,80.6,79.3,5356828,80.39
4/21/2016,78.66,78.75,79.58,78.19,6509134,79.74
4/22/2016,78.32,78.93,79.18,77.2,10099567,78.66
4/25/2016,76.79,78.5,78.86,76.2,8079757,78.32
4/26/2016,77.65,77.15,77.74,76.47,6085885,76.79
4/27/2016,78.68,77.98,78.89,77.6,4459292,77.65
4/28/2016,77.75,78.03,79.17,77.595,4844552,78.68
4/29/2016,77.72,78.02,79,77.32,7702702,77.75
5/2/2016,77.84,77.35,78.07,76.62,3330126,77.72
5/3/2016,76.36,76.85,77.1,75.585,4790914,77.84
5/4/2016,74.24,76.18,76.31,73.9,6938083,76.36
5/5/2016,72.79,74.15,74.6,72.7,8071202,74.24
5/6/2016,73.36,72.16,73.42,71.6201,6942753,72.79
5/9/2016,70.78,72.33,72.625,70.57,9404968,73.36
5/10/2016,72.51,70.78,72.71,70.59,6507276,70.78
5/11/2016,72.43,72.85,73.61,72.36,4691884,72.51
5/12/2016,71.7,72.92,73.235,71.18,4526474,72.43
5/13/2016,70.07,71.63,71.7799,70.06,6417240,71.7
5/16/2016,70.7,70.39,71.7,70.1,4515923,70.07
5/17/2016,71.05,70.7,72.18,70.45,4841860,70.7
5/18/2016,70.59,70.62,71.87,70.08,5165969,71.05
5/19/2016,69.43,69.93,70.12,69.035,6137069,70.59
5/20/2016,69.87,70,70.78,69.75,5731635,69.43
5/23/2016,70.4,69.8,70.95,69.59,4001962,69.87
5/24/2016,71.09,70.78,71.25,70.25,3872377,70.4
5/25/2016,72.57,71.63,72.7,71.26,5042898,71.09
5/26/2016,72.08,73.24,73.59,72.06,4146439,72.57
5/27/2016,71.96,72.15,72.2,71.5,3002130,72.08
5/31/2016,72.51,72.03,73.17,71.95,4072620,71.96
6/1/2016,72.27,71.98,72.49,71.27,2699924,72.51
6/2/2016,73.62,72.6,73.64,72.276,4615267,72.27
6/3/2016,75.04,73.65,75.14,73.1,6619331,73.62
6/6/2016,76.42,75.36,76.53,75.11,4775107,75.04
6/7/2016,76.81,76.53,77.28,76.44,4235164,76.42
6/8/2016,78.11,77.5,78.7,77.26,5987837,76.81
6/9/2016,77.16,77.39,77.5,76.636,3784630,78.11
6/10/2016,76.03,76.32,76.56,75.3801,4879492,77.16
6/13/2016,75.23,75.7,76.34,75.23,4086711,76.03
6/14/2016,74.86,75.06,75.55,73.95,4058441,75.23
6/15/2016,75.07,75.19,75.95,74.34,3802022,74.86
6/16/2016,74.99,74.41,75.14,73.35,4064770,75.07
6/17/2016,75.93,75.35,76.66,75.24,5442037,74.99
6/20/2016,76.43,76.91,77.35,76.39,4090835,75.93
6/21/2016,76.49,76.45,76.9,76.01,3292083,76.43
6/22/2016,76.43,76.89,77.09,76.18,3056831,76.49
6/23/2016,78.22,77.66,78.25,77.22,3600824,76.43
6/24/2016,73.03,75.2,75.61,72.99,12179523,78.22
6/27/2016,71.38,72.5,72.71,70.53,7361643,73.03
6/28/2016,72.52,72.24,72.9,71.51,4743725,71.38
6/29/2016,74.23,73.25,74.395,72.79,4015420,72.52
6/30/2016,75.81,74.17,75.85,73.97,4695512,74.23
7/1/2016,76.45,75.38,76.99,75.32,4630059,75.81
7/5/2016,74.38,75.66,75.95,73.7,4776310,76.45
7/6/2016,74.83,74.59,74.87,73.46,3740499,74.38
7/7/2016,75.05,75.07,75.73,74.38,3080727,74.83
7/8/2016,77.37,75.92,77.43,75.78,5491482,75.05
7/11/2016,77.8,78,78.54,77.32,4511317,77.37
7/12/2016,79.8,78.72,79.94,78.3,5545755,77.8
7/13/2016,79.69,79.98,80.33,79.07,5162537,79.8
7/14/2016,80.06,80.5,81,79.97,5441707,79.69
7/15/2016,80.7,80.49,80.8,80.16,4642078,80.06
7/18/2016,79.82,79.88,79.89,78.87,4136743,80.7
7/19/2016,79.74,79.34,79.77,79.15,3308355,79.82
7/20/2016,79.69,79.45,79.86,78.93,4185481,79.74
7/21/2016,80.01,80.45,81.375,79.74,6492232,79.69
7/22/2016,79.38,79.78,79.79,78.86,4133834,80.01
7/25/2016,78.69,79.15,79.185,78.34,5798090,79.38
7/26/2016,82.75,79.04,83,78.74,11007577,78.69
7/27/2016,84.1,82.72,84.29,82.72,8460932,82.75
7/28/2016,82.92,83.7,83.7148,82.45,5065610,84.1
7/29/2016,82.76,82.8,83.14,82.1345,4274241,82.92
8/1/2016,81.95,82.76,82.88,81.53,3377149,82.76
8/2/2016,81.24,82,82.19,80.92,3909479,81.95
8/3/2016,82.03,81.15,82.3,80.93,3101710,81.24
8/4/2016,81.77,81.82,82.54,81.4,2407526,82.03
8/5/2016,82.56,82.22,82.9582,82,3286094,81.77
8/8/2016,83.44,83,83.79,82.8,3544827,82.56
8/9/2016,82.83,83.52,83.75,82.7,2314884,83.44
8/10/2016,82.65,83.31,83.31,82.48,2290307,82.83
8/11/2016,83.24,83,83.65,82.9901,2229261,82.65
8/12/2016,83,83.26,83.78,82.58,4342839,83.24
8/15/2016,84.15,83,84.275,82.9601,4056023,83
8/16/2016,84.29,84.21,84.36,83.64,3161753,84.15
8/17/2016,84.41,84.41,84.73,83.84,2983391,84.29
8/18/2016,83.38,83.41,83.61,82.51,5003053,84.41
8/19/2016,83.84,83.06,84.38,82.76,3823918,83.38
8/22/2016,83.59,83.62,83.78,83,2885000,83.84
8/23/2016,84.01,83.98,84.68,83.945,3178360,83.59
8/24/2016,83.15,83.41,84.1,82.97,2200583,84.01
8/25/2016,82.84,83.07,83.17,82.59,3082906,83.15
8/26/2016,82.66,83.21,83.9,82.28,3596799,82.84
8/29/2016,83.1,82.51,83.35,82.41,2253599,82.66
8/30/2016,82.48,82.86,83.15,82.31,3469384,83.1
8/31/2016,81.95,82.06,82.34,81.61,4041706,82.48
9/1/2016,81.45,81.59,82,80.57,4102195,81.95
9/2/2016,81.69,82.19,82.365,81.47,2449377,81.45
9/6/2016,82.08,82.01,82.23,81.48,3071022,81.69
9/7/2016,83.72,82.5,83.73,82.41,3996655,82.08
9/8/2016,83.54,83.5,83.96,83.08,3400487,83.72
9/9/2016,80.79,82.89,83,80.76,5311576,83.54
9/12/2016,81.92,80.27,82.12,80.1,4110772,80.79
9/13/2016,80.23,81.1,81.26,79.93,4740645,81.92
9/14/2016,81.02,80.38,81.6184,80.23,5324824,80.23
9/15/2016,82.03,80.83,82.35,80.74,3517811,81.02
9/16/2016,82.05,81.62,82.08,81.21,6715374,82.03
9/19/2016,81.88,82.18,82.35,81.35,4351240,82.05
9/20/2016,81.7,82.46,82.67,81.66,2775339,81.88
9/21/2016,83.47,82.3,83.49,82.01,4264276,81.7
9/22/2016,83.5,83.97,84.45,83.31,3925245,83.47
9/23/2016,82.44,83.51,83.58,82.39,3031533,83.5
9/26/2016,82.37,82.2,82.68,82.01,3340788,82.44
9/27/2016,82.88,82.19,82.88,81.67,4295596,82.37
9/28/2016,86.59,83.25,86.66,83.135,9497066,82.88
9/29/2016,87.47,86.28,88.85,86.28,10616376,86.59
9/30/2016,88.77,87.99,88.98,87.81,6379056,87.47
10/3/2016,88.28,88.23,89.19,88.17,4294645,88.77
10/4/2016,87.51,88.5,88.95,87.18,4743263,88.28
10/5/2016,89.42,88.12,89.87,88.04,5189453,87.51
10/6/2016,89.29,88.96,89.66,88.71,3786939,89.42
10/7/2016,88.47,89.52,89.74,87.94,3774152,89.29
10/10/2016,88.22,89.1,89.5,88.14,3785658,88.47
10/11/2016,87.47,89.1,89.32,87.26,6471919,88.22
10/12/2016,87.58,87.5,87.75,87.02,3949984,87.47
10/13/2016,86.97,86.9,87.07,86.26,5676991,87.58
10/14/2016,87.67,87.83,88.42,87.56,3601023,86.97
10/17/2016,87.29,87.38,87.72,86.9,4479743,87.67
10/18/2016,87.22,88.11,88.2,86.77,3715717,87.29
10/19/2016,88,87.31,88.28,86.86,5943908,87.22
10/20/2016,86.63,87.06,87.27,86.23,4576568,88
10/21/2016,86.33,85.73,86.625,85.36,3592524,86.63
10/24/2016,85.99,86.12,87.13,85.54,5096454,86.33
10/25/2016,84.48,85.86,87.65,83.88,11639239,85.99
10/26/2016,84.13,83.81,84.39,82.88,6582085,84.48
10/27/2016,83.01,84.28,84.344,82.71,5003224,84.13
10/28/2016,83.88,83.32,84.17,83,4974567,83.01
10/31/2016,83.46,84.19,84.375,83.41,4679376,83.88
11/1/2016,82.24,83.47,83.65,81.65,5139628,83.46
11/2/2016,81.11,82.15,82.15,80.33,5228562,82.24
11/3/2016,81.27,81.64,81.67,80.68,3859001,81.11
11/4/2016,82.31,81.34,82.9,80.59,5745833,81.27
11/7/2016,83.75,83.74,84.16,82.97,3786427,82.31
11/8/2016,84.68,83.77,85,83.06,3407727,83.75
11/9/2016,91.2,89.78,93.2,89.36,19281888,84.68
11/10/2016,93.45,92.04,94.95,91.84,14174371,91.2
11/11/2016,93.01,93.39,94.34,91.82,7369906,93.45
11/14/2016,94.17,93.25,95.5,93.02,7552789,93.01
11/15/2016,94.44,93.46,94.46,92.64,4645386,94.17
11/16/2016,93.35,93.77,94.3999,92.835,3297156,94.44
11/17/2016,92.78,93.5,93.5,92.4,3942223,93.35
11/18/2016,92.34,93.01,93.4,91.9,4715937,92.78
11/21/2016,92.9,93.13,93.85,92.78,3783223,92.34
11/22/2016,93.62,93.4,93.71,92.8,3172772,92.9
11/23/2016,96.18,94.81,96.42,94.22,6571098,93.62
11/25/2016,95.81,95.96,96.44,95.21,2006880,96.18
11/28/2016,94.9,95.51,95.86,94.47,4916004,95.81
11/29/2016,94.04,94,94.57,93.63,3806021,94.9
11/30/2016,95.56,95.75,95.895,94.35,4641863,94.04
12/1/2016,96.24,96,97.39,94.05,9361618,95.56
12/2/2016,95.14,95.36,96.15,94.93,5038257,96.24
12/5/2016,94.45,95.87,95.99,94.15,4980335,95.14
12/6/2016,95.22,94.1,95.31,94.07,3663143,94.45
12/7/2016,97.33,95.25,97.33,94.93,4901054,95.22
12/8/2016,96.27,97.26,97.4,96.13,3861626,97.33
12/9/2016,95.53,96.23,96.3,95.19,6550220,96.27
12/12/2016,95.08,96.01,96.65,94.91,3597051,95.53
12/13/2016,96.02,95.74,96.5,95.18,3803344,95.08
12/14/2016,93.74,95.77,96,93.61,5647437,96.02
12/15/2016,94.53,93.8,94.73,93.05,4200139,93.74
12/16/2016,92.58,94.35,94.48,92.53,7872713,94.53
12/19/2016,92.71,91.93,92.78,91,3856324,92.58
12/20/2016,94.34,93.64,94.83,93.3,4302415,92.71
12/21/2016,93.82,94.26,94.3,93.68,2829309,94.34
12/22/2016,94.12,93.78,94.45,93.72,2534883,93.82
12/23/2016,94.32,93.79,94.4,93.64,1545895,94.12
12/27/2016,94.55,94.34,94.8,94.1,1735397,94.32
12/28/2016,93.15,94.6,94.9,92.82,2700257,94.55
12/29/2016,93.29,93.28,93.85,93,2387183,93.15
12/30/2016,92.74,93.04,93.25,92.33,3471158,93.29
1/3/2017,93.99,94,95.19,93.25,5054885,92.74
1/4/2017,93.57,94.46,94.5,93.43,3772050,93.99
1/5/2017,93,93.18,94.46,92.42,4698750,93.57
1/6/2017,93.04,93.45,93.6,92.41,4023073,93
1/9/2017,92.37,92.93,93.49,92.2,3095018,93.04
1/10/2017,93.83,92.98,94.44,92.77,3980193,92.37
1/11/2017,94.65,94.47,94.75,93.39,3720504,93.83
1/12/2017,93.99,94.37,94.37,92.78,3102819,94.65
1/13/2017,94.48,94.07,94.625,93.68,2609480,93.99
1/17/2017,93.57,94.24,94.2899,93.22,5040301,94.48
1/18/2017,93.33,92.79,93.42,92.53,3425712,93.57
1/19/2017,93.38,93.58,93.98,92.96,3540068,93.33
1/20/2017,94.58,94.01,95,93.62,5045228,93.38
1/23/2017,94.46,94.6,94.74,93.56,3254899,94.58
1/24/2017,96.24,95.02,96.73,94.8,5768201,94.46
1/25/2017,98.15,97.82,98.59,97.32,7557915,96.24
1/26/2017,97.22,98.45,98.98,96.0187,9097281,98.15
1/27/2017,98.99,97.69,99.46,97.5,6371428,97.22
1/30/2017,96.79,98.4,98.59,96.57,5221787,98.99
1/31/2017,95.66,96.59,96.63,94.59,5724663,96.79
2/1/2017,95.11,95.81,96.52,94.4,3582499,95.66
2/2/2017,93.77,94.77,95.13,93.5,3807479,95.11
2/3/2017,93.28,94.32,94.449,92.81,4677910,93.77
2/6/2017,92.87,92.81,93.12,92.43,4621278,93.28
2/7/2017,93.31,94.32,94.9229,93.02,4995605,92.87
2/8/2017,92.91,93,93,92.11,4083514,93.31
2/9/2017,93.96,93.06,94.18,92.69,3994308,92.91
2/10/2017,96.31,94.87,96.62,94.5,5600224,93.96
2/13/2017,98.5,97.69,99.045,97.16,6995085,96.31
2/14/2017,98.09,98.29,98.74,97.26,4342641,98.5
2/15/2017,99.02,98.11,99.02,98,4325979,98.09
2/16/2017,98.26,99.05,99.07,97.8,3062422,99.02
2/17/2017,98.85,98.07,98.95,97.54,3631547,98.26
2/21/2017,98.1,98.87,99.2,97.92,3916568,98.85
2/22/2017,98.2,98.04,98.73,97.62,3031129,98.1
2/23/2017,95.55,98.44,98.5,95.12,6024786,98.2
2/24/2017,95.48,94.86,95.5,93.5,5018244,95.55
2/27/2017,97.44,95.48,97.52,95.115,5444968,95.48
2/28/2017,96.66,97.24,97.6,96.44,3951691,97.44
3/1/2017,98.58,98.2,98.97,97.43,5564894,96.66
3/2/2017,94.36,98.49,98.73,92.84,23059151,98.58
3/3/2017,95.12,94.36,95.9,94.21,8178213,94.36
3/6/2017,95.66,94.32,95.94,94.1,4706107,95.12
3/7/2017,95.93,95.65,96.23,94.76,4683089,95.66
3/8/2017,93.23,94.1,95.48,92.86,9370375,95.93
3/9/2017,91.39,92.45,93.22,90.41,9260934,93.23
3/10/2017,92.31,91.89,93.1,90.81,7168974,91.39
3/13/2017,92.64,93.33,93.53,92.26,4376144,92.31
3/14/2017,91.86,91.22,92,90.62,5781058,92.64
3/15/2017,93.36,92.37,93.79,92.06,6434599,91.86
3/16/2017,92.85,93.97,94.09,92.641,3717911,93.36
3/17/2017,92.91,92.99,93.32,92.65,7141421,92.85
3/20/2017,95.4,93.13,95.48,92.89,6516200,92.91
3/21/2017,92.43,95.38,95.39,92.09,7720164,95.4
3/22/2017,92.43,92,93.13,91.72,5035553,92.43
3/23/2017,92.23,92.45,93,91.96,2586255,92.43
3/24/2017,92.15,92.24,93.24,91.56,3634569,92.23
3/27/2017,91.51,90.9,91.97,90.34,3425749,92.15
3/28/2017,92.95,91.56,93.16,91.51,3866074,91.51
3/29/2017,92.86,92.76,93.249,92.4,2513702,92.95
3/30/2017,93.22,92.98,93.37,92.4,3672610,92.86
3/31/2017,92.76,92.63,93.24,92.02,4020648,93.22
4/3/2017,92.27,92.43,92.84,91,3685857,92.76
4/4/2017,94.13,93.89,94.78,93.06,5797548,92.27
4/5/2017,94.24,94.92,96.7299,93.96,6061256,94.13
4/6/2017,95.82,94.42,96.42,94.26,5421615,94.24
4/7/2017,95.52,95.87,96.62,95.42,4463804,95.82
4/10/2017,97.14,96.31,97.89,96.1,5168332,95.52
4/11/2017,97.1,97.3,97.308,95.67,4250436,97.14
4/12/2017,94.86,96.69,96.77,94.66,4773941,97.1
4/13/2017,93.1,94.6,94.86,93.09,4705994,94.86
4/17/2017,94.14,93.69,94.35,93.49,3719144,93.1
4/18/2017,94.39,93.5,94.54,93.12,3311018,94.14
4/19/2017,93.47,94.86,95.97,93.29,5550388,94.39
4/20/2017,94.66,93.28,94.96,92.98,4852517,93.47
4/21/2017,94.32,95.19,95.25,93.81,4128655,94.66
4/24/2017,96.81,95.84,97.06,95.8,6739398,94.32
4/25/2017,104.42,102.88,104.89,102,18383507,96.81
4/26/2017,104.66,103.8,105.98,103.64,9856082,104.42
4/27/2017,102.68,104.05,104.24,102.56,6727449,104.66
4/28/2017,102.26,102.83,103.53,102.23,4015957,102.68
5/1/2017,102,102.65,102.99,101.41,4512654,102.26
5/2/2017,101.51,102.27,102.71,101.25,4516369,102
5/3/2017,101.54,101.04,102.17,100.78,4278374,101.51
5/4/2017,99.39,101.44,101.5,98.635,7271600,101.54
5/5/2017,99.64,99.5,99.9869,99.02,4086754,99.39
5/8/2017,99.37,99.48,100.1,98.94,5094647,99.64
5/9/2017,99.29,99.72,100.21,99.25,9742039,99.37
5/10/2017,100.36,99.72,100.71,99.301,4697268,99.29
5/11/2017,100.99,101.9,101.9189,100.15,5220286,100.36
5/12/2017,100.71,100.59,100.95,100.17,4111987,100.99
5/15/2017,102.42,101.59,102.56,101.41,3756092,100.71
5/16/2017,102.34,102.75,102.8,101.27,3115859,102.42
5/17/2017,100.14,101,101.65,99.89,4618515,102.34
5/18/2017,100.22,99.14,100.67,97.74,5931547,100.14
5/19/2017,102.43,101.57,102.86,101.27,4636549,100.22
5/22/2017,102.29,102.67,103.05,101.81,4377007,102.43
5/23/2017,103.63,102.3,103.75,102.06,3327626,102.29
5/24/2017,103.95,103.33,104.91,103.15,5174710,103.63
5/25/2017,105.02,104.45,105.935,104.24,5220575,103.95
5/26/2017,105.66,105,105.71,104.62,2894109,105.02
5/30/2017,105.47,105.26,105.86,105.01,3211672,105.66
5/31/2017,105.43,105.25,105.76,103.6,4131439,105.47
6/1/2017,105.65,105.77,106.43,105.16,4211339,105.43
6/2/2017,105.95,105.67,106.76,105.18,3702809,105.65
6/5/2017,105.2,105.58,107.17,105.14,4319496,105.95
6/6/2017,104.55,104.79,105.52,104.06,3800243,105.2
6/7/2017,103.51,104.3,104.69,102.45,5121650,104.55
6/8/2017,105.01,103.8,105.39,103.61,4649344,103.51
6/9/2017,105.92,105.09,107.02,105.03,3881020,105.01
6/12/2017,106.07,105.65,106.3489,104.9,4167423,105.92
6/13/2017,105.75,106.18,106.66,105.505,3522709,106.07
6/14/2017,104.71,105.8,105.99,103.99,4100230,105.75
6/15/2017,106.4,103.8,106.64,103.8,5974059,104.71
6/16/2017,107.6,106.76,107.91,106.4,7350440,106.4
6/19/2017,107.49,107.95,108.04,106.67,4347630,107.6
6/20/2017,107.04,108.06,108.18,106.915,5314140,107.49
6/21/2017,103.47,106.63,106.76,103.15,6274065,107.04
6/22/2017,103.84,103.57,104.66,103.49,3652480,103.47
6/23/2017,104.11,102.5,104.27,102.3047,12089818,103.84
6/26/2017,104.25,104.66,105.63,103.44,2857661,104.11
6/27/2017,103.93,104.5,105.23,103.69,3380676,104.25
6/28/2017,106.45,104.85,106.63,104.76,4118284,103.93
6/29/2017,105.64,106.45,106.97,104.81,3550032,106.45
6/30/2017,107.46,106.1,108.04,105.83,4702148,105.64
7/3/2017,106.97,106.51,107.84,106.48,2404896,107.46
7/5/2017,107.49,107,107.88,106.65,3483617,106.97
7/6/2017,106.51,107.23,107.89,106.3,2921670,107.49
7/7/2017,106.92,106.61,107.58,105.85,2767868,106.51
7/10/2017,107.84,106.73,108.49,106.24,2951468,106.92
7/11/2017,108.24,107.91,108.47,107.05,2559920,107.84
7/12/2017,108.96,108.92,110,108.84,3611614,108.24
7/13/2017,108.47,108.89,109.25,107.97,3051071,108.96
7/14/2017,108.77,108.55,109.36,108.05,4480218,108.47
7/17/2017,108.84,108,109.38,107.98,2969519,108.77
7/18/2017,107.07,108.22,108.22,106.57,3984361,108.84
7/19/2017,107.85,107.3,108,107.14,2857917,107.07
7/20/2017,107.32,107.88,108.15,107.06,3759740,107.85
7/21/2017,106.59,106.71,106.95,105.11,4258115,107.32
7/24/2017,108.18,107.86,108.5,107.29,5980369,106.59
7/25/2017,114.54,113.24,114.89,111.8,14264596,108.18
7/26/2017,113.52,114.25,114.54,113.08,5741249,114.54
7/27/2017,114.37,113.72,114.39,113.25,5583481,113.52
7/28/2017,114.1,114.45,114.9,113.48,4704478,114.37
7/31/2017,113.95,114.5,114.66,113.69,4486013,114.1
8/1/2017,113.1,114.27,114.43,112.52,3683681,113.95
8/2/2017,113.09,113.15,113.58,112.09,2830626,113.1
8/3/2017,113.56,112.85,113.72,112.85,2438868,113.09
8/4/2017,114.35,113.88,114.64,113.451,2631896,113.56
8/7/2017,114.71,114.48,114.99,114.3,2269385,114.35
8/8/2017,114.41,114.59,115.25,114.19,2601217,114.71
8/9/2017,114.34,114.39,115.46,114.11,3170051,114.41
8/10/2017,113.15,113.89,114.13,112.86,3186723,114.34
8/11/2017,112.85,113.07,113.67,112.75,2130558,113.15
8/14/2017,113.71,113.46,114.37,113.27,1968916,112.85
8/15/2017,113.65,114,114.23,113.32,2826822,113.71
8/16/2017,114.12,113.81,114.505,113.63,2268555,113.65
8/17/2017,113.14,114,114.37,113.14,2905050,114.12
8/18/2017,113.92,112.99,114.64,112.69,3875693,113.14
8/21/2017,113.6,113.75,114.09,113.27,3137367,113.92
8/22/2017,115.82,114.21,115.86,114,3881054,113.6
8/23/2017,114.75,115,115.38,114.75,2447632,115.82
8/24/2017,114.78,115,115.05,114.39,1861155,114.75
8/25/2017,115.35,115.47,116.64,115.15,3282217,114.78
8/28/2017,115.07,115.76,116.06,114.6593,2011033,115.35
8/29/2017,116.01,114.38,116.6,114.3,4355661,115.07
8/30/2017,117.55,116.12,117.69,115.8775,3401022,116.01
8/31/2017,117.49,117.95,118.83,117.35,3357695,117.55
9/1/2017,118.28,117.49,118.82,117.4,2992226,117.49
9/5/2017,118.3,118.14,119.13,117.82,3830667,118.28
9/6/2017,116.98,118.75,119.185,116.98,4292595,118.3
9/7/2017,117.77,117.38,117.93,116.501,3270114,116.98
9/8/2017,117.82,117.23,118.85,117,2786971,117.77
9/11/2017,118.87,118.82,118.92,117.47,3527473,117.82
9/12/2017,120.94,119.19,121.39,119.06,5554631,118.87
9/13/2017,119.63,120.5,121,119.41,2532234,120.94
9/14/2017,120.48,119.79,120.79,119.21,2904856,119.63
9/15/2017,121.37,121.01,121.57,120.31,4610125,120.48
9/18/2017,123.83,123.62,124.43,122.85,4349014,121.37
9/19/2017,124.74,123.96,124.93,123.76,3050029,123.83
9/20/2017,124.85,124.97,125.2764,124.18,3151576,124.74
9/21/2017,124.79,124.52,125.04,123.821,2615367,124.85
9/22/2017,124.43,124.58,125.42,124.35,2616709,124.79
9/25/2017,124.32,124.37,124.78,123.65,3268466,124.43
9/26/2017,124.51,124.7,125.07,124.32,2302141,124.32
9/27/2017,124.52,125.21,125.42,124.34,2140644,124.51
9/28/2017,125.23,123.91,125.28,123.62,2067779,124.52
9/29/2017,124.71,125.35,125.55,124.5144,2273463,125.23
10/2/2017,124.72,124.4,124.8299,123.95,2502628,124.71
10/3/2017,125.51,124.98,125.53,124.35,2166124,124.72
10/4/2017,126.74,125.69,127.09,125.6,2792495,125.51
10/5/2017,126.4,126.8,126.91,126.01,2496551,126.74
10/6/2017,126.93,126.12,126.99,125.9778,2697410,126.4
10/9/2017,126.88,126.92,126.93,125.94,1979639,126.93
10/10/2017,128.19,127.52,128.29,127.27,4414772,126.88
10/11/2017,128.6,128.17,128.85,127.67,2177836,128.19
10/12/2017,129.99,128.4,130.16,128.38,3372320,128.6
10/13/2017,130.71,131,131.41,129.2041,3478191,129.99
10/16/2017,131.47,131.25,132.12,130.94,2914192,130.71
10/17/2017,130.54,131.14,131.47,130.3201,2380342,131.47
10/18/2017,131.29,130.5,131.65,130.5,2511437,130.54
10/19/2017,131.55,131,131.63,129.4,4837581,131.29
10/20/2017,131.36,131.34,131.91,130.48,3086775,131.55
10/23/2017,131.68,131.95,132.3438,131.16,5549532,131.36
10/24/2017,138.24,140.06,140.439,136.63,18886700,131.68
10/25/2017,136.84,137.21,137.83,134.7901,7438581,138.24
10/26/2017,136.94,136.88,138.24,136.85,5745354,136.84
10/27/2017,137.81,136.92,138.4,136.9,4064593,136.94
10/30/2017,136.49,137.3,137.81,136.48,3044543,137.81
10/31/2017,135.8,136.5,136.62,135.0801,3988311,136.49
11/1/2017,136.29,135.67,137.3,135.43,3629020,135.8
11/2/2017,136.47,136.42,136.99,135.69,2722613,136.29
11/3/2017,136.63,136.48,136.95,136.36,2105357,136.47
11/6/2017,137.71,136.8,138.45,136.79,2780869,136.63
11/7/2017,138.81,137.8,138.9,136.66,3222106,137.71
11/8/2017,137.29,138.4,138.75,137.18,1933255,138.81
11/9/2017,135.34,136.44,136.75,134.65,2940871,137.29
11/10/2017,136.48,135.09,136.89,135.07,2017641,135.34
11/13/2017,136.53,135.53,136.55,134.87,1894148,136.48
11/14/2017,137.54,138,138.12,136.47,3041283,136.53
11/15/2017,134.1,136.48,136.76,133.81,3746182,137.54
11/16/2017,136.36,135.47,137.41,135.1,2813638,134.1
11/17/2017,136.13,135.8,136.36,135.02,2312700,136.36
11/20/2017,136.91,136.44,137.81,136.25,2124623,136.13
11/21/2017,137.6,137.77,138,137.17,2221427,136.91
11/22/2017,138.01,138.22,138.42,137.2,4887659,137.6
11/24/2017,137.39,138.1,138.42,137.34,944517,138.01
11/27/2017,137.19,137.47,138.2698,136.89,2585375,137.39
11/28/2017,138.99,137.51,139,137.27,2592701,137.19
11/29/2017,138.06,139,139.21,137.201,3098231,138.99
11/30/2017,141.15,138.9,141.33,137.11,7507820,138.06
12/1/2017,141.52,141.6,142.4,138.375,5481644,141.15
12/4/2017,141.5,144.25,145.19,141.44,4922287,141.52
12/5/2017,140.14,141.75,142.19,139.73,3884080,141.5
12/6/2017,140.34,140.15,141.14,139.5,2881368,140.14
12/7/2017,142.89,139.775,143,139.1884,2977117,140.34
12/8/2017,143.86,143.87,144.32,142.93,2490056,142.89
12/11/2017,143.77,144.63,144.71,143.48,1913470,143.86
12/12/2017,143.42,143.49,144.8,143.21,3397071,143.77
12/13/2017,148.57,144.18,149.05,144.07,6486536,143.42
12/14/2017,146.28,148.85,149,145.88,4616889,148.57
12/15/2017,146.69,147.35,147.84,145.49,7931739,146.28
12/18/2017,149.77,147.75,149.81,146.8,3534846,146.69
12/19/2017,150.91,149.9,151.09,148.5301,3554140,149.77
12/20/2017,152.52,151.93,152.6,150.7,3076024,150.91
12/21/2017,154.64,152.69,155.1,151.81,4017431,152.52
12/22/2017,155.75,154.77,155.8,153.95,2486378,154.64
12/26/2017,156.44,156.04,156.9799,155.66,1870565,155.75
12/27/2017,157.52,156.94,157.69,156.31,2520486,156.44
12/28/2017,158.42,157.94,158.65,157.23,4064049,157.52
12/29/2017,157.58,158.05,158.4998,157.51,2616142,158.42
1/2/2018,157.04,158.3,159.39,156.03,5108362,157.58
1/3/2018,157.28,157.04,157.49,155.4,4146054,157.04
1/4/2018,159.44,157.89,159.58,157.02,4865769,157.28
1/5/2018,161.96,160.26,162.05,159.64,3945401,159.44
1/8/2018,166.03,164.11,166.43,162.55,5929202,161.96
1/9/2018,166.43,166.33,167.41,165.09,4522913,166.03
1/10/2018,165.87,165.9,167.525,164.5,5478633,166.43
1/11/2018,169.2,166.9,169.53,165.64,4198990,165.87
1/12/2018,170.3,169.99,170.67,169.2251,4127913,169.2
1/16/2018,169.31,172.9,173.24,167.57,8530572,170.3
1/17/2018,168.5,169.32,170.11,168.5,5571411,169.31
1/18/2018,168.83,169.33,170.7599,168.091,4668825,168.5
1/19/2018,170.41,169.63,170.45,168.61,5796683,168.83
1/22/2018,170.89,170.32,170.91,168.48,3540941,170.41
1/23/2018,169.43,172,172.05,169.2,5036456,170.89
1/24/2018,168.34,171.4,172.45,167.67,8240960,169.43
1/25/2018,169.37,173.1,173.1,162.46,16937125,168.34
1/26/2018,167.06,168.81,169,164.55,9045259,169.37
1/29/2018,162.58,165.58,165.88,159.42,9496821,167.06
1/30/2018,163.76,160.33,164.71,159.81,8694776,162.58
1/31/2018,162.78,164.7,165.79,161.893,7013992,163.76
2/1/2018,162.24,161.24,163.74,160.18,4323603,162.78
2/2/2018,157.49,160.77,160.8,156.53,7602821,162.24
2/5/2018,151.08,154.93,158.93,142.85,11390549,157.49
2/6/2018,156.41,148.07,156.5599,146.81,13908666,151.08
2/7/2018,154.34,155.36,158.09,154.28,7156489,156.41
2/8/2018,145.99,153.85,154.19,145.92,9101934,154.34
2/9/2018,149.21,148.71,150.89,142.88,9528067,145.99
2/12/2018,152.29,151.87,153.45,150.25,5756787,149.21
2/13/2018,153.97,151.25,155.2,151,5512149,152.29
2/14/2018,158.06,152.39,158.59,152.34,5560057,153.97
2/15/2018,159.98,159.8,160.3431,157.48,4914500,158.06
2/16/2018,156.29,160.13,161,156.0876,5991556,159.98
2/20/2018,155.56,155.17,158.25,154.27,5094572,156.29
2/21/2018,155.23,155.7,158.4,155.04,4179354,155.56
2/22/2018,158.86,156.41,159.78,156.2,4723266,155.23
2/23/2018,162.41,159.4,162.48,159.22,4450847,158.86
2/26/2018,163.69,163.05,164.05,161.55,6254350,162.41
2/27/2018,161.26,163.26,164.6,161.24,4127704,163.69
2/28/2018,154.63,161.5,162.34,154.17,7298582,161.26
3/1/2018,150.23,153.67,156.19,148.51,9434816,154.63
3/2/2018,146.38,149.13,149.88,145.86,9509411,150.23
3/5/2018,151.12,145.15,151.86,144.01,8453004,146.38
3/6/2018,153.75,152.64,154.98,151.67,5795581,151.12
3/7/2018,151.51,150,152.27,148.81,5491026,153.75
3/8/2018,153.59,151.73,153.97,150.29,4105005,151.51
3/9/2018,158.25,155.12,158.42,154.33,4576744,153.59
3/12/2018,154.5,158.24,159.34,153.85,4880417,158.25
3/13/2018,153.69,156.3,157.87,153.2,4819119,154.5
3/14/2018,152.54,154.8,155.2537,151.31,4873575,153.69
3/15/2018,154.57,153.18,155.59,151.65,5268844,152.54
3/16/2018,156.46,154.32,157.45,153.31,10897566,154.57
3/19/2018,152.15,154.24,154.83,150.82,5479215,156.46
3/20/2018,154.06,153,155.2,152.54,3557563,152.15
3/21/2018,155.8,154.16,157.28,153.21,3887444,154.06
3/22/2018,146.9,152.87,153.5,146.25,8225576,155.8
3/23/2018,144.29,147.7,148.95,143.79,6533080,146.9
3/26/2018,149.19,147.82,149.56,145.26,5454879,144.29
3/27/2018,146.99,149.9,151.12,145.79,4915287,149.19
3/28/2018,145.16,146.99,148.24,143.63,4933922,146.99
3/29/2018,147.38,146.21,148.77,145.57,4209422,145.16
4/2/2018,143.89,146.44,147.35,141.76,5397549,147.38
4/3/2018,145.06,144.8,145.649,142.38,4845692,143.89
4/4/2018,145.18,139.88,145.46,138.05,6188246,145.06
4/5/2018,148.13,146.51,148.879,146.47,4584764,145.18
4/6/2018,142.99,145.77,147,140.82,5707394,148.13
4/9/2018,143.08,144.8,146.79,142.8,4050818,142.99
4/10/2018,148.09,146.75,149.01,145.615,4031278,143.08
4/11/2018,146.79,146.68,148.35,146.32,3218872,148.09
4/12/2018,150.14,147.64,151.155,147.64,3957996,146.79
4/13/2018,150.23,151.75,152.91,148.99,3603249,150.14
4/16/2018,152.14,151.74,153.42,150.28,3055572,150.23
4/17/2018,153.31,153.34,155.54,153.01,3817178,152.14
4/18/2018,155.95,155.19,157.12,154.575,3087056,153.31
4/19/2018,155.7,155.39,156.325,153.96,4013234,155.95
4/20/2018,153.25,155.25,156.14,152.37,4057801,155.7
4/23/2018,153.99,154.65,155.74,152.18,5350328,153.25
4/24/2018,144.44,159.75,161.1,143.36,24122297,153.99
4/25/2018,145.19,143.83,147.6,142.16,9963695,144.44
4/26/2018,146.31,145.32,147.4,144.01,6558944,145.19
4/27/2018,144.72,145.67,146.6,144.16,3860561,146.31
4/30/2018,144.36,145.21,146.2,143.6,4764799,144.72
5/1/2018,144.42,143.08,144.43,140.3,5004386,144.36
5/2/2018,143.86,143.99,146.65,143.48,4637644,144.42
5/3/2018,143.78,141.69,145.15,138.15,7703228,143.86
5/4/2018,146.37,142.24,147.19,141.05,4678414,143.78
5/7/2018,149.82,148.18,151.46,148,6844614,146.37
5/8/2018,149.93,150.65,151.07,148.57,3853585,149.82
5/9/2018,152.61,150.75,153.35,150.5,4668230,149.93
5/10/2018,153.97,153.2,155.44,152.81,3910954,152.61
5/11/2018,154.86,154.25,156.74,153.77,3507901,153.97
5/14/2018,155.28,155.61,156.4,154.39,3563923,154.86
5/15/2018,152.59,153.82,154.4,151.71,4127177,155.28
5/16/2018,153.8,152.55,153.87,152.35,2693400,152.59
5/17/2018,153.69,153.7,155.25,152.76,2885836,153.8
5/18/2018,155.71,154.15,156.84,154.01,3889339,153.69
5/21/2018,158.92,159.26,161.6,158.7,5849693,155.71
5/22/2018,156.2,159.03,159.3548,156.14,3512425,158.92
5/23/2018,157.74,154.65,158,153.7211,4009966,156.2
5/24/2018,157.7,157.21,158.3958,156.03,2890978,157.74
5/25/2018,155.85,156.92,157.57,155.23,2359721,157.7
5/29/2018,153.62,154.26,155.7193,152.64,3795760,155.85
5/30/2018,155.46,154.6,155.98,153.84,2688183,153.62
5/31/2018,151.91,155.3,155.3099,151.5,4546036,155.46
6/1/2018,153.52,153.3,154.19,152.26,2755539,151.91
6/4/2018,152.5,154.79,154.93,152.08,2470867,153.52
6/5/2018,153.01,152.4,153.1,152.02,2916553,152.5
6/6/2018,156.51,153.65,156.54,153.01,3689293,153.01
6/7/2018,156.29,157.11,157.93,155.53,3149146,156.51
6/8/2018,155.32,156.19,156.65,155.035,3254129,156.29
6/11/2018,156.3,155.19,157.08,154.72,2758304,155.32
6/12/2018,157.49,156.45,159.19,156.39,2595641,156.3
6/13/2018,154.71,157.18,157.35,154.51,4189325,157.49
6/14/2018,153.14,155.7,157.36,152.76,3967606,154.71
6/15/2018,150.02,150.85,151,148.43,8852451,153.14
6/18/2018,148.68,148.42,149.46,147.72,3651587,150.02
6/19/2018,143.3,146,146.3,142.32,6792028,148.68
6/20/2018,143.13,144.22,144.69,141.82,4128281,143.3
6/21/2018,139.53,142.25,142.39,139.12,5914894,143.13
6/22/2018,139.94,140.9,142.5,139.77,5223430,139.53
6/25/2018,136.58,138.86,138.98,135.18,6078178,139.94
6/26/2018,135.54,136.75,137.33,135.28,4285314,136.58
6/27/2018,134.61,136.77,139.46,134.58,5665020,135.54
6/28/2018,136.03,134.18,136.72,132.68,4215863,134.61
6/29/2018,135.67,136.61,137.85,135.58,4120281,136.03
7/2/2018,136.29,133.8,136.43,133.2,3172703,135.67
7/3/2018,133.83,137,137.3482,133.33,1837356,136.29
7/5/2018,135.81,135.01,136.09,134.09,3366285,133.83
7/6/2018,135.41,135.11,135.864,133.32,3190010,135.81
7/9/2018,140.97,136.22,141.05,136.0953,5562297,135.41
7/10/2018,141.25,141.61,141.859,140.144,3761653,140.97
7/11/2018,136.76,138.13,139.39,135.84,5231660,141.25
7/12/2018,139.42,138.5,139.73,136.83,4250787,136.76
7/13/2018,140.75,139.54,141.25,139.07,2840718,139.42
7/16/2018,138.08,140.88,140.88,137.901,3723098,140.75
7/17/2018,138.95,136.98,139.33,136.53,3306022,138.08
7/18/2018,141.12,139,141.4999,138.33,4394797,138.95
7/19/2018,139.42,139.57,140.54,139.05,3576747,141.12
7/20/2018,136.82,138.36,138.58,136.64,5250381,139.42
7/23/2018,136.28,136.62,136.8,135.6,3542256,136.82
7/24/2018,137.97,138.9,140.6,137.36,5064981,136.28
7/25/2018,140.48,138,141.05,136.67,5021462,137.97
7/26/2018,142.58,140.75,143.55,140.07,5385645,140.48
7/27/2018,142.56,143.95,143.95,140.78,4652378,142.58
7/30/2018,139.75,145.71,146.7,139.06,13837702,142.56
7/31/2018,143.8,141.97,144.78,140.17,7608738,139.75
8/1/2018,138.54,142.97,143.0699,138.11,6364481,143.8
8/2/2018,138.01,137.07,138.71,135.69,4195046,138.54
8/3/2018,138.51,138.2,138.6,137.0746,3594063,138.01
8/6/2018,139.48,138.52,140.67,137.97,3125218,138.51
8/7/2018,142.38,140.61,143.32,140.3,4813104,139.48
8/8/2018,139.71,142.32,142.4,139.26,3435616,142.38
8/9/2018,138.52,140.1,140.9,138.25,3338498,139.71
8/10/2018,135.92,137.52,137.52,134.73,6268568,138.52
8/13/2018,135.02,135.92,136.7259,134.72,3879449,135.92
8/14/2018,134.92,135.6,136.4488,134.67,3538227,135.02
8/15/2018,132.02,133.25,133.2525,129.43,5682161,134.92
8/16/2018,136.26,133.72,136.55,133.65,5539408,132.02
8/17/2018,139.34,135.65,140.21,135.44,6611685,136.26
8/20/2018,138.67,139.82,140.55,138.56,3311144,139.34
8/21/2018,139.99,139.07,140.96,139.07,3021442,138.67
8/22/2018,139.63,140.32,140.7,139.36,2209470,139.99
8/23/2018,136.79,139.05,139.17,136.42,3905262,139.63
8/24/2018,138.21,137.82,138.55,136.89,2565431,136.79
8/27/2018,142.04,139.4,142.38,139.3,4770874,138.21
8/28/2018,142,143.42,143.77,141.485,3234013,142.04
8/29/2018,141.86,142.43,142.59,141.29,3369978,142
8/30/2018,139.06,141.03,141.47,138.45,4773289,141.86
8/31/2018,138.85,138.52,140.22,138.38,4552200,139.06
9/4/2018,138.24,137.86,139,136.93,3955613,138.85
9/5/2018,140.59,138.33,141.1,137.68,4579367,138.24
9/6/2018,141.57,140.34,141.87,140.0555,4588090,140.59
9/7/2018,141.32,140.73,142.14,140.05,4173420,141.57
9/10/2018,142.05,141.77,142.51,141.685,3069067,141.32
9/11/2018,142.03,140.61,142.45,140.37,2583360,142.05
9/12/2018,144.28,141.58,144.75,140.62,5630580,142.03
9/13/2018,145.54,145.05,146.46,144.52,3670674,144.28
9/14/2018,144.9,145.63,147.2,143.225,4699600,145.54
9/17/2018,146.22,144.85,148.06,144.55,3827122,144.9
9/18/2018,149.07,147,149.28,146.27,4496390,146.22
9/19/2018,152.76,149.76,153.11,149.37,6000058,149.07
9/20/2018,156,155.406,157.72,154.46,6774107,152.76
9/21/2018,156.38,156.63,157.29,154.8,5932137,156
9/24/2018,154,156,156.1,153.77,3844630,156.38
9/25/2018,154.09,154.12,154.5,152.81,3454605,154
9/26/2018,153.17,153.95,155.1479,152.89,3096128,154.09
9/27/2018,152.47,153.02,154.05,151.2,2674204,153.17
9/28/2018,152.49,152,152.91,150.56,3600030,152.47
10/1/2018,152.28,153.61,154.5,151.68,3736284,152.49
10/2/2018,154.82,152.29,155.38,151.5,4344097,152.28
10/3/2018,158.22,156,159.37,155.79,6043291,154.82
10/4/2018,156.75,158.03,158.55,155.2,4131227,158.22
10/5/2018,153.31,156.51,156.81,151.61,4955295,156.75
10/8/2018,153.35,151.95,153.66,150.88,3463192,153.31
10/9/2018,149.46,152.61,152.61,149.08,4996917,153.35
10/10/2018,143.72,148.7,149.17,143.72,9419313,149.46
10/11/2018,140.97,142.95,145.89,139.84,7608339,143.72
10/12/2018,142.07,144.02,144.4,139.75,5596170,140.97
10/15/2018,141.8,142,143.18,141.12,3741818,142.07
10/16/2018,143.71,143.35,143.89,141.27,3573370,141.8
10/17/2018,141.34,143.08,143.52,141.11,4807454,143.71
10/18/2018,135.8,140.16,140.8,134.47,10250176,141.34
10/19/2018,131.32,136.19,136.93,131.27,7055078,135.8
10/22/2018,128.71,132.68,133.13,128.66,7858871,131.32
10/23/2018,118.98,119.68,122.5,115.6201,24113349,128.71
10/24/2018,112.34,120,121.64,112.25,15304186,118.98
10/25/2018,115.63,114.83,117.09,112.5,13568902,112.34
10/26/2018,115.05,114.1,116.43,112.3648,10820432,115.63
10/29/2018,113.98,116.88,118.35,112.06,8069615,115.05
10/30/2018,117.46,114,117.74,113.1,8057620,113.98
10/31/2018,121.32,119.41,122.885,119.26,10341317,117.46
11/1/2018,124.7,122.59,125.23,120.94,10138880,121.32
11/2/2018,125.79,127.05,128.3005,124.26,7683944,124.7
11/5/2018,126.41,126.09,126.95,124.55,4844204,125.79
11/6/2018,129.33,126.4,129.5,126.31,4728241,126.41
11/7/2018,135.1,133.52,135.22,130.8836,7551915,129.33
11/8/2018,131.39,133.83,134.7,130.9,6269387,135.1
11/9/2018,126.91,129.59,129.6,125.73,7248374,131.39
11/12/2018,125,127.18,128.41,124.59,5870147,126.91
11/13/2018,125.96,125.5,129.79,125.2824,5820210,125
11/14/2018,125.1,127.27,129,123.73,5516285,125.96
11/15/2018,129.42,124.32,130.282,123.13,5815233,125.1
11/16/2018,129.96,128.79,131.92,128.05,5957745,129.42
11/19/2018,125.98,129.15,129.49,125.6,5385634,129.96
11/20/2018,122.27,123.85,123.97,121.23,7746223,125.98
11/21/2018,123.87,122.82,126.216,122.51,4759707,122.27
11/23/2018,122.32,121.96,124.05,121.57,3130084,123.87
11/26/2018,124.8,123.65,125.79,123.16,4696631,122.32
11/27/2018,124.6,124,124.6,122.3944,4049366,124.8
11/28/2018,130.77,125.3,130.78,123.84,5745197,124.6
11/29/2018,130.23,130.8,130.91,127.585,4999622,130.77
11/30/2018,135.67,130.05,135.97,129.84,8458179,130.23
12/3/2018,138.95,141.88,142.41,138.53,9360785,135.67
12/4/2018,129.32,138.08,138.08,129.04,8113409,138.95
12/6/2018,128.37,125.22,128.69,124.05,6595164,129.32
12/7/2018,123.55,129.1,129.98,122.75,6413735,128.37
12/10/2018,123.39,122.41,124.37,121.16,5970888,123.55
12/11/2018,123.24,127.18,127.98,122.25,4449915,123.39
12/12/2018,125.37,125.74,127.97,125.1,5544111,123.24
12/13/2018,125.9,126.45,129.11,125.04,4544124,125.37
12/14/2018,126.77,123.42,127.74,123.15,4483281,125.9
12/17/2018,124.47,126.8,127.65,123.68,5662303,126.77
12/18/2018,124.27,125.87,128.75,123.6,5377858,124.47
12/19/2018,122.33,125.07,128.9493,120.8,6416488,124.27
12/20/2018,121.55,121.74,124.54,120.755,7563505,122.33
12/21/2018,120.07,121.73,123.73,119.57,10034138,121.55
12/24/2018,116.95,118.17,119.59,116.67,2986593,120.07
12/26/2018,124.76,118,124.77,116.09,5093650,116.95
12/27/2018,126.67,121.8,126.69,120.93,4599003,124.76
12/28/2018,125.61,127.13,128.25,125.05,3813468,126.67
12/31/2018,127.07,126.6,128.11,124.5,3455212,125.61
1/2/2019,126.38,124.03,127.88,123,4783227,127.07
1/3/2019,121.51,125.31,125.5,120.4434,6166080,126.38
1/4/2019,128.15,124.17,128.59,123.7001,5456893,121.51
1/7/2019,128.23,128.59,129.6,126.7,4653643,128.15
1/8/2019,129.77,129.9,131.5016,128.23,4202624,128.23
1/9/2019,130.27,131.09,132.22,129.91,4865583,129.77
1/10/2019,132.96,128.61,133.12,127.25,3418501,130.27
1/11/2019,132.1,131.08,132.32,130.05,2908649,132.96
1/14/2019,131.8,130.31,132.39,129.13,4482291,132.1
1/15/2019,130.69,132.11,133.11,129.56,3224080,131.8
1/16/2019,131.66,130.76,132.52,130.2382,3636946,130.69
1/17/2019,134.54,130.47,135.9,129.16,6878543,131.66
1/18/2019,136.6,135.1,137.72,133.66,6122435,134.54
1/22/2019,132.24,134.93,134.94,131.17,5188724,136.6
1/23/2019,131.82,133.04,133.49,130.15,3123553,132.24
1/24/2019,132.73,131.41,132.99,131.2,3943630,131.82
1/25/2019,136.86,134.77,136.89,133.89,6429391,132.73
1/28/2019,124.37,126.99,127.8,123.15,17421413,136.86
1/29/2019,126.53,125.61,128.39,125.61,8550767,124.37
1/30/2019,130.11,127.93,131.355,126.3108,7181643,126.53
1/31/2019,133.16,130.32,133.34,129.04,6643296,130.11
2/1/2019,130.91,133.03,133.86,130.11,5646683,133.16
2/4/2019,130.88,130.88,131.31,130.1,4541720,130.91
2/5/2019,132,130.63,132.1,130.6,3614480,130.88
2/6/2019,130.54,131.27,132.1,130.3602,3098186,132
2/7/2019,128.78,129.29,130.44,127.36,3682114,130.54
2/8/2019,128.6,127.48,128.6,126.55,3135042,128.78
2/11/2019,128.93,128.95,130.07,128.69,2648527,128.6
2/12/2019,132.67,130.26,133.56,130,4505567,128.93
2/13/2019,133.1,134.2,134.31,132.45,3189564,132.67
2/14/2019,132.62,131.78,133.25,131.268,2877504,133.1
2/15/2019,136.2,134.1,136.25,133.68,5217523,132.62
2/19/2019,135.8,135.35,136.98,135,3881321,136.2
2/20/2019,140.31,136.39,140.69,136.34,6199038,135.8
2/21/2019,138.88,139.75,140.98,138.41,4051065,140.31
2/22/2019,138.68,138.78,139.69,137.93,3485007,138.88
2/25/2019,141.41,140.99,142.55,140.18,4444059,138.68
2/26/2019,137.98,136.53,139.03,135.27,7275601,141.41
2/27/2019,139.58,137.86,139.64,137.14,3441015,137.98
2/28/2019,137.34,138.55,139,137.14,4023970,139.58
3/1/2019,137.47,138.86,139.4999,136.94,3810952,137.34
3/4/2019,138.35,138.8,139.7704,137.095,3859825,137.47
3/5/2019,137.14,138.06,138.46,137,3122878,138.35
3/6/2019,134.83,137.54,137.6589,134.73,3886033,137.14
3/7/2019,132.8,134.38,134.81,131.62,4290794,134.83
3/8/2019,131.35,130.5,132.13,130.23,4237956,132.8
3/11/2019,133.11,131.91,133.4,131.595,3914781,131.35
3/12/2019,132.48,133.24,133.38,131.92,4208776,133.11
3/13/2019,133.5,133.98,134.31,132.69,4285187,132.48
3/14/2019,133.69,132.84,134.07,132.02,3742487,133.5
3/15/2019,132.67,133.87,134.53,131.9808,7049923,133.69
3/18/2019,134.1,132.7,134.2,132.53,4095418,132.67
3/19/2019,134.15,135.35,135.71,133.51,3315928,134.1
3/20/2019,133.01,133.83,134.15,132.06,3522060,134.15
3/21/2019,134.06,132.16,134.6,132.01,2635695,133.01
3/22/2019,129.77,132.99,133.3,129.49,5745823,134.06
3/25/2019,131.38,129.59,132,129.23,3199920,129.77
3/26/2019,131.84,132.69,133.56,131.13,2638304,131.38
3/27/2019,131.2,132.27,132.47,130.25,2378318,131.84
3/28/2019,132.37,131.9,132.8,131.16,2487176,131.2
3/29/2019,135.49,134,136.28,133.62,4681573,132.37
4/1/2019,140.25,137.69,140.37,136.32,5081522,135.49
4/2/2019,140.19,140.15,140.69,139.23,2529038,140.25
4/3/2019,139.26,139.85,140.55,138.41,4821813,140.19
4/4/2019,140.13,139.14,140.87,139,2988945,139.26
4/5/2019,140.36,141.1,141.15,139.92,2812451,140.13
4/8/2019,139.82,140,140.12,138.61,2497583,140.36
4/9/2019,136.35,138.65,138.905,136.07,3316822,139.82
4/10/2019,137.53,137.16,138.2099,136.28,3310886,136.35
4/11/2019,138.87,137.59,139.585,136.98,2762939,137.53
4/12/2019,141.2,141,141.92,139.81,4382980,138.87
4/15/2019,140.25,141.67,142.43,139.67,3030187,141.2
4/16/2019,142.03,140.56,142.21,139.59,2673062,140.25
4/17/2019,142.74,143,144.495,142.46,3469375,142.03
4/18/2019,143.36,142.8,144.77,142.42,4504507,142.74
4/22/2019,142.38,142.95,143.18,141.43,3637910,143.36
4/23/2019,142.03,142,143.13,141.44,5930455,142.38
4/24/2019,137.73,139.75,140.3,136.56,8694391,142.03
4/25/2019,136.13,137.05,137.46,134.09,5094869,137.73
4/26/2019,139.03,136.56,139.03,135.89,5119376,136.13
4/29/2019,139.02,139.5,140.45,138.82,3374270,139.03
4/30/2019,139.42,139.99,140,137.58,3862031,139.02
5/1/2019,138.15,139.58,139.93,137.64,3652030,139.42
5/2/2019,135.17,138.52,138.54,134.38,5405699,138.15
5/3/2019,139.06,136.12,139.2,135.8,4154832,135.17
5/6/2019,136.76,134.78,137.49,134.31,4866540,139.06
5/7/2019,133.67,135.2,136,132.06,5622885,136.76
5/8/2019,131.95,133.02,134.42,131.79,4140454,133.67
5/9/2019,131.2,130.22,131.68,128.18,5906152,131.95
5/10/2019,131.34,130.53,131.73,127.92,5240634,131.2
5/13/2019,125.3,127.51,127.52,124.08,8580682,131.34
5/14/2019,127.47,126.5,128.555,125.7,4019072,125.3
5/15/2019,127.3,125.91,127.96,124.98,2875870,127.47
5/16/2019,126.61,128.43,128.53,126.415,4316590,127.3
5/17/2019,122.76,124.38,125.53,122.315,6122573,126.61
5/20/2019,122.43,121.56,123.025,121.31,6312469,122.76
5/21/2019,124.95,123.33,125.071,122.72,5492942,122.43
5/22/2019,123.56,124.25,125.4393,123.52,4620431,124.95
5/23/2019,122.26,122.1,123.76,121.41,4964856,123.56
5/24/2019,122.9,123.52,124.08,122.21,3802541,122.26
5/28/2019,121.59,122.9,123.46,121.51,4889389,122.9
5/29/2019,121.48,120.5,122.825,120.26,5330040,121.59
5/30/2019,121.84,121.61,122.6778,121.2775,2878304,121.48
5/31/2019,119.81,119.79,120.7491,118.74,4711664,121.84
6/3/2019,120.65,119.91,121.69,119.76,4161778,119.81
6/4/2019,122.08,121.81,122.77,120.75,4060408,120.65
6/5/2019,123.12,123.4,123.64,121.96,3598662,122.08
6/6/2019,123.39,123.1,123.95,122.2342,3295687,123.12
6/7/2019,124.46,124.38,125.63,124.08,2547716,123.39
6/10/2019,125.74,125.47,127.28,125.24,3705109,124.46
6/11/2019,127.28,129,129.6,126.96,4516322,125.74
6/12/2019,127.1,126.75,127.52,126.08,3034623,127.28
6/13/2019,127.17,127.35,128.4,126.76,3495200,127.1
6/14/2019,127.23,126.61,127.65,125.5,2530176,127.17
6/17/2019,127.32,127.21,128.23,126.68,2607918,127.23
6/18/2019,130.33,128.4,131.35,128.21,4756118,127.32
6/19/2019,130.61,130.32,131.54,129.87,3847212,130.33
6/20/2019,133.63,132.9,133.8,131.51,3803617,130.61
6/21/2019,133.89,133.35,135.25,132.55,5742483,133.63
6/24/2019,134.37,133.64,134.95,133.55,3197867,133.89
6/25/2019,133.71,134.58,134.91,132.63,3751778,134.37
6/26/2019,135.15,134.26,135.65,134.175,3343653,133.71
6/27/2019,135.5,135.7,136.01,133.97,3594441,135.15
6/28/2019,136.29,136,137.27,136,10469433,135.5
7/1/2019,136.6,139.3,140.17,134.97,4846206,136.29
7/2/2019,135.85,136.6,136.99,135.07,3205247,136.6
7/3/2019,135.59,136.44,136.48,134.33,2538551,135.85
7/5/2019,135.49,134.43,135.59,133.22,3072084,135.59
7/8/2019,134.84,135.15,136.13,134.43,2742052,135.49
7/9/2019,134.29,134.11,134.44,133.35,2618659,134.84
7/10/2019,132.64,134.73,135.49,132.55,3933317,134.29
7/11/2019,133.96,133.2,134.01,132.59,3164362,132.64
7/12/2019,138.36,134.71,138.38,134.6,4149828,133.96
7/15/2019,139.64,138.38,139.9938,138.265,4498676,138.36
7/16/2019,139.09,139.41,140.62,138.16,4051572,139.64
7/17/2019,135.73,138.2,138.5095,135.73,3750197,139.09
7/18/2019,134.89,134.87,135.9302,134.04,3552126,135.73
7/19/2019,136.23,134.22,137.0451,134.22,4837056,134.89
7/22/2019,135.24,136.37,136.66,134.6,3267904,136.23
7/23/2019,138.1,135.93,138.225,135.53,4122180,135.24
7/24/2019,131.91,130.98,134.31,128.45,12664908,138.1
7/25/2019,134.71,131.08,134.9,131.01,4823165,131.91
7/26/2019,132.92,134.45,134.7254,132.63,4237994,134.71
7/29/2019,134.46,133.49,134.65,132.85,2715564,132.92
7/30/2019,132.95,133.32,133.575,131.49,3257181,134.46
7/31/2019,131.67,132.9,134.37,131.01,4321957,132.95
8/1/2019,126.79,131.64,133.19,126.42,5530111,131.67
8/2/2019,124.54,126.55,126.8,123.5,5968613,126.79
8/5/2019,121.65,122.11,122.81,120.33,5482488,124.54
8/6/2019,122.08,122.78,123.65,120.64,3713912,121.65
8/7/2019,120.78,120,121.2,118.65,5048726,122.08
8/8/2019,122.02,121,122.1,120.37,3734773,120.78
8/9/2019,119.38,121.51,121.7,118.81,3805602,122.02
8/12/2019,116.72,118.95,119.03,116.0702,4405657,119.38
8/13/2019,119.01,116.94,122,116.79,4363016,116.72
8/14/2019,115.21,116.58,116.9,115.04,5543082,119.01
8/15/2019,115.25,115.08,115.6,113.9703,4171878,115.21
8/16/2019,116.43,116.25,117.87,115.92,3551929,115.25
8/19/2019,117.36,118.22,118.49,116.71,2631016,116.43
8/20/2019,116.67,117.59,117.79,116.466,2402447,117.36
8/21/2019,117.68,118,119.32,117.54,2783752,116.67
8/22/2019,117.89,118.33,118.9356,117.22,2120512,117.68
8/23/2019,114.06,116.25,116.9,113.32,6105282,117.89
8/26/2019,114.42,115.06,115.67,113.84,5201870,114.06
8/27/2019,113.38,115.16,115.46,113.1507,3161180,114.42
8/28/2019,114.86,112.86,114.95,111.75,3195047,113.38
8/29/2019,117.77,116.62,118.13,116.49,3447962,114.86
8/30/2019,119,119.02,119.59,118.45,2912975,117.77
9/3/2019,117.03,117.9,117.9,115.4,3781536,119
9/4/2019,119.1,118.42,119.24,118.26,3702307,117.03
9/5/2019,122.99,120.5,124.24,120.5,5357890,119.1
9/6/2019,122.7,123.71,124.34,122.46,3315703,122.99
9/9/2019,127.25,123.39,127.39,123.2,4433325,122.7
9/10/2019,130.29,127.26,130.29,127.22,8479717,127.25
9/11/2019,133.09,130.85,133.19,129.47,7592635,130.29
9/12/2019,131.75,132,132.69,130.07,5594600,133.09
9/13/2019,133.78,132.8,133.99,131.13,3704948,131.75
9/16/2019,133.15,132.99,133.7999,131.99,2876495,133.78
9/17/2019,132.17,132.59,132.76,131.19,2904129,133.15
9/18/2019,131.07,131.63,132.215,129.72,3022901,132.17
9/19/2019,130.12,131.47,132.03,129.87,2735957,131.07
9/20/2019,128.16,130.01,130.99,127.87,6438036,130.12
9/23/2019,128.42,127.34,128.88,126.34,2831819,128.16
9/24/2019,125.99,128.74,129,125.57,3447414,128.42
9/25/2019,126.61,125.85,126.82,125.02,2383176,125.99
9/26/2019,126.39,126.79,126.92,125.65,2539176,126.61
9/27/2019,126.59,127,127.38,125.66,2214299,126.39
9/30/2019,126.31,126.34,127.095,125.88,2804050,126.59
10/1/2019,122.37,127.4,128.5,122.3,3740091,126.31
10/2/2019,119.96,121.15,121.85,119.34,4304179,122.37
10/3/2019,120.04,119.34,120.06,117.25,3168153,119.96
10/4/2019,121.04,119.72,121.15,119.35,2474888,120.04
10/7/2019,120.25,120.85,121.7,119.75,2375347,121.04
10/8/2019,117.97,118.79,119.2,117.69,3550934,120.25
10/9/2019,119.44,119.49,120.06,118,2638282,117.97
10/10/2019,122.69,120.04,123.03,119.76,3284202,119.44
10/11/2019,128.4,125.61,130.38,125.4,6776172,122.69
10/14/2019,128.38,126.81,128.56,126.01,2885247,128.4
10/15/2019,131.03,127.99,131.68,127.65,3298517,128.38
10/16/2019,130.19,131,132.81,130.11,3064010,131.03
10/17/2019,132.07,130.97,132.86,130.18,3425488,130.19
10/18/2019,130.71,130.15,132.03,129.99,4330724,132.07
10/21/2019,132.23,131.95,133.45,131.5,4273117,130.71
10/22/2019,133.69,132.59,134.26,130.94,4744362,132.23
10/23/2019,135.34,134.23,135.99,130.7,11307592,133.69
10/24/2019,133.85,135.09,135.29,132.3834,3935579,135.34
10/25/2019,139.73,135,139.98,134.85,8319459,133.85
10/28/2019,140.06,139.97,141.63,138.87,6174009,139.73
10/29/2019,141.33,139.38,141.45,138.7701,4427934,140.06
10/30/2019,140.34,141,141,139.61,3948056,141.33
10/31/2019,137.8,139.37,140.34,136.3909,4037595,140.34
11/1/2019,144.49,139.37,144.61,139.23,6220185,137.8
11/4/2019,146.92,145.35,147,145.02,5437838,144.49
11/5/2019,146.37,146.86,148,145.665,4516698,146.92
11/6/2019,145.49,146.47,146.47,144.66,3736631,146.37
11/7/2019,147.01,147.39,148.405,146.7508,3816745,145.49
11/8/2019,148.16,146.66,148.18,145.8,2778100,147.01
11/11/2019,148,146.74,148.15,146.61,2205323,148.16
11/12/2019,146.34,148.11,148.4699,146.02,2846407,148
11/13/2019,144.49,144.36,145.86,143.69,3226768,146.34
11/14/2019,143.44,144.21,145.34,143.21,2584145,144.49
11/15/2019,145.31,144.56,145.88,144.51,2827466,143.44
11/18/2019,143.59,144.24,144.78,143.02,2639044,145.31
11/19/2019,143.18,144.35,144.76,142.76,2085171,143.59
11/20/2019,141.52,142.45,142.7,140.1018,3484788,143.18
11/21/2019,143.36,141.55,143.94,140.95,3297688,141.52
11/22/2019,143.88,143.92,144.46,143.03,2258350,143.36
11/25/2019,146.42,144.75,146.57,143.8,3085159,143.88
11/26/2019,146.09,146.4,146.65,145.49,2468307,146.42
11/27/2019,145.69,145.02,145.72,143.7,2661396,146.09
11/29/2019,144.73,144.19,145.46,143.79,1652467,145.69
12/2/2019,142.96,145.2,146.04,142.84,2899535,144.73
12/3/2019,140.06,140.05,140.43,138.5604,3962727,142.96
12/4/2019,140.12,140.98,142.28,140,2484621,140.06
12/5/2019,141.05,140.58,141.12,139.53,2278450,140.12
12/6/2019,142.72,142.91,143.42,142.17,2271409,141.05
12/9/2019,142.83,142.97,143.28,142.37,1610790,142.72
12/10/2019,142.87,142.69,143.59,141.75,1888944,142.83
12/11/2019,144,143.77,144.62,143.29,2265798,142.87
12/12/2019,146.78,143.54,147.4,143,3716858,144
12/13/2019,145.53,146.8,148.3999,145.15,3311720,146.78
12/16/2019,145.36,147.71,148.3,145.23,2415585,145.53
12/17/2019,146.37,145.5,146.99,145.46,2850861,145.36
12/18/2019,147.12,146.5,147.3,145.6,2629925,146.37
12/19/2019,145.02,146.98,146.98,144.3,3577540,147.12
12/20/2019,147.57,147.38,147.77,145.24,6806221,145.02
12/23/2019,148.5,147.68,148.53,146.78,2348776,147.57
12/24/2019,147.48,148.7,148.8,147.29,966205,148.5
12/26/2019,148.22,147.9,148.23,146.99,1577267,147.48
12/27/2019,148.28,148.64,148.9299,147.99,1544462,148.22
12/30/2019,147.52,148.42,148.47,147.01,1789153,148.28
12/31/2019,147.68,147.43,148.23,146.79,1952450,147.52
1/2/2020,150.53,149,150.55,147.977,3311940,147.68
1/3/2020,148.44,148.77,149.96,147.45,3100588,150.53
1/6/2020,148.34,147.27,148.56,146.5408,2552146,148.44
1/7/2020,146.38,147.35,147.57,145.51,2852082,148.34
1/8/2020,147.68,146.83,148.57,146.4584,2153182,146.38
1/9/2020,147.31,147.81,147.969,146.51,2272709,147.68
1/10/2020,146.13,147.45,147.72,145.83,2393712,147.31
1/13/2020,146.82,146.53,146.83,145.55,3356908,146.13
1/14/2020,146.68,147.45,147.98,146.31,2743259,146.82
1/15/2020,145.57,146.22,146.74,145.2,2640634,146.68
1/16/2020,147.87,146.43,147.93,146.24,3070921,145.57
1/17/2020,147.78,147.21,148.2742,146.6,3331614,147.87
1/21/2020,145.85,147.2,147.87,145.69,2476809,147.78
1/22/2020,142.63,146.25,146.56,142.52,3602818,145.85
1/23/2020,142.75,141.81,143.21,139.8,3182744,142.63
1/24/2020,140.38,142.55,142.7,139.26,2526156,142.75
1/27/2020,135.73,136.9,137.81,135.57,2920525,140.38
1/28/2020,136.74,137.02,137.6,135.62,2763803,135.73
1/29/2020,135.78,137.59,137.76,135.67,2620618,136.74
1/30/2020,135.37,134.76,135.97,132.91,3862645,135.78
1/31/2020,131.35,133.82,134.99,130.54,6785669,135.37
2/3/2020,129.77,131.44,133.16,129.3,4385718,131.35
2/4/2020,133.51,133,134.78,132.68,3501629,129.77
2/5/2020,137.44,135.55,137.47,135.44,4448092,133.51
2/6/2020,137.25,138.2,138.33,136.13,2283759,137.44
2/7/2020,133.37,136.04,136.49,133,3812251,137.25
2/10/2020,134.32,133.04,134.33,132.78,2331632,133.37
2/11/2020,136.19,135.49,137.23,135.06,2381972,134.32
2/12/2020,139.59,138.4,139.94,138.09,3221976,136.19
2/13/2020,139.72,140,140.5,138.43,3318815,139.59
2/14/2020,137.99,139.49,139.6155,136.89,2813705,139.72
2/18/2020,136.58,137.46,138.57,135.08,3869820,137.99
2/19/2020,136.86,136.79,137.2099,136.06,2134929,136.58
2/20/2020,136.93,136.26,138.89,136.2,2678315,136.86
2/21/2020,137.21,136.5,137.44,135.11,2855843,136.93
2/24/2020,132.17,132.53,133.8595,132.05,4964814,137.21
2/25/2020,129,132.97,133.14,128.25,4840239,132.17
2/26/2020,128.25,129.65,130.99,127.55,3904420,129
2/27/2020,123.27,125.6,128.53,123.22,7368998,128.25
2/28/2020,124.24,119.57,124.24,119.03,8301938,123.27
3/2/2020,127.6,125.05,127.88,123.005,6100195,124.24
3/3/2020,124.38,127,129.56,123.7824,6358116,127.6
3/4/2020,127.4,126.07,127.44,124.31,5074885,124.38
3/5/2020,121.97,123.15,124.85,121.24,6015298,127.4
3/6/2020,121.41,119,121.85,118.83,5768074,121.97
3/9/2020,104.07,112.99,112.99,104.03,8636218,121.41
3/10/2020,106.49,108.64,109.06,99.11,8293227,104.07
3/11/2020,100.69,103.8,104.745,100.07,6546771,106.49
3/12/2020,92.26,93.5,94.28,87.5,10285934,100.69
3/13/2020,99.64,98.39,99.91,90.14,8718635,92.26
3/16/2020,93.41,89,105.85,88.5,9898962,99.64
3/17/2020,100.2,96.01,100.44,92.97,7206113,93.41
3/18/2020,100.12,93.99,102.9514,93.105,6995124,100.2
3/19/2020,103.01,99.23,104.4,97.25,6870804,100.12
3/20/2020,95.5,103.12,103.99,94.16,7650329,103.01
3/23/2020,91.85,93.9,96.244,90.64,6737514,95.5
3/24/2020,101.34,96.06,102.03,95.17,7417117,91.85
3/25/2020,104.67,101.17,108.5,98.501,6578066,101.34
3/26/2020,110.5,104.85,110.97,102.8927,6060704,104.67
3/27/2020,105.44,104.43,109.64,103.4,5746496,110.5
3/30/2020,111.71,106.33,112.84,104.93,5725565,105.44
3/31/2020,116.04,110.73,116.91,110.26,8979915,111.71
4/1/2020,111.35,112.09,116.75,109.5,6846994,116.04
4/2/2020,116.74,111.23,118.52,111.13,8106522,111.35
4/3/2020,114.67,115.5,116.84,112.12,5036565,116.74
4/6/2020,120.43,120.04,121.73,118.13,5785626,114.67
4/7/2020,121.92,122.89,128.8,120.51,8489853,120.43
4/8/2020,127.4,122.99,128.176,121.04,4686055,121.92
4/9/2020,125.03,128.65,129.5998,123.15,4753459,127.4
4/13/2020,114.14,119.95,120.05,113.58,10519609,125.03
4/14/2020,116.48,116.5,117.84,114.51,7166341,114.14
4/15/2020,111.53,112.96,113.1,109.8,5652807,116.48
4/16/2020,113.22,111.85,113.47,108.86,5926446,111.53
4/17/2020,116.3,114.45,116.54,113.85,4132254,113.22
4/20/2020,114.6,114.44,117.07,112.12,4083843,116.3
4/21/2020,109.85,111.04,111.04,108.6,5743280,114.6
4/22/2020,110.64,112.03,112.1,109.2128,3795100,109.85
4/23/2020,112.91,111.33,115.23,110.95,3545433,110.64
4/24/2020,114.04,113.99,114.38,111.21,3045999,112.91
4/27/2020,115.2,110.85,116.13,109.73,5344823,114.04
4/28/2020,115.46,117.86,118,113.37,5604649,115.2
4/29/2020,120.06,116.96,120.82,116.53,4261141,115.46
4/30/2020,116.38,118,118.25,115.33,4040514,120.06
5/1/2020,110.88,114,114.59,110.57,3960387,116.38
5/4/2020,107.72,110.02,110.28,106.58,4500672,110.88
5/5/2020,108.91,109.24,111.09,108.74,3477657,107.72
5/6/2020,107.67,110.03,110.24,106.7,4465270,108.91
5/7/2020,107.29,109.02,110.0501,106.78,4379182,107.67
5/8/2020,112.11,108.97,112.2,108.3026,3913422,107.29
5/11/2020,108.61,110.16,110.77,108.1801,4207282,112.11
5/12/2020,105,109.11,109.33,105,3874063,108.61
5/13/2020,104.48,105.14,105.29,102.55,5376118,105
5/14/2020,106.19,102.5,106.28,100.22,5542426,104.48
5/15/2020,107.92,105.18,107.99,104.28,6583120,106.19
5/18/2020,115.02,112.22,115.66,112.0061,5604429,107.92
5/19/2020,112.08,114.95,115.44,112.01,3404897,115.02
5/20/2020,115.69,113.31,117.48,113.05,3735708,112.08
5/21/2020,114.06,114.95,115.68,113.82,2342645,115.69
5/22/2020,112.47,114.13,114.16,111.47,2735070,114.06
5/26/2020,117.41,115.98,118.5623,115.98,4185148,112.47
5/27/2020,122.42,119.72,122.4899,119.53,4462678,117.41
5/28/2020,120.74,124.75,124.83,120.28,3744246,122.42
5/29/2020,120.13,119.63,120.71,117.57,4278095,120.74
6/1/2020,120.5,119.86,121.2,117.61,2133655,120.13
6/2/2020,123.32,121.84,123.82,121.28,2977504,120.5
6/3/2020,127.09,125.45,127.345,125.01,3712613,123.32
6/4/2020,128.96,125.41,129.03,124.74,3076685,127.09
6/5/2020,135.12,137.85,139.37,133.39,5591916,128.96
6/8/2020,137.72,135.32,139.94,135.32,4139216,135.12
6/9/2020,134.19,135.02,135.41,133.2101,3819615,137.72
6/10/2020,132.44,133.72,135.38,130.555,4018747,134.19
6/11/2020,121.55,126.41,126.8448,121.52,5969327,132.44
6/12/2020,123.15,124.4,125.165,119.35,4492689,121.55
6/15/2020,123.61,118.51,124.38,118.01,4094202,123.15
6/16/2020,130.11,131.37,132.44,126.39,6892353,123.61
6/17/2020,128.23,130.16,130.47,127.76,3228124,130.11
6/18/2020,127.59,127.14,128.98,126.7001,2467656,128.23
6/19/2020,127.46,130,130,125.73,6485013,127.59
6/22/2020,125.79,126.36,126.48,124.6,2806343,127.46
6/23/2020,126.25,127.39,127.57,125.825,2357094,125.79
6/24/2020,122.06,124.79,124.84,121.83,3766472,126.25
6/25/2020,124.71,121.61,124.83,120.8,2903449,122.06
6/26/2020,122.39,124.33,124.44,121.45,3645811,124.71
6/29/2020,125.25,123.72,126.04,123.28,2798657,122.39
6/30/2020,126.5,124.01,127.06,124.01,2778835,125.25
7/1/2020,126.06,129.38,129.4,125.88,2807787,126.5
7/2/2020,127.72,128.25,130.34,127.19,2527521,126.06
7/6/2020,129.43,130.13,130.5,128.17,2491938,127.72
7/7/2020,127.2,127.74,128.75,126.8,2018252,129.43
7/8/2020,128.13,129.33,129.33,126.47,2279934,127.2
7/9/2020,125.73,127.54,128.35,125.115,2663516,128.13
7/10/2020,128.01,125.97,128.23,125.82,2691466,125.73
7/13/2020,130.57,129.42,132.0899,128.85,3708394,128.01
7/14/2020,136.88,130.32,137.31,129.23,6540786,130.57
7/15/2020,138.36,140.17,140.17,137.11,4915229,136.88
7/16/2020,138.56,138.3,140.99,137.595,3621549,138.36
7/17/2020,136.9,137.87,138.43,136.525,2458342,138.56
7/20/2020,134.63,135.76,136.95,134.255,2478030,136.9
7/21/2020,135.87,134.77,137.184,134.4301,3227610,134.63
7/22/2020,136.98,135.25,137.87,135.19,2157207,135.87
7/23/2020,136.6,136.9,137.5238,135.71,1613733,136.98
7/24/2020,137.58,137.2,138.69,136.85,2036293,136.6
7/27/2020,139.89,137.15,140.34,137.06,2507222,137.58
7/28/2020,138.03,138.94,139.99,137.92,2029926,139.89
7/29/2020,140.53,138.58,141.0835,137.8,2338324,138.03
7/30/2020,136.73,139.08,139.1,135.97,3063503,140.53
7/31/2020,132.88,132.43,135.15,130.21,6782180,136.73
8/3/2020,131.78,132.3,133,131.1,2852684,132.88
8/4/2020,131.52,131.37,132.44,130.67,2301841,131.78
8/5/2020,134.97,132.78,135.94,132.61,2810166,131.52
8/6/2020,134.39,134.52,135.205,133.695,2446351,134.97
8/7/2020,134.92,134,135.11,132.5162,2223882,134.39
8/10/2020,142.02,135.73,142.16,135.675,5181635,134.92
8/11/2020,142.53,144.02,146.2,142.29,4206018,142.02
8/12/2020,142.57,143.95,144.165,141.33,2541382,142.53
8/13/2020,140.67,141.6,142.7376,139.77,2939915,142.57
8/14/2020,139.96,139.45,140.89,138.77,2038515,140.67
8/17/2020,138.72,140.15,140.6007,138.3,2284055,139.96
8/18/2020,138.37,138.95,140.11,138.08,1563172,138.72
8/19/2020,138.02,138.5,139.92,137.46,1849463,138.37
8/20/2020,137.48,136.02,137.98,135.65,2279982,138.02
8/21/2020,138.43,136.8,139,136.8,2524615,137.48
8/24/2020,141.68,139.76,142.25,139.08,2921741,138.43
8/25/2020,141.15,142.67,144.93,140.54,2467632,141.68
8/26/2020,141.83,140.48,142.44,139.805,2380282,141.15
8/27/2020,143.37,142.13,144.34,141.28,3010304,141.83
8/28/2020,143.63,144.28,145.85,142.69,3698733,143.37
8/31/2020,142.31,143.5,143.6,142.27,2886503,143.63
9/1/2020,146.05,141.67,146.12,140.91,2675700,142.31
9/2/2020,149.27,146.87,149.55,146.4,4515508,146.05
9/3/2020,146.76,148.59,151.2,145.3001,4479077,149.27
9/4/2020,148.18,148.7,150.78,146.04,5129423,146.76
9/8/2020,148.52,147,150.76,145.72,4775229,148.18
9/9/2020,152.69,149.8,155.475,149.21,5345097,148.52
9/10/2020,149.86,152.01,153.25,148.75,4386987,152.69
9/11/2020,153.83,150.48,154.4,150.24,3237065,149.86
9/14/2020,153.51,154,154.8,152.205,2569372,153.83
9/15/2020,148.6,154.2,154.47,148.3575,4092442,153.51
9/16/2020,151.11,150,151.98,148.37,3304216,148.6
9/17/2020,153.87,149.85,156.25,149.15,4487016,151.11
9/18/2020,152.39,153.68,156.21,152.0619,5113545,153.87
9/21/2020,145.33,148.56,149.5,143.87,4278168,152.39
9/22/2020,147.15,145.01,147.5,144.501,2579515,145.33
9/23/2020,144.38,147.48,148.91,143.6041,2420134,147.15
9/24/2020,145.14,144.02,147.4386,142.73,2138815,144.38
9/25/2020,145.91,143.89,146.7,143.01,1848864,145.14
9/28/2020,147.68,148,150.31,147.41,2212705,145.91
9/29/2020,147.41,148.37,148.97,146.21,1624154,147.68
9/30/2020,149.15,148,150.95,147.735,3642834,147.41
10/1/2020,146.71,149.92,150.31,145.65,2157410,149.15
10/2/2020,149.94,144.27,151.25,143.75,3220517,146.71
10/5/2020,153.49,152.17,154.45,151.62,2597661,149.94
10/6/2020,151.53,154,155.45,151.28,2559790,153.49
10/7/2020,154.77,153.28,156.06,153.2,2334454,151.53
10/8/2020,156.66,155.75,156.73,154.24,1843230,154.77
10/9/2020,158.94,157.87,159.39,157.4,4084211,156.66
10/12/2020,162.61,159.97,163.2,159.52,4279790,158.94
10/13/2020,162.12,161.72,163.18,161.116,3319232,162.61
10/14/2020,163.61,162.66,164.8213,162.5,4087557,162.12
10/15/2020,165.04,160.27,165.78,160.15,2958934,163.61
10/16/2020,168.75,167.25,170.51,166.6224,5571018,165.04
10/19/2020,167.53,168.74,170.02,166.8,2758144,168.75
10/20/2020,168.99,168.2,171.26,167.91,3008336,167.53
10/21/2020,167.4,169.81,170.52,166.74,2502007,168.99
10/22/2020,169.66,167.98,169.85,166.89,2357762,167.4
10/23/2020,168.59,169.37,170.65,167.56,2857252,169.66
10/26/2020,163.2,166.64,166.64,160.83,4506577,168.59
10/27/2020,157.91,160.96,161.85,157.01,4857859,163.2
10/28/2020,151.16,153.8,155.43,150.52,5645134,157.91
10/29/2020,154.67,150.6,155.51,149.6301,3867170,151.16
10/30/2020,157.05,153.96,157.29,153.04,4375326,154.67
11/2/2020,163.27,159.2,163.85,157.65,4072385,157.05
11/3/2020,167.69,165,169,163.07,4843562,163.27
11/4/2020,155.23,159.18,162.3799,155.23,9081678,167.69
11/5/2020,163.09,157.67,164.96,157.6,4821588,155.23
11/6/2020,161.29,163.94,165.54,160.76,2982993,163.09
11/9/2020,170.82,174.03,176.37,170.12,5969580,161.29
11/10/2020,172.3,171.9,174.99,170.77,3499082,170.82
11/11/2020,169.46,172.38,172.7399,167.47,2345505,172.3
11/12/2020,169.13,168.83,171.1,167.65,2186603,169.46
11/13/2020,171.71,170.3,172.22,169.19,2121205,169.13
11/16/2020,173.19,175,175,171.83,3902350,171.71
11/17/2020,171.91,172.17,172.48,170.19,2111211,173.19
11/18/2020,172.74,172.04,175.3821,172.04,3165091,171.91
11/19/2020,172.9,172.5,173.25,170.71,2012068,172.74
11/20/2020,172.23,172.45,173.12,171.31,2450417,172.9
11/23/2020,174.78,173.76,175.5,173.24,2405143,172.23
11/24/2020,176.9,176.25,178.32,175.27,3447899,174.78
11/25/2020,174.63,176.46,176.48,172.7801,2506613,176.9
11/27/2020,175.08,174.41,175.9199,173.88,976859,174.63
11/30/2020,173.59,173.61,174.875,172.43,2382647,175.08
12/1/2020,173.26,175.39,176.57,172.94,2710241,173.59
12/2/2020,173.87,173.26,174.42,172.28,1971044,173.26
12/3/2020,174.63,173.87,175.08,173.2801,2904107,173.87
12/4/2020,182.21,175.92,183.81,175.6236,6086157,174.63
12/7/2020,178.71,180.39,180.39,176.56,4587392,182.21
12/8/2020,178.84,177.66,180.7399,177.5,2001582,178.71
12/9/2020,180.07,179.62,180.4799,177,2915474,178.84
12/10/2020,178.85,179.24,179.5275,177.14,3109423,180.07
12/11/2020,179.29,176.99,179.78,176.23,2673578,178.85
12/14/2020,178.05,180.6,183.33,177.7801,2533626,179.29
12/15/2020,181.74,179.93,182.76,179.02,2360759,178.05
12/16/2020,179.5,180.85,181.27,178.36,2032006,181.74
12/17/2020,179.17,180.67,180.73,178.58,2296656,179.5
12/18/2020,180.96,180.07,181.3028,177.47,5262742,179.17
12/21/2020,180.16,176.94,180.89,176.32,2070970,180.96
12/22/2020,176.58,179.29,180.16,176.48,2495103,180.16
12/23/2020,178.42,177.45,179.29,177.01,1862521,176.58
12/24/2020,179.56,179.45,179.85,178.35,585730,178.42
12/28/2020,178.37,180.48,181.12,178.31,1508807,179.56
12/29/2020,176.65,179.17,179.38,175.11,1490348,178.37
12/30/2020,180.04,179.77,182.2293,178.685,2720613,176.65
12/31/2020,182.02,180.25,182.1,178.75,1717865,180.04
1/4/2021,182.15,183,185.98,180.25,4078403,182.02
1/5/2021,183.64,181.21,185.8,181.21,2933740,182.15
1/6/2021,193.86,187.15,197.28,186.15,8034734,183.64
1/7/2021,194.23,196.85,197.37,192.2,5297497,193.86
1/8/2021,194.26,193.85,195.2599,191.32,3186641,194.23
1/11/2021,193.86,191.56,195.46,190.31,2541263,194.26
1/12/2021,197.54,194.68,198,193.31,2466084,193.86
1/13/2021,195.89,198.79,200.1743,195.8,3154720,197.54
1/14/2021,197.4,196.1,197.91,195.36,2486579,195.89
1/15/2021,194.62,195.66,195.705,190.88,3317129,197.4
1/19/2021,194.06,194.29,196.109,193.44,2361180,194.62
1/20/2021,192.34,192.66,193.9,190.42,2501098,194.06
1/21/2021,192.19,192.35,193.72,190.0543,1951414,192.34
1/22/2021,191.94,190.85,192.82,189.31,2027177,192.19
1/25/2021,187.34,190.56,191.37,186.97,3837108,191.94
1/26/2021,187.21,187.6,189.41,186.83,2505956,187.34
1/27/2021,180.63,184.2,185.55,179.3401,4095305,187.21
1/28/2021,184.34,182.26,187.61,181.31,3445426,180.63
1/29/2021,182.84,183.5,188.82,180.725,4541368,184.34
2/1/2021,184.72,185.96,186.8,182.02,2738225,182.84
2/2/2021,192.5,186.5,192.78,185.64,5265354,184.72
2/3/2021,191.45,190.91,191.53,189.0611,2979186,192.5
2/4/2021,191.65,192,192.61,190.2,2254049,191.45
2/5/2021,193,192.52,194.33,190.01,2240109,191.65
2/8/2021,197.45,195,197.54,194.67,2725656,193
2/9/2021,197.28,197.54,198.66,194.89,2331557,197.45
2/10/2021,197.72,198.5,199.71,196.2552,2816443,197.28
2/11/2021,198.35,197.59,198.42,194.39,2178154,197.72
2/12/2021,197.99,197.98,198.7559,196.76,1804382,198.35
2/16/2021,202.38,199.75,205.18,199.24,3722657,197.99
2/17/2021,202.3,202.39,202.895,199.79,2411531,202.38
2/18/2021,199.92,201.55,202.88,198.58,2346219,202.3
2/19/2021,209.91,203.25,211.46,202.695,4937326,199.92
2/22/2021,218.06,209.63,218.865,209.335,4578305,209.91
2/23/2021,220.18,219.53,220.735,213.28,4125136,218.06
2/24/2021,222.47,220.41,226.67,219.88,4925014,220.18
2/25/2021,221.82,223.62,224.4,219.72,4313039,222.47
2/26/2021,215.88,220.75,222.4,215.82,4461298,221.82
3/1/2021,219.76,219.31,222.58,218.9,2871845,215.88
3/2/2021,215.82,218.69,219.34,215.0101,2854332,219.76
3/3/2021,214.91,212.14,217.55,212.01,2663976,215.82
3/4/2021,212.77,214.48,216.668,208.47,3568364,214.91
3/5/2021,220.16,214.34,220.78,211.5,3602268,212.77
3/8/2021,221.58,220.97,224.3,218.212,3048694,220.16
3/9/2021,216.8,221.38,222.33,216.14,2902396,221.58
3/10/2021,221.06,217.73,222.05,217.19,2435768,216.8
3/11/2021,219.76,223,223.6,219.15,2960018,221.06
3/12/2021,229,219,229.02,218.12,4756540,219.76
3/15/2021,230.74,228.87,231.8,225.83,4216918,229
3/16/2021,226.46,227.72,231.21,224.77,3539195,230.74
3/17/2021,233.63,228.13,234.3,227.13,3518522,226.46
3/18/2021,230.68,234,237.78,229.735,4336238,233.63
3/19/2021,225.29,228.75,229.65,224.05,7485061,230.68
3/22/2021,226.02,226.62,227.18,223.57,2211572,225.29
3/23/2021,218.25,222.06,225.24,216.65,4017585,226.02
3/24/2021,221.23,220.51,227.11,220.51,4257961,218.25
3/25/2021,224.25,219.23,224.97,216.0358,2901771,221.23
3/26/2021,229.5,226.35,229.84,225.21,3040141,224.25
3/29/2021,230.22,228.1,231.85,227.7141,3003239,229.5
3/30/2021,233.08,231.2,234.72,231.14,3139103,230.22
3/31/2021,231.87,234.35,237.01,228.85,4512327,233.08
4/1/2021,232.74,231.3,235,227.59,3787055,231.87
4/5/2021,233.71,235,235.661,232.37,2323584,232.74
4/6/2021,230.64,232.5,236.68,230.23,2614532,233.71
4/7/2021,230.41,231.96,234.1856,229.35,2449613,230.64
4/8/2021,230.48,230.13,231.05,227.17,2158852,230.41
4/9/2021,230.75,231.3,232.2,227.54,2482888,230.48
4/12/2021,230.93,230.3,231.3,228.9307,1688201,230.75
4/13/2021,229.35,233.41,233.5,228.045,2286434,230.93
4/14/2021,232.58,229.6,234.2199,229.55,2491044,229.35
4/15/2021,232.52,233.15,233.4399,230.74,1860155,232.58
4/16/2021,233.36,234.62,235.94,232.27,2128405,232.52
4/19/2021,232.39,232.9,233.1,229.91,1712648,233.36
4/20/2021,227.63,230.9,231.3,225.5959,2815782,232.39
4/21/2021,232.46,227.32,232.61,226.02,1977712,227.63
4/22/2021,228.89,233.25,233.43,228.77,2410653,232.46
4/23/2021,230.11,229.36,231.65,227.88,3461030,228.89
4/26/2021,230.56,230.57,232.85,229.96,1864837,230.11
4/27/2021,230.34,230.29,230.86,228.08,1959291,230.56
4/28/2021,232.3,230.05,233.715,229.38,2965333,230.34
4/29/2021,227.47,235,235.2,223.2,5442416,232.3
4/30/2021,228.11,225.52,228.39,224.88,3953489,227.47
5/3/2021,228.17,230,230.9348,227.21,3182883,228.11
5/4/2021,233.41,227,234,225.35,4040671,228.17
5/5/2021,237.88,234.62,239.33,231.85,3641978,233.41
5/6/2021,237.07,238,240.9828,236,4526952,237.88
5/7/2021,240.99,235.64,241.89,233.16,3327927,237.07
5/10/2021,242.61,243.5,245.78,242.59,3752901,240.99
5/11/2021,239.3,238.78,242.9899,236.54,3163104,242.61
5/12/2021,237.32,241.27,243.23,236.4447,3668456,239.3
5/13/2021,240.07,236.04,240.99,234.5706,2228784,237.32
5/14/2021,242.23,242,243.35,240.08,2041605,240.07
5/17/2021,244.79,242.74,245.45,241.12,1998409,242.23
5/18/2021,239.47,244.79,245.54,239.41,2436216,244.79
5/19/2021,236.87,236.1,237.08,231.94,3143099,239.47
5/20/2021,234.99,237.48,237.6,232.59,3339453,236.87
5/21/2021,237.24,236.6,239.3998,235.01,2479364,234.99
5/24/2021,239.05,237.69,239.71,236.22,2372692,237.24
5/25/2021,237.17,239.51,241.89,236.74,2265689,239.05
5/26/2021,237.71,237.41,239.5,236.62,2070014,237.17
5/27/2021,241.28,241.5,243.3684,238.93,3594666,237.71
5/28/2021,241.08,241.91,242.26,238.79,2290920,241.28
6/1/2021,242.76,244.01,244.93,241.81,2475954,241.08
6/2/2021,243.46,243.07,245.1,240.7,2348762,242.76
6/3/2021,243.84,242.43,246.44,240.87,1923166,243.46
6/4/2021,244.02,245.12,246.69,242.32,1837906,243.84
6/7/2021,239.76,244.05,244.33,238.62,2330672,244.02
6/8/2021,240.16,239.4,241.21,236.06,2212400,239.76
6/9/2021,234.65,239,239.19,234.45,2919581,240.16
6/10/2021,225.73,236.14,236.65,225.58,6281841,234.65
6/11/2021,220.7,226.3,227.92,220.03,8734875,225.73
6/14/2021,219.01,220.07,221.97,215.6,7213293,220.7
6/15/2021,219.46,219.89,220.78,216.26,5055865,219.01
6/16/2021,217.16,219.01,219.39,216.7,4156853,219.46
6/17/2021,209.45,216.97,218.27,207.881,7995293,217.16
6/18/2021,208.86,206.18,211.81,205.5,7156360,209.45
6/21/2021,213.21,211.55,215.23,211.4,5633857,208.86
6/22/2021,213.13,213.49,214.83,211.18,3776376,213.21
6/23/2021,213.79,213.6,216.77,212.58,3283361,213.13
6/24/2021,219.34,216.54,221.93,215.33,6827569,213.79
6/25/2021,216.31,221.18,221.75,215.27,11274169,219.34
6/28/2021,216.27,216.45,216.78,213.5615,3171958,216.31
6/29/2021,215.1,218.04,218.7,214.59,3443372,216.27
6/30/2021,217.63,214.62,217.95,214.055,3249543,215.1
7/1/2021,216.71,219.16,219.79,216.15,2426331,217.63
7/2/2021,217.76,217.66,218.37,215.58,2434363,216.71
7/6/2021,213.52,217.41,217.56,211.3405,4348120,217.76
7/7/2021,214.69,212.69,215.06,211.16,2707653,213.52
7/8/2021,212.11,210,213.9,209.93,3723814,214.69
7/9/2021,217.42,215.9,218.5925,214.4,3163754,212.11
7/12/2021,218.58,216.02,218.95,214.85,2509045,217.42
7/13/2021,215.19,218.96,219.05,214.7,2373273,218.58
7/14/2021,211.64,215.26,215.6372,211.22,3185200,215.19
7/15/2021,211.41,210.28,213.39,210.12,2737875,211.64
7/16/2021,207.95,212.46,212.6971,207.01,4368752,211.41
7/19/2021,203.08,202.27,203.75,199.23,5391082,207.95
7/20/2021,207.96,203.04,208.63,202.305,3934667,203.08
7/21/2021,210.73,208.72,210.96,207.575,3407298,207.96
7/22/2021,209.16,211,211.38,208.54,1931542,210.73
7/23/2021,209.53,209.5,210.37,207.86,2302578,209.16
7/26/2021,211.03,209.84,212.07,209.5,2157931,209.53
7/27/2021,209.9,207.53,211.06,207.0002,2471965,211.03
7/28/2021,211.44,210,212.69,208.1,3246866,209.9
7/29/2021,212.56,214,214.51,209.69,3419668,211.44
7/30/2021,206.75,207.9,208.67,203.15,5834914,212.56
8/2/2021,205.16,208,210.9028,204.95,3977107,206.75
8/3/2021,208.5,205.31,209.29,203.43,3580499,205.16
8/4/2021,204.52,208.22,209.59,204.37,2948671,208.5
8/5/2021,207.19,205.25,207.655,204.7001,2685825,204.52
8/6/2021,208.35,209.01,210.39,207.65,2677128,207.19
8/9/2021,208.89,207.29,209.88,206.12,2747219,208.35
8/10/2021,214.07,210,214.9,208.96,4193557,208.89
8/11/2021,221.66,215.73,222.57,214.57,7794082,214.07
8/12/2021,220.24,222.24,223.76,218.47,4446237,221.66
8/13/2021,218.57,219.88,220.5499,217.73,2049416,220.24
8/16/2021,217.71,217.36,218,214.34,3134276,218.57
8/17/2021,213.44,216.22,216.39,210.58,4022806,217.71
8/18/2021,209.81,212.5,213.55,209.72,2947719,213.44
8/19/2021,204.45,208.17,208.9561,203.21,4788141,209.81
8/20/2021,204.94,205.42,207.26,203.59,2765514,204.45
8/23/2021,209.14,207.25,209.75,205.83,2827365,204.94
8/24/2021,212.59,209.75,213.27,209.53,2485926,209.14
8/25/2021,214.76,213.17,215.7,212.15,2599798,212.59
8/26/2021,211.24,214.51,214.51,210.48,2513944,214.76
8/27/2021,212.83,212.26,214.0335,212.215,2511382,211.24
8/30/2021,211.45,213.22,213.74,210.8,1922125,212.83
8/31/2021,210.87,211.28,212.295,210.42,2857877,211.45
9/1/2021,207.96,210.87,210.99,206.61,4122888,210.87
9/2/2021,211.78,208.92,212.95,208.92,2922282,207.96
9/3/2021,210.37,211.15,212.8,210,2513016,211.78
9/7/2021,208.23,210.04,210.3423,207.845,2643189,210.37
9/8/2021,206.77,207.12,208.1244,204.77,2603093,208.23
9/9/2021,205.42,206.5,208.15,204.895,2778162,206.77
9/10/2021,205.01,207.1,207.88,204.82,2551174,205.42
9/13/2021,206.2,207.16,207.86,203.93,2699131,205.01
9/14/2021,202.33,206.04,206.1,201.64,3757600,206.2
9/15/2021,205.73,202.17,206.59,201.87,3342723,202.33
9/16/2021,203.6,205.45,206.39,202.82,3120141,205.73
9/17/2021,199.75,202.63,203.27,199.45,6355040,203.6
9/20/2021,190.82,193.06,193.99,188.475,9151051,199.75
9/21/2021,189.84,192,192.71,186.98,5699855,190.82
9/22/2021,191.35,192,194.5,191.16,3924417,189.84
9/23/2021,196.62,192.91,197.6,192.85,3367778,191.35
9/24/2021,196.82,195.65,197.79,194.93,2199472,196.62
9/27/2021,200,197.6,201.99,197.6,3033101,196.82
9/28/2021,200.55,200.2,201.89,198.75,3247465,200
9/29/2021,197.87,200.48,201.16,197.7,2954707,200.55
9/30/2021,191.97,198.62,198.8743,191.63,4984013,197.87
10/1/2021,194.33,192.9,195.87,191.24,3695489,191.97
10/4/2021,193.13,194.74,195.91,192.41,2864563,194.33
10/5/2021,192.5,192.76,194.4,190.73,3074591,193.13
10/6/2021,191.86,190,192.39,187.8,3777660,192.5
10/7/2021,195.75,193.73,196.39,193.61,3510517,191.86
10/8/2021,195.16,195.8,196.58,194.74,2713300,195.75
10/11/2021,192.89,196.34,197.1707,192.68,2015161,195.16
10/12/2021,189.92,192.32,193.5846,189.58,4706721,192.89
10/13/2021,188.94,190.5,191.25,187.72,3254395,189.92
10/14/2021,194.33,193.55,194.8,192.6124,5214380,188.94
10/15/2021,199.02,195.96,199.45,195.3,4736339,194.33
10/18/2021,198.18,197.38,198.68,195.545,2809428,199.02
10/19/2021,201.14,198.6,201.48,198.46,2627001,198.18
10/20/2021,204.19,201.16,205.18,200.5301,2936002,201.14
10/21/2021,202.14,201.6,202.3,199.74,3071279,204.19
10/22/2021,200.65,200.64,202.345,199.2,2632391,202.14
10/25/2021,202.21,201.28,203.31,200.51,3294689,200.65
10/26/2021,199.64,202.75,202.785,199.47,2933573,202.21
10/27/2021,196.13,200.25,200.43,195.92,3406655,199.64
10/28/2021,204.09,197.36,204.5,197.05,4462713,196.13
10/29/2021,204.01,207.99,209.75,203.24,4292216,204.09
11/1/2021,205.38,204.29,206.88,203.81,3215180,204.01
11/2/2021,207.12,205.75,207.81,203,3429632,205.38
11/3/2021,203.55,206.26,206.5767,201.82,3136978,207.12
11/4/2021,203.59,204,204.89,202.61,2543452,203.55
11/5/2021,205.88,205.48,208.88,205.23,2591253,203.59
11/8/2021,214.25,215.89,216.47,211.25,5944657,205.88
11/9/2021,209.81,215.18,215.57,208.96,3310255,214.25
11/10/2021,206.67,209.27,209.9521,206.43,3261766,209.81
11/11/2021,208.53,207.88,210.44,207.88,4819820,206.67
11/12/2021,209.27,209.35,210.69,208.3,2017961,208.53
11/15/2021,207.71,210,210.69,206.76,2392576,209.27
11/16/2021,205.43,208,208.18,205.26,2138038,207.71
11/17/2021,202.98,205,205.19,200.85,3135672,205.43
11/18/2021,201.42,203.27,203.71,200.66,2121099,202.98
11/19/2021,200.44,200.92,202.92,199.66,2980754,201.42
11/22/2021,202.38,201.49,204.5333,200.09,2597280,200.44
11/23/2021,205.33,203.05,205.57,201.59,3127919,202.38
11/24/2021,207.07,203.66,208.26,203.08,3880485,205.33
11/26/2021,198.73,201,201.45,196.614,3495977,207.07
11/29/2021,195.92,201.23,201.5,193.28,4559906,198.73
11/30/2021,193.35,193.835,196.78,191.5501,6358024,195.92
12/1/2021,191.47,197.58,198.43,191.36,3427043,193.35
12/2/2021,196.79,192.31,197.62,191.81,3445667,191.47
12/3/2021,197.8,197.67,199.39,195.74,3250927,196.79
12/6/2021,201.28,199.58,203.26,198.3424,2838436,197.8
12/7/2021,204.49,203.29,206.21,203.065,2817980,201.28
12/8/2021,204.19,204.41,206.2,203.61,2341218,204.49
12/9/2021,204.13,203.1,204.97,200.88,1646581,204.19
12/10/2021,203.46,205.4,205.9,202.11,3315166,204.13
12/13/2021,201.25,203.82,204.25,200.45,1868491,203.46
12/14/2021,201.64,200,203.98,199.8024,2248789,201.25
12/15/2021,202.55,201,202.6,198.635,2193723,201.64
12/16/2021,206.17,205,208.229,204.65,2856763,202.55
12/17/2021,201.37,204.95,205.25,201.23,6090692,206.17
12/20/2021,195.46,197.55,197.55,193.06,3605081,201.37
12/21/2021,198.31,197,199.02,196.74,2303378,195.46
12/22/2021,202.15,200.98,203.4039,200.83,3558681,198.31
12/23/2021,206.2,203.42,207.3,203.29,2669627,202.15
12/27/2021,206.38,205.94,206.9,205.14,1711554,206.2
12/28/2021,206.62,206.18,208.26,206.14,1393179,206.38
12/29/2021,207.33,206.27,208.55,206.08,1334998,206.62
12/30/2021,206.08,207.33,208.91,205.93,1465937,207.33
12/31/2021,206.74,206.2,207.74,205.67,1374493,206.08
1/3/2022,207,207.33,208.6,205.8001,2056574,206.74
1/4/2022,218.08,208.28,218.92,207.94,5242311,207
1/5/2022,219.75,218.18,223.36,218.18,5378170,218.08
1/6/2022,221.99,221.49,222.705,218.06,3913240,219.75
1/7/2022,224.19,222.5,225.97,222.23,3673408,221.99
1/10/2022,221.64,224.95,225.7532,220.6114,3734923,224.19
1/11/2022,219.95,222,222.09,216.59,2944280,221.64
1/12/2022,222.4,222.12,223.69,220.07,2506917,219.95
1/13/2022,227,222.89,227.88,222.64,5002349,222.4
1/14/2022,228.94,224.72,229.64,223.5819,3970581,227
1/18/2022,229.87,227.71,230.43,226.86,5413526,228.94
1/19/2022,221.66,229.66,229.81,220.93,4991706,229.87
1/20/2022,216.63,221.08,221.87,216.04,3545647,221.66
1/21/2022,214.09,217.51,217.51,212.4196,3754746,216.63
1/24/2022,214.33,211.16,214.97,206.66,5108332,214.09
1/25/2022,214.31,212.08,216.83,207.1,4554269,214.33
1/26/2022,214.29,215,218.88,212.24,3558514,214.31
1/27/2022,212.17,215.21,217.9,210.15,3683378,214.29
1/28/2022,201.16,205.59,208,196.8,10747251,212.17
1/31/2022,201.56,199.45,201.6,194.68,6178996,201.16
2/1/2022,205.35,200.8,205.79,200.5371,4026634,201.56
2/2/2022,204.94,203.2,205.8,201.4,3492301,205.35
2/3/2022,200.59,205,205.87,200.09,2748216,204.94
2/4/2022,198.41,200.21,201.005,196.49,3930776,200.59
2/7/2022,199.82,198.84,201.53,198.0253,2402040,198.41
2/8/2022,201.5,200.26,202.31,199.23,2407233,199.82
2/9/2022,203.6,202.64,204.1,202.086,2743749,201.5
2/10/2022,203.07,202.57,206.75,201.56,3538497,203.6
2/11/2022,201.24,203.42,204.65,200.13,3826746,203.07
2/14/2022,199.89,200.95,201.7,198.11,2730533,201.24
2/15/2022,203.41,200.7,204.45,200.0096,2752883,199.89
2/16/2022,203.64,203.11,205.415,203,2254146,203.41
2/17/2022,194.74,201,201.76,194.44,4699629,203.64
2/18/2022,191.95,193.36,195.62,191.175,4385219,194.74
2/22/2022,191.21,191.95,194.9,190.55,3487950,191.95
2/23/2022,186.67,191.72,192.319,186.37,3550352,191.21
2/24/2022,184.69,182.03,185.27,179.67,5919467,186.67
2/25/2022,187.06,184.94,187.925,184.12,3594597,184.69
2/28/2022,187.58,184.34,188.77,183.673,5168542,187.06
3/1/2022,182.83,187.77,188.22,180.64,5110599,187.58
3/2/2022,192.61,185.2,193.56,185,5849898,182.83
3/3/2022,194.85,193.32,196.58,192.34,4429733,192.61
3/4/2022,195.66,191.1,196.01,190.311,4334724,194.85
3/7/2022,196.7,194.79,203.5,193.6233,6912345,195.66
3/8/2022,210,203.87,214.89,203,9318635,196.7
3/9/2022,209.78,212.57,213.6,207.45,4798346,210
3/10/2022,211.79,209.39,217.5201,208.18,4886260,209.78
3/11/2022,214.83,212.3,217.77,212.3,4045469,211.79
3/14/2022,215.44,216.3,218.4825,212.93,3530852,214.83
3/15/2022,216.46,216.12,217.38,210.51,4364197,215.44
3/16/2022,216.08,217.5,219.49,212.32,4378696,216.46
3/17/2022,221.7,215.32,221.78,214.34,3600411,216.08
3/18/2022,220.91,219.48,221.7,218,4105116,221.7
3/21/2022,223.71,221,227.05,220.99,2902157,220.91
3/22/2022,222.71,224.46,225.85,221.3375,2461494,223.71
3/23/2022,222.17,221.69,224.78,221.69,2001683,222.71
3/24/2022,222.21,222.54,225,221.51,2110867,222.17
3/25/2022,223.36,222.09,223.8,221.14,1581139,222.21
3/28/2022,221.85,222.34,222.68,219.04,3072496,223.36
3/29/2022,221.04,220.8,221.43,216.54,3667796,221.85
3/30/2022,223.08,222,225.8799,220.7,2507574,221.04
3/31/2022,222.82,223.21,225.19,222.43,3152202,223.08
4/1/2022,219.77,224.35,225.52,218.165,2618304,222.82
4/4/2022,220.81,219.16,221.3535,216.6,2181439,219.77
4/5/2022,216.02,220,222.37,215.14,3582110,220.81
4/6/2022,216.21,215.12,217.13,213.545,2783265,216.02
4/7/2022,215.9,215.46,216.31,213.5599,2253777,216.21
4/8/2022,217.03,215.79,217.875,214.03,2450251,215.9
4/11/2022,216.05,217.03,218.76,215.75,2494683,217.03
4/12/2022,216.7,215.45,219.479,214.98,2508300,216.05
4/13/2022,218.27,216.93,219.68,216.4,1899033,216.7
4/14/2022,227.81,219.91,229.215,218.61,5337892,218.27
4/18/2022,229.92,228,234.375,228,3643982,227.81
4/19/2022,232.16,230.25,232.94,227.57,2689367,229.92
4/20/2022,235.08,233.55,236.37,232.58,2907678,232.16
4/21/2022,232.57,237.24,237.9,231.65,3571429,235.08
4/22/2022,216.3,228.4,229.79,215.6,5053696,232.57
4/25/2022,216.7,215.31,217,209.57,4145466,216.3
4/26/2022,210.3,216.13,218.2,209.35,4176665,216.7
4/27/2022,213.96,211.11,215.55,207.3,3358258,210.3
4/28/2022,212.44,207.425,212.96,202,6094275,213.96
4/29/2022,210.54,212.7,217.21,210.16,3404011,212.44
5/2/2022,212.07,210,212.765,207.6601,2639509,210.54
5/3/2022,213.62,211.9,215.3636,210.79,2121130,212.07
5/4/2022,222.59,214.95,223.29,213.825,3023650,213.62
5/5/2022,215.93,222.4,223.15,213.77,3005558,222.59
5/6/2022,214.65,217.01,217.01,210.35,2268402,215.93
5/9/2022,206.29,212.03,212.05,205.44,2929874,214.65
5/10/2022,202.99,208.24,209.52,201.39,3040550,206.29
5/11/2022,205.21,205.56,209.71,203.59,2552410,202.99
5/12/2022,203.03,203.61,205.34,199.295,3282072,205.21
5/13/2022,204.33,205.15,206.46,202.92,2323800,203.03
5/16/2022,207.19,205.02,209.21,203.68,2540976,204.33
5/17/2022,213.09,212.8,213.77,209.14,2275933,207.19
5/18/2022,207.94,213.84,217.9,207.52,4723284,213.09
5/19/2022,206.76,205.86,209.28,201.705,2887724,207.94
5/20/2022,197.82,206.45,206.63,194.04,5404500,206.76
5/23/2022,204.15,199.93,205.49,199.16,3246553,197.82
5/24/2022,205.65,202.01,205.7,201.29,2467967,204.15
5/25/2022,209.31,205,210.09,204.82,3080246,205.65
5/26/2022,212.99,211.55,213.635,210.4,2015957,209.31
5/27/2022,217.14,215,217.63,214.16,2020431,212.99
5/31/2022,215.85,214.79,218.09,213.49,3773508,217.14
6/1/2022,217.57,218.46,219,214.3,2314030,215.85
6/2/2022,220,219.59,220.84,217.25,1784213,217.57
6/3/2022,222.9,218.25,224.1,218.25,2222739,220
6/6/2022,223.63,222.9,224.763,222.25,1565510,222.9
6/7/2022,227.1,222,227.27,221.65,1799081,223.63
6/8/2022,229.8,225.29,232.35,224.62,4171344,227.1
6/9/2022,223.67,227.43,228.211,223.62,3047339,229.8
6/10/2022,215.18,219.5,220.22,215.01,2605398,223.67
6/13/2022,206.88,209.58,209.87,204.9,3559596,215.18
6/14/2022,206.69,208.06,209.73,205.27,2359013,206.88
6/15/2022,206,207.48,208.65,203.13,2343231,206.69
6/16/2022,194.79,201.07,201.25,193.25,4789903,206
6/17/2022,192.64,195.68,197.74,190.87,7226161,194.79
6/21/2022,196.37,197.1,198.42,193.87,2755355,192.64
6/22/2022,187.83,190,192.79,187.705,4012246,196.37
6/23/2022,178.67,186.58,187.23,176.02,6667926,187.83
6/24/2022,185.49,181.34,185.6,179.37,4868921,178.67
6/27/2022,187.59,188.08,190.08,185.82,3061090,185.49
6/28/2022,187.44,189.97,193.1,187.43,3327704,187.59
6/29/2022,183.48,187.32,187.57,182.13,2436919,187.44
6/30/2022,178.76,180.26,182.14,177.12,4197106,183.48
7/1/2022,178.29,179.31,181.32,173.72,3423158,178.76
7/5/2022,173.76,173.77,174.42,170.595,3725409,178.29
7/6/2022,172.31,173.48,174.67,169.29,3190582,173.76
7/7/2022,180.28,182.5,182.5,176.3301,4677626,172.31
7/8/2022,179.1,180.23,181.24,176.39,2491087,180.28
7/11/2022,175.02,177.41,179.77,174.62,2773877,179.1
7/12/2022,174.49,174.74,177.24,172.6,2718396,175.02
7/13/2022,173.87,172.25,175.25,171.86,2389041,174.49
7/14/2022,169.94,169.75,170.7,167.08,2531232,173.87
7/15/2022,173.38,172.25,173.38,169.2,2282108,169.94
7/18/2022,173.49,176.13,176.7,172.71,2476409,173.38
7/19/2022,179.49,173.9,179.695,172.884,2671398,173.49
7/20/2022,179.97,178.78,180.8,177.065,2176090,179.49
7/21/2022,180.99,178.42,181.07,176.48,2214529,179.97
7/22/2022,178.62,181.49,182.8,177.34,1961489,180.99
7/25/2022,181.81,179.17,182.6,177.765,1845604,178.62
7/26/2022,181.23,181.16,183.645,180.58,1767673,181.81
7/27/2022,185.25,182.92,186.18,180.32,1856625,181.23
7/28/2022,187.84,186.85,189.52,184.2,2229204,185.25
7/29/2022,198.25,189.19,199.49,189.12,5188148,187.84
8/1/2022,194.86,195.08,197.19,193.4,3185132,198.25
8/2/2022,183.51,188,189.47,183.16,8193096,194.86
8/3/2022,182.87,183.32,185.44,181.6,4155892,183.51
8/4/2022,183.64,182.86,185.9311,181.12,2478858,182.87
8/5/2022,185.39,183.58,186.1,183.23,1908521,183.64
8/8/2022,185.81,186.77,188,184.16,2655592,185.39
8/9/2022,186.03,185.95,187.88,185.16,2460002,185.81
8/10/2022,190.72,188.73,191.52,187.45,2304657,186.03
8/11/2022,194,192.83,195.58,191.91,2538990,190.72
8/12/2022,196.84,194.89,196.97,193.8,1864797,194
8/15/2022,195.95,193.4,196.5,193.07,1752584,196.84
8/16/2022,197.52,195.32,198.4,194.95,1959335,195.95
8/17/2022,195.93,195,196.9,193.87,1576440,197.52
8/18/2022,197.35,197.05,197.63,195.245,1750888,195.93
8/19/2022,195.6,195.27,197.22,193.81,2003565,197.35
8/22/2022,191.76,193.11,193.93,191.5512,2008855,195.6
8/23/2022,197.21,192.75,198.14,192.48,2445082,191.76
8/24/2022,194.16,197.56,198.68,193.45,2503442,197.21
8/25/2022,198.88,195.49,198.91,194.57,1888732,194.16
8/26/2022,191.92,199.4,200.3677,191.73,2560386,198.88
8/29/2022,191.78,190,193.169,189,1996590,191.92
8/30/2022,186.94,191.5,191.96,184.5924,2691218,191.78
8/31/2022,184.71,186.63,188.06,184.5,2656561,186.94
9/1/2022,182.44,182.27,183.21,180.1,2686280,184.71
9/2/2022,180.83,184.85,185.74,179.85,2185474,182.44
9/6/2022,180.66,182.9,183.66,179.59,2141693,180.83
9/7/2022,180.86,179.11,181.8384,178.19,2167029,180.66
9/8/2022,183.15,179.68,183.28,178.08,2245727,180.86
9/9/2022,189.49,187.55,189.76,187.215,2279841,183.15
9/12/2022,192.4,190.85,192.7,190.61,1937224,189.49
9/13/2022,184.31,187.85,190.05,183.5,2207621,192.4
9/14/2022,184.65,183.92,185.14,181.87,2295076,184.31
9/15/2022,182.49,184.67,186.5409,181.68,1933126,184.65
9/16/2022,179.47,180,180.34,177.765,5088335,182.49
9/19/2022,182.11,177.25,182.73,176.8,2923828,179.47
9/20/2022,177.99,180.59,180.72,176.311,2512363,182.11
9/21/2022,171.95,179.28,180.49,171.88,4061902,177.99
9/22/2022,170.55,172.7,174.62,170.29,2508351,171.95
9/23/2022,164.24,168.66,169.44,161.73,4047222,170.55
9/26/2022,162.62,164,165.8499,162.22,3213409,164.24
9/27/2022,162.44,164.46,164.568,160.6,2753514,162.62
9/28/2022,167.76,164.5,168.48,163.54,3694755,162.44
9/29/2022,165.9,165.7,166.59,163.54,3518214,167.76
9/30/2022,164.08,165.89,167.78,163.89,2963239,165.9
10/3/2022,171.23,167.43,173.365,166.05,3444727,164.08
10/4/2022,179.63,174.3,180.19,174.21,4008183,171.23
10/5/2022,178.38,177.15,180.26,176.6889,3067477,179.63
10/6/2022,178.81,177.41,180.98,176.89,2415113,178.38
10/7/2022,177.55,176.72,178.955,175.14,2759237,178.81
10/10/2022,178.67,179.81,181.16,176.07,2634055,177.55
10/11/2022,179.75,176.82,183.08,176.67,2542475,178.67
10/12/2022,179.5,179.48,181.12,178.78,2260826,179.75
10/13/2022,183.14,173.75,184.95,172.705,3745930,179.5
10/14/2022,178.19,183.75,184.33,177.53,2830734,183.14
10/17/2022,180.8,182.3,184.31,179.2,2940176,178.19
10/18/2022,183.55,184.9,185.53,180.91,2674034,180.8
10/19/2022,184.41,182.94,185.7,182,2088798,183.55
10/20/2022,180.54,184.54,185.74,180.46,2953856,184.41
10/21/2022,190.22,179.73,190.41,179.21,3483823,180.54
10/24/2022,191.3,188.65,192.14,188.45,2919594,190.22
10/25/2022,194.84,190.29,195.67,188.92,2545049,191.3
10/26/2022,196.96,198.3,199.58,194.57,3547951,194.84
10/27/2022,212.14,210.15,217.13,207.37,7872157,196.96
10/28/2022,219.34,212.5,219.5,211.21,5161042,212.14
10/31/2022,216.46,215.34,218.8688,215.01,3786144,219.34
11/1/2022,218.5,218.63,219.4687,216.71,2717516,216.46
11/2/2022,214.54,217.6,221.6961,213.93,3150919,218.5
11/3/2022,219.26,211.54,221.79,211.3581,3570445,214.54
11/4/2022,227.85,224.02,229.73,223.6,4973751,219.26
11/7/2022,228.61,228,229.13,222.67,3405597,227.85
11/8/2022,229.81,228.61,232.63,226.67,3676620,228.61
11/9/2022,225.54,226.07,229.135,225.0624,6248284,229.81
11/10/2022,232.45,232.22,232.59,226.33,4590846,225.54
11/11/2022,236.49,233,238.4,231.9983,3585442,232.45
11/14/2022,236.5,236,239.85,234.5,3217733,236.49
11/15/2022,234.59,237.1,239.4,232.745,3371100,236.5
11/16/2022,232.42,234,234.66,230.8375,3061954,234.59
11/17/2022,230.44,227.75,230.53,225.51,3257638,232.42
11/18/2022,231.43,230.85,231.84,227.63,2868714,230.44
11/21/2022,232.17,231.55,233.67,228.27,2522619,231.43
11/22/2022,237.26,234,237.48,233.36,2523669,232.17
11/23/2022,236.92,237.63,239.63,235.61,2311283,237.26
11/25/2022,235.7,237,237.49,235.19,1034795,236.92
11/28/2022,232.3,233.94,234.955,231.57,2862337,235.7
11/29/2022,235.12,233.3,235.73,231.55,2277925,232.3
11/30/2022,236.41,235.9,236.76,230.79,3849956,235.12
12/1/2022,235.69,236.9,237,231.94,2504686,236.41
12/2/2022,236.13,233.89,238.47,233.59,2218271,235.69
12/5/2022,232.57,234.8,235.91,232.26,2064513,236.13
12/6/2022,228.29,232.59,233.05,225.56,3633800,232.57
12/7/2022,228.98,227,229.84,225.78,3044194,228.29
12/8/2022,230.92,230.91,232.5,229.54,2189369,228.98
12/9/2022,227.29,232,232.81,227.19,2256976,230.92
12/12/2022,233.06,227.55,233.4,227.02,2709227,227.29
12/13/2022,235.49,237.82,237.92,232.13,2945191,233.06
12/14/2022,234.48,236.06,238.22,233.12,3513780,235.49
12/15/2022,230.66,232.16,232.93,227.72,2953761,234.48
12/16/2022,232.72,228.63,233.215,228.05,7610743,230.66
12/19/2022,232.29,233.9,236.93,230.93,2622367,232.72
12/20/2022,235.14,232.44,235.72,231.86,2649895,232.29
12/21/2022,241.73,237.66,241.9101,237.66,4143626,235.14
12/22/2022,237.54,240.15,240.8,233.04,3129995,241.73
12/23/2022,239.87,236.95,240.54,236.5,1960066,237.54
12/27/2022,243.14,240.69,245.05,239.7223,3381464,239.87
12/28/2022,239.38,243.14,243.82,238.275,2269966,243.14
12/29/2022,240.2,241.21,241.61,238.27,1652542,239.38
12/30/2022,239.56,239.39,240.16,237.7,1521214,240.2
1/3/2023,238.88,240.68,240.68,236.2,2651884,239.56
1/4/2023,241.36,240,242.13,238.55,2387868,238.88
1/5/2023,240.28,240.53,241.535,237.56,2355923,241.36
1/6/2023,248.86,242.89,249.91,242.24,3945070,240.28
1/9/2023,246.62,249.01,250.97,246,3417307,248.86
1/10/2023,250.51,246.95,250.84,246.45,3011934,246.62
1/11/2023,250.73,251.49,251.89,247.125,2402410,250.51
1/12/2023,255.07,252,257.3799,251.01,3881458,250.73
1/13/2023,258.46,256.8,258.575,255.23,3067830,255.07
1/17/2023,256.26,258.86,260.5,255.935,4100061,258.46
1/18/2023,252.82,257.28,258.9099,252.07,3361371,256.26
1/19/2023,245.75,250.48,251.25,244.3,4885201,252.82
1/20/2023,249.71,246.87,249.92,244.76,2964106,245.75
1/23/2023,252.7,250.75,253.68,249.27,2610238,249.71
1/24/2023,257.61,252.88,259.0474,249.75,3505069,252.7
1/25/2023,258.44,254.53,259.185,254.32,2424912,257.61
1/26/2023,262.12,260,262.26,256.8913,2677234,258.44
1/27/2023,264.54,262.46,266.04,262.12,2782988,262.12
1/30/2023,261.5,263.34,264.9999,261.31,3426868,264.54
1/31/2023,252.29,257,257.39,246.41,10992111,261.5
2/1/2023,249.54,251.75,252.7,245.31,6022012,252.29
2/2/2023,244.9,249.33,249.53,241.8,6130329,249.54
2/3/2023,247.76,244,250.95,243.1268,4134653,244.9
2/6/2023,251.42,248.11,252.14,248,3528766,247.76
2/7/2023,249.66,250.55,252,245.3503,3467883,251.42
2/8/2023,248.87,248.1,251.56,247.08,2300252,249.66
2/9/2023,246.28,250,251.97,245.48,2464903,248.87
2/10/2023,247.67,246.28,248.63,244.64,2820453,246.28
2/13/2023,248.15,243.5,248.38,242.65,3068116,247.67
2/14/2023,244.36,247.01,247.31,241.65,2512857,248.15
2/15/2023,248.7,244.2,248.77,243.225,2399236,244.36
2/16/2023,246.52,246.5,248.53,244.52,1934871,248.7
2/17/2023,247.79,247.86,250.86,245.63,3759290,246.52
2/21/2023,240.71,244.5,248,239.75,3105908,247.79
2/22/2023,237.89,241.19,242.23,236.42,3145185,240.71
2/23/2023,237.95,240.67,240.8297,235.6,3218961,237.89
2/24/2023,236.17,235.23,236.69,233.02,2105656,237.95
2/27/2023,239.98,239.1,241.25,238.72,1721039,236.17
2/28/2023,239.55,240.94,241.1,238.71,2647745,239.98
3/1/2023,248.67,242.01,249.7,241.57,4117683,239.55
3/2/2023,252.18,246.51,252.49,246.13,2678457,248.67
3/3/2023,255.31,252.39,255.4,249.91,2314730,252.18
3/6/2023,253.98,255.65,255.7,251.58,2317075,255.31
3/7/2023,246.14,254.05,254.75,245.9499,3018405,253.98
3/8/2023,248.72,247.99,251.11,246.75,2068605,246.14
3/9/2023,240.96,248.95,250.13,240.605,2518845,248.72
3/10/2023,227.01,236.31,238.13,225.8,5767526,240.96
3/13/2023,224.7,222.58,228.33,221.54,4885063,227.01
3/14/2023,225.67,228.99,229.59,222.2,3754946,224.7
3/15/2023,217.26,219.4,221.1834,212.57,5471675,225.67
3/16/2023,218.71,215.67,219.81,213.32,3555109,217.26
3/17/2023,215.01,217.4,217.4,211.43,7203047,218.71
3/20/2023,220.31,217.35,221.87,216.48,3464160,215.01
3/21/2023,224.92,224.06,226,223.61,3074835,220.31
3/22/2023,219.95,225.17,226.59,219.86,2930156,224.92
3/23/2023,219.44,220.51,225.3,217.6007,2957536,219.95
3/24/2023,217.01,216.85,217.43,213.14,2977746,219.44
3/27/2023,218,214.93,218.96,213.92,3209536,217.01
3/28/2023,220.16,218.15,220.56,217.71,1801975,218
3/29/2023,223,222.74,223.22,221.5009,1857436,220.16
3/30/2023,224.54,225.05,226.344,223.99,1921317,223
3/31/2023,228.84,226.38,229.055,224.9,2746909,224.54
4/3/2023,229.87,230.01,233.85,228.86,2242533,228.84
4/4/2023,217.45,228.9,229.49,216.25,4282098,229.87
4/5/2023,213.53,216.2,217.8791,211.55,4265252,217.45
4/6/2023,209.17,212.67,213,208.94,4180062,213.53
4/10/2023,215.53,210.22,216.09,209.32,3838965,209.17
4/11/2023,220.6,216.17,222.9,216.17,3882026,215.53
4/12/2023,220.5,222.15,223.215,219.89,2385141,220.6
4/13/2023,221.67,219.94,222.18,216.66,2909059,220.5
4/14/2023,223.68,222.99,225.83,221.44,2246904,221.67
4/17/2023,225.24,225.01,226.92,224.3,1751839,223.68
4/18/2023,225.2,225.56,227.5,224.06,2567096,225.24
4/19/2023,224.65,224.8,225.15,222.41,2078502,225.2
4/20/2023,222.27,222.42,224.22,220.93,2826825,224.65
4/21/2023,220.27,220.67,220.99,217.5,2712742,222.27
4/24/2023,223.43,220.53,223.685,220.53,2790653,220.27
4/25/2023,218.63,222.36,223.2288,218.27,2505596,223.43
4/26/2023,216.19,217.73,220.39,216.12,3254731,218.63
4/27/2023,214.33,210.48,216.08,204.04,7711149,216.19
4/28/2023,218.8,213.24,220.555,213,4669549,214.33
5/1/2023,217.27,219.342,221.96,216.53,2876412,218.8
5/2/2023,215.15,217.11,217.11,210.59,2857991,217.27
5/3/2023,215.64,215.64,219.17,214.86,2635075,215.15
5/4/2023,210.38,216.05,216.93,209.33,3211007,215.64
5/5/2023,215.09,213.59,215.68,212.4,2716550,210.38
5/8/2023,214.79,216.44,218.11,213.63,2414108,215.09
5/9/2023,213.49,213.74,215.3937,211.95,4111863,214.79
5/10/2023,213.17,215.43,215.99,210.19,2446106,213.49
5/11/2023,210.03,209,210.28,208.415,3263278,213.17
5/12/2023,209.54,211.71,212.55,207.93,2172580,210.03
5/15/2023,211.29,210.31,213.305,209.15,1925794,209.54
5/16/2023,207.2,210.05,210.265,207.05,2771733,211.29
5/17/2023,212.1,209.28,213.835,208.65,2897517,207.2
5/18/2023,214.72,211,215.66,210.23,2643586,212.1
5/19/2023,214.78,219.46,219.8894,212.95,4402093,214.72
5/22/2023,214.26,214.25,217.16,211.89,2540614,214.78
5/23/2023,212.71,213.2,215.26,211.35,2298512,214.26
5/24/2023,209.7,211.81,212.48,209.22,2963968,212.71
5/25/2023,209.98,209.69,211.785,208.6,2243773,209.7
5/26/2023,211.8,211.74,213.28,210.205,1973881,209.98
5/30/2023,209.9,211.18,212.89,208.25,2885893,211.8
5/31/2023,205.75,209.13,210.78,205.6,5936977,209.9
6/1/2023,209.07,207.68,210.57,206.04,2989150,205.75
6/2/2023,226.63,214.95,227.78,214.01,8358196,209.07
6/5/2023,222.47,226.99,227.58,220.75,3901238,226.63
6/6/2023,226.68,221.86,228.27,221.45,3230095,222.47
6/7/2023,235.55,227.81,236.36,226.28,5586408,226.68
6/8/2023,234.45,234.54,236.28,231.74,3548041,235.55
6/9/2023,235.03,235.7,235.81,231.43,2489663,234.45
6/12/2023,237.9,235.23,238.885,233.3201,3645004,235.03
6/13/2023,245.44,240.08,246.68,239.68,4335106,237.9
6/14/2023,243.32,246.8,248.32,241.57,3122386,245.44
6/15/2023,247.67,244,248.3782,243.48,2743898,243.32
6/16/2023,245.27,249.4,250.89,244.97,5261185,247.67
6/20/2023,241.15,242.33,243.215,240.55,2980704,245.27
6/21/2023,241.48,238.84,245.26,238.0313,2892473,241.15
6/22/2023,237.34,240.23,240.98,235.95,2423665,241.48
6/23/2023,234.44,234.44,235.86,231.28,3354027,237.34
6/26/2023,236.95,235.46,239.6225,235.125,1748332,234.44
6/27/2023,240.69,237.48,240.84,235.32,2283013,236.95
6/28/2023,241.87,239.29,242.05,237.86,2200056,240.69
6/29/2023,244.24,241.94,246.8628,241.37,2070085,241.87
6/30/2023,246.05,246.57,246.9344,243.89,2377993,244.24
7/3/2023,247.33,245.95,248.39,245.27,1045746,246.05
7/5/2023,244.83,245,247.5,244.1183,1820710,247.33
7/6/2023,240.58,242.75,243.87,238.84,3081719,244.83
7/7/2023,245.18,240.19,247.8,240.11,2903972,240.58
7/10/2023,248.81,244.51,249.36,244.09,2771882,245.18
7/11/2023,252.85,249.84,254.47,249.84,3294783,248.81
7/12/2023,253.6,255.49,257.64,251.44,2986445,252.85
7/13/2023,255.86,254.56,256.46,252.74,1949520,253.6
7/14/2023,255.62,256.48,256.48,252.91,1936998,255.86
7/17/2023,257.46,254.27,258.85,252.01,2674932,255.62
7/18/2023,263.81,257.63,264.16,256.93,3833380,257.46
7/19/2023,262.75,260.14,262.92,259.7,2771896,263.81
7/20/2023,261.09,264.17,265.4,260.44,2102305,262.75
7/21/2023,257.65,261.75,261.76,257.51,2249852,261.09
7/24/2023,259.37,258.3,262.44,258.1,2195493,257.65
7/25/2023,262.06,260.1,263.88,259.44,2016647,259.37
7/26/2023,258.32,260.53,262.54,257.25,2622804,262.06
7/27/2023,258.3,258.97,261.1,256.8226,2284531,258.32
7/28/2023,260.43,259.93,262.98,258.99,2104855,258.3
7/31/2023,265.17,262.75,265.21,261.66,3576780,260.43
8/1/2023,288.65,272.75,288.78,270.5,11830412,265.17
8/2/2023,287.57,287.75,293.88,286.09,6290294,288.65
8/3/2023,281.45,285.54,287.94,281.05,4745711,287.57
8/4/2023,276.44,283.2,283.5,275.36,3888182,281.45
8/7/2023,281.65,277.12,281.96,275.89,2438200,276.44
8/8/2023,282.89,278,283.95,274.78,2519489,281.65
8/9/2023,284.53,284.66,287.12,283.88,3088597,282.89
8/10/2023,283.82,284.49,287.66,281.19,2647229,284.53
8/11/2023,285.22,283.94,286.04,282.61,1874273,283.82
8/14/2023,284.54,284.06,285.6,281.27,2194187,285.22
8/15/2023,277.37,282.52,282.64,277.05,2593607,284.54
8/16/2023,274.51,277,281.71,274.085,2831256,277.37
8/17/2023,275.17,277.02,279.55,274.66,2534718,274.51
8/18/2023,273.8,273.01,275.69,271.11,2532964,275.17
8/21/2023,272.75,274.75,276.235,268.8,2207586,273.8
8/22/2023,270.2,273.94,274.1299,269.67,1669867,272.75
8/23/2023,273.03,270.3,273.76,269.1101,1677971,270.2
8/24/2023,269.3,271.6,274.69,269.2,1433718,273.03
8/25/2023,272.56,271.52,273.62,268.83,1291666,269.3
8/28/2023,274.79,273.5,276.999,273.035,1550820,272.56
8/29/2023,280.03,275,280.13,273.43,2065754,274.79
8/30/2023,282.33,280.03,283.81,279.81,1431019,280.03
8/31/2023,281.13,283.64,284.805,280.84,2579127,282.33
9/1/2023,286.25,284.8,287.07,283.65,2336591,281.13
9/5/2023,281.63,286.34,289.41,281.38,2515636,286.25
9/6/2023,282.9,280.42,284.47,279.04,1688876,281.63
9/7/2023,281.43,280.93,283.48,277.6509,1593373,282.9
9/8/2023,282.28,281.57,283.39,279.12,1241276,281.43
9/11/2023,282.05,284.56,285,279.95,1515311,282.28
9/12/2023,281.81,280.26,284.715,279.82,1587363,282.05
9/13/2023,275.92,280.21,282.74,273.0301,2119256,281.81
9/14/2023,282.56,279,283.175,277.83,2660520,275.92
9/15/2023,279.15,281.87,281.87,277.33,4940871,282.56
9/18/2023,280.94,279.06,282.75,278.85,1363218,279.15
9/19/2023,279.67,280.08,283.5,277.65,2313534,280.94
9/20/2023,278.61,281.5,286.5985,278.08,2382011,279.67
9/21/2023,272.03,276.21,276.21,271.6,2278483,278.61
9/22/2023,273.06,272.01,275.1,271.61,1708570,272.03
9/25/2023,274.27,270.75,274.83,270.07,1257517,273.06
9/26/2023,269.52,271.15,273.42,269.15,1756427,274.27
9/27/2023,272.71,271,274.23,269.2,1991541,269.52
9/28/2023,276.24,273.49,278.25,272.22,1994725,272.71
9/29/2023,273,279.08,279.55,271.36,2257825,276.24
10/2/2023,271.72,272.64,276.81,270.24,1778235,273
10/3/2023,268.97,271.21,273.58,267.54,2188005,271.72
10/4/2023,265.03,267.5,267.82,262.78,2970215,268.97
10/5/2023,260.8,263.9,265.94,260.43,2639337,265.03
10/6/2023,266.04,261.57,268.4185,258.27,2293464,260.8
10/9/2023,271.3,266.04,271.61,264.6508,1640764,266.04
10/10/2023,273.21,272.65,275.0957,271.83,2009107,271.3
10/11/2023,272.83,273.53,274.4079,269.9,1538219,273.21
10/12/2023,269.61,273.8,273.8,266.19,1910506,272.83
10/13/2023,267.94,270.49,273.9399,266.1,1918648,269.61
10/16/2023,270.79,272.12,273.972,269.58,1678588,267.94
10/17/2023,272.65,268.58,275.56,268.58,2110205,270.79
10/18/2023,259.22,268.5,269,258.75,4257056,272.65
10/19/2023,252.89,257.91,260,251.76,3849996,259.22
10/20/2023,249.2,251.31,253.49,248.158,3103477,252.89
10/23/2023,247.32,247.63,251.61,246.56,3193201,249.2
10/24/2023,249.55,250.25,251.72,247.25,2304815,247.32
10/25/2023,244.94,249.87,250.77,244.5,2542399,249.55
10/26/2023,242.43,245.53,246.73,240.41,3859150,244.94
10/27/2023,238.56,243.05,243.915,237.86,3229943,242.43
10/30/2023,242.16,240.94,243.6,239.18,4478283,238.56
10/31/2023,226.05,227.65,230.54,223.76,12093251,242.16
11/1/2023,231.83,225.11,232.65,223.9244,4932814,226.05
11/2/2023,239.12,235.8,239.59,232.88,7749892,231.83
11/3/2023,240.75,241.51,244.2393,238.18,3929453,239.12
11/6/2023,238.28,241.51,242.92,236.3607,2891529,240.75
11/7/2023,234.92,234.58,237.14,233.57,4073958,238.28
11/8/2023,234.82,236,237.79,234.445,2532451,234.92
11/9/2023,234.15,237.44,239.28,233.82,2708931,234.82
11/10/2023,239.68,235.34,240.15,234.62,2525979,234.15
11/13/2023,241.67,238.88,243.31,238.88,3035714,239.68
11/14/2023,247.86,246.75,249.5499,244.69,3441793,241.67
11/15/2023,251.09,249.52,252.925,248.6,3740063,247.86
11/16/2023,248.21,250.5,252.92,246.6,2625013,251.09
11/17/2023,253.07,250.09,254.26,250,3438183,248.21
11/20/2023,250.45,252.61,252.9,248.66,2661794,253.07
11/21/2023,249.41,249.44,249.8538,248.32,1765468,250.45
11/22/2023,246.01,241.84,247.63,241.81,3594076,249.41
11/24/2023,247.36,246.75,248.9,246.7,982235,246.01
11/27/2023,247.39,246.96,248.215,246.32,1743468,247.36
11/28/2023,247.5,247.74,248.87,246.01,2150011,247.39
11/29/2023,249.45,249.68,251.58,248.31,2224796,247.5
11/30/2023,250.72,251.04,251.5,247.84,3210495,249.45
12/1/2023,256.76,251.91,257.44,251.01,3731480,250.72
12/4/2023,254.75,253.57,255.53,252.42,3028712,256.76
12/5/2023,255.19,253.78,257.2,253.78,2682372,254.75
12/6/2023,255.97,256.8,261.01,255.5717,3632822,255.19
12/7/2023,257.41,257.21,259.38,255.8097,2162534,255.97
12/8/2023,259.5,257.38,261.64,257,3258348,257.41
12/11/2023,260.92,259.84,262.24,259.5,2898544,259.5
12/12/2023,261.43,259.99,262.49,259.12,2375743,260.92
12/13/2023,267.97,261.4,268.23,259.28,3708327,261.43
12/14/2023,285.17,272.45,285.46,270.55,6464060,267.97
12/15/2023,285.74,280.1,286.85,279.9799,7321193,285.17
12/18/2023,285.71,286.74,288.8763,284.57,2691728,285.74
12/19/2023,292.96,286.8,293.03,286.16,3659607,285.71
12/20/2023,289.71,291.93,298.27,289.52,3818414,292.96
12/21/2023,290.07,289.9,290.73,286.6,3209389,289.71
12/22/2023,290.36,290.31,292.83,288.91,2833962,290.07
12/26/2023,295.63,291.59,297.0899,291.0001,2019046,290.36
12/27/2023,298.12,295.63,299.15,294.73,1876485,295.63
12/28/2023,296.88,297.1,299.2,296.04,2267452,298.12
12/29/2023,295.67,296.85,298.235,293.2,2300643,296.88
1/2/2024,292.71,293.43,296.64,291.35,2433125,295.67
1/3/2024,284.3,288.39,288.925,283.315,3043399,292.71
1/4/2024,286.1,284.41,288.22,283.79,2995437,284.3
1/5/2024,288.93,286.25,291,285.47,2684787,286.1
1/8/2024,292.25,287.56,292.68,285.24,2369129,288.93
1/9/2024,292.29,289.23,292.36,288,1974507,292.25
1/10/2024,293.35,292.15,294.55,291.4612,2048021,292.29
1/11/2024,292.06,294.6,295.595,289.41,1941352,293.35
1/12/2024,290.41,295.27,295.83,288.93,1955694,292.06
1/16/2024,287.23,288.88,290.205,285.6,3140086,290.41
1/17/2024,278.63,278.83,282.02,276.94,3789153,287.23
1/18/2024,281.9,280.02,282.53,277.6601,2479261,278.63
1/19/2024,285.28,282.32,286.08,278.95,3115987,281.9
1/22/2024,288.67,286.1,290.59,286.1,2072329,285.28
1/23/2024,288.83,290.5,292.88,287.52,1866294,288.67
1/24/2024,290.68,290.84,292.61,288.34,2765909,288.83
1/25/2024,300.77,294,303.31,293.13,4647055,290.68
1/26/2024,299.43,301,302.98,298.66,2920474,300.77
1/29/2024,303.25,299.02,303.7,297.45,2101353,299.43
1/30/2024,304.76,300.51,305.73,300.51,2150444,303.25
1/31/2024,300.31,305.57,305.75,299.93,2812955,304.76
2/1/2024,307.69,303.24,308.07,301.94,3196264,300.31
2/2/2024,315.09,307,317.37,305.995,4661484,307.69
2/5/2024,321.4,334.87,334.87,315.91,6557542,315.09
2/6/2024,322.72,323.19,327.43,319.07,2826394,321.4
2/7/2024,323.59,322.94,327.82,321.1,3202982,322.72
2/8/2024,322,324.67,326.43,321.4201,1986100,323.59
2/9/2024,317.16,322,322.33,315.57,2823170,322
2/12/2024,321.63,317.21,323.09,316.51,2483602,317.16
2/13/2024,312.84,315.79,316,310.79,2923359,321.63
2/14/2024,316.71,316.01,317.85,313.97,1887095,312.84
2/15/2024,323.07,315.95,323.21,315.46,2362937,316.71
2/16/2024,321.91,323.72,328.3,321.44,2513347,323.07
2/20/2024,313.74,317.26,319,312.74,2701572,321.91
2/21/2024,317.14,312.9,317.82,312.9,1780222,313.74
2/22/2024,322.09,321,323.37,320.34,1875783,317.14
2/23/2024,323.88,323,325.08,322.05,1575227,322.09
2/26/2024,325.38,323.65,327.24,322.25,1650017,323.88
2/27/2024,327.63,326.98,327.945,323.77,1640875,325.38
2/28/2024,329.56,327.39,331.68,326.99,1471162,327.63
2/29/2024,333.96,331,334.89,330.1,2699773,329.56
3/1/2024,336.7,334,337.77,333.6,1815536,333.96
3/4/2024,338.65,335.6,340.26,334.79,1551197,336.7
3/5/2024,333.53,335.42,338.99,331.7401,2029966,338.65
3/6/2024,335.63,336.25,337.73,334.16,1542427,333.53
3/7/2024,340.22,338.51,342.34,338.43,1732485,335.63
3/8/2024,339.19,342.07,344.5,338.1,2307423,340.22
3/11/2024,334.97,337,338.205,331.53,1868119,339.19
3/12/2024,337.24,335.28,338.39,332.74,1646140,334.97
3/13/2024,341.52,338.14,343.1,337.39,1818943,337.24
3/14/2024,341.92,344.55,346.84,338.94,2110175,341.52
3/15/2024,346.97,342.97,347.29,341.15,4406009,341.92
3/18/2024,351.9,348.08,353.34,347.86,2528184,346.97
3/19/2024,353.9,351.6,354,349.62,2207751,351.9
3/20/2024,356.45,351.12,358.18,348.14,2563949,353.9
3/21/2024,364.56,357.67,365.2,356.72,2616273,356.45
3/22/2024,358.11,364.6,365.52,357.86,2051989,364.56
3/25/2024,355.95,356.96,358.87,355.03,1774760,358.11
3/26/2024,356.39,356.46,359.587,356,1637312,355.95
3/27/2024,364.65,358.72,364.81,357.8783,2262845,356.39
3/28/2024,366.43,364.62,367.22,363.53,2028629,364.65
4/1/2024,363.74,367.48,367.93,362.64,1953766,366.43
4/2/2024,364.83,362.31,364.99,361.48,1968867,363.74
4/3/2024,375.79,365.49,376.07,364.6,2623737,364.83
4/4/2024,369.79,377.37,381.03,368.88,2492175,375.79
4/5/2024,379.3,372.5,381,371.79,2068267,369.79
4/8/2024,373.47,379.11,382.01,372.89,2689993,379.3
4/9/2024,371.9,375.03,377.16,365.51,2043292,373.47
4/10/2024,372.07,366.2,372.62,364.39,2148522,371.9
4/11/2024,371.98,372.63,373.37,366.9,2535736,372.07
4/12/2024,365.63,368.64,372.8425,362.68,2072870,371.98
4/15/2024,363.91,372.97,374.46,362.1101,2170956,365.63
4/16/2024,359.88,363.02,363.455,357.18,2514069,363.91
4/17/2024,358.32,362.65,362.91,352.88,2313776,359.88
4/18/2024,357.93,361.15,363.48,356.1677,2380716,358.32
4/19/2024,354.66,358.29,360.95,352.14,2929591,357.93
4/22/2024,357.61,356.1,362,353.24,2085356,354.66
4/23/2024,363.25,360,365.52,359.04,1810693,357.61
4/24/2024,363.52,363.95,368.17,358.895,3032711,363.25
4/25/2024,338,330.44,341.94,330.32,6459595,363.52
4/26/2024,343.38,338.44,345.5,338.33,3324630,338
4/29/2024,349.8,343.98,350.9499,343.98,2213594,343.38
4/30/2024,334.57,347.02,347.77,333.12,4201677,349.8
5/1/2024,331.07,333.38,338.495,330.74,3520821,334.57
5/2/2024,335.44,333.52,336.16,329.25,2492004,331.07
5/3/2024,336.75,338.09,341.61,334.98,1977087,335.44
5/6/2024,342.1,340.87,342.5499,339.7,1653860,336.75
5/7/2024,345,344.47,348.54,343.395,1965752,342.1
5/8/2024,344.5,340,346.27,338.74,2260496,345
5/9/2024,351.78,345.92,352.88,345.43,3208947,344.5
5/10/2024,354.79,355,357.51,353.5226,2210787,351.78
5/13/2024,356.68,354.8,358.55,354.37,2051224,354.79
5/14/2024,358.18,357.72,360.61,357.03,1563528,356.68
5/15/2024,360.04,361.47,363.31,358.12,1913878,358.18
5/16/2024,350.72,356.75,358.77,349.61,2821686,360.04
5/17/2024,356.27,352.97,356.41,351.56,2104332,350.72
5/20/2024,362.75,356.4,364.4299,354.77,2247917,356.27
5/21/2024,359.07,362.26,363.24,357.5,1841136,362.75
5/22/2024,355.94,358.5,359.2,352.56,2104298,359.07
5/23/2024,350.7,360.4,361.34,348.79,2749157,355.94
5/24/2024,348.9,352.64,353.91,346.68,2635223,350.7
5/28/2024,346.47,348,349.2317,344.4,2264877,348.9
5/29/2024,338.11,345,345.31,337.72,3040026,346.47
5/30/2024,339.25,338.47,344.55,338.47,2746084,338.11
5/31/2024,338.52,339.34,340.885,335.06,8319505,339.25
6/3/2024,331.36,340.87,341.4,325.75,3878646,338.52
6/4/2024,327.57,328.71,330.33,324.5001,3706638,331.36
6/5/2024,329.45,329.48,331.27,326.7,2616330,327.57
6/6/2024,328.29,330.22,331.03,327.09,2452154,329.45
6/7/2024,328.94,326.2,332.8799,323.7176,2499318,328.29
6/10/2024,329.61,328.71,331.91,328.44,2640555,328.94
6/11/2024,327.31,327.76,328.64,323.725,3247002,329.61
6/12/2024,328.73,333.15,335.17,326,4817488,327.31
6/13/2024,326.36,327.5,327.89,321.45,3183935,328.73
6/14/2024,321.47,321.39,322.675,315.85,4195333,326.36
6/17/2024,322.4,321.47,323.84,318.88,3198913,321.47
6/18/2024,325.14,323.05,325.6,321,3275381,322.4
6/20/2024,329.13,325.06,331.1,324.58,4463440,325.14
6/21/2024,327.84,330.53,330.55,326.18,8265206,329.13
6/24/2024,330,329.36,333.67,326.07,2447399,327.84
6/25/2024,327.4,328.01,329.47,324.37,2995905,330
6/26/2024,326.73,326.25,327.71,323.78,2198622,327.4
6/27/2024,327.46,326.03,329.23,324.67,1995103,326.73
6/28/2024,333.1,328.51,334.19,328.32,8891479,327.46
7/1/2024,329.08,335.11,335.29,325.37,2950343,333.1
7/2/2024,327.76,328,330.09,325.58,2119862,329.08
7/3/2024,330.61,328.26,331.41,328.26,1352181,327.76
7/5/2024,328.35,331.57,333.44,326.63,2280941,330.61
7/8/2024,329.06,330.36,333.26,327.14,1913367,328.35
7/9/2024,326.06,328.54,330.12,325.83,1896255,329.06
7/10/2024,328.48,326.1,328.48,321.64,2904464,326.06
7/11/2024,331.13,330,334.43,329.3,3016860,328.48
7/12/2024,335.59,334.95,338.23,333.43,2451399,331.13
7/15/2024,345.77,339.1,347.9,337.84,3394255,335.59
7/16/2024,360.58,346.83,362.28,345.26,4636980,345.77
7/17/2024,357.8,358.97,362.685,356.2,3060996,360.58
7/18/2024,356.03,356.5,369.23,355.75,3876297,357.8
7/19/2024,347.63,355.35,356.4854,346.69,3462657,356.03
7/22/2024,347.87,348,348.73,341.375,2659572,347.63
7/23/2024,344.17,345.73,348.66,341.38,2027837,347.87
7/24/2024,336.04,342.95,344.82,335.45,2835754,344.17
7/25/2024,344.3,335.51,348.2,333.95,3291486,336.04
7/26/2024,350.48,348.64,352.94,346.88,1894930,344.3
7/29/2024,344.53,350.18,351.38,343.13,2190368,350.48
7/30/2024,341.72,343.66,345.715,338.62,1970785,344.53
7/31/2024,346.2,345.35,350.99,340.85,2568331,341.72
8/1/2024,331.52,346.3,349.83,328.0794,3747881,346.2
8/2/2024,320.87,322.75,323.4,317.66,4246740,331.52
8/5/2024,316.8,309,320.58,307.05,4681329,320.87
8/6/2024,326.44,314.05,332.17,310.5,5071715,316.8
8/7/2024,325.8,333.51,335.18,324.45,3011727,326.44
8/8/2024,336.16,330,336.4299,327.61,2268337,325.8
8/9/2024,338.26,336,338.5,332.48,1668078,336.16
8/12/2024,336.03,338.26,339.845,333.595,2127606,338.26
8/13/2024,338.8,337.18,339.52,333.73,1503929,336.03
8/14/2024,337.59,339.6,341.79,334.6,1610888,338.8
8/15/2024,345.64,344.5,347.64,340.79,3232783,337.59
8/16/2024,343.48,345.25,345.84,340.7601,2483755,345.64
8/19/2024,344.65,343.68,346.1,343.3,2252755,343.48
8/20/2024,343.3,345,346.17,341.82,1479542,344.65
8/21/2024,342.97,344.58,345.6,341.85,1433163,343.3
8/22/2024,342.36,343,345.14,341.77,2021578,342.97
8/23/2024,348.41,344.97,349.5439,343.07,2183912,342.36
8/26/2024,351.16,349.81,354.41,348.935,1718059,348.41
8/27/2024,351.12,350.35,351.72,347.1,1211040,351.16
8/28/2024,348.2,350.59,354.43,345.84,1514474,351.12
8/29/2024,351.64,351.22,356.46,347.49,1664658,348.2
8/30/2024,356.1,352.59,356.24,349.83,2974052,351.64
9/3/2024,340.24,352.21,352.63,338.4001,3107219,356.1
9/4/2024,336.75,338.59,340.85,335.29,2782497,340.24
9/5/2024,333.56,336.02,336.485,330.56,2525491,336.75
9/6/2024,329.36,334.2,338.62,328.12,2676623,333.56
9/9/2024,334.04,333.91,336.36,332.97,2355801,329.36
9/10/2024,334.16,335.11,335.75,329.39,1869324,334.04
9/11/2024,335,333,335.48,326.11,1934695,334.16
9/12/2024,339.58,335.28,341.04,333.68,1747566,335
9/13/2024,345.31,342.42,347.22,340.3541,2518723,339.58
9/16/2024,347.96,348.35,351.46,344.29,1648247,345.31
9/17/2024,353.69,350,354.58,349.2352,2088589,347.96
9/18/2024,355.12,355,361.63,352.32,1990660,353.69
9/19/2024,373.31,363,374.69,361.27,4066612,355.12
9/20/2024,368.82,370.4,371.45,365.84,5440526,373.31
9/23/2024,371.17,368.99,372.97,366.975,2442816,368.82
9/24/2024,385.93,380,389.43,379.5,4024264,371.17
9/25/2024,378.25,387,388.64,377.92,2661536,385.93
9/26/2024,390.96,390.01,397.22,386.2,3906800,378.25
9/27/2024,391.08,391,395.56,389.1382,2683768,390.96
9/30/2024,391.12,389.38,392.755,386.82,2251585,391.08
10/1/2024,392.39,391.27,395.485,386.63,2091388,391.12
10/2/2024,394.05,391.98,395.66,388.6357,1768062,392.39
10/3/2024,391.09,392.34,394,388.72,1866089,394.05
10/4/2024,397.09,396.72,397.46,391.85,1675430,391.09
10/7/2024,398.25,396.45,401.17,396.1385,2224513,397.09
10/8/2024,387.96,394.26,395,384.8488,2438847,398.25
10/9/2024,396.19,388.17,396.6,387.5001,1757882,387.96
10/10/2024,396.64,395.18,396.96,390.5,1331845,396.19
10/11/2024,402.02,396.64,403.6,396.64,2110351,396.64
10/14/2024,393.95,393.39,396.29,386.87,3006132,402.02
10/15/2024,387.99,390.63,392.47,387.59,2715320,393.95
10/16/2024,393.62,387.4,394.6,386.925,1551797,387.99
10/17/2024,394.49,395.15,397.12,393.16,1561648,393.62
10/18/2024,393.86,396.25,396.45,389.72,3024091,394.49
10/21/2024,390.48,392.29,393.15,389.24,2376089,393.86
10/22/2024,388.46,389.73,391.29,385.725,1523872,390.48
10/23/2024,385.73,386.95,390.03,382.6933,1501236,388.46
10/24/2024,387.06,386.95,388.36,382.219,1844245,385.73
10/25/2024,385.97,389.61,392.03,384.31,1606883,387.06
10/28/2024,390.61,388.39,391.57,387.37,3213934,385.97
10/29/2024,387.51,389.5,389.6,385.55,2186415,390.61
10/30/2024,379.24,374,388.26,367.2,4037464,387.51
10/31/2024,376.2,377.35,378.9132,372.75,2394488,379.24
11/1/2024,379.63,378.07,383.265,376.94,1633361,376.2
11/4/2024,376.52,378.1,381.485,375.3,1793751,379.63
11/5/2024,383.37,377.13,386.07,375.65,1724115,376.52
11/6/2024,416.88,405.17,418.3041,404.01,4720049,383.37
11/7/2024,408.21,414.92,418.5,407.54,3211102,416.88
11/8/2024,393.37,400.96,403.06,392.4,3345862,408.21
11/11/2024,396.54,397.91,402.08,395.0101,1859182,393.37
11/12/2024,393.01,397.79,398.73,391.15,1737372,396.54
11/13/2024,387.07,388.95,391.2,385.67,2002200,393.01
11/14/2024,387.36,388.5,390.175,386.205,1372462,387.07
11/15/2024,384.07,385.99,388.49,382.2,2165453,387.36
11/18/2024,384.46,386,386.3,382.92,1626303,384.07
11/19/2024,382.33,378.03,383.25,378.03,1793407,384.46
11/20/2024,381.5,384.01,386.2,378.47,1859725,382.33
11/21/2024,389.59,383.92,392.02,379,1833547,381.5
11/22/2024,397.49,390.36,398.16,387.89,1893407,389.59
11/25/2024,405.65,400,407.15,400,4398020,397.49
11/26/2024,407.83,403.65,408.41,401.76,1796714,405.65
11/27/2024,403.7,408.395,412.1199,403.24,1371922,407.83
11/29/2024,406.11,407.33,411.19,405,1962112,403.7
12/2/2024,402.51,407.46,408.145,400.79,1548651,406.11
12/3/2024,399.26,403.52,405.53,396.595,1716152,402.51
12/4/2024,399.51,398.57,401.47,396.1292,1193925,399.26
12/5/2024,394.98,400.5,401.43,394.21,1291385,399.51
12/6/2024,395.03,398.15,399.74,392.74,1331099,394.98
12/9/2024,399.26,402.54,409.71,398.44,1739787,395.03
12/10/2024,388.39,390.72,395.4657,385.61,2250982,399.26
12/11/2024,388.87,390.48,391.35,387.425,1651616,388.39
12/12/2024,380.78,389.05,389.87,380.15,1804628,388.87
12/13/2024,380.51,380.6,382.89,378.89,2035063,380.78
12/16/2024,378.92,381.77,382.315,377.76,1311206,380.51
12/17/2024,375.8,376.03,378.89,373.83,2138650,378.92
12/18/2024,363.89,378.7,381.155,363.03,2820729,375.8
12/19/2024,360.37,368.44,369.57,360.01,2619200,363.89
12/20/2024,366.04,358.5,371.49,357.24,5141960,360.37
12/23/2024,365.39,364.87,366.35,361.495,1804875,366.04
12/24/2024,367.57,364.45,367.57,362.66,886018,365.39
12/26/2024,367.12,365.05,367.49,363.865,1098408,367.57
12/27/2024,364.86,363.39,367.4,361.7468,1245823,367.12
12/30/2024,363.01,360.43,364.8199,358.74,1422636,364.86
12/31/2024,362.76,363.5,365.7677,361.8,1168071,363.01
1/2/2025,359.77,365.51,368.85,358.09,1803731,362.76
1/3/2025,363.79,361.59,364.48,359.49,1391959,359.77
1/6/2025,364.2,367,370.84,362.5801,1590975,363.79
1/7/2025,363,364.13,366.09,361.09,1607627,364.2
1/8/2025,361.07,362.45,362.88,357.7,1828830,363
1/10/2025,351,357.83,359.85,349.8,2774045,361.07
1/13/2025,362.5,352.96,363.195,351.8,2745954,351
1/14/2025,371.57,365.49,372,365.18,2331660,362.5
1/15/2025,374.89,379.14,379.94,374.33,1984512,371.57
1/16/2025,380.55,376.31,381.42,374.72,1974718,374.89
1/17/2025,386.02,384.7,386.845,382,2605870,380.55
1/21/2025,398.36,391,402.58,390.8,3144508,386.02
1/22/2025,397.61,398.68,400.4819,395.111,1994791,398.36
1/23/2025,406.4,397.37,409.59,397.27,2587401,397.61
1/24/2025,407.63,405.73,409.4,405.28,1938183,406.4
1/27/2025,394.98,397.19,399.54,389.92,2964352,407.63
1/28/2025,390.29,394.04,396.88,386.48,1788939,394.98
1/29/2025,393.23,391.94,399.36,391.12,2675819,390.29
1/30/2025,374.98,373.5,380.81,373.16,4234597,393.23
1/31/2025,371.44,377.46,378,371.28,2859000,374.98
2/3/2025,361.55,364.14,368.55,359.69,3079283,371.44
2/4/2025,361.95,369.66,369.66,359.41,2709817,361.55
2/5/2025,358.85,362.87,363,357.2,2134445,361.95
2/6/2025,365.45,363.9,367.5382,362.515,3007274,358.85
2/7/2025,363.88,369.25,369.5299,362.58,1804954,365.45
2/10/2025,363.22,365.33,366.235,361.55,1944675,363.88
2/11/2025,362.23,361.74,364.4199,360.9775,1516854,363.22
2/12/2025,352.04,357,358.93,351.44,2833093,362.23
2/13/2025,353.7,352.57,357.5882,350.42,3547192,352.04
2/14/2025,353.32,356.6,358.8762,352.8,2045278,353.7
2/18/2025,354,355.47,356.93,351.11,3120367,353.32
2/19/2025,353,351.87,353.8533,349.59,2211123,354
2/20/2025,349.15,355,356.8514,347.4518,2174066,353
2/21/2025,340.04,350.53,352,337.5989,3225242,349.15
2/24/2025,338.92,343.39,345.45,336.23,2513291,340.04
2/25/2025,342.36,341,344.23,336.38,3323544,338.92
2/26/2025,342.58,345.45,348.78,340.12,2397754,342.36
2/27/2025,340,343.65,346.92,338.46,1971027,342.58
2/28/2025,343.95,341.98,344.9,338.74,3210269,340
3/3/2025,332.04,347.63,348.15,330.03,2569655,343.95
3/4/2025,326.75,327.39,331.92,318.68,3500232,332.04
3/5/2025,338.49,329.12,339.51,328.65,3189095,326.75
3/6/2025,341.01,335.27,341.91,332.5201,2234096,338.49
3/7/2025,350.3,339.4,352.115,339.4,3063803,341.01
3/10/2025,345.21,345,352.41,341.85,2809137,350.3
3/11/2025,339.77,343.92,345.15,336.37,3191100,345.21
3/12/2025,338.13,343.03,344.91,335.45,1816667,339.77
3/13/2025,333.31,336.03,340.65,331.67,2490395,338.13
3/14/2025,339.64,337.72,341.99,336.95,1936119,333.31
3/17/2025,342.64,339.74,344.3625,339.0015,1684083,339.64
3/18/2025,336.71,342,342,335.35,3310243,342.64
3/19/2025,338.62,336.93,342,336.67,2407288,336.71
3/20/2025,336.25,334.57,339.7797,333.61,2782873,338.62
3/21/2025,335.78,331.21,335.95,329.21,6766101,336.25
3/24/2025,341.67,340.55,343.15,339.29,2277496,335.78
3/25/2025,342.62,343.58,344.81,340.83,1678009,341.67
3/26/2025,341.11,343.36,347.27,338.79,1705089,342.62
3/27/2025,339.3,341.08,341.995,336.63,1481115,341.11
3/28/2025,329.69,337,338.25,328.05,1965493,339.3
3/31/2025,329.8,325.63,331.98,322,2837768,329.69
4/1/2025,330.57,327.01,332.2087,323.89,1955410,329.8
4/2/2025,334.66,326.13,336.35,326.1,1747616,330.57
4/3/2025,305.76,319.67,324.7,305,4638692,334.66
4/4/2025,288.08,285,294.2914,281.5013,7216842,305.76
4/7/2025,280.06,276,294.3492,267.3,7824699,288.08
4/8/2025,273.94,289.89,291.78,268.275,4989008,280.06
4/9/2025,301.01,270.76,301.8566,269.13,6457333,273.94
4/10/2025,289.16,296.68,298.27,279.8,4116825,301.01
4/11/2025,293.45,288.95,295.41,284.14,3197931,289.16
4/14/2025,298.12,298.67,302.48,295.71,2758813,293.45
4/15/2025,293.43,296.83,301.73,292.39,3611291,298.12
4/16/2025,290.14,292.71,295.7309,287.61,3017437,293.43
4/17/2025,294.25,292.17,297.695,291.9,2717624,290.14
4/21/2025,284.74,289.33,291,282.4563,2978308,294.25
4/22/2025,291.17,287.5,293.2336,287,2231223,284.74
4/23/2025,295.77,301.34,305.36,295.18,2458327,291.17
4/24/2025,306.86,297.43,308.21,297.07,2874396,295.77
4/25/2025,306.45,305.1,307.99,303.91,2162570,306.86
4/28/2025,307.06,306.45,311.43,303.8501,2189801,306.45
4/29/2025,307.4,305,308.67,302.91,2651012,307.06
4/30/2025,309.27,315.21,316.05,302.175,5124833,307.4
5/1/2025,313.96,311.375,318.89,311.0167,2961232,309.27
5/2/2025,323.68,318.48,324.67,318.48,3765238,313.96
5/5/2025,323.11,319.38,326.47,319.38,1829247,323.68
5/6/2025,320.89,321.55,324.1,319.85,1724184,323.11
5/7/2025,320.29,322.74,322.8,318.11,1555975,320.89
5/8/2025,324.25,324.88,328.87,322.9,2553435,320.29
5/9/2025,325.62,325.65,327.74,323.31,1646273,324.25
5/12/2025,342.55,343.11,351,339.73,4592046,325.62
5/13/2025,352.54,348.93,355.33,348.0672,4132547,342.55
5/14/2025,349.66,351.72,352.43,348.7807,2052201,352.54
5/15/2025,349.81,349.44,351.34,348.5,1580642,349.66
5/16/2025,353.58,351.54,354.22,348.24,2561699,349.81
5/19/2025,352.57,349.7,352.96,348.54,2277960,353.58
5/20/2025,349.49,350.84,352.461,347.485,2266041,352.57
5/21/2025,342.51,346.64,348.42,341.65,2093731,349.49
5/22/2025,345.19,342,347.37,340.59,2174286,342.51
5/23/2025,343.39,337.63,344.94,336.2409,1936728,345.19
5/27/2025,351.51,349.95,353.34,346.615,2240068,343.39
5/28/2025,349.49,352.49,352.8,348.86,1924390,351.51
5/29/2025,351.79,352.2,353.09,348.74,2290340,349.49
5/30/2025,348.03,351.83,353.24,347.02,4867154,351.79
6/2/2025,344.67,346.47,346.47,339.5,2552788,348.03
6/3/2025,349.4,346,350.84,344.9182,2614301,344.67
6/4/2025,349.33,350.3,351.73,349.33,1616391,349.4
6/5/2025,348.96,351,351.51,345.85,1753704,349.33
6/6/2025,353.35,353.57,357.44,352.26,1608073,348.96
6/9/2025,358.07,355.22,360.46,353.925,2147099,353.35
6/10/2025,358.57,359.44,360.355,356.085,1894523,358.07
6/11/2025,363.14,360.94,364.29,357.745,2551804,358.57
6/12/2025,360.96,359.85,362,357.87,1571922,363.14
6/13/2025,357.05,357.23,360.38,355.7,1609882,360.96
6/16/2025,362.44,361,364.6099,360.2,1579789,357.05
6/17/2025,357.68,360.72,362.39,357.03,1560105,362.44
6/18/2025,359.8,357.13,364.23,356.96,2000469,357.68
6/20/2025,360.52,362.95,364.25,359.14,6268337,359.8
6/23/2025,366.23,359.92,367.1,357.733,2927378,360.52
6/24/2025,373.02,369.89,374.105,367.917,3842180,366.23
6/25/2025,371.58,373,374.19,369.5135,1737892,373.02
6/26/2025,381.88,374,382.33,373.043,2575085,371.58
6/27/2025,384.71,383.02,387.49,382.75,4455001,381.88
6/30/2025,388.21,386.31,389.15,384.81,2791538,384.71
7/1/2025,390.92,386.59,393.89,384.25,2393985,388.21
7/2/2025,398.43,392.7,398.635,389.42,2713685,390.92
7/3/2025,397.86,398.92,402.42,397.59,1737838,398.43
7/7/2025,391.51,398.06,398.06,388.09,3012875,397.86
7/8/2025,394.29,392.43,395.95,391.52,2003569,391.51
7/9/2025,402.18,399.72,403.76,396.88,3100968,394.29
7/10/2025,408.33,404.66,412,403.44,3383755,402.18
7/11/2025,405.92,405.45,406.88,401.7,2072955,408.33
7/14/2025,405.77,404,406.79,402.226,2497731,405.92
7/15/2025,404.64,406.26,408.75,403.02,2167235,405.77
7/16/2025,412.88,405,413.07,403.32,3242126,404.64
7/17/2025,418.07,414.86,419.9,412.88,2445031,412.88
7/18/2025,413.71,418.7,419.9,412.16,2526690,418.07
7/21/2025,410.07,417.22,417.43,409.84,1833690,413.71
7/22/2025,417.19,410.375,418.52,410.375,2185012,410.07
7/23/2025,427.59,420,428.16,419.45,3254863,417.19
7/24/2025,429.52,427.04,430.16,424.5,2511355,427.59
7/25/2025,433.75,429.69,434.87,428.62,2218847,429.52
7/28/2025,432.94,431.25,436.4,431.12,2550479,433.75
7/29/2025,430.05,434.55,435.21,424.8,2384032,432.94
7/30/2025,434.12,430,436.83,426.43,3172623,430.05
7/31/2025,438.02,434.13,441.15,433.68,4116363,434.12
8/1/2025,428.69,426.97,430.86,421.29,4027733,438.02
8/4/2025,433.7,430.86,436.8916,429.99,4059537,428.69
8/5/2025,434.23,427.65,439.74,426.57,4329916,433.7
8/6/2025,427.72,433.34,434.71,425.54,2630801,434.23
8/7/2025,417.12,426.84,427.33,409.96,4261088,427.72
8/8/2025,416.52,420.52,421.8999,415.76,2965513,417.12
8/11/2025,408.54,416.98,418.29,406.8,3416162,416.52
8/12/2025,412.71,411,418.19,409.64,2765814,408.54
8/13/2025,413.7,415.18,415.54,410.54,4403194,412.71
8/14/2025,417.5,409.3,419.24,407,3676023,413.7
8/15/2025,407.79,415.72,416.555,407.1,3107741,417.5
8/18/2025,412.64,407,413.14,405.46,3185165,407.79
8/19/2025,416.09,419.31,421.88,414.06,3543629,412.64
8/20/2025,420.59,414.8,421.92,412.05,4060195,416.09
8/21/2025,417.89,419.93,420.58,414.16,2504344,420.59
8/22/2025,435.67,421.61,437.84,420.05,3785096,417.89
8/25/2025,432.3,435,436.8993,432.17,1858079,435.67
8/26/2025,431.26,431.4,432.185,427.24,2792215,432.3
8/27/2025,432.67,429.73,435.06,428.95,1971269,431.26
8/28/2025,434.91,434.91,435.98,432.63,1651718,432.67
8/29/2025,419.04,425.41,428.1,414.37,3673787,434.91
9/2/2025,416.05,413.91,417.205,410.515,2329944,419.04
9/3/2025,415.12,418.13,418.13,411.37,1496741,416.05
9/4/2025,420.22,415.81,420.79,414.2875,1634609,415.12
9/5/2025,423.08,420.835,424.8999,417.91,1843342,420.22
9/8/2025,422.78,422.65,423.91,416.78,1876960,423.08
9/9/2025,418.09,423.16,423.55,416.44,1710703,422.78
9/10/2025,422.91,419.82,426.5,419.5,2221280,418.09
9/11/2025,431.38,423.92,435.79,423.32,2738072,422.91
9/12/2025,431.52,429.06,432.61,427.75,2341766,431.38
9/15/2025,435.94,433.83,438.75,430.61,2255875,431.52
9/16/2025,440.67,436.13,440.8,434.28,2366493,435.94
9/17/2025,450.66,445,452.34,443,4512193,440.67
9/18/2025,466.96,450.96,467.71,448.865,4331863,450.66
9/19/2025,466.54,470.26,472.12,462.71,5069345,466.96
9/22/2025,472.1,467.31,473.24,459.6116,3179951,466.54
9/23/2025,471.26,473.26,485.3375,468.19,3856637,472.1
9/24/2025,469.79,472.7,476.52,468.6261,2776892,471.26
9/25/2025,463.72,464.71,468,459.575,2979229,469.79
9/26/2025,465.76,465.48,468.45,462.38,2329149,463.72
9/29/2025,471.61,468.08,472.49,467.46,2892237,465.76
9/30/2025,477.15,471.62,477.44,470.24,2315264,471.61
10/1/2025,480.82,474.01,483.93,471.14,2964858,477.15
10/2/2025,490.57,486.86,495.98,484.19,2648753,480.82
10/3/2025,497.85,493.25,504.48,492.525,2996868,490.57
10/6/2025,495.38,500.42,505.589,493.04,2629156,497.85
10/7/2025,486.71,497.93,498.376,483.545,2135728,495.38
10/8/2025,502.12,490.99,509.4799,489.34,3959416,486.71
10/9/2025,500.36,504.06,506.53,497.14,3114119,502.12
10/10/2025,491.3,503.115,511.5,491.3,3889116,500.36
10/13/2025,504.76,502.15,506.38,495.45,2618593,491.3
10/14/2025,527.47,500.58,531.56,499.01,5459830,504.76
10/15/2025,534.05,534.2,538.449,527.2109,3447104,527.47
10/16/2025,540.96,538.06,544.9899,534.7,3463082,534.05
10/17/2025,527.08,537.375,542.21,526.97,2814681,540.96
10/20/2025,531.18,529.56,534.2,526.94,2170839,527.08
10/21/2025,524.65,525.07,533.38,522.04,2259080,531.18
10/22/2025,513.91,525.73,525.8,510.21,4149408,524.65
10/23/2025,520.5,518.33,522.89,513.01,2619367,513.91
10/24/2025,522.73,522.86,527.23,521.0201,2392328,520.5
10/27/2025,527.07,527.05,529.472,521.43,2493765,522.73
10/28/2025,524.47,525.96,530.29,521.6744,2775399,527.07
10/29/2025,585.49,558.18,596.21,558,6948546,524.47
10/30/2025,583.15,577.885,593.77,575.77,2574806,585.49
10/31/2025,577.26,584.03,587.05,571.3501,2974760,583.15
11/3/2025,570.59,575.93,576.22,565.39,2439751,577.26
11/4/2025,547.58,565,566.5,545.2,3440740,570.59
11/5/2025,569.15,551.94,574.01,550.355,2701295,547.58
11/6/2025,569.78,573.2,583.99,564.23,2246131,569.15
11/7/2025,563.1,563.55,565.575,550.33,2320052,569.78
11/10/2025,570.85,570,574.18,561.51,1830279,563.1
11/11/2025,567.93,568.72,570.45,560.26,1517433,570.85
11/12/2025,573.02,570.5,581.27,570.5,2645380,567.93
11/13/2025,553.55,572.77,576.8199,544.63,3458688,573.02
11/14/2025,554.03,548.96,558.31,541,2764743,553.55
11/17/2025,552.05,552.585,561.59,547.57,1941133,554.03
11/18/2025,546.88,543.35,551.57,538.05,1918917,552.05
11/19/2025,553.11,550,560.91,547.635,1880907,546.88
11/20/2025,546.13,565.95,568.865,541,3195043,553.11
11/21/2025,550.43,545.82,554.99,537.08,2921913,546.13
11/24/2025,559.6,552.13,565.74,550.6701,4653463,550.43
11/25/2025,566.61,564.59,567.14,547.55,3105486,559.6
11/26/2025,573.73,566.61,574.88,566.02,1995114,566.61
11/28/2025,575.76,573.79,577.36,572.4,1019499,573.73
12/1/2025,568.06,570.41,575.59,567,1764470,575.76
12/2/2025,582.47,571.33,585.5599,569.06,2749464,568.06
12/3/2025,591.49,581.4,593.24,562.21,2545695,582.47
12/4/2025,599.15,590.18,602.72,587.0001,2313594,591.49
12/5/2025,603.17,604,607,597.7382,2177278,599.15
12/8/2025,596.5,604.655,604.85,591.93,1822521,603.17
12/9/2025,594.36,593.05,599.99,592.23,1755275,596.5
12/10/2025,615.35,600.13,617.23,598.69,2797893,594.36
12/11/2025,625.61,610.45,626.81,604.2583,2779489,615.35
12/12/2025,597.89,626,627.5,595.78,4581053,625.61
12/15/2025,589.76,602.53,604.15,587.89,3968606,597.89
12/16/2025,588.93,590.7,598.655,586.28,2319382,589.76
12/17/2025,561.89,587.59,590.999,557.46,3753312,588.93
12/18/2025,565.83,568.5,574.6599,561.91,2193033,561.89
12/19/2025,576.22,572.69,581.73,570.33,5355561,565.83
12/22/2025,582.41,584.49,585.79,575.692,2387725,576.22
12/23/2025,582.42,580.5,588.71,580.5,1731351,582.41
12/24/2025,583.76,582.66,587.13,581,947042,582.42
12/26/2025,583,583.21,583.8299,578.65,954395,583.76
12/29/2025,578.61,580.09,583.969,574.64,2585835,583
12/30/2025,577.39,580.01,580.98,575.51,1216946,578.61
12/31/2025,572.87,577.3,578.94,572.05,1164004,577.39
1/2/2026,598.41,577.59,599.61,575.31,2762009,572.87
1/5/2026,616.1,607.88,621.75,606.22,3444837,598.41
1/6/2026,623.09,616,626.77,608.9,2706762,616.1
1/7/2026,596.52,623,625,595.775,3312371,623.09
1/8/2026,608.13,596.52,609.5799,594.1745,2075412,596.52
1/9/2026,617.62,609.97,619.15,608.2,1822011,608.13
1/12/2026,629.77,614.65,630.98,612.96,1856964,617.62
1/13/2026,636.53,633.2,644.59,633,1959083,629.77
1/14/2026,638.75,634.1,639.73,623.07,2106113,636.53
1/15/2026,647.18,644.94,652.3599,644.04,2052803,638.75
1/16/2026,646.89,651.97,655.68,641.01,2554861,647.18
1/20/2026,629,642,644.1,625.12,2659038,646.89
1/21/2026,645.38,633.67,647.201,627.3201,2490744,629
1/22/2026,648.41,649.11,655.78,640.9,1565707,645.38
1/23/2026,626.62,644.12,646.5,623.5702,2267826,648.41
1/26/2026,635.92,628,639,619.2604,2532867,626.62
1/27/2026,638.91,640,644.13,633.23,1827521,635.92
1/28/2026,643.28,637.97,647.28,628.98,2720670,638.91
1/29/2026,665.24,655.17,679.99,642.73,4441879,643.28
1/30/2026,657.36,655.65,677.831,650.31,3300085,665.24
2/2/2026,690.91,659.82,691.38,657.4305,4450010,657.36
2/3/2026,702.89,694.36,710.03,691.4,3524657,690.91
2/4/2026,691.82,707,723.16,675,7146654,702.89
2/5/2026,678.31,681.54,686.5,665.07,2792796,691.82
2/6/2026,726.2,692.57,727.4,690.52,3359724,678.31
2/9/2026,742.12,724.5,743.4999,721.61,2496781,726.2
2/10/2026,742.37,742.75,752,737.6701,4008672,742.12
2/11/2026,775,758.68,775.54,756.1,3926333,742.37
