Date,AAPL,AMZN,GOOGL,META,MSFT,NVDA,TSLA
2013-01-02,16.5966796875,12.865500450134277,17.95098304748535,27.781980514526367,22.192228317260742,0.293418288230896,2.357332944869995
2013-01-03,16.387197494506836,12.923999786376953,17.961408615112305,27.553773880004883,21.894943237304688,0.29364922642707825,2.318000078201294
2013-01-04,15.930737495422363,12.957500457763672,18.316333770751953,28.536062240600586,21.485166549682617,0.3033375144004822,2.293333053588867
2013-01-07,15.83702278137207,13.42300033569336,18.236413955688477,29.19092559814453,21.44499397277832,0.2945718765258789,2.2893331050872803
2013-01-08,15.879644393920898,13.319000244140625,18.200424194335938,28.83372688293457,21.332500457763672,0.28811290860176086,2.245332956314087
2013-01-09,15.631467819213867,13.317500114440918,18.320058822631836,30.35181427001953,21.453027725219727,0.2816540002822876,2.2426669597625732
2013-01-10,15.825228691101074,13.267000198364258,18.403451919555664,31.056283950805664,21.26018524169922,0.2821153700351715,2.23533296585083
2013-01-11,15.728201866149902,13.397000312805176,18.36646842956543,31.47301483154297,21.55746841430664,0.2816540002822876,2.194000005722046
2013-01-14,15.16744327545166,13.636500358581543,17.95098304748535,30.709012985229492,21.605680465698242,0.2814234793186188,2.2173330783843994
2013-01-15,14.688922882080078,13.595000267028809,17.992679595947266,29.86562728881836,21.862796783447266,0.2763484716415405,2.259999990463257
2013-01-16,15.2986478805542,13.446499824523926,17.75093650817871,29.617576599121094,21.726207733154297,0.27888578176498413,2.2733330726623535
2013-01-17,15.195561408996582,13.52400016784668,17.65488052368164,29.905315399169922,21.894943237304688,0.28257670998573303,2.2920000553131104
2013-01-18,15.114546775817871,13.605999946594238,17.485862731933594,29.42905616760254,21.894943237304688,0.28073135018348694,2.301332950592041
2013-01-22,15.258734703063965,13.509499549865723,17.44515609741211,30.490724563598633,21.814584732055664,0.27934736013412476,2.3459999561309814
2013-01-23,15.538053512573242,13.405500411987305,18.40394401550293,30.58002471923828,22.184188842773438,0.2798086106777191,2.4000000953674316
2013-01-24,13.618205070495605,13.67300033569336,18.71940803527832,30.837997436523438,22.20026397705078,0.2811926603317261,2.4660000801086426
2013-01-25,13.297171592712402,14.19950008392334,18.706005096435547,31.294418334960938,22.401126861572266,0.2862674593925476,2.4653329849243164
2013-01-28,13.597952842712402,13.802000045776367,18.633033752441406,32.2171745300293,22.425241470336914,0.29088103771209717,2.5353329181671143
2013-01-29,13.853083610534668,13.017499923706055,18.706254959106445,30.550256729125977,22.505590438842773,0.28465282917022705,2.5299999713897705
2013-01-30,13.809558868408203,13.637999534606934,18.709978103637695,30.996753692626953,22.377029418945312,0.2841915488243103,2.501332998275757
2013-01-31,13.769046783447266,13.274999618530273,18.756141662597656,30.73877716064453,22.055639266967773,0.2828073501586914,2.500667095184326
2013-02-01,13.71252155303955,13.25,19.250307083129883,29.498510360717773,22.44130516052246,0.28534480929374695,2.553333044052124
2013-02-04,13.370933532714844,12.99899959564209,18.838788986206055,27.89112663269043,22.04759979248047,0.28050071001052856,2.5160000324249268
2013-02-05,13.84009075164795,13.344499588012695,19.00558090209961,28.416996002197266,22.095813751220703,0.28695955872535706,2.5420000553131104
2013-02-06,13.825277328491211,13.111000061035156,19.11553382873535,28.823802947998047,21.967254638671875,0.28465282917022705,2.611332893371582
2013-02-07,14.23635482788086,13.011500358581543,19.209354400634766,28.426918029785156,21.919044494628906,0.2834993302822113,2.631999969482422
2013-02-08,14.441892623901367,13.09749984741211,19.4927978515625,28.32769775390625,22.135986328125,0.28534480929374695,2.615999937057495
2013-02-11,14.592401504516602,12.86050033569336,19.419580459594727,28.039958953857422,22.385059356689453,0.28857430815696716,2.561332941055298
2013-02-12,14.226625442504883,12.9350004196167,19.37688446044922,27.15688705444336,22.401126861572266,0.28672900795936584,2.5260000228881836
2013-02-13,14.199567794799805,13.47350025177002,19.430500030517578,27.69268035888672,22.521657943725586,0.28534480929374695,2.563333034515381
2013-02-14,14.186793327331543,13.461999893188477,19.55360221862793,28.278087615966797,22.529693603515625,0.29364922642707825,2.551332950592041
2013-02-15,13.991284370422363,13.254500389099121,19.679441452026367,28.0994930267334,22.505590438842773,0.29364922642707825,2.4693329334259033
2013-02-19,13.986122131347656,13.487500190734863,20.02592658996582,28.704742431640625,22.724323272705078,0.28972750902175903,2.618666887283325
2013-02-20,13.647403717041016,13.320500373840332,19.66876792907715,28.238399505615234,22.578500747680664,0.28557541966438293,2.569333076477051
2013-02-21,13.562575340270996,13.29699993133545,19.744966506958008,27.067590713500977,22.270652770996094,0.2834993302822113,2.3440001010894775
2013-02-22,13.706999778747559,13.270999908447266,19.848712921142578,26.91875457763672,22.4893798828125,0.2888049781322479,2.4073328971862793
2013-02-25,13.463452339172363,12.993499755859375,19.62682342529297,27.05766487121582,22.173433303833008,0.2837301790714264,2.2920000553131104
2013-02-26,13.651054382324219,12.968000411987305,19.61094093322754,27.17673110961914,22.173433303833008,0.2870953381061554,2.295332908630371
2013-02-27,13.517269134521484,13.162500381469727,19.850452423095703,26.66077995300293,22.529888153076172,0.2924334406852722,2.3399999141693115
2013-02-28,13.42088794708252,13.213500022888184,19.88569450378418,27.037822723388672,22.521785736083984,0.2938259243965149,2.322000026702881
2013-03-01,13.088556289672852,13.286999702453613,20.009546279907227,27.56369400024414,22.6433162689209,0.29498642683029175,2.309999942779541
2013-03-04,12.771735191345215,13.655500411987305,20.38953971862793,27.504161834716797,22.805335998535156,0.2938259243965149,2.371999979019165
2013-03-05,13.108925819396973,13.779500007629395,20.813961029052734,27.305721282958984,22.967363357543945,0.29707521200180054,2.4433329105377197
2013-03-06,12.942304611206055,13.689499855041504,20.6347599029541,27.236265182495117,22.756736755371094,0.29684317111968994,2.512666940689087
2013-03-07,13.091900825500488,13.694000244140625,20.6650390625,28.357465744018555,22.797243118286133,0.2961469292640686,2.5486669540405273
2013-03-08,13.126564025878906,13.709500312805176,20.638235092163086,27.742292404174805,22.683818817138672,0.29753947257995605,2.564666986465454
2013-03-11,13.313557624816895,13.562000274658203,20.72014045715332,27.920888900756836,22.578500747680664,0.2947544455528259,2.6066670417785645
2013-03-12,13.026528358459473,13.706500053405762,20.541187286376953,27.613306045532227,22.610904693603516,0.29568275809288025,2.6080000400543213
2013-03-13,13.024094581604004,13.755000114440918,20.484102249145508,26.869144439697266,22.61900520324707,0.29568275809288025,2.5986669063568115
2013-03-14,13.150279998779297,13.286999702453613,20.390531539916992,26.829456329345703,22.797243118286133,0.29591476917266846,2.456666946411133
2013-03-15,13.489601135253906,13.090999603271484,20.21083641052246,26.442493438720703,22.716218948364258,0.2933618724346161,2.3526670932769775
2013-03-18,13.85628890991211,12.894499778747559,20.049259185791016,26.283735275268555,22.764829635620117,0.2912730872631073,2.3433330059051514
2013-03-19,13.81889533996582,12.820500373840332,20.136873245239258,26.34326934814453,22.82964515686035,0.2894163131713867,2.3386669158935547
2013-03-20,13.745612144470215,12.86400032043457,20.221010208129883,25.658645629882812,22.943065643310547,0.2928977310657501,2.396667003631592
2013-03-21,13.765378952026367,12.669500350952148,20.13538360595703,25.53957748413086,22.772937774658203,0.28825584053993225,2.4006669521331787
2013-03-22,14.044498443603516,12.887499809265137,20.111804962158203,25.52965545654297,22.886350631713867,0.2896484136581421,2.441333055496216
2013-03-25,14.0952787399292,12.800999641418457,20.09517478942871,24.934328079223633,22.813434600830078,0.2880237400531769,2.502000093460083
2013-03-26,14.021090507507324,13.01550006866455,20.16417694091797,25.013708114624023,22.813434600830078,0.29011261463165283,2.5239999294281006
2013-03-27,13.745612144470215,13.265000343322754,19.921932220458984,25.886850357055664,22.983566284179688,0.2935938537120819,2.5439999103546143
2013-03-28,13.459197998046875,13.32450008392334,19.71170997619629,25.38082504272461,23.178003311157227,0.29777148365974426,2.5260000228881836
2013-04-01,13.041126251220703,13.080499649047852,19.88545036315918,25.331212997436523,23.178003311157227,0.2880237400531769,2.9286670684814453
2013-04-02,13.067880630493164,13.166000366210938,20.179563522338867,25.222070693969727,23.331926345825195,0.28500664234161377,2.9560000896453857
2013-04-03,13.134771347045898,12.951499938964844,20.009794235229492,26.045608520507812,23.137496948242188,0.28152525424957275,2.740000009536743
2013-04-04,13.004945755004883,12.954000473022461,19.733549118041992,26.859222412109375,23.169898986816406,0.2843102812767029,2.8006670475006104
2013-04-05,12.867512702941895,12.77400016784668,19.435213088989258,27.17673110961914,23.250919342041016,0.2891843616962433,2.757999897003174
2013-04-08,12.959029197692871,12.947500228881836,19.231687545776367,26.640933990478516,23.161800384521484,0.28848809003829956,2.7886669635772705
2013-04-09,12.982441902160645,13.057000160217285,19.301185607910156,26.382963180541992,23.988142013549805,0.29312971234321594,2.700000047683716
2013-04-10,13.247273445129395,13.238499641418457,19.612180709838867,27.355329513549805,24.530929565429688,0.29777148365974426,2.7906670570373535
2013-04-11,13.205920219421387,13.492500305175781,19.617393493652344,27.80182647705078,23.44533920288086,0.2963789999485016,2.9059998989105225
2013-04-12,13.06818962097168,13.643500328063965,19.60895347595215,27.186655044555664,23.32381820678711,0.30380597710609436,2.9166669845581055
2013-04-15,12.765653610229492,13.38599967956543,19.40741539001465,26.313507080078125,23.242813110351562,0.29753947257995605,2.886667013168335
2013-04-16,12.959943771362305,13.616999626159668,19.69135284423828,26.710391998291016,23.469650268554688,0.3007887899875641,3.0393331050872803
2013-04-17,12.247241020202637,13.369999885559082,19.423053741455078,26.422651290893555,23.356229782104492,0.29684317111968994,3.0299999713897705
2013-04-18,11.920388221740723,12.970999717712402,19.009801864624023,25.48996925354004,23.32381820678711,0.29104089736938477,3.131333112716675
2013-04-19,11.87416934967041,13.015999794006348,19.852684020996094,25.52965545654297,24.117753982543945,0.2917371094226837,3.188667058944702
2013-04-22,12.121668815612793,13.177499771118164,19.858642578125,25.76778793334961,24.976499557495117,0.2922013998031616,3.3459999561309814
2013-04-23,12.348496437072754,13.444999694824219,20.05198860168457,25.777711868286133,24.790176391601562,0.2998603284358978,3.4006669521331787
2013-04-24,12.32812213897705,13.439000129699707,20.189739227294922,25.906700134277344,25.72992706298828,0.3100723326206207,3.361999988555908
2013-04-25,12.416902542114258,13.734999656677246,20.081771850585938,25.93646240234375,25.875751495361328,0.3126254379749298,3.4666669368743896
2013-04-26,12.685078620910645,12.740500450134277,19.891155242919922,26.640933990478516,25.754234313964844,0.3112327754497528,3.413332939147949
2013-04-29,13.077917098999023,12.487000465393066,20.3289794921875,26.76992416381836,26.418546676635742,0.3149462044239044,3.6626670360565186
2013-04-30,13.462844848632812,12.690500259399414,20.46573829650879,27.553773880004883,26.815513610839844,0.3195880651473999,3.5993330478668213
2013-05-01,13.356730461120605,12.411499977111816,20.362979888916016,27.216421127319336,26.507665634155273,0.31680309772491455,3.552000045776367
2013-05-02,13.546154975891113,12.6274995803833,20.59082794189453,28.744428634643555,26.864124298095703,0.32051634788513184,3.607332944869995
2013-05-03,13.681760787963867,12.90250015258789,20.99067497253418,28.089567184448242,27.1314697265625,0.3219088912010193,3.636667013168335
2013-05-06,14.008010864257812,12.78600025177002,21.383573532104492,27.355329513549805,27.34209632873535,0.32098060846328735,3.9666669368743896
2013-05-07,13.945682525634766,12.886500358581543,21.27635383605957,26.680622100830078,26.98563575744629,0.31680309772491455,3.700666904449463
2013-05-08,14.103181838989258,12.934000015258789,21.683399200439453,26.90883445739746,26.72640037536621,0.3226049840450287,3.7193329334259033
2013-05-09,13.980140686035156,13.008000373840332,21.63003921508789,26.829456329345703,26.459054946899414,0.3228371739387512,4.626667022705078
2013-05-10,13.86384105682373,13.181500434875488,21.847211837768555,26.472261428833008,26.48335075378418,0.3374589681625366,5.117332935333252
2013-05-13,13.918009757995605,13.225500106811523,21.780197143554688,26.611167907714844,26.75880241394043,0.33049634099006653,5.853332996368408
2013-05-14,13.585012435913086,13.416500091552734,22.017723083496094,26.859222412109375,27.354339599609375,0.33537018299102783,5.549333095550537
2013-05-15,13.12560749053955,13.32800006866455,22.732288360595703,26.392881393432617,27.61540985107422,0.3411724269390106,5.656000137329102
2013-05-16,13.300982475280762,13.206000328063965,22.43395233154297,25.926542282104492,27.803043365478516,0.3395477533340454,6.150000095367432
2013-05-17,13.260583877563477,13.494999885559082,22.56574821472168,26.045608520507812,28.447551727294922,0.3451179265975952,6.099999904632568
2013-05-20,13.556550025939941,13.381500244140625,22.54961585998535,25.559423446655273,28.618871688842773,0.3444215953350067,5.995999813079834
2013-05-21,13.456461906433105,13.442999839782715,22.510892868041992,25.460201263427734,28.431230545043945,0.3480372428894043,5.8393330574035645
2013-05-22,13.508191108703613,13.14799976348877,22.075305938720703,24.96409797668457,28.23542594909668,0.3359074294567108,5.815999984741211
2013-05-23,13.532367706298828,13.09000015258789,21.910751342773438,24.8648738861084,27.86015510559082,0.34127259254455566,6.182000160217285
2013-05-24,13.624497413635254,13.086999893188477,21.675704956054688,24.120712280273438,27.95805549621582,0.3391731083393097,6.4720001220703125
2013-05-28,13.510942459106445,13.364500045776367,21.87302589416504,23.91234588623047,28.56991958618164,0.3389398455619812,7.355332851409912
2013-05-29,13.618374824523926,13.27649974822998,21.55135726928711,23.1384220123291,28.455699920654297,0.3368404507637024,6.975333213806152
2013-05-30,13.821295738220215,13.341500282287598,21.612165451049805,24.358844757080078,28.578067779541016,0.34127259254455566,6.99666690826416
2013-05-31,13.764676094055176,13.460000038146973,21.62358283996582,24.160400390625,28.472007751464844,0.33754026889801025,6.517333030700684
2013-06-03,13.794971466064453,13.343999862670898,21.53447914123535,23.66429328918457,29.034931182861328,0.33707374334335327,6.172667026519775
2013-06-04,13.751816749572754,13.28499984741211,21.32276725769043,23.336864471435547,28.54544448852539,0.33754026889801025,6.322667121887207
2013-06-05,13.623271942138672,13.358499526977539,21.337656021118164,22.721691131591797,28.37411880493164,0.33030885457992554,6.357999801635742
2013-06-06,13.419736862182617,13.391500473022461,21.460269927978516,22.791149139404297,28.52095603942871,0.3324083089828491,6.489999771118164
2013-06-07,13.522273063659668,13.843500137329102,21.83479881286621,23.108654022216797,29.100200653076172,0.33707374334335327,6.802667140960693
2013-06-10,13.432897567749023,14.053500175476074,22.095163345336914,24.14055824279785,28.93703269958496,0.3368404507637024,6.670000076293945
2013-06-11,13.393415451049805,13.73900032043457,21.8367862701416,23.8428955078125,28.423063278198242,0.3305422365665436,6.297999858856201
2013-06-12,13.227831840515137,13.583499908447266,21.642446517944336,23.584917068481445,28.553600311279297,0.32774290442466736,6.51533317565918
2013-06-13,13.343221664428711,13.78950023651123,21.767044067382812,23.545230865478516,28.325180053710938,0.33520761132240295,6.545332908630371
2013-06-14,13.162333488464355,13.69950008392334,21.718395233154297,23.446008682250977,28.064115524291992,0.33474093675613403,6.686666965484619
2013-06-17,13.222020149230957,13.902999877929688,21.996625900268555,23.832971572875977,28.553600311279297,0.3380067050457001,6.813333034515381
2013-06-18,13.214982986450195,14.088000297546387,22.353290557861328,24.021488189697266,28.537281036376953,0.3359074294567108,6.892666816711426
2013-06-19,12.946560859680176,13.907999992370605,22.354780197143555,24.120712280273438,28.2191104888916,0.34617114067077637,6.97866678237915
2013-06-20,12.758026123046875,13.67199993133545,21.959150314331055,23.713905334472656,27.321725845336914,0.3368404507637024,6.710000038146973
2013-06-21,12.655800819396973,13.668000221252441,21.864585876464844,24.33900260925293,27.142236709594727,0.3363739550113678,6.636666774749756
2013-06-24,12.320350646972656,13.530500411987305,21.588090896606445,23.75359535217285,27.509347915649414,0.3293757438659668,6.765999794006348
2013-06-25,12.323103904724121,13.604499816894531,21.49898910522461,24.06117820739746,27.46856689453125,0.33170846104621887,6.826666831970215
2013-06-26,12.183538436889648,13.878499984741211,21.683895111083984,23.971879959106445,28.0233154296875,0.3298424184322357,7.047999858856201
2013-06-27,12.052234649658203,13.8774995803833,21.76877784729004,24.467987060546875,28.243589401245117,0.326809823513031,7.283332824707031
2013-06-28,12.136404037475586,13.884499549865723,21.850685119628906,24.686275482177734,28.178325653076172,0.3275095820426941,7.157332897186279
2013-07-01,12.524806022644043,14.104999542236328,22.037084579467773,24.6168155670166,28.031484603881836,0.3289092481136322,7.811999797821045
2013-07-02,12.808526039123535,14.18649959564209,21.89883804321289,24.219932556152344,27.68882942199707,0.32867592573165894,7.8546671867370605
2013-07-03,12.879227638244629,14.201499938964844,22.001096725463867,24.329078674316406,27.745939254760742,0.32960912585258484,7.682666778564453
2013-07-05,12.775773048400879,14.293999671936035,22.17632484436035,24.180246353149414,27.909101486206055,0.3321751654148102,8.005999565124512
2013-07-08,12.703241348266602,14.529500007629395,22.464235305786133,24.51759910583496,28.007007598876953,0.3305422365665436,8.107333183288574
2013-07-09,12.926668167114258,14.576499938964844,22.467958450317383,25.28160285949707,28.0233154296875,0.3321751654148102,8.229999542236328
2013-07-10,12.877082824707031,14.616499900817871,22.486570358276367,25.599111557006836,28.308853149414062,0.3366071581840515,8.15133285522461
2013-07-11,13.077859878540039,14.982999801635742,22.84025764465332,25.609031677246094,29.11652183532715,0.34127259254455566,8.37399959564209
2013-07-12,13.053986549377441,15.3774995803833,22.908756256103516,25.708255767822266,29.100200653076172,0.3415057957172394,8.65999984741211
2013-07-15,13.082453727722168,15.328499794006348,22.950702667236328,26.075376510620117,29.508094787597656,0.34080594778060913,8.484000205993652
2013-07-16,13.166930198669434,15.343500137329102,22.824617385864258,26.115062713623047,29.589689254760742,0.3426722586154938,7.269999980926514
2013-07-17,13.170293807983398,15.434499740600586,22.798309326171875,26.442493438720703,29.15730094909668,0.34080594778060913,8.016667366027832
2013-07-18,13.214673042297363,15.205499649047852,22.60297393798828,25.976154327392578,28.91254997253418,0.33940643072128296,7.935332775115967
2013-07-19,13.006242752075195,15.261500358581543,22.253511428833008,25.678489685058594,25.616662979125977,0.3321751654148102,7.97866678237915
2013-07-22,13.047867774963379,15.173999786376953,22.603473663330078,25.847164154052734,26.11431312561035,0.33194175362586975,8.161999702453613
2013-07-23,12.823823928833008,15.053000450134277,22.432218551635742,25.926542282104492,25.959300994873047,0.33147528767585754,8.182666778564453
2013-07-24,13.482479095458984,14.946999549865723,22.40987777709961,26.30358123779297,26.073518753051758,0.33147528767585754,8.113332748413086
2013-07-25,13.420963287353516,15.170000076293945,22.03261375427246,34.092464447021484,25.608501434326172,0.3326416611671448,8.271332740783691
2013-07-26,13.497172355651855,15.600500106811523,21.974288940429688,33.74518585205078,25.796142578125,0.3312419652938843,8.62600040435791
2013-07-29,13.70529556274414,15.305000305175781,21.897844314575195,35.154136657714844,25.730873107910156,0.3305422365665436,8.974666595458984
2013-07-30,13.874547958374023,15.120499610900879,22.11253547668457,37.337005615234375,25.983776092529297,0.33614063262939453,8.78266716003418
2013-07-31,13.850372314453125,15.060999870300293,22.033857345581055,36.51345443725586,25.975616455078125,0.3368404507637024,8.95199966430664
2013-08-01,13.977389335632324,15.278499603271484,22.44264030456543,37.198089599609375,25.836929321289062,0.3415057957172394,9.036666870117188
2013-08-02,14.156745910644531,15.21049976348877,22.500965118408203,37.75373077392578,26.01640510559082,0.34430500864982605,9.199999809265137
2013-08-05,14.368233680725098,15.049500465393066,22.46200180053711,38.884857177734375,25.861406326293945,0.34593790769577026,9.645333290100098
2013-08-06,14.23968505859375,15.037500381469727,22.25276756286621,38.24983596801758,25.763504028320312,0.34080594778060913,9.476667404174805
2013-08-07,14.231424331665039,14.845499992370605,22.1058349609375,38.56734085083008,26.15509605407715,0.340572714805603,8.9486665725708
2013-08-08,14.203075408935547,14.786999702453613,22.155723571777344,38.23991394042969,26.832229614257812,0.3429054915904999,10.232000350952148
2013-08-09,14.000968933105469,14.86299991607666,22.099878311157227,38.20022201538086,26.677223205566406,0.3380067050457001,10.199999809265137
2013-08-12,14.398715019226074,14.834500312805176,21.97825813293457,37.92240905761719,26.8159122467041,0.33520761132240295,9.825332641601562
2013-08-13,15.08297348022461,14.69849967956543,21.872526168823242,36.731746673583984,26.47907066345215,0.3363739550113678,9.695332527160645
2013-08-14,15.358100891113281,14.567000389099121,21.58858871459961,36.364627838134766,26.577655792236328,0.3506033420562744,9.290666580200195
2013-08-15,15.339917182922363,14.32349967956543,21.336668014526367,36.275333404541016,26.11758041381836,0.3529359698295593,9.311332702636719
2013-08-16,15.476090431213379,14.241000175476074,21.268409729003906,36.791282653808594,26.125795364379883,0.3543356955051422,9.466667175292969
2013-08-19,15.642765998840332,14.278499603271484,21.48533821105957,37.51559829711914,25.78895378112793,0.34873706102371216,9.65999984741211
2013-08-20,15.43726921081543,14.354499816894531,21.479629516601562,38.110923767089844,25.977916717529297,0.35049551725387573,9.972000122070312
2013-08-21,15.477017402648926,14.228500366210938,21.57667350769043,38.02162170410156,25.969697952270508,0.3488544821739197,9.857333183288574
2013-08-22,15.495499610900879,14.486499786376953,21.685382843017578,38.24983596801758,26.610515594482422,0.35072988271713257,10.473333358764648
2013-08-23,15.435739517211914,14.500499725341797,21.5985164642334,40.2342643737793,28.549413681030273,0.35072988271713257,10.78933334350586
2013-08-26,15.495806694030762,14.310500144958496,21.503704071044922,41.01811218261719,28.056476593017578,0.3514331877231598,10.947999954223633
2013-08-27,15.052780151367188,14.046500205993652,21.100627899169922,39.33134841918945,27.32527732849121,0.3469788432121277,11.133999824523926
2013-08-28,15.123946189880371,14.079000473022461,21.060914993286133,40.2342643737793,27.128101348876953,0.3469788432121277,11.096667289733887
2013-08-29,15.148590087890625,14.199000358581543,21.231678009033203,40.958580017089844,27.563533782958984,0.34627532958984375,11.070667266845703
2013-08-30,15.010578155517578,14.048999786376953,21.01996421813965,40.96849822998047,27.440305709838867,0.3458065688610077,11.266667366027832
2013-09-03,15.052472114562988,14.4399995803833,21.354537963867188,41.543975830078125,26.1915225982666,0.3460410237312317,11.262666702270508
2013-09-04,15.363941192626953,14.682000160217285,21.633758544921875,41.454681396484375,25.632858276367188,0.3493232727050781,11.374667167663574
2013-09-05,15.258585929870605,14.704999923706055,21.830581665039062,42.32783508300781,25.657499313354492,0.35026100277900696,11.328666687011719
2013-09-06,15.349464416503906,14.793000221252441,21.83108139038086,43.607791900634766,25.591779708862305,0.3488544821739197,11.131333351135254
2013-09-09,15.594389915466309,14.98550033569336,22.041297912597656,43.69709014892578,26.010772705078125,0.35471558570861816,10.713333129882812
2013-09-10,15.239166259765625,15.017999649047852,22.056690216064453,43.26051330566406,26.610515594482422,0.3622177243232727,11.091333389282227
2013-09-11,14.409499168395996,14.982000350952148,22.243337631225586,44.68930435180664,26.898069381713867,0.36831340193748474,10.90133285522461
2013-09-12,14.562925338745117,14.942999839782715,22.165651321411133,44.401554107666016,26.85698127746582,0.36807891726493835,10.995332717895508
2013-09-13,14.32292652130127,14.895999908447266,22.066617965698242,43.964988708496094,27.136322021484375,0.3704233467578888,11.03600025177002
2013-09-16,13.867575645446777,14.803000450134277,22.034107208251953,42.17900466918945,26.94736099243164,0.3706578016281128,11.10533332824707
2013-09-17,14.027779579162598,15.208499908447266,21.993148803710938,44.71907043457031,27.054162979125977,0.37182992696762085,11.081999778747559
2013-09-18,14.316144943237305,15.601499557495117,22.420299530029297,44.8778190612793,27.374574661254883,0.3751121759414673,11.08133316040039
2013-09-19,14.550909996032715,15.602999687194824,22.29793930053711,45.621978759765625,27.637489318847656,0.3734711706638336,11.861332893371582
2013-09-20,14.400257110595703,15.817000389099121,22.415088653564453,47.12022399902344,26.939144134521484,0.37018880248069763,12.22599983215332
2013-09-23,15.115937232971191,15.57450008392334,22.002832412719727,46.82256317138672,26.898069381713867,0.36667224764823914,12.074000358581543
2013-09-24,15.068492889404297,15.706500053405762,22.011268615722656,48.072750091552734,26.659805297851562,0.36807891726493835,12.155332565307617
2013-09-25,14.835272789001465,15.632499694824219,21.77275276184082,49.07488250732422,26.709102630615234,0.3685477375984192,12.349332809448242
2013-09-26,14.979766845703125,15.906000137329102,21.796083450317383,49.99764633178711,26.922719955444336,0.36737558245658875,12.576000213623047
2013-09-27,14.872849464416504,15.80049991607666,21.751903533935547,50.841026306152344,27.333498001098633,0.36526545882225037,12.726667404174805
2013-09-30,14.688008308410645,15.631999969482422,21.739990234375,49.838890075683594,27.341712951660156,0.3647966682910919,12.891332626342773
2013-10-01,15.033366203308105,16.047500610351562,22.015241622924805,50.02741622924805,27.588197708129883,0.3645622134208679,12.866666793823242
2013-10-02,15.082666397094727,16.02549934387207,22.039812088012695,49.88850021362305,27.867511749267578,0.36432772874832153,12.063332557678223
2013-10-03,14.893194198608398,15.73799991607666,21.74445343017578,48.79706573486328,27.81822395324707,0.3605765700340271,11.553999900817871
2013-10-04,14.881484985351562,15.95199966430664,21.65163230895996,50.6425895690918,27.83465003967285,0.36549994349479675,12.065333366394043
2013-10-07,15.026904106140137,15.501500129699707,21.487571716308594,50.12662887573242,27.358139038085938,0.36549994349479675,12.204667091369629
2013-10-08,14.817098617553711,15.161499977111816,21.18799591064453,46.772953033447266,27.119892120361328,0.36245208978652954,11.648667335510254
2013-10-09,14.991166114807129,14.911499977111816,21.242351531982422,46.40583038330078,27.1691837310791,0.356825590133667,11.251999855041504
2013-10-10,15.085134506225586,15.258500099182129,21.54962158203125,48.66807556152344,27.736068725585938,0.36081111431121826,11.528667449951172
2013-10-11,15.182788848876953,15.544500350952148,21.64269256591797,48.72761535644531,28.040056228637695,0.3577633202075958,11.91333293914795
2013-10-14,15.282309532165527,15.53499984741211,21.744953155517578,49.12450408935547,28.302940368652344,0.3631555140018463,11.981332778930664
2013-10-15,15.363643646240234,15.319999694824219,21.89139175415039,49.11457443237305,28.335803985595703,0.3612798750400543,12.262666702270508
2013-10-16,15.438508987426758,15.524499893188477,22.28900146484375,50.74180221557617,28.459033966064453,0.36573439836502075,12.237333297729492
2013-10-17,15.542949676513672,15.53849983215332,22.059669494628906,51.80347442626953,28.689077377319336,0.366437703371048,12.186667442321777
2013-10-18,15.678194999694824,16.446500778198242,25.10308265686035,53.79782485961914,28.72193717956543,0.3706578016281128,12.226667404174805
2013-10-21,16.0623779296875,16.32200050354004,24.90179443359375,53.430702209472656,28.746591567993164,0.3715955317020416,11.506667137145996
2013-10-22,16.016475677490234,16.62700080871582,24.993627548217773,52.26980972290039,28.409751892089844,0.369719922542572,11.435999870300293
2013-10-23,16.17328643798828,16.33799934387207,25.5994815826416,51.495887756347656,27.736068725585938,0.3633900284767151,10.966667175292969
2013-10-24,16.387413024902344,16.61050033569336,25.454038619995117,52.04160690307617,27.703197479248047,0.36081111431121826,11.543333053588867
2013-10-25,16.204099655151367,18.16950035095215,25.19715118408203,51.545494079589844,29.354555130004883,0.35729438066482544,11.310667037963867
2013-10-28,16.324872970581055,17.908000946044922,25.19218635559082,49.838890075683594,29.22309684753418,0.3565910756587982,10.857333183288574
2013-10-29,15.918192863464355,18.135000228881836,25.719364166259766,49.015350341796875,29.182025909423828,0.3570599853992462,10.964667320251465
2013-10-30,16.171445846557617,18.054000854492188,25.574907302856445,48.628387451171875,29.198453903198242,0.356825590133667,10.614666938781738
2013-10-31,16.103660583496094,18.201499938964844,25.578882217407227,49.81904602050781,29.09164047241211,0.3561221659183502,10.662667274475098
2013-11-01,16.021404266357422,17.950000762939453,25.491018295288086,49.36262893676758,29.190229415893555,0.3577633202075958,10.811332702636719
2013-11-04,16.228437423706055,17.937000274658203,25.467937469482422,47.84454345703125,29.52707862854004,0.34744760394096375,11.680000305175781
2013-11-05,16.188390731811523,17.944499969482422,25.35401153564453,49.71982955932617,30.102170944213867,0.3469788432121277,11.787332534790039
2013-11-06,16.142520904541016,17.80900001525879,25.38454246520996,48.73752975463867,31.367382049560547,0.3493232727050781,10.077333450317383
2013-11-07,15.881287574768066,17.17799949645996,25.0172061920166,47.1896858215332,30.8087158203125,0.3411177098751068,9.317999839782715
2013-11-08,16.131366729736328,17.515499114990234,25.217750549316406,47.159908294677734,31.03875732421875,0.3647966682910919,9.196666717529297
2013-11-11,16.084577560424805,17.7189998626709,25.082731246948242,45.84026336669922,30.882658004760742,0.36784446239471436,9.646666526794434
2013-11-12,16.11432647705078,17.476499557495117,25.112268447875977,46.2470817565918,30.693706512451172,0.3685477375984192,9.186667442321777
2013-11-13,16.1335391998291,17.81100082397461,25.625789642333984,48.33073043823242,31.3509521484375,0.37862884998321533,9.24666690826416
2013-11-14,16.366884231567383,18.3700008392334,25.694293975830078,48.60854721069336,31.235933303833008,0.3802699148654938,9.173333168029785
2013-11-15,16.268651962280273,18.458499908447266,25.652841567993164,48.628387451171875,31.088054656982422,0.3790978193283081,9.029999732971191
2013-11-18,16.071556091308594,18.30900001525879,25.602956771850586,45.47315216064453,30.562252044677734,0.36995431780815125,8.10533332824707
2013-11-19,16.100065231323242,18.246999740600586,25.445350646972656,45.9990234375,30.41324806213379,0.3639436364173889,8.406000137329102
2013-11-20,15.959076881408691,18.12849998474121,25.37361717224121,46.0684814453125,30.6947021484375,0.3585222661495209,8.074000358581543
2013-11-21,16.149337768554688,18.445999145507812,25.665502548217773,46.33637619018555,30.959583282470703,0.3613508641719818,8.140000343322754
2013-11-22,16.10781478881836,18.61549949645996,25.611392974853516,45.870033264160156,31.100313186645508,0.3578151762485504,8.092000007629395
2013-11-25,16.229909896850586,18.832000732421875,25.95986557006836,44.47101593017578,31.158252716064453,0.36559364199638367,8.055999755859375
2013-11-26,16.52925682067871,19.068500518798828,26.269617080688477,45.53268051147461,30.918203353881836,0.36865800619125366,8.033332824707031
2013-11-27,16.918472290039062,19.335500717163086,26.386272430419922,46.128013610839844,31.125150680541992,0.3700723648071289,8.462667465209961
2013-11-29,17.231765747070312,19.680999755859375,26.298906326293945,46.64396667480469,31.563884735107422,0.36771512031555176,8.485333442687988
2013-12-02,17.081787109375,19.614999771118164,26.172073364257812,46.693580627441406,31.828777313232422,0.37125077843666077,8.277999877929688
2013-12-03,17.54939842224121,19.232999801635742,26.141796112060547,46.36613845825195,31.712886810302734,0.37101513147354126,9.646666526794434
2013-12-04,17.50849151611328,19.29800033569336,26.263912200927734,48.241424560546875,32.234397888183594,0.3762008845806122,9.263333320617676
2013-12-05,17.59836196899414,19.22450065612793,26.24306297302246,47.963600158691406,31.45626449584961,0.3700723648071289,9.36533260345459
2013-12-06,17.35417366027832,19.34749984741211,26.554052352905273,47.566715240478516,31.754274368286133,0.36465078592300415,9.157333374023438
2013-12-09,17.552810668945312,19.24449920654297,26.759315490722656,48.459716796875,32.044010162353516,0.3585222661495209,9.4399995803833
2013-12-10,17.525537490844727,19.388999938964844,26.921142578125,49.85873794555664,31.54732894897461,0.36677229404449463,9.47933292388916
2013-12-11,17.39569664001465,19.109500885009766,26.73822021484375,48.995506286621094,31.1334285736084,0.36323657631874084,9.3100004196167
2013-12-12,17.370285034179688,19.0625,26.556291580200195,51.426429748535156,30.810592651367188,0.3561650812625885,9.83133316040039
2013-12-13,17.180946350097656,19.211999893188477,26.32868766784668,52.90482711791992,30.371858596801758,0.35404375195503235,9.84333324432373
2013-12-16,17.276079177856445,19.44849967956543,26.631244659423828,53.391014099121094,30.53741455078125,0.35451507568359375,9.862667083740234
2013-12-17,17.19829559326172,19.38249969482422,26.55380630493164,54.43284225463867,30.231117248535156,0.3561650812625885,10.163999557495117
2013-12-18,17.067523956298828,19.79800033569336,26.923376083374023,55.13731384277344,30.28079605102539,0.36111512780189514,9.86533260345459
2013-12-19,16.87199592590332,19.75950050354004,26.95985984802246,54.621360778808594,30.007617950439453,0.3625293970108032,9.381333351135254
2013-12-20,17.01329803466797,20.110000610351562,27.3172664642334,54.69081497192383,30.462921142578125,0.36983659863471985,9.549332618713379
2013-12-23,17.666231155395508,20.145999908447266,27.676658630371094,57.320186614990234,30.31391143798828,0.3719581067562103,9.569999694824219
2013-12-24,17.591236114501953,19.959999084472656,27.595746994018555,57.508697509765625,30.6947021484375,0.3729008734226227,10.093999862670898
2013-12-26,17.474407196044922,20.219499588012695,27.735233306884766,57.28049087524414,30.992712020874023,0.3693651258945465,10.366666793823242
2013-12-27,17.35634422302246,19.90399932861328,27.758562088012695,55.008323669433594,30.868547439575195,0.3714866042137146,10.074666976928711
2013-12-30,17.183732986450195,19.668500900268555,27.536672592163086,53.29179000854492,30.868547439575195,0.37643665075302124,10.162667274475098
2013-12-31,17.385154724121094,19.93950080871582,27.815898895263672,54.22447967529297,30.967876434326172,0.37761518359184265,10.028667449951172
2014-01-02,17.14066505432129,19.898500442504883,27.627513885498047,54.28401184082031,30.760921478271484,0.37384364008903503,10.006667137145996
2014-01-03,16.76415252685547,19.82200050354004,27.42597770690918,54.13518142700195,30.55398178100586,0.3693651258945465,9.970666885375977
2014-01-06,16.85557746887207,19.681499481201172,27.73175621032715,56.75461959838867,29.908287048339844,0.3743152320384979,9.800000190734863
2014-01-07,16.73502540588379,19.901500701904297,28.26637840270996,57.46901321411133,30.140056610107422,0.3804436922073364,9.957332611083984
2014-01-08,16.841001510620117,20.09600067138672,28.3252010345459,57.77659606933594,29.602008819580078,0.3856293559074402,10.085332870483398
2014-01-09,16.625946044921875,20.050500869750977,28.052433013916016,56.77446365356445,29.411603927612305,0.37125077843666077,9.835332870483398
2014-01-10,16.51500129699707,19.882999420166016,28.05094337463379,57.48885726928711,29.833791732788086,0.37077945470809937,9.714667320251465
2014-01-13,16.60146141052246,19.548999786376953,27.87224006652832,55.47466278076172,28.95632553100586,0.36205804347991943,9.28933334350586
2014-01-14,16.931800842285156,19.87700080871582,28.527976989746094,57.2904167175293,29.61856460571289,0.37337228655815125,10.751333236694336
2014-01-15,17.271745681762695,19.793500900268555,28.508617401123047,57.15150451660156,30.4298038482666,0.37737950682640076,10.942000389099121
2014-01-16,17.175369262695312,19.790000915527344,28.69725227355957,56.74469757080078,30.53741455078125,0.3785580098628998,11.39799976348877
2014-01-17,16.754545211791992,19.980499267578125,28.556028366088867,55.861629486083984,30.115236282348633,0.3769080638885498,11.333999633789062
2014-01-21,17.014850616455078,20.352500915527344,28.882904052734375,58.05441665649414,29.94139289855957,0.3783223032951355,11.778667449951172
2014-01-22,17.09046173095703,20.226999282836914,28.915666580200195,57.06221008300781,29.74273109436035,0.37785086035728455,11.904000282287598
2014-01-23,17.235177993774414,19.993499755859375,28.79355239868164,56.18906021118164,29.850345611572266,0.37643665075302124,12.100000381469727
2014-01-24,16.921886444091797,19.3799991607666,27.893339157104492,54.026031494140625,30.471195220947266,0.36677229404449463,11.640000343322754
2014-01-27,17.059160232543945,19.31399917602539,27.33240509033203,53.13303756713867,29.825502395629883,0.36441513895988464,11.307999610900879
2014-01-28,15.695672035217285,19.721500396728516,27.872987747192383,54.71065902709961,30.02418327331543,0.36795082688331604,11.892000198364258
2014-01-29,15.517485618591309,19.209999084472656,27.473634719848633,53.113197326660156,30.347013473510742,0.36441513895988464,11.682000160217285
2014-01-30,15.487425804138184,20.15049934387207,28.180252075195312,60.604408264160156,30.512577056884766,0.3705437183380127,12.189332962036133
2014-01-31,15.512839317321777,17.934499740600586,29.311546325683594,62.08280563354492,31.323820114135742,0.3700723648071289,12.093999862670898
2014-02-03,15.541656494140625,17.3075008392334,28.131607055664062,61.00128936767578,30.198017120361328,0.36512231826782227,11.807332992553711
2014-02-04,15.766630172729492,17.397499084472656,28.249004364013672,62.26140594482422,30.09040069580078,0.36724379658699036,11.915332794189453
2014-02-05,15.88438892364502,17.322500228881836,28.374095916748047,61.70575714111328,29.651668548583984,0.3639436364173889,11.628000259399414
2014-02-06,15.976984024047852,17.72949981689453,28.79007911682129,61.675994873046875,29.949689865112305,0.36865800619125366,11.892000198364258
2014-02-07,16.200490951538086,18.054000854492188,29.223928451538086,63.81917953491211,30.26424789428711,0.3740794360637665,12.435333251953125
2014-02-10,16.4907283782959,18.043500900268555,29.11199378967285,63.05517578125,30.462921142578125,0.3752579391002655,13.104000091552734
2014-02-11,16.708011627197266,18.089500427246094,29.540136337280273,64.34504699707031,30.769203186035156,0.3830367922782898,13.107999801635742
2014-02-12,16.706758499145508,17.462499618530273,29.453514099121094,63.94816589355469,31.017528533935547,0.39670801162719727,13.021332740783691
2014-02-13,16.972061157226562,17.860000610351562,29.781381607055664,66.80574798583984,31.1334285736084,0.409201055765152,13.308667182922363
2014-02-14,16.958328247070312,17.86750030517578,29.853364944458008,66.5676040649414,31.14171600341797,0.4221653640270233,13.215332984924316
2014-02-18,17.02068328857422,17.6825008392334,30.053903579711914,66.7759780883789,31.208433151245117,0.42192956805229187,13.579999923706055
2014-02-19,16.75196075439453,17.368999481201172,29.841947555541992,67.5300521850586,31.283498764038086,0.4275866746902466,12.909333229064941
2014-02-20,16.55805778503418,17.489999771118164,29.885875701904297,69.08783721923828,31.48365592956543,0.4426724910736084,13.998000144958496
2014-02-21,16.374134063720703,17.33799934387207,29.877931594848633,68.05593872070312,31.67547035217285,0.4393724501132965,13.973333358764648
2014-02-24,16.445833206176758,17.589000701904297,30.094362258911133,70.2288818359375,31.433603286743164,0.44573676586151123,14.510000228881836
2014-02-25,16.274688720703125,17.916000366210938,30.280263900756836,69.3061294555664,31.308513641357422,0.4437241554260254,16.53333282470703
2014-02-26,16.127857208251953,17.989999771118164,30.284481048583984,68.72071838378906,31.250137329101562,0.4430137872695923,16.866666793823242
2014-02-27,16.449575424194336,18.006500244140625,30.260658264160156,68.4032211303711,31.575389862060547,0.4380415081977844,16.836000442504883
2014-02-28,16.405000686645508,18.104999542236328,30.172298431396484,67.92694854736328,31.950693130493164,0.43520018458366394,16.320667266845703
2014-03-03,16.452375411987305,17.98900032043457,29.850631713867188,66.88512420654297,31.508668899536133,0.43306905031204224,16.70400047302246
2014-03-04,16.560871124267578,18.19499969482422,30.153928756713867,68.26429748535156,32.03409194946289,0.43756791949272156,16.98933219909668
2014-03-05,16.595779418945312,18.618499755859375,30.237077713012695,71.0127182006836,31.783899307250977,0.4413563311100006,16.8439998626709
2014-03-06,16.545591354370117,18.607999801635742,30.270586013793945,70.28842163085938,31.817251205444336,0.43520018458366394,16.862667083740234
2014-03-07,16.53592300415039,18.60300064086914,30.15095329284668,69.25650787353516,31.608739852905273,0.4347265064716339,16.413999557495117
2014-03-10,16.550888061523438,18.526500701904297,30.071033477783203,71.46914672851562,31.542028427124023,0.42833349108695984,15.922666549682617
2014-03-11,16.712059020996094,18.44099998474121,29.783618927001953,69.55416870117188,31.70883560180664,0.43259549140930176,15.62733268737793
2014-03-12,16.728267669677734,18.531999588012695,29.965049743652344,70.3281021118164,31.917329788208008,0.4337792694568634,16.099332809448242
2014-03-13,16.542470932006836,18.57550048828125,29.5123348236084,68.2940673828125,31.600421905517578,0.42004626989364624,15.852666854858398
2014-03-14,16.356678009033203,18.687000274658203,29.1087646484375,67.19271087646484,31.44194793701172,0.421940416097641,15.39799976348877
2014-03-17,16.420576095581055,18.75200080871582,29.587791442871094,68.20475769042969,31.73384666442871,0.421940416097641,15.59866714477539
2014-03-18,16.56585121154785,18.938499450683594,30.063339233398438,68.6512680053711,32.98485565185547,0.43188512325286865,16.002666473388672
2014-03-19,16.561487197875977,18.661500930786133,29.76525115966797,67.70864868164062,32.751338958740234,0.4394620656967163,15.72266674041748
2014-03-20,16.4816837310791,18.44849967956543,29.71337890625,66.44854736328125,33.63539123535156,0.4396987855434418,15.660667419433594
2014-03-21,16.611675262451172,18.0310001373291,29.36292266845703,66.7164306640625,33.493595123291016,0.4389886260032654,15.259332656860352
2014-03-24,16.80869483947754,17.592500686645508,28.739694595336914,63.60089111328125,33.77714920043945,0.4368574023246765,14.678000450134277
2014-03-25,16.9895076751709,17.73550033569336,28.759302139282227,64.38473510742188,33.64371871948242,0.4368574023246765,14.696000099182129
2014-03-26,16.827089309692383,17.170499801635742,28.09537124633789,59.91978454589844,33.18501663208008,0.42691290378570557,14.197333335876465
2014-03-27,16.754764556884766,16.923500061035156,27.65630531311035,60.495269775390625,32.82639694213867,0.4212302267551422,13.821332931518555
2014-03-28,16.736061096191406,16.914499282836914,27.802000045776367,59.5427360534668,33.610355377197266,0.4238346517086029,14.157999992370605
2014-03-31,16.732324600219727,16.818500518798828,27.662015914916992,59.77094650268555,34.185829162597656,0.4240715503692627,13.896666526794434
2014-04-01,16.885391235351562,17.149499893188477,28.1678466796875,62.132423400878906,34.54445266723633,0.4415931701660156,14.464667320251465
2014-04-02,16.913442611694336,17.097999572753906,28.17305564880371,62.23163986206055,34.48606491088867,0.43875178694725037,15.352666854858398
2014-04-03,16.79623031616211,16.680999755859375,28.34076690673828,59.02678680419922,34.20248794555664,0.4434873163700104,15.026666641235352
2014-04-04,16.578948974609375,16.149999618530273,27.03902244567871,56.30812454223633,33.25174331665039,0.4297541677951813,14.148667335510254
2014-04-07,16.31863784790039,15.887999534606934,26.809913635253906,56.50656509399414,33.193363189697266,0.4311748743057251,13.834667205810547
2014-04-08,16.317707061767578,16.353500366210938,27.646997451782227,57.73690414428711,33.21002960205078,0.4465654194355011,14.36400032043457
2014-04-09,16.532190322875977,16.590499877929688,28.119590759277344,61.92404556274414,33.75214385986328,0.44609200954437256,14.461999893188477
2014-04-10,16.31895637512207,15.855500221252441,27.110431671142578,58.69935607910156,32.82639694213867,0.43520018458366394,13.612667083740234
2014-04-11,16.198312759399414,15.58650016784668,26.667593002319336,58.07426071166992,32.70128631591797,0.42904382944107056,13.585332870483398
2014-04-14,16.26284408569336,15.795499801635742,27.036544799804688,58.43146514892578,32.6762809753418,0.4337792694568634,13.206000328063965
2014-04-15,16.146873474121094,15.803999900817871,27.21010971069336,58.62990188598633,33.15165710449219,0.4368574023246765,12.927332878112793
2014-04-16,16.179609298706055,16.18400001525879,27.96388053894043,59.255001068115234,33.693763732910156,0.4378044903278351,13.27400016784668
2014-04-17,16.36446189880371,16.245500564575195,26.944305419921875,58.4810676574707,33.36849594116211,0.4394620656967163,13.208000183105469
2014-04-21,16.558683395385742,16.543500900268555,26.747432708740234,60.76316452026367,33.310115814208984,0.4430137872695923,13.625332832336426
2014-04-22,16.575210571289062,16.465999603271484,27.051422119140625,62.539222717285156,33.35182189941406,0.4468022584915161,14.576000213623047
2014-04-23,16.35855484008789,16.229000091552734,26.655195236206055,60.88222122192383,33.10161209106445,0.4520114064216614,13.866000175476074
2014-04-24,17.69964599609375,16.857500076293945,26.502954483032227,60.39604568481445,33.243404388427734,0.4560367465019226,13.857333183288574
2014-04-25,17.82964324951172,15.191499710083008,25.940601348876953,57.26064682006836,33.285091400146484,0.4434873163700104,13.323332786560059
2014-04-28,18.520151138305664,14.829000473022461,25.93465232849121,55.702877044677734,34.08573913574219,0.4415931701660156,13.234000205993652
2014-04-29,18.465290069580078,15.019000053405762,26.5966796875,57.69721984863281,33.78550720214844,0.44254013895988464,13.79466724395752
2014-04-30,18.39545249938965,15.206500053405762,26.52477264404297,59.31453323364258,33.693763732910156,0.43733111023902893,13.859333038330078
2014-05-01,18.43878746032715,15.394499778747559,26.705778121948242,60.673858642578125,33.36016845703125,0.4396987855434418,13.84866714477539
2014-05-02,18.473081588745117,15.400500297546387,26.474687576293945,59.98923110961914,33.10161209106445,0.4363839626312256,14.060667037963867
2014-05-05,18.734312057495117,15.5024995803833,26.547088623046875,60.743324279785156,32.884765625,0.44111961126327515,14.440667152404785
2014-05-06,18.53012466430664,14.869000434875488,25.914318084716797,58.07426071166992,32.57618713378906,0.43212205171585083,13.8186674118042
2014-05-07,18.465290069580078,14.635499954223633,25.68769073486328,56.943138122558594,32.87644577026367,0.43259549140930176,13.423333168029785
2014-05-08,18.4323673248291,14.416000366210938,25.79530143737793,56.31804656982422,33.0599250793457,0.4380415081977844,11.906000137329102
2014-05-09,18.35556411743164,14.612000465393066,26.11515998840332,56.794307708740234,32.97651290893555,0.4273863732814789,12.150667190551758
2014-05-12,18.584095001220703,15.142999649047852,26.700815200805664,59.36414337158203,33.33515548706055,0.43993568420410156,12.311332702636719
2014-05-13,18.613250732421875,15.232000350952148,26.855043411254883,59.36414337158203,33.94825744628906,0.4328324496746063,12.677332878112793
2014-05-14,18.61669158935547,14.880999565124512,26.501466751098633,58.76880645751953,33.79707336425781,0.4285701513290405,12.708000183105469
2014-05-15,18.45838737487793,14.759499549865723,26.239131927490234,57.46901321411133,33.259552001953125,0.42620253562927246,12.572667121887207
2014-05-16,18.730806350708008,14.885000228881836,26.19847297668457,57.56822967529297,33.45272445678711,0.42525529861450195,12.77066707611084
2014-05-19,18.952747344970703,14.838000297546387,26.720653533935547,58.748966217041016,33.38553237915039,0.4389886260032654,13.072667121887207
2014-05-20,18.956512451171875,15.059499740600586,26.798015594482422,58.10403060913086,33.32673645019531,0.43387436866760254,13.020000457763672
2014-05-21,19.006669998168945,15.250499725341797,27.25969886779785,60.019004821777344,33.889461517333984,0.43387436866760254,13.296667098999023
2014-05-22,19.03675651550293,15.245499610900879,27.544841766357422,60.048770904541016,33.67948913574219,0.4357771873474121,13.658666610717773
2014-05-23,19.251806259155273,15.612000465393066,27.958921432495117,60.8723030090332,33.6963005065918,0.4398209750652313,13.819999694824219
2014-05-27,19.61231231689453,15.541000366210938,28.507884979248047,62.9857177734375,33.75507354736328,0.4476708769798279,14.104000091552734
2014-05-28,19.561525344848633,15.508000373840332,28.288692474365234,63.01548385620117,33.60390090942383,0.4514766335487366,14.015999794006348
2014-05-29,19.917959213256836,15.689000129699707,28.29414939880371,63.33300018310547,33.88106155395508,0.4507630169391632,14.015999794006348
2014-05-30,19.843341827392578,15.6274995803833,28.348201751708984,62.80712127685547,34.385005950927734,0.45195236802101135,13.851332664489746
2014-06-02,19.706985473632812,15.442000389099121,27.985698699951172,62.588836669921875,34.25901412963867,0.45052528381347656,13.646666526794434
2014-06-03,19.985668182373047,15.35949993133545,27.498228073120117,62.38047790527344,33.83906936645508,0.4486222565174103,13.662667274475098
2014-06-04,20.213878631591797,15.33899974822998,27.461030960083008,62.84680938720703,33.8642692565918,0.4490980803966522,13.599332809448242
2014-06-05,20.29318618774414,16.178499221801758,28.01495933532715,62.697975158691406,34.61176681518555,0.4510010778903961,13.793333053588867
2014-06-06,20.23738670349121,16.48349952697754,28.069503784179688,62.01335144042969,34.83854293823242,0.45266610383987427,13.878000259399414
2014-06-09,20.56122398376465,16.375,28.302581787109375,62.39039611816406,34.662166595458984,0.45314180850982666,13.687333106994629
2014-06-10,20.681903839111328,16.620500564575195,28.182079315185547,65.25788879394531,34.527774810791016,0.45552054047584534,13.486666679382324
2014-06-11,20.596332550048828,16.760000228881836,28.14240074157715,65.26781463623047,34.31779098510742,0.46146711707115173,13.631333351135254
2014-06-12,20.251815795898438,16.295499801635742,27.745683670043945,63.78942108154297,34.0826416015625,0.46432164311408997,13.567999839782715
2014-06-13,20.030187606811523,16.313499450683594,27.78783416748047,63.997772216796875,34.628562927246094,0.4647974669933319,13.761333465576172
2014-06-16,20.2320613861084,16.381000518798828,27.38863182067871,63.69019317626953,34.8553352355957,0.463370144367218,14.973999977111816
2014-06-17,20.205730438232422,16.2810001373291,27.305322647094727,63.8985595703125,35.00651168823242,0.46646246314048767,15.444666862487793
2014-06-18,20.22767448425293,16.7189998626709,27.803207397460938,65.0892105102539,34.981319427490234,0.4659866988658905,15.141332626342773
2014-06-19,20.157451629638672,16.350000381469727,28.017932891845703,63.83902359008789,34.86372756958008,0.4552827477455139,15.185999870300293
2014-06-20,19.948989868164062,16.209999084472656,28.09380531311035,63.997772216796875,35.00651168823242,0.450287401676178,15.305999755859375
2014-06-23,19.931434631347656,16.36199951171875,28.4791202545166,64.86101531982422,35.266868591308594,0.4450542628765106,15.814666748046875
2014-06-24,19.810745239257812,16.20800018310547,28.392337799072266,65.20828247070312,35.0653190612793,0.4381558895111084,15.5
2014-06-25,19.82830238342285,16.371999740600586,29.056350708007812,66.91488647460938,35.30046844482422,0.44267550110816956,15.792667388916016
2014-06-26,19.94679832458496,16.284500122070312,28.998825073242188,66.60729217529297,35.04011535644531,0.43672868609428406,15.706666946411133
2014-06-27,20.183788299560547,16.228500366210938,29.044448852539062,67.07364654541016,35.485252380371094,0.43720459938049316,15.937333106994629
2014-06-30,20.392253875732422,16.23900032043457,28.993865966796875,66.76605224609375,35.02330780029297,0.4410104751586914,16.003999710083008
2014-07-01,20.521718978881836,16.61949920654297,29.33207130432129,67.5300521850586,35.16609573364258,0.4460057318210602,15.981332778930664
2014-07-02,20.512939453125,16.642499923706055,29.296859741210938,65.9325942993164,35.19129180908203,0.44434061646461487,15.295332908630371
2014-07-03,20.63363265991211,16.874500274658203,29.410917282104492,65.77384948730469,35.107295989990234,0.4483843743801117,15.283332824707031
2014-07-07,21.05933380126953,16.677499771118164,29.295869827270508,64.78163146972656,35.266868591308594,0.4448162913322449,14.843999862670898
2014-07-08,20.92329216003418,16.190500259399414,28.682933807373047,62.271324157714844,35.090511322021484,0.4412483274936676,14.604666709899902
2014-07-09,20.93206214904785,16.49850082397461,28.92889976501465,64.46410369873047,34.998111724853516,0.4545690417289734,14.870667457580566
2014-07-10,20.855253219604492,16.395999908447266,28.764265060424805,64.36489868164062,35.014930725097656,0.4521902799606323,14.630666732788086
2014-07-11,20.894760131835938,17.309999465942383,29.092052459716797,65.82344818115234,35.35088348388672,0.45314180850982666,14.541999816894531
2014-07-14,21.1646728515625,17.766000747680664,29.469432830810547,67.37129974365234,35.39285659790039,0.4588506519794464,15.113332748413086
2014-07-15,20.916702270507812,17.722000122070312,29.409927368164062,66.64698791503906,35.65324401855469,0.4607536196708679,14.638667106628418
2014-07-16,20.79820442199707,17.795000076293945,29.288928985595703,67.1331787109375,37.02224349975586,0.4602779448032379,14.477333068847656
2014-07-17,20.427358627319336,17.622499465942383,28.80294418334961,65.89289855957031,37.40019607543945,0.459088534116745,14.359999656677246
2014-07-18,20.72140884399414,17.933000564575195,30.007488250732422,67.88725280761719,37.53458023071289,0.4386318027973175,14.668000221252441
2014-07-21,20.613880157470703,17.988000869750977,29.67672348022461,68.859619140625,37.660560607910156,0.4412483274936676,14.702667236328125
2014-07-22,20.785043716430664,18.04199981689453,29.93111801147461,68.73062896728516,37.652156829833984,0.4393453598022461,14.638667106628418
2014-07-23,21.32705307006836,17.906999588012695,30.011455535888672,70.73490905761719,37.685752868652344,0.4300684332847595,14.832667350769043
2014-07-24,21.29193878173828,17.930500030517578,29.90334701538086,74.39617919921875,37.291019439697266,0.4307820796966553,14.902667045593262
2014-07-25,21.432390213012695,16.20050048828125,29.65886878967285,74.60455322265625,37.37498474121094,0.42317020893096924,14.904666900634766
2014-07-28,21.728622436523438,16.02050018310547,29.705486297607422,74.33663940429688,36.929866790771484,0.42150506377220154,14.98799991607666
2014-07-29,21.588176727294922,16.0,29.454063415527344,73.13607025146484,36.862667083740234,0.4229322373867035,15.000666618347168
2014-07-30,21.537708282470703,16.125499725341797,29.5279541015625,74.09852600097656,36.602294921875,0.4300684332847595,15.261333465576172
2014-07-31,20.9781436920166,15.649499893188477,28.739965438842773,72.08432006835938,36.249549865722656,0.41627195477485657,14.886667251586914
2014-08-01,21.094446182250977,15.352999687194824,28.444902420043945,71.79657745361328,35.99758529663086,0.42079147696495056,15.5513334274292
2014-08-04,20.9759464263916,15.682499885559082,28.87485122680664,72.93762969970703,36.425933837890625,0.4198400676250458,15.90133285522461
2014-08-05,20.872817993164062,15.616000175476074,28.42209243774414,72.1240234375,36.18235778808594,0.42007797956466675,15.899333000183105
2014-08-06,20.837709426879883,15.694499969482422,28.48904037475586,71.90571594238281,35.896793365478516,0.4196022152900696,16.595333099365234
2014-08-07,20.83550262451172,15.572500228881836,28.356138229370117,72.60025787353516,36.30833053588867,0.4153205156326294,16.826000213623047
2014-08-08,20.892841339111328,15.84000015258789,28.660123825073242,72.49112701416016,36.283145904541016,0.45195236802101135,16.54199981689453
2014-08-11,21.168502807617188,15.916500091552734,28.62590789794922,72.86817169189453,36.283145904541016,0.4495738744735718,17.288000106811523
2014-08-12,21.164087295532227,15.965999603271484,28.371509552001953,72.26292419433594,36.551910400390625,0.4495738744735718,17.33066749572754
2014-08-13,21.444156646728516,16.31399917602539,28.98841094970703,73.19558715820312,37.02224349975586,0.4521902799606323,17.354000091552734
2014-08-14,21.501497268676758,16.660499572753906,28.99287223815918,73.72146606445312,37.18183898925781,0.4471949338912964,17.42533302307129
2014-08-15,21.607358932495117,16.681499481201172,28.94626235961914,73.05668640136719,37.61857223510742,0.45290398597717285,17.46733283996582
2014-08-18,21.867578506469727,16.726499557495117,29.392074584960938,74.00920104980469,37.88733673095703,0.459088534116745,17.32933235168457
2014-08-19,22.16969871520996,16.756500244140625,29.610769271850586,74.70377349853516,38.309898376464844,0.4627918601036072,17.117332458496094
2014-08-20,22.17852020263672,16.788999557495117,29.526466369628906,74.22750091552734,37.988746643066406,0.4599248170852661,17.047332763671875
2014-08-21,22.180723190307617,16.64550018310547,29.378189086914062,73.98936462402344,38.21693420410156,0.45562413334846497,16.95599937438965
2014-08-22,22.343923568725586,16.579500198364258,29.384140014648438,73.98936462402344,38.15777587890625,0.4558631181716919,17.118667602539062
2014-08-25,22.39242935180664,16.701000213623047,29.286447525024414,74.43587493896484,38.174659729003906,0.45657995343208313,17.503332138061523
2014-08-26,22.249088287353516,17.09149932861328,29.164949417114258,75.36854553222656,38.039451599121094,0.4647032618522644,17.44933319091797
2014-08-27,22.522550582885742,17.159000396728516,28.91105079650879,74.04890441894531,37.92113494873047,0.45944690704345703,17.549999237060547
2014-08-28,22.548999786376953,17.000999450683594,28.778148651123047,73.28489685058594,37.92958450317383,0.4632696807384491,17.590667724609375
2014-08-29,22.604141235351562,16.95199966430664,28.879314422607422,74.2374267578125,38.3944206237793,0.4647032618522644,17.979999542236328
2014-09-02,22.780561447143555,17.118999481201172,29.190242767333984,76.08294677734375,38.10707092285156,0.46589788794517517,18.941333770751953
2014-09-03,21.819059371948242,16.950000762939453,29.234376907348633,75.23957061767578,37.99720001220703,0.470198392868042,18.746000289916992
2014-09-04,21.63822364807129,17.297500610351562,29.413894653320312,75.35862731933594,38.25074005126953,0.4785607159137726,19.069332122802734
2014-09-05,21.8256778717041,17.319000244140625,29.643993377685547,76.65843963623047,38.80006408691406,0.4771270751953125,18.492666244506836
2014-09-08,21.691152572631836,17.117000579833984,29.83491325378418,77.28351593017578,39.273353576660156,0.4728265106678009,18.80733299255371
2014-09-09,21.609556198120117,16.487499237060547,29.355871200561523,76.07300567626953,39.51842498779297,0.46685361862182617,18.565332412719727
2014-09-10,22.273347854614258,16.566499710083008,29.427780151367188,76.82710266113281,39.586055755615234,0.4685259163379669,18.739999771118164
2014-09-11,22.368175506591797,16.525999069213867,29.3132266998291,77.31327819824219,39.72127914428711,0.46374762058258057,18.687332153320312
2014-09-12,22.418893814086914,16.559499740600586,29.005273818969727,76.87671661376953,39.46772384643555,0.4568187892436981,18.613332748413086
2014-09-15,22.412275314331055,16.194499969482422,28.843610763549805,73.99928283691406,39.078975677490234,0.4506068229675293,16.923999786376953
2014-09-16,22.242473602294922,16.38800048828125,29.19767951965332,75.48760223388672,39.51842498779297,0.4572967290878296,17.382667541503906
2014-09-17,22.401254653930664,16.200000762939453,29.42133140563965,75.83489990234375,39.31559753417969,0.4575355350971222,17.42533302307129
2014-09-18,22.44756507873535,16.25,29.618701934814453,76.40044403076172,39.45082092285156,0.46446433663368225,17.58799934387207
2014-09-19,22.264528274536133,16.56599998474121,30.02187156677246,77.30335998535156,40.16075134277344,0.4558631181716919,17.288000106811523
2014-09-22,22.28658103942871,16.225000381469727,29.618701934814453,76.2020034790039,39.771976470947266,0.45132365822792053,16.66866683959961
2014-09-23,22.6350154876709,16.181499481201172,29.316696166992188,77.68041229248047,39.34941101074219,0.4494122266769409,16.694000244140625
2014-09-24,22.438743591308594,16.410499572753906,29.675729751586914,77.928466796875,39.78889465332031,0.452040433883667,16.80933380126953
2014-09-25,21.583093643188477,16.096500396728516,29.022628784179688,76.61873626708984,38.90993881225586,0.4422445595264435,16.463333129882812
2014-09-26,22.218215942382812,16.160499572753906,29.154041290283203,78.17652130126953,39.22265625,0.4432002305984497,16.440000534057617
2014-09-29,22.077075958251953,16.090999603271484,29.149580001831055,78.38487243652344,39.24800109863281,0.44248348474502563,16.35066795349121
2014-09-30,22.218215942382812,16.121999740600586,29.179332733154297,78.424560546875,39.18039321899414,0.44081106781959534,16.178667068481445
2014-10-01,21.871984481811523,15.873000144958496,28.743932723999023,75.9539566040039,38.791629791259766,0.43651044368743896,16.016000747680664
2014-10-02,22.030763626098633,15.920499801635742,28.805923461914062,76.47982788085938,38.673309326171875,0.4345989525318146,16.761333465576172
2014-10-03,21.96901512145996,16.136999130249023,29.072216033935547,76.83702850341797,38.952205657958984,0.4355546534061432,17.013999938964844
2014-10-06,21.96901512145996,16.110000610351562,29.148090362548828,76.95609283447266,38.952205657958984,0.43292659521102905,17.374666213989258
2014-10-07,21.777164459228516,15.848999977111816,28.469701766967773,75.69597625732422,38.478919982910156,0.42838695645332336,17.30466651916504
2014-10-08,22.22924041748047,16.135000228881836,28.9477481842041,76.91638946533203,39.535335540771484,0.4362715482711792,17.28533363342285
2014-10-09,22.277755737304688,15.768500328063965,28.306547164916992,75.31893920898438,38.74937438964844,0.4279092252254486,17.134000778198242
2014-10-10,22.21380615234375,15.569499969482422,27.531949996948242,72.34230041503906,37.21123123168945,0.40258345007896423,15.793999671936035
2014-10-13,22.01091957092285,15.322500228881836,27.014225006103516,72.42166900634766,36.89007568359375,0.40115001797676086,14.97266674041748
2014-10-14,21.777164459228516,15.415499687194824,27.209613800048828,73.0169906616211,36.957679748535156,0.4104679524898529,15.137332916259766
2014-10-15,21.51032257080078,15.298500061035156,26.81487464904785,72.63996887207031,36.52665710449219,0.41667991876602173,15.313332557678223
2014-10-16,21.228044509887695,15.142999649047852,26.62593650817871,72.06448364257812,36.12099838256836,0.4169188439846039,15.09000015258789
2014-10-17,21.538991928100586,15.182000160217285,25.934154510498047,75.35862731933594,36.87316131591797,0.41620197892189026,15.165332794189453
2014-10-20,21.999895095825195,15.310500144958496,26.40079689025879,76.3508529663086,37.25347900390625,0.41978585720062256,15.364666938781738
2014-10-21,22.597522735595703,15.766500473022461,26.68098258972168,78.07730102539062,37.92958450317383,0.4377049207687378,15.689332962036133
2014-10-22,22.712200164794922,15.648500442504883,26.91206932067871,77.7597885131836,37.50701904296875,0.42743146419525146,15.40666675567627
2014-10-23,23.117971420288086,15.659000396728516,27.455581665039062,79.41678619384766,38.04790496826172,0.4369882643222809,15.685999870300293
2014-10-24,23.203977584838867,14.352999687194824,27.22002601623535,80.04186248779297,38.98601531982422,0.44152772426605225,15.682666778564453
2014-10-27,23.179718017578125,14.498499870300293,27.26862335205078,79.6549072265625,38.80006408691406,0.441766619682312,14.777999877929688
2014-10-28,23.539180755615234,14.779500007629395,27.717914581298828,80.1410903930664,39.29026412963867,0.45227932929992676,16.184667587280273
2014-10-29,23.6715030670166,14.706000328063965,27.69361114501953,75.26932525634766,39.40011978149414,0.4494122266769409,15.873332977294922
2014-10-30,23.592098236083984,14.953499794006348,27.78386878967285,73.53295135498047,38.91838455200195,0.4465450644493103,15.910667419433594
2014-10-31,23.81704330444336,15.27299976348877,28.160749435424805,74.40609741210938,39.67901611328125,0.46685361862182617,16.113332748413086
2014-11-03,24.125778198242188,15.28600025177002,27.95743179321289,73.30474853515625,40.093135833740234,0.47473788261413574,16.172666549682617
2014-11-04,23.949359893798828,15.14050006866455,27.978256225585938,75.17012023925781,40.20299530029297,0.48094987869262695,15.928667068481445
2014-11-05,24.00670051574707,14.826000213623047,27.56964111328125,74.24735260009766,40.44808578491211,0.48094987869262695,15.39799976348877
2014-11-06,24.075355529785156,14.831999778747559,27.358383178710938,74.67401123046875,41.157997131347656,0.4831002354621887,16.08133316040039
2014-11-07,24.144014358520508,14.993000030517578,27.36482810974121,75.01133728027344,41.14109802246094,0.4728265106678009,16.01333236694336
2014-11-10,24.10415267944336,15.255499839782715,27.682703018188477,74.416015625,41.318572998046875,0.4783218502998352,16.1286678314209
2014-11-11,24.29684066772461,15.600500106811523,27.834449768066406,74.02906036376953,41.30167007446289,0.47258761525154114,16.738666534423828
2014-11-12,24.6401424407959,15.575499534606934,27.683692932128906,74.13819885253906,41.225616455078125,0.46948158740997314,16.606666564941406
2014-11-13,24.987873077392578,15.824000358581543,27.593935012817383,73.67185974121094,41.92707061767578,0.46709248423576355,16.780000686645508
2014-11-14,25.289093017578125,16.391000747680664,27.531949996948242,74.29695892333984,41.9017333984375,0.4728265106678009,17.245332717895508
2014-11-17,25.247011184692383,16.15250015258789,27.10795783996582,73.66193389892578,41.800296783447266,0.4706761837005615,16.93199920654297
2014-11-18,25.57480812072754,16.24650001525879,27.00232696533203,73.76115417480469,41.45162582397461,0.4819054901599884,17.18000030517578
2014-11-19,25.39762306213379,16.32699966430664,27.135725021362305,72.75901794433594,41.00935745239258,0.4801061451435089,16.516000747680664
2014-11-20,25.76085662841797,16.527000427246094,26.965133666992188,73.02690887451172,41.417579650878906,0.4880237281322479,16.58066749572754
2014-11-21,25.796293258666992,16.631500244140625,27.070758819580078,73.1757583618164,40.80524444580078,0.4906631410121918,16.185333251953125
2014-11-24,26.274696350097656,16.781999588012695,27.149608612060547,73.4337387084961,40.47357177734375,0.49378207325935364,16.447999954223633
2014-11-25,26.04656982421875,16.75200080871582,27.236392974853516,75.04112243652344,40.37151336669922,0.4935424029827118,16.53933334350586
2014-11-26,26.35664939880371,16.678499221801758,27.162004470825195,77.01561737060547,40.609649658203125,0.5019400119781494,16.562667846679688
2014-11-28,26.341144561767578,16.93199920654297,27.22895622253418,77.09497833251953,40.66067886352539,0.503139853477478,16.301332473754883
2014-12-01,25.486209869384766,16.299999237060547,26.76131820678711,74.51524353027344,41.349552154541016,0.49378207325935364,15.442667007446289
2014-12-02,25.388761520385742,16.315500259399414,26.708755493164062,74.8724365234375,41.21347427368164,0.4945021867752075,15.428667068481445
2014-12-03,25.67669105529785,15.824999809265137,26.628414154052734,74.29695892333984,40.89030075073242,0.5072184801101685,15.286666870117188
2014-12-04,25.579235076904297,15.846500396728516,26.906618118286133,74.65414428710938,41.53665542602539,0.5026599168777466,15.218667030334473
2014-12-05,25.47071075439453,15.631500244140625,26.187562942504883,75.76544189453125,41.17946243286133,0.5055390000343323,14.913999557495117
2014-12-08,24.89484977722168,15.331999778747559,26.31897735595703,75.92418670654297,40.56713104248047,0.49906086921691895,14.290666580200195
2014-12-09,25.275802612304688,15.625,26.585769653320312,76.24168395996094,40.47357177734375,0.49738121032714844,14.459333419799805
2014-12-10,24.79517936706543,15.291999816894531,26.185579299926758,75.58683776855469,39.88676452636719,0.4863443374633789,13.989333152770996
2014-12-11,24.722091674804688,15.368000030517578,26.387405395507812,77.12476348876953,40.11637878417969,0.4861045777797699,13.925333023071289
2014-12-12,24.303483963012695,15.366000175476074,25.86175537109375,77.22396850585938,39.92927551269531,0.47098860144615173,13.800000190734863
2014-12-15,23.971269607543945,15.303500175476074,25.580577850341797,76.3905258178711,39.691131591796875,0.4695490896701813,13.602666854858398
2014-12-16,23.643465042114258,14.753000259399414,24.70382308959961,74.10845184326172,38.40692138671875,0.4642704725265503,13.187333106994629
2014-12-17,24.232606887817383,14.944000244140625,25.114925384521484,75.51738739013672,38.90022659301758,0.4832252264022827,13.721332550048828
2014-12-18,24.950225830078125,14.886500358581543,25.52008056640625,77.78953552246094,40.4140510559082,0.48514479398727417,14.550666809082031
2014-12-19,24.757526397705078,14.994999885559082,25.78885841369629,79.25801086425781,40.533119201660156,0.4899432957172394,14.619333267211914
2014-12-22,25.01445198059082,15.32699966430664,26.396831512451172,80.8157958984375,40.80524444580078,0.4985809326171875,14.84000015258789
2014-12-23,24.925857543945312,15.314499855041504,26.71767807006836,79.98235321044922,41.20497131347656,0.4954617917537689,14.731332778930664
2014-12-24,24.8084716796875,15.15149974822998,26.626434326171875,80.1410903930664,40.94132614135742,0.4935424029827118,14.817333221435547
2014-12-26,25.247011184692383,15.454500198364258,26.854053497314453,80.1510238647461,40.72021484375,0.4940221905708313,15.187999725341797
2014-12-29,25.22929573059082,15.60200023651123,26.645278930664062,79.39692687988281,40.35450744628906,0.49330246448516846,15.047332763671875
2014-12-30,24.921428680419922,15.515000343322754,26.54460906982422,78.6031723022461,39.98881149291992,0.4887436628341675,14.815333366394043
2014-12-31,24.44745445251465,15.517499923706055,26.315502166748047,77.41250610351562,39.50404357910156,0.4810658097267151,14.827333450317383
2015-01-02,24.214895248413086,15.425999641418457,26.260459899902344,77.83914947509766,39.767696380615234,0.482985258102417,14.620667457580566
2015-01-05,23.53272247314453,15.10949993133545,25.760093688964844,76.58898162841797,39.40199279785156,0.4748275578022003,14.005999565124512
2015-01-06,23.53493309020996,14.76449966430664,25.12434959411621,75.55707550048828,38.823665618896484,0.46043160557746887,14.085332870483398
2015-01-07,23.864952087402344,14.920999526977539,25.050458908081055,75.55707550048828,39.31694412231445,0.45923206210136414,14.063332557678223
2015-01-08,24.781896591186523,15.02299976348877,25.137739181518555,77.57127380371094,40.47357177734375,0.4765070974826813,14.041333198547363
2015-01-09,24.8084716796875,14.846500396728516,24.830774307250977,77.13468170166016,40.13338088989258,0.47842657566070557,13.77733325958252
2015-01-12,24.197166442871094,14.570500373840332,24.649272918701172,76.12263488769531,39.6316032409668,0.4724281430244446,13.480667114257812
2015-01-13,24.412015914916992,14.737000465393066,24.88433074951172,75.854736328125,39.42750549316406,0.47170841693878174,13.616666793823242
2015-01-14,24.318988800048828,14.66349983215332,25.089139938354492,75.68606567382812,39.087318420410156,0.4736279845237732,12.845999717712402
2015-01-15,23.658964157104492,14.34749984741211,24.993928909301758,73.47342681884766,38.6790885925293,0.4702688455581665,12.791333198547363
2015-01-16,23.47513771057129,14.536999702453613,25.313779830932617,74.5946273803711,39.3254508972168,0.47890642285346985,12.871333122253418
2015-01-20,24.079782485961914,14.472000122070312,25.287994384765625,75.64635467529297,39.4530143737793,0.48034605383872986,12.795332908630371
2015-01-21,24.263620376586914,14.862500190734863,25.806211471557617,76.14247131347656,39.05329513549805,0.48706409335136414,13.104666709899902
2015-01-22,24.89484977722168,15.515999794006348,26.6447811126709,77.04537963867188,40.08237075805664,0.4954617917537689,13.441332817077637
2015-01-23,25.02330780029297,15.619500160217285,26.875377655029297,77.22396850585938,40.1248779296875,0.49690136313438416,13.419333457946777
2015-01-26,25.04988670349121,15.482999801635742,26.616018295288086,76.89655303955078,39.980308532714844,0.4947420358657837,13.770000457763672
2015-01-27,24.172815322875977,15.337499618530273,25.845882415771484,75.18994140625,36.28078079223633,0.47098860144615173,13.732000350952148
2015-01-28,25.53937339782715,15.195500373840332,25.411474227905273,75.64635467529297,35.030609130859375,0.46331071853637695,13.291333198547363
2015-01-29,26.334495544433594,15.58899974822998,25.451147079467773,77.39266204833984,35.72799301147461,0.4745875895023346,13.680000305175781
2015-01-30,25.949119567871094,17.726499557495117,26.657180786132812,75.31893920898438,34.358734130859375,0.4606715440750122,13.573332786560059
2015-02-02,26.274696350097656,18.223499298095703,26.391874313354492,74.40609741210938,35.107139587402344,0.47074875235557556,14.062666893005371
2015-02-03,26.27912712097168,18.177499771118164,26.446420669555664,74.81289672851562,35.37929916381836,0.48250532150268555,14.557332992553711
2015-02-04,26.480676651000977,18.237499237060547,26.089372634887695,75.04112243652344,35.583412170410156,0.4837051033973694,14.569999694824219
2015-02-05,26.66968536376953,18.694499969482422,26.274341583251953,75.02127075195312,36.10219955444336,0.49162277579307556,14.732666969299316
2015-02-06,26.445104598999023,18.714000701904297,26.475183486938477,73.89014434814453,36.06816864013672,0.4894634485244751,14.490667343139648
2015-02-09,26.620763778686523,18.527999877929688,26.2470703125,73.86038970947266,36.025638580322266,0.4889836013317108,14.498666763305664
2015-02-10,27.13218879699707,18.649999618530273,26.786605834960938,74.60455322265625,36.2297477722168,0.5026599168777466,14.419333457946777
2015-02-11,27.76813316345215,18.756999969482422,26.679492950439453,75.91427612304688,36.04265213012695,0.4993007183074951,14.186667442321777
2015-02-12,28.119462966918945,18.85849952697754,27.07671356201172,75.63644409179688,36.6464958190918,0.5350508093833923,13.525333404541016
2015-02-13,28.25732421875,19.09149932861328,27.33209991455078,75.15025329589844,37.309844970703125,0.5352906584739685,13.584667205810547
2015-02-17,28.424097061157227,18.771499633789062,27.027122497558594,75.01133728027344,37.32697677612305,0.5369702577590942,13.623332977294922
2015-02-18,28.621992111206055,18.668500900268555,26.910091400146484,76.11270904541016,37.28415298461914,0.5307319760322571,13.630666732788086
2015-02-19,28.561954498291016,18.950000762939453,27.09853172302246,78.8016128540039,37.25845718383789,0.5321714878082275,14.11400032043457
2015-02-20,28.795434951782227,19.183000564575195,26.867935180664062,79.2778549194336,37.56680679321289,0.5360103249549866,14.473999977111816
2015-02-23,29.57369041442871,19.006999969482422,26.530723571777344,78.22610473632812,37.815189361572266,0.5316916108131409,13.822667121887207
2015-02-24,29.38912582397461,18.929500579833984,26.71173095703125,77.83914947509766,37.7637939453125,0.5373517274856567,13.607333183288574
2015-02-25,28.637557983398438,19.26849937438965,27.14217185974121,78.94052124023438,37.67815017700195,0.5332573056221008,13.583999633789062
2015-02-26,29.000011444091797,19.239999771118164,27.735267639160156,79.78389739990234,37.73811340332031,0.5347026586532593,13.812666893005371
2015-02-27,28.564180374145508,19.007999420166016,27.90089988708496,78.35511016845703,37.55823516845703,0.5313301682472229,13.555999755859375
2015-03-02,28.704259872436523,19.283000946044922,28.515321731567383,79.12903594970703,37.583919525146484,0.54433673620224,13.155332565307617
2015-03-03,28.764307022094727,19.230499267578125,28.7022762298584,78.98021697998047,37.07001495361328,0.5342206358909607,13.303999900817871
2015-03-04,28.581966400146484,19.13599967956543,28.679466247558594,80.27008056640625,36.881595611572266,0.5402420163154602,13.496000289916992
2015-03-05,28.10834503173828,19.39150047302246,28.833194732666016,80.57766723632812,36.92441177368164,0.5505990982055664,13.375332832336426
2015-03-06,28.15059471130371,19.004499435424805,28.41019058227539,79.38700866699219,36.28202819824219,0.543132483959198,12.925333023071289
2015-03-09,28.27066993713379,18.92799949645996,28.469701766967773,78.82145690917969,36.701717376708984,0.5445775985717773,12.725333213806152
2015-03-10,27.68586540222168,18.475500106811523,27.763038635253906,76.9461669921875,35.999385833740234,0.553970992565155,12.687999725341797
2015-03-11,27.181108474731445,18.318500518798828,27.556743621826172,76.96601867675781,35.95655059814453,0.551080584526062,12.916000366210938
2015-03-12,27.672515869140625,18.711999893188477,27.828500747680664,78.31542205810547,35.13430404663086,0.5460225343704224,12.73799991607666
2015-03-13,27.48129653930664,18.52899932861328,27.423343658447266,77.44227600097656,35.442630767822266,0.5467453002929688,12.578666687011719
2015-03-16,27.7836971282959,18.667499542236328,27.851804733276367,77.46211242675781,35.5968132019043,0.5532482862472534,13.046667098999023
2015-03-17,28.248430252075195,18.59600067138672,27.651958465576172,78.74208068847656,35.71671676635742,0.5599924325942993,12.982000350952148
2015-03-18,28.566408157348633,18.756999969482422,28.075952529907227,80.2800064086914,36.401947021484375,0.5508400201797485,13.380666732788086
2015-03-19,28.35072135925293,18.66200065612793,27.952472686767578,82.10567474365234,36.222068786621094,0.5592696666717529,13.043333053588867
2015-03-20,27.994937896728516,18.92449951171875,28.015945434570312,83.14750671386719,36.7274169921875,0.5652911067008972,13.20533275604248
2015-03-23,28.286230087280273,18.75550079345703,28.036775588989258,83.7725830078125,36.71027374267578,0.5469861030578613,13.308667182922363
2015-03-24,28.17060089111328,18.704500198364258,28.640289306640625,84.64573669433594,36.74454879760742,0.5395197868347168,13.447999954223633
2015-03-25,27.434595108032227,18.54800033569336,28.11760711669922,82.27435302734375,35.51115036010742,0.5067629814147949,12.953332901000977
2015-03-26,27.62582015991211,18.36750030517578,27.950984954833984,82.36366271972656,35.297027587890625,0.5050769448280334,12.694000244140625
2015-03-27,27.405691146850586,18.527999877929688,27.64898109436035,82.6513900756836,35.091468811035156,0.5149519443511963,12.333333015441895
2015-03-30,28.09945297241211,18.72949981689453,27.827009201049805,82.55216979980469,35.0828971862793,0.5171197056770325,12.704667091369629
2015-03-31,27.66807746887207,18.604999542236328,27.507648468017578,81.5798110961914,34.82595443725586,0.504113495349884,12.584667205810547
2015-04-01,27.628047943115234,18.51300048828125,27.249286651611328,81.03409576416016,34.87733459472656,0.5060403943061829,12.505999565124512
2015-04-02,27.865970611572266,18.612499237060547,26.843639373779297,80.92494201660156,34.5090446472168,0.5072447061538696,12.733332633972168
2015-04-06,28.31736183166504,18.851999282836914,26.97455596923828,81.798095703125,35.58824157714844,0.5219370126724243,13.539999961853027
2015-04-07,28.019397735595703,18.720500946044922,27.019681930541992,81.67902374267578,35.57111358642578,0.5265132784843445,13.550000190734863
2015-04-08,27.928232192993164,19.059999465942383,27.21704864501953,81.63934326171875,35.476905822753906,0.530366837978363,13.844667434692383
2015-04-09,28.141698837280273,19.177000045776367,27.1763858795166,81.53018188476562,35.528297424316406,0.5426506996154785,14.005999565124512
2015-04-10,28.261770248413086,19.13249969482422,27.202173233032227,81.40120697021484,35.73387145996094,0.5481902360916138,14.0600004196167
2015-04-13,28.2061824798584,19.118000030517578,27.207130432128906,82.36366271972656,35.76810836791992,0.543132483959198,13.985333442687988
2015-04-14,28.08388900756836,19.25550079345703,26.76776695251465,82.86969757080078,35.673892974853516,0.5385560393333435,13.830666542053223
2015-04-15,28.190616607666016,19.172500610351562,26.83024787902832,82.06599426269531,36.19636535644531,0.5450591444969177,13.85533332824707
2015-04-16,28.05497932434082,19.302000045776367,26.953231811523438,81.66909790039062,36.110721588134766,0.5416871309280396,13.779999732971191
2015-04-17,27.739233016967773,18.777999877929688,26.418649673461914,80.1510238647461,35.64821243286133,0.5347026586532593,13.78600025177002
2015-04-20,28.37294578552246,19.475500106811523,27.003314971923828,82.44303894042969,36.753116607666016,0.5320529341697693,13.684666633605957
2015-04-21,28.219526290893555,19.55900001525879,26.92347526550293,82.96891021728516,36.521846771240234,0.5313301682472229,13.96066665649414
2015-04-22,28.599754333496094,19.489999771118164,27.233909606933594,83.97103881835938,36.82162857055664,0.5373517274856567,14.629332542419434
2015-04-23,28.833236694335938,19.499500274658203,27.644515991210938,81.76831817626953,37.12141799926758,0.5351839661598206,14.573332786560059
2015-04-24,28.968870162963867,22.2549991607666,28.447879791259766,80.89517974853516,41.00143814086914,0.530608057975769,14.562000274658203
2015-04-27,29.4958553314209,21.92799949645996,28.073970794677734,81.272216796875,41.13846969604492,0.5347026586532593,15.436667442321777
2015-04-28,29.031137466430664,21.465499877929688,27.987186431884766,80.05179595947266,42.1063232421875,0.5373517274856567,15.36533260345459
2015-04-29,28.604204177856445,21.4685001373291,27.839406967163086,79.84342956542969,42.020694732666016,0.5332573056221008,15.49666690826416
2015-04-30,27.828168869018555,21.089000701904297,27.213577270507812,78.15666198730469,41.66096115112305,0.5347026586532593,15.069999694824219
2015-05-01,28.673133850097656,21.14349937438965,27.33209991455078,78.37496185302734,41.67807388305664,0.5479496121406555,15.0686674118042
2015-05-04,28.617549896240234,21.152000427246094,27.41541290283203,78.19635772705078,41.3183479309082,0.5445775985717773,15.36733341217041
2015-05-05,27.972705841064453,21.059499740600586,26.929428100585938,76.95609283447266,40.77016067504883,0.530608057975769,15.529999732971191
2015-05-06,27.797040939331055,20.954999923706055,26.53469467163086,77.49188232421875,39.63956832885742,0.5322938561439514,15.362000465393066
2015-05-07,27.968969345092773,21.3439998626709,26.879838943481445,77.81930541992188,39.99930953979492,0.5416871309280396,15.786666870117188
2015-05-08,28.495933532714844,21.684499740600586,27.22250747680664,77.89868927001953,40.89865493774414,0.5017048716545105,15.77400016784668
2015-05-11,28.205659866333008,21.642499923706055,27.065305709838867,77.402587890625,40.573177337646484,0.49688786268234253,15.965999603271484
2015-05-12,28.105178833007812,21.551000595092773,26.7156925201416,76.85686492919922,40.55604934692383,0.5017048716545105,16.31599998474121
2015-05-13,28.136438369750977,21.3435001373291,26.753381729125977,77.82923889160156,40.795860290527344,0.5045953392982483,16.211999893188477
2015-05-14,28.79290008544922,21.61400032043457,27.234905242919922,80.73641967773438,41.729469299316406,0.5127843022346497,16.273332595825195
2015-05-15,28.752716064453125,21.299999237060547,27.100509643554688,79.79381561279297,41.36973571777344,0.513025164604187,16.589332580566406
2015-05-18,29.06978416442871,21.261999130249023,27.10944175720215,80.25022888183594,41.121337890625,0.512302815914154,16.583332061767578
2015-05-19,29.04298210144043,21.085500717163086,27.238872528076172,80.00218200683594,41.017879486083984,0.5091086030006409,16.47599983215332
2015-05-20,29.040754318237305,21.19300079345703,27.399044036865234,79.92281341552734,41.017879486083984,0.5091086030006409,16.290000915527344
2015-05-21,29.337732315063477,21.581499099731445,27.61228370666504,79.85336303710938,40.87996292114258,0.505479097366333,16.374666213989258
2015-05-22,29.594505310058594,21.381500244140625,27.498722076416016,79.91287994384766,40.43168640136719,0.5047529935836792,16.51533317565918
2015-05-26,28.9425106048584,21.273500442504883,27.135225296020508,78.7123031616211,40.16443634033203,0.5016075968742371,16.497333526611328
2015-05-27,29.48286247253418,21.570999145507812,27.485334396362305,79.92281341552734,41.04375457763672,0.5284663438796997,16.495332717895508
2015-05-28,29.4248046875,21.328500747680664,27.48186492919922,79.52591705322266,40.90582275390625,0.5357256531715393,16.76333236694336
2015-05-29,29.089879989624023,21.46150016784668,27.042491912841797,78.57341766357422,40.39719772338867,0.5354838967323303,16.719999313354492
2015-06-01,29.14792823791504,21.54599952697754,27.23539924621582,79.66484069824219,40.71617126464844,0.5415328145027161,16.6299991607666
2015-06-02,29.01841926574707,21.54949951171875,27.470460891723633,79.81366729736328,40.44892501831055,0.5308862328529358,16.55666732788086
2015-06-03,29.054147720336914,21.829500198364258,27.536903381347656,81.798095703125,40.38856887817383,0.5250785946846008,16.599332809448242
2015-06-04,28.884449005126953,21.538999557495117,27.358383178710938,81.41114044189453,39.96615219116211,0.5345156788825989,16.39466667175293
2015-06-05,28.72591781616211,21.34749984741211,27.251266479492188,81.50041961669922,39.7765007019043,0.5386291742324829,16.609333038330078
2015-06-08,28.53612518310547,21.174999237060547,26.951248168945312,80.04186248779297,39.42302703857422,0.5262888073921204,17.086000442504883
2015-06-09,28.451276779174805,21.27400016784668,26.885787963867188,80.04186248779297,39.35407638549805,0.5289505124092102,17.066667556762695
2015-06-10,28.777278900146484,21.53849983215332,27.403507232666016,81.520263671875,40.181671142578125,0.5195134878158569,16.713333129882812
2015-06-11,28.71251678466797,21.648500442504883,27.276559829711914,81.19283294677734,40.035125732421875,0.5250785946846008,16.76066780090332
2015-06-12,28.39545440673828,21.496000289916992,27.149112701416016,80.89517974853516,39.629947662353516,0.5108025074005127,16.71266746520996
2015-06-15,28.339632034301758,21.183500289916992,26.927444458007812,80.08155822753906,39.20751953125,0.5098344087600708,16.691999435424805
2015-06-16,28.49146270751953,21.363000869750977,27.020177841186523,80.42884063720703,39.509246826171875,0.5161255598068237,16.874666213989258
2015-06-17,28.424476623535156,21.390499114990234,27.105968475341797,81.15316009521484,39.629947662353516,0.5221751928329468,17.360666275024414
2015-06-18,28.553987503051758,21.969499588012695,27.581043243408203,82.26443481445312,40.2765007019043,0.5308862328529358,17.459333419799805
2015-06-19,28.2681827545166,21.746000289916992,27.647491455078125,81.86754608154297,39.74201965332031,0.529192328453064,17.500667572021484
2015-06-22,28.493696212768555,21.81450080871582,27.754606246948242,84.0801773071289,39.85407257080078,0.5270146131515503,17.319332122802734
2015-06-23,28.364194869995117,22.29949951171875,27.938589096069336,87.19573211669922,39.57821273803711,0.5134639739990234,17.844667434692383
2015-06-24,28.605335235595703,22.04199981689453,27.699562072753906,88.16810607910156,39.34543991088867,0.5083829760551453,17.67799949645996
2015-06-25,28.469139099121094,22.0049991607666,27.668813705444336,87.29496765136719,39.35407638549805,0.5122544169425964,17.91933250427246
2015-06-26,28.301671981811523,21.905000686645508,27.426319122314453,87.3247299194336,39.01786422729492,0.5018494725227356,17.805999755859375
2015-06-29,27.805973052978516,21.493000030517578,26.84066390991211,85.13192749023438,38.25060272216797,0.48684728145599365,17.468000411987305
2015-06-30,28.006935119628906,21.704500198364258,26.78066062927246,85.10215759277344,38.060951232910156,0.4866052269935608,17.884000778198242
2015-07-01,28.2681827545166,21.86949920654297,26.94232177734375,86.2332763671875,38.31957244873047,0.4936225414276123,17.94333267211914
2015-07-02,28.23245620727539,21.885499954223633,27.142669677734375,86.61033630371094,38.27647399902344,0.49410638213157654,18.667999267578125
2015-07-06,28.13421058654785,21.802000045776367,27.057369232177734,86.8683090209961,38.267860412597656,0.48805704712867737,18.648000717163086
2015-07-07,28.064987182617188,21.836000442504883,27.276065826416016,86.54086303710938,38.19026565551758,0.4788621962070465,17.858667373657227
2015-07-08,27.36833381652832,21.485000610351562,26.862977981567383,84.98309326171875,38.1385383605957,0.47547459602355957,16.997333526611328
2015-07-09,26.810115814208984,21.719499588012695,27.009267807006836,85.21131134033203,38.379920959472656,0.4696672558784485,17.19466781616211
2015-07-10,27.52686309814453,22.175500869750977,27.577571868896484,87.26519775390625,38.457496643066406,0.47789424657821655,17.27666664123535
2015-07-13,28.058298110961914,22.778499603271484,28.3521671295166,89.39845275878906,39.259246826171875,0.48103997111320496,17.477333068847656
2015-07-14,28.04712677001953,23.278499603271484,28.96957015991211,88.98171997070312,39.32822036743164,0.4812820255756378,17.709999084472656
2015-07-15,28.317306518554688,23.059499740600586,28.958654403686523,89.06110382080078,39.44890213012695,0.47789424657821655,17.542667388916016
2015-07-16,28.694652557373047,23.77400016784668,29.84235382080078,90.14260864257812,40.22477340698242,0.48854124546051025,17.778667449951172
2015-07-17,28.9425106048584,24.15049934387207,34.694252014160156,94.23052215576172,40.19029235839844,0.4856373369693756,18.310667037963867
2015-07-20,29.48955535888672,24.405000686645508,34.3580322265625,97.14764404296875,40.44892501831055,0.47668448090553284,18.817333221435547
2015-07-21,29.19481658935547,24.399999618530273,34.482505798339844,97.62390899658203,40.75926208496094,0.4788621962070465,17.784666061401367
2015-07-22,27.96004295349121,24.41349983215332,34.47011184692383,96.2844009399414,39.259246826171875,0.4696672558784485,17.857999801635742
2015-07-23,27.946645736694336,24.108999252319336,33.4599494934082,94.69686126708984,39.750640869140625,0.47547459602355957,17.81333351135254
2015-07-24,27.79927635192871,26.47100067138672,32.470130920410156,96.19511413574219,39.60408401489258,0.46990931034088135,17.694000244140625
2015-07-27,27.412988662719727,26.570499420166016,32.643707275390625,93.43675994873047,39.095455169677734,0.4672475755214691,16.867332458496094
2015-07-28,27.5491886138916,26.30150032043457,32.7126350402832,94.54804229736328,39.08682632446289,0.4774104356765747,17.654666900634766
2015-07-29,27.462112426757812,26.450000762939453,32.80039978027344,96.23478698730469,39.90582275390625,0.48321765661239624,17.58799934387207
2015-07-30,27.323667526245117,26.83799934387207,32.95561981201172,94.46865844726562,40.4144287109375,0.4844276010990143,17.785999298095703
2015-07-31,27.084754943847656,26.8075008392334,32.60551071166992,93.27800750732422,40.25926208496094,0.48273372650146484,17.74333381652832
2015-08-03,26.446157455444336,26.75149917602539,32.963558197021484,93.406982421875,40.354095458984375,0.49096083641052246,17.332666397094727
2015-08-04,25.597660064697266,26.594999313354492,32.792964935302734,93.3276138305664,40.98340606689453,0.49289658665657043,17.75200080871582
2015-08-05,25.767358779907227,26.850500106811523,33.3885498046875,95.6890869140625,41.017879486083984,0.4979780912399292,18.0086669921875
2015-08-06,25.82343864440918,26.472999572753906,33.23283004760742,94.3793716430664,40.19029235839844,0.49483245611190796,16.408666610717773
2015-08-07,25.910907745361328,26.131000518798828,32.94719314575195,93.56575012207031,40.29375076293945,0.5560510754585266,16.167333602905273
2015-08-10,26.852968215942383,26.200000762939453,32.88520431518555,93.41690826416016,40.8023796081543,0.575408935546875,16.076000213623047
2015-08-11,25.455581665039062,26.37299919128418,34.23207092285156,92.89104461669922,40.00925827026367,0.5725051760673523,15.824666976928711
2015-08-12,25.848106384277344,26.295499801635742,34.290096282958984,93.45661163330078,40.29375076293945,0.5739572048187256,15.878000259399414
2015-08-13,25.827924728393555,26.482999801635742,34.044124603271484,92.7025146484375,40.285133361816406,0.5691177248954773,16.167333602905273
2015-08-14,26.00959587097168,26.576000213623047,34.185951232910156,93.684814453125,40.51788330078125,0.5696017742156982,16.209999084472656
2015-08-17,26.278759002685547,26.76099967956543,34.42101287841797,93.1986312866211,40.79375457763672,0.5659719705581665,16.999332427978516
2015-08-18,26.13072395324707,26.750999450683594,34.154212951660156,94.4289779663086,41.019378662109375,0.5608205795288086,17.381332397460938
2015-08-19,25.796518325805664,26.645999908447266,34.417537689208984,94.56787109375,40.4466438293457,0.5586337447166443,17.016666412353516
2015-08-20,25.26717758178711,25.788999557495117,33.69551086425781,89.8548583984375,39.62227249145508,0.5384655594825745,16.14533233642578
2015-08-21,23.721757888793945,24.723499298095703,31.937536239624023,85.38990020751953,37.3747444152832,0.5216993093490601,15.38466739654541
2015-08-24,23.129608154296875,23.168500900268555,30.652158737182617,81.45081329345703,36.16856002807617,0.5032321214675903,14.591333389282227
2015-08-25,23.268686294555664,23.318500518798828,30.372474670410156,82.35372924804688,35.11854934692383,0.4927835464477539,14.66866683959961
2015-08-26,24.60325050354004,25.03849983215332,32.71659851074219,86.51111602783203,37.06235122680664,0.5299611687660217,14.989333152770996
2015-08-27,25.327733993530273,25.918500900268555,33.124229431152344,89.03133392333984,38.09498596191406,0.5498860478401184,16.19933319091797
2015-08-28,25.410730361938477,25.90049934387207,32.714115142822266,90.3013687133789,38.12102508544922,0.5523160696029663,16.565332412719727
2015-08-31,25.291841506958008,25.644500732421875,32.12548065185547,88.73367309570312,37.7652473449707,0.546241283416748,16.604000091552734
2015-09-01,24.1613826751709,24.82699966430664,31.219970703125,86.55078125,36.290042877197266,0.5238860845565796,15.908666610717773
2015-09-02,25.197641372680664,25.52750015258789,31.981176376342773,89.19009399414062,37.62639617919922,0.5396806597709656,16.512666702270508
2015-09-03,24.755779266357422,25.236000061035156,31.591398239135742,87.46363830566406,37.747901916503906,0.5411385297775269,16.3713321685791
2015-09-04,24.509042739868164,24.950000762939453,31.190214157104492,87.57278442382812,36.9755744934082,0.5285031199455261,16.1286678314209
2015-09-08,25.1909122467041,25.87700080871582,31.93010139465332,88.8328857421875,38.08631134033203,0.5511009693145752,16.544666290283203
2015-09-09,24.706432342529297,25.844499588012695,31.906795501708984,89.73580169677734,37.3747444152832,0.5401667356491089,16.5939998626709
2015-09-10,25.24923324584961,26.11199951171875,32.28715133666992,91.2638168334961,37.56566619873047,0.5486711263656616,16.565332412719727
2015-09-11,25.617074966430664,26.472000122070312,32.49641418457031,91.3332748413086,37.730525970458984,0.5503721833229065,16.682666778564453
2015-09-14,25.86380386352539,26.069000244140625,32.3560791015625,91.59123992919922,37.348731994628906,0.5513441562652588,16.87933349609375
2015-09-15,26.08138084411621,26.118499755859375,32.98091506958008,92.17665100097656,38.16441345214844,0.5574187636375427,16.904666900634766
2015-09-16,26.110546112060547,26.36949920654297,33.003231048583984,92.72236633300781,38.44209289550781,0.561306357383728,17.483333587646484
2015-09-17,25.55203628540039,26.943500518798828,33.30820846557617,93.60543060302734,38.39869689941406,0.5664094686508179,17.471332550048828
2015-09-18,25.44660758972168,27.01300048828125,32.775115966796875,93.66497039794922,37.730525970458984,0.5659234523773193,17.374666213989258
2015-09-21,25.84137535095215,27.41950035095215,33.07563400268555,94.80601501464844,38.27723693847656,0.5717552304267883,17.613332748413086
2015-09-22,25.435396194458008,26.920000076293945,32.392276763916016,92.23617553710938,38.09498596191406,0.5562040209770203,17.395999908447266
2015-09-23,25.641752243041992,26.803499221801758,32.39674377441406,93.2383041381836,38.0689582824707,0.5588768720626831,17.40399932861328
2015-09-24,25.794279098510742,26.6875,32.477073669433594,93.67488861083984,38.103668212890625,0.569568395614624,17.541332244873047
2015-09-25,25.729228973388672,26.212499618530273,31.74512481689453,92.04765319824219,38.12970733642578,0.5736992359161377,17.12733268737793
2015-09-28,25.22007179260254,25.202999114990234,30.956642150878906,88.51538848876953,37.56566619873047,0.5661662817001343,16.562000274658203
2015-09-29,24.461944580078125,24.803499221801758,30.875314712524414,85.99514770507812,37.695823669433594,0.5761289596557617,16.44333267211914
2015-09-30,24.74007225036621,25.594499588012695,31.656858444213867,89.20000457763672,38.40739822387695,0.5989698767662048,16.559999465942383
2015-10-01,24.578577041625977,26.035999298095703,31.836872100830078,90.24183654785156,38.71110534667969,0.5873064398765564,15.991999626159668
2015-10-02,24.758018493652344,26.62700080871582,32.58022689819336,91.35311126708984,39.544151306152344,0.6026150584220886,16.504667282104492
2015-10-05,24.847732543945312,27.18400001525879,33.3087043762207,93.27800750732422,40.4640007019043,0.6176801919937134,16.40999984741211
2015-10-06,24.966623306274414,26.874000549316406,33.30672073364258,92.07743072509766,40.56812286376953,0.6256990432739258,16.097333908081055
2015-10-07,24.847732543945312,27.097000122070312,33.22539520263672,91.68052673339844,40.61151885986328,0.6322597861289978,15.46399974822998
2015-10-08,24.56063461303711,26.658000946044922,33.07661819458008,91.74999237060547,41.17557144165039,0.6359045505523682,15.114666938781738
2015-10-09,25.148298263549805,26.989999771118164,33.28688049316406,92.51399993896484,40.88052749633789,0.6334745287895203,14.712667465209961
2015-10-12,25.031661987304688,27.50950050354004,33.54425811767578,93.52605438232422,40.78506851196289,0.6402784585952759,14.371999740600586
2015-10-13,25.074275970458984,27.44499969482422,33.87849044799805,93.38716125488281,40.68960952758789,0.641493558883667,14.616666793823242
2015-10-14,24.719886779785156,27.241500854492188,33.74162673950195,93.33753967285156,40.50739669799805,0.6648205518722534,14.458666801452637
2015-10-15,25.089984893798828,28.121999740600586,34.36695098876953,95.21282196044922,40.79375457763672,0.6665211915969849,14.753999710083008
2015-10-16,24.906055450439453,28.538000106811523,34.48101806640625,96.780517578125,41.22763442993164,0.6769697070121765,15.133999824523926
2015-10-19,25.060823440551758,28.657499313354492,34.71061706542969,97.70327758789062,41.323081970214844,0.6757550835609436,15.206666946411133
2015-10-20,25.51838493347168,28.04400062561035,33.72129440307617,96.24471282958984,41.4532585144043,0.6747830510139465,14.20199966430664
2015-10-21,25.516141891479492,27.78849983215332,33.31465148925781,96.35387420654297,40.95862579345703,0.6660353541374207,14.005999565124512
2015-10-22,25.90642547607422,28.195499420166016,33.77782440185547,98.89392852783203,41.67887496948242,0.6900911927223206,14.114666938781738
2015-10-23,26.709413528442383,29.951499938964844,35.67167663574219,101.39431762695312,45.878875732421875,0.6947083473205566,13.939332962036133
2015-10-26,25.85707664489746,30.430500030517578,36.256343841552734,102.96199798583984,47.07638168334961,0.6915493011474609,14.350666999816895
2015-10-27,25.693336486816406,30.550500869750977,36.340641021728516,102.8925552368164,46.59043502807617,0.6910631060600281,14.023332595825195
2015-10-28,26.752025604248047,30.854999542236328,36.54396057128906,103.38865661621094,46.84209060668945,0.6966522336006165,14.197333335876465
2015-10-29,27.034648895263672,31.327499389648438,36.93721389770508,104.06336212158203,46.30406951904297,0.6725960373878479,14.108667373657227
2015-10-30,26.803617477416992,31.295000076293945,36.56726837158203,101.17601776123047,45.67927551269531,0.6893622875213623,13.795332908630371
2015-11-02,27.180438995361328,31.417499542236328,37.08053207397461,102.50558471679688,46.19994354248047,0.6973810791969299,14.252667427062988
2015-11-03,27.492210388183594,31.265499114990234,37.134090423583984,101.78128814697266,46.9896125793457,0.6925213932991028,13.890000343322754
2015-11-04,27.36435890197754,32.04750061035156,37.45592498779297,103.13068389892578,47.20655822753906,0.6811007857322693,15.442000389099121
2015-11-05,27.238216400146484,32.782501220703125,37.72173309326172,107.91315460205078,47.1891975402832,0.6733251810073853,15.451333045959473
2015-11-06,27.269752502441406,32.96849822998047,37.767852783203125,106.26607513427734,47.657798767089844,0.7666332125663757,15.490667343139648
2015-11-09,27.159374237060547,32.77450180053711,37.42914962768555,105.66082000732422,46.9982795715332,0.7632312774658203,15.022000312805176
2015-11-10,26.303394317626953,32.98400115966797,37.60221481323242,107.06977081298828,46.434242248535156,0.7486520409584045,14.433333396911621
2015-11-11,26.154726028442383,33.662498474121094,37.9488525390625,108.16120910644531,46.555728912353516,0.7413623929023743,14.60533332824707
2015-11-12,26.06688117980957,33.279998779296875,37.51642990112305,107.17892456054688,46.26935577392578,0.7386892437934875,14.196000099182129
2015-11-13,25.30550193786621,32.11750030517578,36.70017623901367,103.1406021118164,45.85282897949219,0.7241097092628479,13.812666893005371
2015-11-16,25.7199764251709,32.390499114990234,37.21342849731445,103.22990417480469,46.65985870361328,0.7386892437934875,14.287332534790039
2015-11-17,25.609607696533203,32.165000915527344,36.99325180053711,104.3114242553711,46.275482177734375,0.7386892437934875,14.266667366027832
2015-11-18,26.4205265045166,33.176998138427734,37.68899917602539,106.93085479736328,47.04425048828125,0.7568607926368713,14.73799991607666
2015-11-19,26.75617027282715,33.063499450683594,37.68553161621094,105.43263244628906,47.12287139892578,0.7590559124946594,14.786666870117188
2015-11-20,26.87329864501953,33.42250061035156,38.53153610229492,106.48436737060547,47.34128952026367,0.7656415104866028,14.667332649230957
2015-11-23,26.52414894104004,33.949501037597656,38.516658782958984,106.11724853515625,47.34128952026367,0.7541776895523071,14.516667366027832
2015-11-24,26.778684616088867,33.557498931884766,38.166053771972656,104.91667175292969,47.39369201660156,0.760275661945343,14.550000190734863
2015-11-25,26.58721923828125,33.766998291015625,38.1477165222168,104.5892333984375,46.90446853637695,0.7592998147010803,15.309332847595215
2015-11-27,26.53766441345215,33.66299819946289,38.28209686279297,104.6289291381836,47.1141471862793,0.7656415104866028,15.440667152404785
2015-11-30,26.64803695678711,33.2400016784668,37.829837799072266,103.4283447265625,47.48106002807617,0.7736907005310059,15.350666999816895
2015-12-01,26.431795120239258,33.952999114990234,38.868255615234375,106.28593444824219,48.24110794067383,0.7988138794898987,15.812666893005371
2015-12-02,26.19301986694336,33.800498962402344,38.57368850708008,105.24410247802734,48.232364654541016,0.792715847492218,15.465999603271484
2015-12-03,25.949739456176758,33.3125,38.095149993896484,103.56725311279297,47.35001754760742,0.7910085320472717,15.513999938964844
2015-12-04,26.81247901916504,33.63199996948242,38.64113235473633,105.3532485961914,48.843910217285156,0.8232050538063049,15.358667373657227
2015-12-07,26.643537521362305,33.49150085449219,38.33268356323242,104.78768157958984,48.75654983520508,0.8075944185256958,15.408666610717773
2015-12-08,26.632274627685547,33.86650085449219,38.43929672241211,105.66082000732422,48.73906707763672,0.818570613861084,15.114666938781738
2015-12-09,26.044349670410156,33.239498138427734,37.81496047973633,103.7855453491211,48.031429290771484,0.797838032245636,14.968000411987305
2015-12-10,26.16823959350586,33.11600112915039,37.69047927856445,104.59915924072266,48.28477478027344,0.8044238090515137,15.137999534606934
2015-12-11,25.494722366333008,32.00749969482422,37.21342849731445,101.3248519897461,47.22771072387695,0.7924720644950867,14.468000411987305
2015-12-14,25.337039947509766,32.89550018310547,37.8144645690918,103.84507751464844,48.17121887207031,0.7944234609603882,14.571999549865723
2015-12-15,24.88877296447754,32.93199920654297,37.692970275878906,103.73593139648438,48.2236442565918,0.8041797876358032,14.739333152770996
2015-12-16,25.08024024963379,33.78850173950195,38.51120376586914,105.95848846435547,49.036094665527344,0.8090580105781555,15.633999824523926
2015-12-17,24.548635482788086,33.532501220703125,38.17597198486328,105.39292907714844,48.660438537597656,0.7968622446060181,15.559332847595215
2015-12-18,23.884126663208008,33.207000732421875,37.532291412353516,103.22990417480469,47.28886413574219,0.7839348912239075,15.36400032043457
2015-12-21,24.176956176757812,33.22549819946289,37.72817611694336,103.9542236328125,47.90039825439453,0.8024723529815674,15.503999710083008
2015-12-22,24.154434204101562,33.157501220703125,38.042083740234375,104.68846893310547,48.35467529296875,0.8032039403915405,15.329999923706055
2015-12-23,24.465288162231445,33.185001373291016,38.11051559448242,103.8153076171875,48.7652702331543,0.8063752055168152,15.313332557678223
2015-12-24,24.334640502929688,33.13949966430664,37.978111267089844,104.20227813720703,48.63423156738281,0.8090580105781555,15.371333122253418
2015-12-28,24.06207847595215,33.7599983215332,38.79138946533203,105.10519409179688,48.87885284423828,0.8083263039588928,15.263333320617676
2015-12-29,24.494571685791016,34.69850158691406,39.37258529663086,106.42481994628906,49.40301513671875,0.8214976191520691,15.812666893005371
2015-12-30,24.17470359802246,34.45349884033203,39.19108581542969,105.39292907714844,49.19335174560547,0.8144241571426392,15.87266731262207
2015-12-31,23.710670471191406,33.794498443603516,38.58162307739258,103.84507751464844,48.46826171875,0.8039358258247375,16.000667572021484
2016-01-04,23.73094367980957,31.84950065612793,37.66073226928711,101.42407989501953,47.874183654785156,0.7895448207855225,14.894000053405762
2016-01-05,23.136266708374023,31.68950080871582,37.764381408691406,101.93010711669922,48.09259033203125,0.8022287487983704,14.895333290100098
2016-01-06,22.68349266052246,31.63249969482422,37.65528106689453,102.16822814941406,47.218971252441406,0.7690565586090088,14.602666854858398
2016-01-07,21.726152420043945,30.39699935913086,36.74629211425781,97.1575698852539,45.57656478881836,0.7385675311088562,14.376667022705078
2016-01-08,21.841028213500977,30.352500915527344,36.24592590332031,96.5721435546875,45.71635818481445,0.722713053226471,14.066666603088379
2016-01-11,22.19469451904297,30.886999130249023,36.35304641723633,96.7507553100586,45.69014358520508,0.7239325046539307,13.856666564941406
2016-01-12,22.516803741455078,30.894500732421875,36.961509704589844,98.59627532958984,46.10948181152344,0.7361281514167786,13.998000144958496
2016-01-13,21.937894821166992,29.090499877929688,35.683570861816406,94.69686126708984,45.113563537597656,0.7136883735656738,13.354000091552734
2016-01-14,22.417686462402344,29.649999618530273,36.26973342895508,97.60406494140625,46.39778137207031,0.6992974877357483,13.745332717895508
2016-01-15,21.87933349609375,28.509000778198242,35.23330307006836,94.23052215576172,44.545719146728516,0.6612470746040344,13.666000366210938
2016-01-19,21.77345848083496,28.724000930786133,35.65927505493164,94.51826477050781,44.17005157470703,0.6666130423545837,13.64799976348877
2016-01-20,21.802736282348633,28.588499069213867,35.63349151611328,93.61536407470703,44.37098693847656,0.6702718734741211,13.24666690826416
2016-01-21,21.692367553710938,28.750999450683594,36.035667419433594,93.42682647705078,44.10017013549805,0.678077220916748,13.33133316040039
2016-01-22,22.845684051513672,29.819000244140625,36.96746826171875,97.17739868164062,45.68141174316406,0.6939312219619751,13.50333309173584
2016-01-25,22.399673461914062,29.826499938964844,36.38031005859375,96.254638671875,45.244598388671875,0.6931998133659363,13.092000007629395
2016-01-26,22.5235652923584,30.0625,36.38874435424805,96.58207702636719,45.57656478881836,0.700029194355011,12.904000282287598
2016-01-27,21.043615341186523,29.167499542236328,35.584896087646484,93.7145767211914,44.746646881103516,0.6917362213134766,12.538000106811523
2016-01-28,21.194541931152344,31.767499923706055,37.10830307006836,108.26043701171875,45.4804801940918,0.6841749548912048,12.646666526794434
2016-01-29,21.926631927490234,29.350000381469727,37.755455017089844,111.33628845214844,48.127532958984375,0.7144200801849365,12.74666690826416
2016-02-01,21.721641540527344,28.74049949645996,38.222591400146484,114.19386291503906,47.79555130004883,0.7146638631820679,13.129332542419434
2016-02-02,21.282398223876953,27.604999542236328,38.72543716430664,113.71759796142578,46.301673889160156,0.6844186186790466,12.185333251953125
2016-02-03,21.70362091064453,26.553499221801758,37.161861419677734,111.81254577636719,45.56782531738281,0.6878337264060974,11.565333366394043
2016-02-04,21.87801170349121,26.812999725341797,36.20228958129883,109.62967681884766,45.42805862426758,0.688077449798584,11.688667297363281
2016-02-05,21.29369354248047,25.10650062561035,34.89955520629883,103.25967407226562,43.82060623168945,0.6446608901023865,10.84000015258789
2016-02-08,21.517906188964844,24.405000686645508,34.919395446777344,98.97331237792969,43.1654052734375,0.6151475310325623,9.866000175476074
2016-02-09,21.513381958007812,24.103500366210938,34.763671875,98.76495361328125,43.051822662353516,0.6217333078384399,9.883333206176758
2016-02-10,21.350305557250977,24.52400016784668,35.05278778076172,100.21357727050781,43.42748260498047,0.6202697157859802,9.57800006866455
2016-02-11,21.22121238708496,25.19099998474121,35.02849197387695,101.11648559570312,43.410011291503906,0.6170990467071533,10.031332969665527
2016-02-12,21.286901473999023,25.354000091552734,35.054771423339844,101.2157211303711,44.11764144897461,0.6275870203971863,10.06933307647705
2016-02-16,21.887073516845703,26.05500030517578,35.58787155151367,100.81883239746094,44.95353698730469,0.6583201289176941,10.344667434692383
2016-02-17,22.22226905822754,26.704999923706055,36.29849624633789,104.38086700439453,46.123779296875,0.6746622920036316,11.245332717895508
2016-02-18,21.801013946533203,26.25,35.5814208984375,102.66434478759766,45.92142105102539,0.7327132225036621,11.118000030517578
2016-02-19,21.751190185546875,26.7450008392334,35.809532165527344,103.75577545166016,45.59584045410156,0.7424699068069458,11.10533332824707
2016-02-22,21.941425323486328,27.975000381469727,36.153690338134766,106.32561492919922,46.32616424560547,0.768812358379364,11.849332809448242
2016-02-23,21.4454345703125,27.64699935913086,35.57050704956055,104.63884735107422,45.03273010253906,0.7707638144493103,11.814000129699707
2016-02-24,21.764768600463867,27.70199966430664,35.7495231628418,106.04780578613281,45.191104888916016,0.7761297225952148,11.933333396911621
2016-02-25,21.91424560546875,27.75749969482422,36.15716552734375,107.228515625,45.84221649169922,0.7778372168540955,12.495332717895508
2016-02-26,21.948219299316406,27.761499404907227,35.94590759277344,107.07969665527344,45.13831329345703,0.7727149128913879,12.689332962036133
2016-02-29,21.898393630981445,27.625999450683594,35.56703567504883,106.08748626708984,44.76874923706055,0.7676964998245239,12.795332908630371
2016-03-01,22.768075942993164,28.95199966430664,36.8043098449707,108.96489715576172,46.26457595825195,0.8017240762710571,12.423333168029785
2016-03-02,22.817909240722656,29.010499954223633,36.67091369628906,109.09388732910156,46.59011459350586,0.80637526512146,12.555999755859375
2016-03-03,22.98777198791504,28.874500274658203,36.2796516418457,108.72677612304688,46.06218338012695,0.7992759943008423,13.049332618713379
2016-03-04,23.32975196838379,28.756999969482422,36.211708068847656,107.5460205078125,45.78062057495117,0.7968279719352722,13.402667045593262
2016-03-07,23.071565628051758,28.139999389648438,35.34785079956055,104.90674591064453,44.900733947753906,0.7916871309280396,13.685999870300293
2016-03-08,22.881324768066406,28.01300048828125,35.384056091308594,105.10519409179688,45.44626998901367,0.7772435545921326,13.506667137145996
2016-03-09,22.90169906616211,27.973499298095703,35.973182678222656,106.67288208007812,46.49332809448242,0.7767544388771057,13.914667129516602
2016-03-10,22.913022994995117,27.946500778198242,36.30841064453125,106.48436737060547,45.798221588134766,0.7755301594734192,13.678667068481445
2016-03-11,23.159889221191406,28.480499267578125,36.938209533691406,108.55809783935547,46.69572067260742,0.7887494564056396,13.833333015441895
2016-03-14,23.218774795532227,28.668500900268555,37.20450973510742,109.03433990478516,46.78369140625,0.7907080054283142,14.34333324432373
2016-03-15,23.68532943725586,28.85099983215332,37.22087478637695,109.80828094482422,47.15324401855469,0.7867910265922546,14.555999755859375
2016-03-16,24.000133514404297,28.713499069213867,37.557586669921875,111.30652618408203,47.82196044921875,0.81029212474823,14.795332908630371
2016-03-17,23.96163558959961,27.972000122070312,37.61312484741211,110.15556335449219,48.09473419189453,0.8034378290176392,15.092000007629395
2016-03-18,23.988811492919922,27.604000091552734,37.460880279541016,110.58221435546875,47.06527328491211,0.8276728987693787,15.515999794006348
2016-03-21,23.986541748046875,27.698999404907227,37.795623779296875,110.9791030883789,47.39082717895508,0.8301212787628174,15.887999534606934
2016-03-22,24.16999053955078,28.02400016784668,37.69097900390625,111.3759765625,47.57559585571289,0.8286523818969727,15.616000175476074
2016-03-23,24.036375045776367,28.48150062561035,37.567501068115234,111.6637191772461,47.48761749267578,0.8428505659103394,14.838666915893555
2016-03-24,23.93218421936035,29.147499084472656,37.4326171875,112.16975402832031,47.69879150390625,0.8440746068954468,15.183333396911621
2016-03-28,23.823482513427734,28.993499755859375,37.35525894165039,112.80477142333984,47.1092643737793,0.8526425361633301,15.350666999816895
2016-03-29,24.38741683959961,29.69300079345703,37.980587005615234,115.2356948852539,48.138729095458984,0.866351842880249,15.342000007629395
2016-03-30,24.813199996948242,29.934499740600586,38.102088928222656,113.80690002441406,48.437889099121094,0.8754091858863831,15.12600040435791
2016-03-31,24.68410301208496,29.68199920654297,37.83231735229492,113.21158599853516,48.59626388549805,0.8722267150878906,15.317999839782715
2016-04-01,24.91059112548828,29.924999237060547,38.16804504394531,115.15630340576172,48.89543151855469,0.884956419467926,15.839332580566406
2016-04-04,25.16651153564453,29.659500122070312,37.942413330078125,111.67364501953125,48.77226257324219,0.876388430595398,16.465999603271484
2016-04-05,24.86981773376465,29.30699920654297,37.61759567260742,111.34622192382812,48.006752014160156,0.8751643300056458,17.031333923339844
2016-04-06,25.13027572631836,30.104000091552734,38.08870315551758,112.8246078491211,48.499488830566406,0.876388430595398,17.69466781616211
2016-04-07,24.582189559936523,29.571500778198242,37.694454193115234,112.7551498413086,47.91875457763672,0.86733078956604,17.14666748046875
2016-04-08,24.609363555908203,29.729999542236328,37.66222381591797,109.76858520507812,47.883575439453125,0.8729612231254578,16.67133331298828
2016-04-11,24.690900802612305,29.796499252319336,37.56650924682617,108.141357421875,47.786781311035156,0.8783469796180725,16.661333084106445
2016-04-12,25.01250648498535,30.15850067138672,37.902732849121094,109.7487564086914,48.085933685302734,0.8773676156997681,16.521333694458008
2016-04-13,25.374874114990234,30.740999221801758,38.27912521362305,109.64952850341797,48.70186233520508,0.8993996977806091,16.968666076660156
2016-04-14,25.38846206665039,31.037500381469727,38.451698303222656,109.97695922851562,48.710670471191406,0.9018478393554688,16.790666580200195
2016-04-15,24.878877639770508,31.29450035095215,38.6803092956543,108.78629302978516,48.96582794189453,0.9089468717575073,16.96733283996582
2016-04-18,24.342124938964844,31.767499923706055,39.061161041259766,109.58999633789062,49.67853927612305,0.9050303101539612,16.92533302307129
2016-04-19,24.21302604675293,31.395000457763672,38.494346618652344,111.41566467285156,49.6169548034668,0.8888731598854065,16.4913330078125
2016-04-20,24.26285171508789,31.649499893188477,38.42838668823242,111.54466247558594,48.913028717041016,0.8923004865646362,16.6646671295166
2016-04-21,24.000133514404297,31.549999237060547,38.6803092956543,112.55672454833984,49.08020782470703,0.8913211226463318,16.55266761779785
2016-04-22,23.9344539642334,31.024999618530273,36.586116790771484,109.69913482666016,45.560665130615234,0.8878942131996155,16.916667938232422
2016-04-25,23.79856300354004,31.309999465942383,36.80630111694336,109.24272155761719,45.851016998291016,0.8923004865646362,16.788000106811523
2016-04-26,23.633235931396484,30.8439998626709,35.9712028503418,107.91315460205078,45.26150131225586,0.893034815788269,16.916000366210938
2016-04-27,22.154315948486328,30.328500747680664,35.777305603027344,108.0421371459961,44.82155227661133,0.913353443145752,16.764667510986328
2016-04-28,21.47715187072754,30.100000381469727,34.96402359008789,115.82109832763672,43.90646743774414,0.8861802816390991,16.513999938964844
2016-04-29,21.23027801513672,32.97949981689453,35.1038703918457,116.66449737548828,43.88006591796875,0.8697788119316101,16.05066680908203
2016-05-02,21.207632064819336,34.192501068115234,35.42769241333008,117.64676666259766,44.531185150146484,0.881284236907959,16.1200008392334
2016-05-03,21.55640983581543,33.566001892089844,35.13163375854492,116.51565551757812,43.800872802734375,0.8707578182220459,15.48799991607666
2016-05-04,21.332197189331055,33.54499816894531,35.27693557739258,117.14073181152344,43.88006591796875,0.8509292006492615,14.837332725524902
2016-05-05,21.24560546875,32.954498291015625,35.442569732666016,116.89268493652344,43.941654205322266,0.8560696840286255,14.10200023651123
2016-05-06,21.127124786376953,33.6974983215332,35.96177673339844,118.55960083007812,44.33761215209961,0.8648826479911804,14.328666687011719
2016-05-09,21.143068313598633,33.98749923706055,36.157657623291016,118.3115463256836,44.0560417175293,0.8636587858200073,13.928000450134277
2016-05-10,21.286617279052734,35.153499603271484,36.66596221923828,119.56175231933594,44.89194107055664,0.8803049921989441,13.912667274475098
2016-05-11,21.07927131652832,35.6614990234375,36.22807312011719,118.58937072753906,44.918338775634766,0.8827531933784485,13.93066692352295
2016-05-12,20.584815979003906,35.89649963378906,36.1050910949707,119.34344482421875,45.32307052612305,0.8707578182220459,13.8186674118042
2016-05-13,20.62583351135254,35.49599838256836,35.944419860839844,118.87712097167969,44.944725036621094,1.0031956434249878,13.840666770935059
2016-05-16,21.391437530517578,35.53300094604492,36.215675354003906,117.74598693847656,45.60464859008789,1.0328164100646973,13.88599967956543
2016-05-17,21.30257225036621,34.76350021362305,35.714324951171875,116.43627166748047,44.75404357910156,1.035019874572754,13.644000053405762
2016-05-18,21.546382904052734,34.872501373291016,35.79316711425781,116.73393249511719,45.01986312866211,1.0614579916000366,14.07800006866455
2016-05-19,21.464357376098633,34.92599868774414,35.47232437133789,115.90047454833984,44.585693359375,1.066109538078308,14.347332954406738
2016-05-20,21.696775436401367,35.13999938964844,35.789695739746094,116.43627166748047,44.851497650146484,1.085204005241394,14.685333251953125
2016-05-23,21.972476959228516,34.837501525878906,35.56852722167969,115.0670166015625,44.32874298095703,1.086917519569397,14.414667129516602
2016-05-24,22.30743408203125,35.209999084472656,36.35105514526367,116.7835464477539,45.710968017578125,1.1133017539978027,14.52733325958252
2016-05-25,22.699350357055664,35.41749954223633,36.602481842041016,116.97206115722656,46.180580139160156,1.1086384057998657,14.638667106628418
2016-05-26,22.87935447692871,35.74549865722656,36.54446029663086,118.53975677490234,45.97677993774414,1.1204198598861694,15.008000373840332
2016-05-27,22.86568832397461,35.61199951171875,37.07358932495117,118.45046997070312,46.35779571533203,1.1265554428100586,14.869333267211914
2016-05-31,22.754039764404297,36.13949966430664,37.13557815551758,117.88489532470703,46.960296630859375,1.1466809511184692,14.881999969482422
2016-06-01,22.43503189086914,35.97200012207031,37.11623764038086,117.85513305664062,46.82740020751953,1.1488902568817139,14.637332916259766
2016-06-02,22.266416549682617,36.4119987487793,36.9084587097168,118.00396728515625,46.499549865722656,1.156989574432373,14.597332954406738
2016-06-03,22.311988830566406,36.277000427246094,36.49139404296875,117.54753875732422,45.888187408447266,1.140790343284607,14.599332809448242
2016-06-06,22.47376823425293,36.33649826049805,36.20377731323242,117.86505126953125,46.18943405151367,1.1349000930786133,14.711999893188477
2016-06-07,22.56491470336914,36.1870002746582,36.254852294921875,116.84308624267578,46.162845611572266,1.1371090412139893,15.489333152770996
2016-06-08,22.544408798217773,36.332000732421875,36.842002868652344,117.46817016601562,46.10969161987305,1.1334277391433716,15.701333045959473
2016-06-09,22.7061824798584,36.38249969482422,36.82167434692383,117.63684844970703,45.737548828125,1.162880539894104,15.290666580200195
2016-06-10,22.519346237182617,35.89550018310547,36.35899353027344,115.71194458007812,45.61350631713867,1.133918285369873,14.586000442504883
2016-06-13,22.179834365844727,35.762001037597656,36.294029235839844,113.062744140625,44.426204681396484,1.1483994722366333,14.524666786193848
2016-06-14,22.20718002319336,35.96500015258789,36.36196517944336,114.04502868652344,44.15153121948242,1.1506081819534302,14.330666542053223
2016-06-15,22.134258270263672,35.7130012512207,36.30940628051758,113.70767211914062,44.02749252319336,1.1623893976211548,14.513333320617676
2016-06-16,22.22768211364746,35.8754997253418,35.91565704345703,113.49930572509766,44.64772415161133,1.1670522689819336,14.528667449951172
2016-06-17,21.721834182739258,35.31949996948242,34.92385482788086,112.13998413085938,44.4173583984375,1.1466809511184692,14.364666938781738
2016-06-20,21.66942596435547,35.70050048828125,35.01708221435547,112.48725891113281,44.364192962646484,1.1672978401184082,14.646666526794434
2016-06-21,21.85399627685547,35.79100036621094,35.15346145629883,113.48939514160156,45.35654830932617,1.1601803302764893,14.640666961669922
2016-06-22,21.77196502685547,35.529998779296875,35.23230743408203,113.02306365966797,45.17935562133789,1.159198522567749,13.11066722869873
2016-06-23,21.897281646728516,36.104000091552734,35.45050048828125,114.18395233154297,45.99449920654297,1.1901237964630127,13.09333324432373
2016-06-24,21.282066345214844,34.948001861572266,33.979164123535156,111.20730590820312,44.15153121948242,1.1223829984664917,12.876667022705078
2016-06-27,20.972179412841797,34.56800079345703,33.77782440185547,108.12152862548828,42.91107177734375,1.1103568077087402,13.236666679382324
2016-06-28,21.325361251831055,35.397499084472656,34.27967834472656,111.82246398925781,43.80598449707031,1.1265554428100586,13.452667236328125
2016-06-29,21.509925842285156,35.779998779296875,34.474571228027344,113.27110290527344,44.780635833740234,1.144963264465332,14.012666702270508
2016-06-30,21.783361434936523,35.78099822998047,34.88814926147461,113.39017486572266,45.33884048461914,1.1537986993789673,14.152000427246094
2016-07-01,21.849430084228516,36.284000396728516,35.22139358520508,113.30086517333984,45.32996368408203,1.1452085971832275,14.433333396911621
2016-07-05,21.64436149597168,36.404998779296875,34.95559310913086,113.310791015625,45.33884048461914,1.1621439456939697,14.26533317565918
2016-07-06,21.767406463623047,36.88050079345703,35.157920837402344,115.79132843017578,45.52490997314453,1.1695067882537842,14.295999526977539
2016-07-07,21.860824584960938,36.82849884033203,35.073123931884766,114.94794464111328,45.52490997314453,1.1999410390853882,14.395999908447266
2016-07-08,22.02943992614746,37.29050064086914,35.594810485839844,116.32711791992188,46.34006881713867,1.248046636581421,14.45199966430664
2016-07-11,22.09779930114746,37.68899917602539,36.06195068359375,116.95222473144531,46.597023010253906,1.2767629623413086,14.985333442687988
2016-07-12,22.198057174682617,37.410499572753906,36.32526779174805,117.01174926757812,47.14636993408203,1.2959074974060059,14.976667404174805
2016-07-13,22.07274627685547,37.131500244140625,36.175010681152344,115.8707046508789,47.41217803955078,1.2954158782958984,14.835332870483398
2016-07-14,22.510231018066406,37.060001373291016,36.488426208496094,116.37673950195312,47.61595916748047,1.3086693286895752,14.768667221069336
2016-07-15,22.50794792175293,36.77199935913086,36.47998809814453,115.95008087158203,47.58053207397461,1.2934526205062866,14.69333267211914
2016-07-18,22.747201919555664,36.80350112915039,37.35128402709961,118.4405517578125,47.81089782714844,1.300079345703125,15.083333015441895
2016-07-19,22.75631332397461,36.997501373291016,37.36170959472656,119.67089080810547,47.040042877197266,1.313578724861145,15.017333030700684
2016-07-20,22.776824951171875,37.2859992980957,37.543697357177734,120.97068786621094,49.5386962890625,1.330759048461914,15.223999977111816
2016-07-21,22.656055450439453,37.221500396728516,37.41128921508789,119.67089080810547,49.441226959228516,1.3062152862548828,14.699999809265137
2016-07-22,22.480607986450195,37.24300003051758,37.65279769897461,120.05785369873047,50.123470306396484,1.3418034315109253,14.817999839782715
2016-07-25,22.179834365844727,36.980499267578125,37.56552505493164,120.68295288085938,50.265235900878906,1.3665928840637207,15.333999633789062
2016-07-26,22.02716636657715,36.77949905395508,37.57196807861328,120.27613830566406,50.29182052612305,1.389909267425537,15.300666809082031
2016-07-27,23.4581298828125,36.833499908447266,37.786197662353516,122.37962341308594,49.786773681640625,1.375919222831726,15.232666969299316
2016-07-28,23.774845123291016,37.63050079345703,37.978111267089844,124.02670288085938,49.80450439453125,1.3788647651672363,15.37399959564209
2016-07-29,23.74522590637207,37.94049835205078,39.242652893066406,122.9749526977539,50.22093200683594,1.4014443159103394,15.652667045593262
2016-08-01,24.16448974609375,38.387001037597656,39.718727111816406,123.34207153320312,50.13233184814453,1.3923637866973877,15.333999633789062
2016-08-02,23.806743621826172,38.02899932861328,39.67806625366211,122.1315689086914,50.13233184814453,1.375428557395935,15.146666526794434
2016-08-03,24.10525131225586,37.731998443603516,39.61855697631836,121.55609130859375,50.47789764404297,1.3791099786758423,15.052666664123535
2016-08-04,24.254148483276367,38.03850173950195,39.535736083984375,123.39169311523438,50.850032806396484,1.4046356678009033,15.37399959564209
2016-08-05,24.622997283935547,38.29899978637695,40.015769958496094,124.175537109375,51.355072021484375,1.428443193435669,15.335332870483398
2016-08-08,24.82689666748047,38.327999114990234,39.93146896362305,124.28467559814453,51.44368362426758,1.4416965246200562,15.077333450317383
2016-08-09,24.927688598632812,38.41550064086914,40.04304122924805,124.08622741699219,51.567718505859375,1.4453784227371216,15.272000312805176
2016-08-10,24.742122650146484,38.428001403808594,40.093135833740234,123.90763854980469,51.408226013183594,1.436051607131958,15.043333053588867
2016-08-11,24.726085662841797,38.5620002746582,40.07875442504883,123.92748260498047,51.65633010864258,1.4652583599090576,14.994000434875488
2016-08-12,24.783363342285156,38.62799835205078,40.0217170715332,123.90763854980469,51.33736038208008,1.547234296798706,15.040666580200195
2016-08-15,25.0811824798584,38.42449951171875,39.9676628112793,122.93527221679688,51.4968376159668,1.5457618236541748,15.03933334350586
2016-08-16,25.05826759338379,38.20199966430664,39.73112106323242,122.33995056152344,51.21154022216797,1.5364354848861694,14.907333374023438
2016-08-17,25.02161979675293,38.23149871826172,39.94088363647461,123.40160369873047,51.31851577758789,1.5008465051651,14.88266658782959
2016-08-18,24.989543914794922,38.222999572753906,39.8084831237793,122.94520568847656,51.35417556762695,1.5241633653640747,14.900667190551758
2016-08-19,25.053695678710938,37.865501403808594,39.654754638671875,122.59791564941406,51.37202453613281,1.5280901193618774,15.0
2016-08-22,24.858957290649414,37.9739990234375,39.5208625793457,123.1833267211914,51.41659927368164,1.5344715118408203,14.862000465393066
2016-08-23,24.936859130859375,38.122501373291016,39.50300979614258,123.40160369873047,51.61274337768555,1.546888828277588,14.989333152770996
2016-08-24,24.748998641967773,37.86249923706055,39.354736328125,122.51854705810547,51.666221618652344,1.5230376720428467,14.841333389282227
2016-08-25,24.643613815307617,37.96099853515625,39.24067306518555,122.92533874511719,51.86237335205078,1.512956142425537,14.730667114257812
2016-08-26,24.49928092956543,38.45000076293945,39.33588790893555,123.98701477050781,51.737552642822266,1.525250792503357,14.666000366210938
2016-08-29,24.471792221069336,38.56449890136719,39.46482467651367,125.55471801757812,51.799964904785156,1.5242671966552734,14.346667289733887
2016-08-30,24.283937454223633,38.37900161743164,39.27142333984375,124.86016082763672,51.61274337768555,1.5154151916503906,14.089332580566406
2016-08-31,24.306842803955078,38.45800018310547,39.16877365112305,125.13799285888672,51.22937774658203,1.5082846879959106,14.133999824523926
2016-09-01,24.451175689697266,38.53099822998047,39.245635986328125,125.1875991821289,51.345272064208984,1.5527905225753784,13.38466739654541
2016-09-02,24.68027114868164,38.62200164794922,39.51689529418945,125.52494812011719,51.41659927368164,1.537545084953308,13.185333251953125
2016-09-06,24.673389434814453,39.44350051879883,40.06982421875,128.71987915039062,51.36310958862305,1.5520527362823486,13.522000312805176
2016-09-07,24.82459831237793,39.2239990234375,40.06833267211914,130.0295867919922,51.407691955566406,1.52918541431427,13.447333335876465
2016-09-08,24.173974990844727,39.202999114990234,39.81294631958008,129.25567626953125,51.2026252746582,1.5402498245239258,13.157333374023438
2016-09-09,23.62643814086914,38.00699996948242,39.100830078125,126.1103515625,50.11491394042969,1.463532567024231,12.964667320251465
2016-09-12,24.155651092529297,38.574501037597656,39.61359405517578,127.68797302246094,50.863826751708984,1.4937769174575806,13.220000267028809
2016-09-13,24.730670928955078,38.050498962402344,39.112735748291016,126.21949005126953,50.400211334228516,1.4721386432647705,13.069999694824219
2016-09-14,25.60580825805664,38.054500579833984,39.19902420043945,126.77513885498047,50.15948486328125,1.485170841217041,13.093999862670898
2016-09-15,26.47635841369629,38.484500885009766,39.73310852050781,127.35064697265625,50.98863983154297,1.5414793491363525,13.361332893371582
2016-09-16,26.327451705932617,38.92599868774414,39.571441650390625,128.06503295898438,51.042137145996094,1.5451676845550537,13.69333267211914
2016-09-19,26.020465850830078,38.755001068115234,39.443504333496094,127.64827728271484,50.75685119628906,1.5655766725540161,13.755999565124512
2016-09-20,26.018173217773438,39.01100158691406,39.661197662353516,127.63835906982422,50.649864196777344,1.5513150691986084,13.642666816711426
2016-09-21,26.013599395751953,39.48699951171875,39.921546936035156,128.92820739746094,51.4968376159668,1.5948374271392822,13.6813325881958
2016-09-22,26.258724212646484,40.23500061035156,40.46307373046875,129.067138671875,51.55033493041992,1.5987721681594849,13.76200008392334
2016-09-23,25.82115936279297,40.287498474121094,40.41398239135742,126.96366119384766,51.2026252746582,1.597050666809082,13.829999923706055
2016-09-26,25.860105514526367,39.95800018310547,39.80352783203125,126.31871032714844,50.7300910949707,1.5820510387420654,13.932666778564453
2016-09-27,25.90821075439453,40.80550003051758,40.20420837402344,127.68797302246094,51.666221618652344,1.636146903038025,13.720666885375977
2016-09-28,26.1052303314209,41.43600082397461,40.17098617553711,128.2237548828125,51.737552642822266,1.6420480012893677,13.751333236694336
2016-09-29,25.69973373413086,41.45249938964844,39.80302810668945,127.09264373779297,51.175880432128906,1.657293438911438,13.380000114440918
2016-09-30,25.89905548095703,41.865501403808594,39.87344741821289,127.27124786376953,51.35417556762695,1.6848325729370117,13.60200023651123
2016-10-03,25.777629852294922,41.83700180053711,39.69095993041992,127.76732635498047,51.193702697753906,1.6831117868423462,14.24666690826416
2016-10-04,25.887588500976562,41.701499938964844,39.81047439575195,127.1918716430664,51.033226013183594,1.679423213005066,14.093999862670898
2016-10-05,25.89905548095703,42.21799850463867,39.73310852050781,127.46968078613281,51.38984680175781,1.6777021884918213,13.897333145141602
2016-10-06,26.091495513916016,42.08300018310547,39.82484436035156,127.73758697509766,51.47901153564453,1.6558181047439575,13.399999618530273
2016-10-07,26.130435943603516,41.971500396728516,39.70732116699219,127.98564910888672,51.532501220703125,1.6437692642211914,13.107333183288574
2016-10-10,26.586326599121094,42.08549880981445,40.37480545043945,129.2259063720703,51.74647521972656,1.649916648864746,13.396666526794434
2016-10-11,26.643600463867188,41.54999923706055,40.14668655395508,127.87652587890625,50.98863983154297,1.6260653734207153,13.34000015258789
2016-10-12,26.88186264038086,41.704498291015625,40.25579071044922,128.04518127441406,50.917327880859375,1.6334419250488281,13.434000015258789
2016-10-13,26.79939079284668,41.4640007019043,39.87443542480469,126.82474517822266,50.747928619384766,1.6068860292434692,13.349332809448242
2016-10-14,26.94829750061035,41.14799880981445,39.90022659301758,126.88427734375,51.193702697753906,1.6226229667663574,13.100666999816895
2016-10-17,26.92997169494629,40.647499084472656,40.01130676269531,126.54692840576172,51.015384674072266,1.6132787466049194,12.93066692352295
2016-10-18,26.91164207458496,40.88249969482422,40.737796783447266,127.56890869140625,51.407691955566406,1.6378681659698486,13.273332595825195
2016-10-19,26.83146095275879,40.884498596191406,41.00311279296875,129.09689331054688,51.291770935058594,1.6344257593154907,13.570667266845703
2016-10-20,26.817710876464844,40.51599884033203,40.74474334716797,128.98776245117188,51.042137145996094,1.6654075384140015,13.273332595825195
2016-10-21,26.71233367919922,40.949501037597656,40.86524963378906,131.04164123535156,53.19081115722656,1.6607356071472168,13.339332580566406
2016-10-24,26.9528865814209,41.90449905395508,41.444454193115234,132.24221801757812,54.38551330566406,1.738682508468628,13.517333030700684
2016-10-25,27.09033203125,41.75899887084961,41.08790969848633,131.25994873046875,54.376590728759766,1.7672053575515747,13.489333152770996
2016-10-26,26.480955123901367,41.12950134277344,40.76805114746094,130.01968383789062,54.05562210083008,1.774336814880371,13.482666969299316
2016-10-27,26.22665023803711,40.917999267578125,40.53250503540039,128.6802215576172,53.58309555053711,1.7379450798034668,13.600666999816895
2016-10-28,26.052549362182617,38.816001892089844,40.642093658447266,130.26776123046875,53.37804412841797,1.7349942922592163,13.33133316040039
2016-10-31,26.01130485534668,39.49100112915039,40.163047790527344,129.97006225585938,53.42261505126953,1.7497475147247314,13.182000160217285
2016-11-01,25.541662216186523,39.27050018310547,39.9438591003418,128.49168395996094,53.31562423706055,1.6978647708892822,12.719332695007324
2016-11-02,25.56456756591797,38.27799987792969,39.09785842895508,126.17981719970703,52.985755920410156,1.6907339096069336,12.534667015075684
2016-11-03,25.290550231933594,38.35150146484375,38.788909912109375,119.06564331054688,52.78960037231445,1.6710631847381592,12.494667053222656
2016-11-04,25.062583923339844,37.752498626708984,38.73485565185547,119.80980682373047,52.34383010864258,1.661473274230957,12.704000473022461
2016-11-07,25.42409896850586,39.246498107910156,39.77277755737305,121.19889068603516,53.86838150024414,1.7524522542953491,12.880666732788086
2016-11-08,25.57378387451172,39.38750076293945,40.26619338989258,123.25276947021484,53.91297912597656,1.7497475147247314,12.996000289916992
2016-11-09,25.532329559326172,38.59400177001953,39.94932556152344,122.22088623046875,53.64552307128906,1.7202409505844116,12.670666694641113
2016-11-10,24.820798873901367,37.11899948120117,38.6946907043457,119.85940551757812,52.33491516113281,1.6663912534713745,12.356666564941406
2016-11-11,24.968177795410156,36.95050048828125,38.27119064331055,118.09325408935547,52.62021255493164,2.1630873680114746,12.570667266845703
2016-11-14,24.34183692932129,35.95349884033203,37.35227966308594,114.18395233154297,51.81779479980469,2.056617259979248,12.096667289733887
2016-11-15,24.664216995239258,37.1619987487793,38.44028854370117,116.28743743896484,52.84104919433594,2.119318723678589,12.251333236694336
2016-11-16,25.327394485473633,37.324501037597656,38.679317474365234,115.43413543701172,53.541175842285156,2.253082513809204,12.26200008392334
2016-11-17,25.318180084228516,37.81999969482422,38.98578643798828,116.87285614013672,54.42979049682617,2.27177095413208,12.577333450317383
2016-11-18,25.343509674072266,38.007999420166016,38.48046112060547,116.10883331298828,54.16947937011719,2.295621871948242,12.334667205810547
2016-11-21,25.728069305419922,39.0,38.91834259033203,120.82184600830078,54.62724304199219,2.286278486251831,12.3013334274292
2016-11-22,25.744184494018555,39.26649856567383,38.928260803222656,120.5241928100586,54.860633850097656,2.3027524948120117,12.744667053222656
2016-11-23,25.612934112548828,39.00600051879883,38.63071823120117,119.89909362792969,54.21437072753906,2.3140804767608643,12.87600040435791
2016-11-25,25.741880416870117,39.01850128173828,38.691715240478516,119.44267272949219,54.33103942871094,2.3187592029571533,13.109999656677246
2016-11-28,25.69121742248535,38.3385009765625,38.96743392944336,119.47245025634766,54.40285110473633,2.3175277709960938,13.074666976928711
2016-11-29,25.665895462036133,38.125999450683594,39.148441314697266,119.92886352539062,54.833702087402344,2.296349287033081,12.637999534606934
2016-11-30,25.449440002441406,37.528499603271484,38.47599411010742,117.49793243408203,54.088687896728516,2.270493268966675,12.626667022705078
2016-12-01,25.212251663208008,37.182498931884766,37.90323257446289,114.20378875732422,53.13724899291992,2.1581997871398926,12.125332832336426
2016-12-02,25.306671142578125,37.016998291015625,37.90967559814453,114.50144958496094,53.1821403503418,2.1781466007232666,12.097999572753906
2016-12-05,25.124755859375,37.96799850463867,38.59203338623047,116.51565551757812,54.052791595458984,2.2626125812530518,12.453332901000977
2016-12-06,25.318180084228516,38.236000061035156,38.49087905883789,116.39657592773438,53.81044387817383,2.299797296524048,12.390000343322754
2016-12-07,25.566871643066406,38.520999908447266,39.249107360839844,117.03160095214844,55.08503341674805,2.3411686420440674,12.876667022705078
2016-12-08,25.8178653717041,38.36650085449219,39.43259048461914,117.984130859375,54.76189041137695,2.302013635635376,12.81933307647705
2016-12-09,26.2392578125,38.43299865722656,40.14073181152344,118.74813079833984,55.62358474731445,2.261134624481201,12.812000274658203
2016-12-12,26.089588165283203,38.00600051879883,40.063873291015625,116.8530044555664,55.80308532714844,2.2062203884124756,12.828666687011719
2016-12-13,26.524795532226562,38.71699905395508,40.43281555175781,119.37321472167969,56.53014373779297,2.245128631591797,13.210000038146973
2016-12-14,26.524795532226562,38.441001892089844,40.55927658081055,119.27399444580078,56.260868072509766,2.375152349472046,13.246000289916992
2016-12-15,26.669862747192383,38.04999923706055,40.44819641113281,119.63119506835938,56.171104431152344,2.4308066368103027,13.17199993133545
2016-12-16,26.704404830932617,37.88850021362305,40.16007995605469,118.93665313720703,55.9197883605957,2.4726712703704834,13.499333381652832
2016-12-19,26.858688354492188,38.29999923706055,40.291988372802734,118.3115463256836,57.10459518432617,2.5027127265930176,13.51533317565918
2016-12-20,26.93007469177246,38.56100082397461,40.425880432128906,118.16271209716797,57.03279495239258,2.589888572692871,13.919333457946777
2016-12-21,26.955398559570312,38.529998779296875,40.27711486816406,118.11311340332031,57.03279495239258,2.6061410903930664,13.846667289733887
2016-12-22,26.778095245361328,38.31700134277344,40.15214538574219,116.48587799072266,57.04177474975586,2.637662887573242,13.896666526794434
2016-12-23,26.831056594848633,38.02949905395508,40.05891036987305,116.35689544677734,56.763526916503906,2.703413724899292,14.22266674041748
2016-12-27,27.001449584960938,38.56999969482422,40.16454315185547,117.09112548828125,56.79941177368164,2.8890907764434814,14.635333061218262
2016-12-28,26.886320114135742,38.60649871826172,39.89873504638672,116.00961303710938,56.53911209106445,2.690361738204956,14.649333000183105
2016-12-29,26.879411697387695,38.25749969482422,39.81492614746094,115.44405364990234,56.45833969116211,2.7440457344055176,14.312000274658203
2016-12-30,26.669862747192383,37.493499755859375,39.297706604003906,114.15418243408203,55.77615737915039,2.6285512447357178,14.246000289916992
